0.1	0.1	-0.015556576807515037
0.1	2.1	9.89485626187305
0.1	4.1	8.115588053200202
0.1	6.1	2.8921941396782413
0.1	8.1	1.147864361823438
0.1	10.1	0.839941616308848
0.1	12.1	0.7116316289843329
0.1	14.1	0.7650891189564821
0.1	16.1	0.8559396596071878
0.1	18.1	0.9455268794235534
0.1	20.1	1.033934612391186
0.1	22.1	1.1212185310098703
0.1	24.1	1.2074120750016422
0.1	26.1	1.2925298391329056
0.1	28.1	1.3765691921666605
0.1	30.1	1.4595104835565136
0.1	32.1	1.5413159145510344
0.1	34.1	1.621926903209592
0.1	36.1	1.7012594745999952
0.1	38.1	1.77919674777998
0.1	40.1	1.8555767654594408
0.1	42.1	1.930172267352021
0.1	44.1	2.0026554166211588
0.1	46.1	2.0725318048215886
0.1	48.1	2.139004197323645
0.1	50.1	2.200648469082112
0.1	52.1	2.254454516474083
0.1	54.1	2.2916329972137235
0.1	56.1	2.2858232770109512
0.1	58.1	2.2165825772471885
0.1	60.1	2.0723274826977627
0.1	62.1	1.8416773186704318
0.1	64.1	1.6555632648756886
0.1	66.1	1.5124315694291401
0.1	68.1	1.39835101825025
0.1	70.1	1.305528899927435
0.1	72.1	1.2285098518102844
0.1	74.1	1.1635402599180003
0.1	76.1	1.1079423388996257
0.1	78.1	1.0598730159433953
0.1	80.1	1.0180815325191008
0.1	82.1	0.981243276236903
0.1	84.1	0.9485026332237612
0.1	86.1	0.9192479076602686
0.1	88.1	0.8929812501240102
0.1	90.1	0.8691377864314457
0.1	92.1	0.8476579545125704
0.1	94.1	0.8279649847365742
0.1	96.1	0.8099407752953591
0.1	98.1	0.7934010249186174
0.1	100.1	0.7781122528305033
0.1	102.1	0.7639250770422844
0.1	104.1	0.7508643138886113
0.1	106.1	0.7386726462129164
0.1	108.1	0.7272553444872409
0.1	110.1	0.7165931275583513
0.1	112.1	0.7066359635194136
0.1	114.1	0.6973061696685425
0.1	116.1	0.6885068105028328
0.1	118.1	0.6801335664263626
2.1	0.1	0.19465262431281802
2.1	2.1	0.2924411610766692
2.1	4.1	0.39161800301790717
2.1	6.1	0.48884861371072946
2.1	8.1	0.584189109884629
2.1	10.1	0.6778707948194092
2.1	12.1	0.7700879231308903
2.1	14.1	0.8609857134736816
2.1	16.1	0.9506697788495777
2.1	18.1	1.0392153616611577
2.1	20.1	1.1266739689219791
2.1	22.1	1.2130777477609271
2.1	24.1	1.2984421583428014
2.1	26.1	1.3827673375212088
2.1	28.1	1.4660383618858828
2.1	30.1	1.5482244547174093
2.1	32.1	1.6292770173340245
2.1	34.1	1.7091261622226273
2.1	36.1	1.7876751199212375
2.1	38.1	1.8647913657592194
2.1	40.1	1.9402923165595194
2.1	42.1	2.0139213987116764
2.1	44.1	2.0853056884313648
2.1	46.1	2.1538748411471254
2.1	48.1	2.218688142884615
2.1	50.1	2.2780025936831825
2.1	52.1	2.327887688506063
2.1	54.1	2.3551295517009274
2.1	56.1	2.335850500417319
2.1	58.1	2.244861122117853
2.1	60.1	2.081677536436024
2.1	62.1	1.8441834736672564
2.1	64.1	1.6627613667959427
2.1	66.1	1.5218563114870785
2.1	68.1	1.4092705374795091
2.1	70.1	1.3170677715807675
2.1	72.1	1.2404162723144838
2.1	74.1	1.1755978470611053
2.1	76.1	1.120125629993015
2.1	78.1	1.0720163634184932
2.1	80.1	1.0298638756319307
2.1	82.1	0.992757829751488
2.1	84.1	0.9596184790320059
2.1	86.1	0.9301079589477733
2.1	88.1	0.9036656654179543
2.1	90.1	0.8796533520904365
2.1	92.1	0.8578131232266292
2.1	94.1	0.8376996166518557
2.1	96.1	0.8194351671665956
2.1	98.1	0.8027840027733864
2.1	100.1	0.7872897722421603
2.1	102.1	0.7727988683305073
2.1	104.1	0.7595846914115101
2.1	106.1	0.7471655049993419
2.1	108.1	0.7353914666510588
2.1	110.1	0.7245799788057788
2.1	112.1	0.714387318002649
2.1	114.1	0.705038647234345
2.1	116.1	0.6960571416393188
2.1	118.1	0.687499367557066
4.1	0.1	0.30127165926919286
4.1	2.1	0.39823079266606265
4.1	4.1	0.49460844788317915
4.1	6.1	0.5895528645116611
4.1	8.1	0.6830510491452677
4.1	10.1	0.7752045393984911
4.1	12.1	0.8661161814028057
4.1	14.1	0.9558700448284408
4.1	16.1	1.0445298748027596
4.1	18.1	1.1321411699344848
4.1	20.1	1.218733448485729
4.1	22.1	1.3043219133768043
4.1	24.1	1.3889083744541042
4.1	26.1	1.4724814158536745
4.1	28.1	1.5550157752317608
4.1	30.1	1.6364708223132822
4.1	32.1	1.7167878972221555
4.1	34.1	1.7958860678313282
4.1	36.1	1.8736555238638213
4.1	38.1	1.9499472025235527
4.1	40.1	2.0245560212201186
4.1	42.1	2.0971925192249037
4.1	44.1	2.1674317705938755
4.1	46.1	2.234613100751317
4.1	48.1	2.2976182414220707
4.1	50.1	2.3542859823417954
4.1	52.1	2.3993502237835442
4.1	54.1	2.4117744613523286
4.1	56.1	2.377949053999155
4.1	58.1	2.2700330609660315
4.1	60.1	2.0809355177030433
4.1	62.1	1.8465542095574732
4.1	64.1	1.6695117546365725
4.1	66.1	1.530725082874979
4.1	68.1	1.4195534736719688
4.1	70.1	1.3285559669802167
4.1	72.1	1.2522462622791983
4.1	74.1	1.1875306437174866
4.1	76.1	1.1315854310607918
4.1	78.1	1.0834133039734266
4.1	80.1	1.041429964920792
4.1	82.1	1.0039571616950997
4.1	84.1	0.9707996532187185
4.1	86.1	0.9410172979931335
4.1	88.1	0.9140959927143639
4.1	90.1	0.8899369771791593
4.1	92.1	0.8676508334899751
4.1	94.1	0.8475436934772705
4.1	96.1	0.8290186725816093
4.1	98.1	0.8118824391835854
4.1	100.1	0.7963309528956444
4.1	102.1	0.7816494313473473
4.1	104.1	0.7681902555442242
4.1	106.1	0.7552986758355349
4.1	108.1	0.7435996160272987
4.1	110.1	0.7325868048534127
4.1	112.1	0.7222023417495748
4.1	114.1	0.7126875439110798
4.1	116.1	0.7035266361124781
4.1	118.1	0.6947867706836335
6.1	0.1	0.40554249359054034
6.1	2.1	0.5007622736988764
6.1	4.1	0.5951735845730576
6.1	6.1	0.6884113920841042
6.1	8.1	0.7804514085818782
6.1	10.1	0.871340919282212
6.1	12.1	0.961136208910996
6.1	14.1	1.0498861513560824
6.1	16.1	1.1376281809871995
6.1	18.1	1.2243877690367377
6.1	20.1	1.3101787390410418
6.1	22.1	1.395003546785051
6.1	24.1	1.4788532053116343
6.1	26.1	1.5617066968588755
6.1	28.1	1.6435297290014035
6.1	30.1	1.7242726337042664
6.1	32.1	1.803867083052757
6.1	34.1	1.8822210732423763
6.1	36.1	1.9592112295753015
6.1	38.1	2.0346707339483467
6.1	40.1	2.108369670005216
6.1	42.1	2.1799813243823367
6.1	44.1	2.2490202539454622
6.1	46.1	2.3147172582728137
6.1	48.1	2.375731428826413
6.1	50.1	2.4293415195480517
6.1	52.1	2.468263920665886
6.1	54.1	2.467754182273671
6.1	56.1	2.417143752440808
6.1	58.1	2.292014157957256
6.1	60.1	2.0746653810846896
6.1	62.1	1.8488002668223915
6.1	64.1	1.675854133547251
6.1	66.1	1.539085491987535
6.1	68.1	1.4292555287905009
6.1	70.1	1.3393695514738808
6.1	72.1	1.2635278218180759
6.1	74.1	1.1987598584348975
6.1	76.1	1.1434258876124908
6.1	78.1	1.095088614870247
6.1	80.1	1.0525071920570024
6.1	82.1	1.015126017759507
6.1	84.1	0.9812041858557247
6.1	86.1	0.9511529588227661
6.1	88.1	0.9245359544938738
6.1	90.1	0.8997605858399597
6.1	92.1	0.8775959246088032
6.1	94.1	0.8572094281462614
6.1	96.1	0.8384412595708083
6.1	98.1	0.8210848393856615
6.1	100.1	0.8049071067182564
6.1	102.1	0.7903778841316565
6.1	104.1	0.7766844709100821
6.1	106.1	0.7636152741679184
6.1	108.1	0.7517091486672932
6.1	110.1	0.7405011686523574
6.1	112.1	0.729928659420088
6.1	114.1	0.7199142966596033
6.1	116.1	0.7109166348283222
6.1	118.1	0.7019970296371887
8.1	0.1	0.507369675502158
8.1	2.1	0.6010823537380726
8.1	4.1	0.6939710091798457
8.1	6.1	0.7858419115377316
8.1	8.1	0.8766702454270602
8.1	10.1	0.9664769663508884
8.1	12.1	1.0552921308725858
8.1	14.1	1.1431427883030616
8.1	16.1	1.2300488297186543
8.1	18.1	1.3160215495042473
8.1	20.1	1.4010630589060447
8.1	22.1	1.4851658197517092
8.1	24.1	1.5683119631806641
8.1	26.1	1.6504721859978775
8.1	28.1	1.7316040272158062
8.1	30.1	1.81164926391852
8.1	32.1	1.8905300255044595
8.1	34.1	1.9681429672812238
8.1	36.1	2.0443503688103712
8.1	38.1	2.1189661072106474
8.1	40.1	2.1917325816495956
8.1	42.1	2.2622805160678685
8.1	44.1	2.3300534281066767
8.1	46.1	2.394150376025093
8.1	48.1	2.4529471940061853
8.1	50.1	2.5029543703196273
8.1	52.1	2.533691348721999
8.1	54.1	2.522055232868791
8.1	56.1	2.4510774341147807
8.1	58.1	2.3110677686702004
8.1	60.1	2.0698334126223963
8.1	62.1	1.8509312736609105
8.1	64.1	1.6818237051108413
8.1	66.1	1.5484456168987253
8.1	68.1	1.4398819057482073
8.1	70.1	1.3495707356624478
8.1	72.1	1.2741636035455675
8.1	74.1	1.20935763942288
8.1	76.1	1.154248991111792
8.1	78.1	1.1058334430036003
8.1	80.1	1.063692281430089
8.1	82.1	1.0256314611144053
8.1	84.1	0.9920742732613566
8.1	86.1	0.9617814261895502
8.1	88.1	0.934233880918324
8.1	90.1	0.9098205562280889
8.1	92.1	0.8873490925161756
8.1	94.1	0.8661443805273954
8.1	96.1	0.8477082531314011
8.1	98.1	0.8301456789630198
8.1	100.1	0.8137707497980277
8.1	102.1	0.7989879185099957
8.1	104.1	0.784692890872796
8.1	106.1	0.771829091142449
8.1	108.1	0.7597227320614799
8.1	110.1	0.7483251499006232
8.1	112.1	0.7375690801927951
8.1	114.1	0.7273739343301752
8.1	116.1	0.7182284327357524
8.1	118.1	0.709131362421543
10.1	0.1	0.6073149868846579
10.1	2.1	0.6997512651252374
10.1	4.1	0.7913905352669433
10.1	6.1	0.8821150423347841
10.1	8.1	0.9719012536415859
10.1	10.1	1.0607557659164626
10.1	12.1	1.1486925986388372
10.1	14.1	1.2357243802496212
10.1	16.1	1.3218586724207584
10.1	18.1	1.407096261552998
10.1	20.1	1.491430143512363
10.1	22.1	1.5748446292776361
10.1	24.1	1.657314264623444
10.1	26.1	1.7388023415112308
10.1	28.1	1.819258770493404
10.1	30.1	1.898617004237897
10.1	32.1	1.9767895370234276
10.1	34.1	2.0536611987166564
10.1	36.1	2.1290788886486354
10.1	38.1	2.2028352723376803
10.1	40.1	2.2746416183857034
10.1	42.1	2.3440796302320335
10.1	44.1	2.410508709713142
10.1	46.1	2.4728662257109724
10.1	48.1	2.5291617416695527
10.1	50.1	2.57482160255168
10.1	52.1	2.5940326417850796
10.1	54.1	2.57061606105554
10.1	56.1	2.4797028648407977
10.1	58.1	2.32467909957908
10.1	60.1	2.0653936258589543
10.1	62.1	1.8529558870791953
10.1	64.1	1.687451783187216
10.1	66.1	1.5564692871290178
10.1	68.1	1.4491219346087776
10.1	70.1	1.3592137854287771
10.1	72.1	1.2842143690052379
10.1	74.1	1.2209056002792884
10.1	76.1	1.1655952815647563
10.1	78.1	1.1170789132080454
10.1	80.1	1.074111853385916
10.1	82.1	1.0364738256855912
10.1	84.1	1.0018234312640146
10.1	86.1	0.9721494436679343
10.1	88.1	0.9444290237576517
10.1	90.1	0.9196736184043864
10.1	92.1	0.8964155336151863
10.1	94.1	0.8756098098909424
10.1	96.1	0.8563426736367141
10.1	98.1	0.8390695079814403
10.1	100.1	0.8225083273248803
10.1	102.1	0.8068925631501115
10.1	104.1	0.7930148765294901
10.1	106.1	0.779942763597493
10.1	108.1	0.7676426618435578
10.1	110.1	0.7560607336028125
10.1	112.1	0.7451253341836085
10.1	114.1	0.7347527381212468
10.1	116.1	0.7254632829467941
10.1	118.1	0.7161909539345843
12.1	0.1	0.7057761011283513
12.1	2.1	0.7971130620908461
12.1	4.1	0.8876868663117443
12.1	6.1	0.977418326668194
12.1	8.1	1.0662850908387096
12.1	10.1	1.1542851117054187
12.1	12.1	1.2414218862498392
12.1	14.1	1.3276979606198382
12.1	16.1	1.413111803146398
12.1	18.1	1.4976560676708703
12.1	20.1	1.5813163663319334
12.1	22.1	1.6640701079336553
12.1	24.1	1.745885128434974
12.1	26.1	1.8267178860363873
12.1	28.1	1.9065109634542947
12.1	30.1	1.9851895195635119
12.1	32.1	2.062656134589751
12.1	34.1	2.1387831260223202
12.1	36.1	2.2134007174447565
12.1	38.1	2.2862780582196067
12.1	40.1	2.35709113862494
12.1	42.1	2.425364767898456
12.1	44.1	2.4903578591996323
12.1	46.1	2.5508069625121403
12.1	48.1	2.60423925268993
12.1	50.1	2.64449918687097
12.1	52.1	2.647889411490004
12.1	54.1	2.611771566586547
12.1	56.1	2.5059117078894104
12.1	58.1	2.3311636728898506
12.1	60.1	2.06130539853788
12.1	62.1	1.8548819129255838
12.1	64.1	1.6927663119776966
12.1	66.1	1.5640371700568805
12.1	68.1	1.45784797762231
12.1	70.1	1.3701805651681764
12.1	72.1	1.2954703500454738
12.1	74.1	1.2309343416508858
12.1	76.1	1.1758231543407636
12.1	78.1	1.127213388763933
12.1	80.1	1.0839127347782007
12.1	82.1	1.0463357907414172
12.1	84.1	1.012395840659998
12.1	86.1	0.981611652707825
12.1	88.1	0.9544011567298403
12.1	90.1	0.9287687330315715
12.1	92.1	0.9059657297990159
12.1	94.1	0.884913849836385
12.1	96.1	0.8654263951479151
12.1	98.1	0.8472869244802126
12.1	100.1	0.8311235761220467
12.1	102.1	0.8153288905322674
12.1	104.1	0.8012317875552536
12.1	106.1	0.7879588195839031
12.1	108.1	0.7754711306568932
12.1	110.1	0.7637098149228159
12.1	112.1	0.7525990775174018
12.1	114.1	0.7420523228561446
12.1	116.1	0.7326224003626891
12.1	118.1	0.7231769583530854
14.1	0.1	0.8030267875812178
14.1	2.1	0.8933980675652917
14.1	4.1	0.9830378412272506
14.1	6.1	1.071888288081109
14.1	8.1	1.159927786021347
14.1	10.1	1.2471486045281663
14.1	12.1	1.3335468863736866
14.1	14.1	1.4191177546128961
14.1	16.1	1.5038526614481986
14.1	18.1	1.587737703528525
14.1	20.1	1.6707522805289712
14.1	22.1	1.7528677464937394
14.1	24.1	1.8340458071993118
14.1	26.1	1.9142364308120032
14.1	28.1	1.9933749872673396
14.1	30.1	2.0713782064376973
14.1	32.1	2.1481383071670885
14.1	34.1	2.22351420750294
14.1	36.1	2.2973178797255556
14.1	38.1	2.3692921979654464
14.1	40.1	2.439072885192737
14.1	42.1	2.5061182128098083
14.1	44.1	2.569565920621917
14.1	46.1	2.627899862176935
14.1	48.1	2.677998393292576
14.1	50.1	2.711305290573883
14.1	52.1	2.705042739362964
14.1	54.1	2.651147212508153
14.1	56.1	2.528356089996821
14.1	58.1	2.32462182209406
14.1	60.1	2.057533230580184
14.1	62.1	1.8567164084658079
14.1	64.1	1.6977923038623113
14.1	66.1	1.5711868167447403
14.1	68.1	1.466102823311582
14.1	70.1	1.3793405382613504
14.1	72.1	1.3049992015571743
14.1	74.1	1.2404212032022097
14.1	76.1	1.1854776388933037
14.1	78.1	1.1367729261291977
14.1	80.1	1.0947488129318876
14.1	82.1	1.056869240883594
14.1	84.1	1.0226972058971466
14.1	86.1	0.9917275386576399
14.1	88.1	0.9634201828176661
14.1	90.1	0.9384105789858572
14.1	92.1	0.9153428217438195
14.1	94.1	0.8940614390700377
14.1	96.1	0.8743679227746541
14.1	98.1	0.8560350956009677
14.1	100.1	0.8388283933074564
14.1	102.1	0.8236545244696643
14.1	104.1	0.8093463809697173
14.1	106.1	0.795879680636103
14.1	108.1	0.7832102321535269
14.1	110.1	0.7712742040582153
14.1	112.1	0.7599918970799537
14.1	114.1	0.7492741096162948
14.1	116.1	0.7390299299469769
14.1	118.1	0.730090501221264
16.1	0.1	0.8992619236596313
16.1	2.1	0.9887699376448333
16.1	4.1	1.0775737535497452
16.1	6.1	1.1656281000416953
16.1	8.1	1.2529116497306776
16.1	10.1	1.3394126220658036
16.1	12.1	1.425121713595538
16.1	14.1	1.5100283125072762
16.1	16.1	1.5941182225402657
16.1	18.1	1.6773720447855212
16.1	20.1	1.7597637625037659
16.1	22.1	1.8412592428726189
16.1	24.1	1.921814426292474
16.1	26.1	2.001372961469589
16.1	28.1	2.0798629705424236
16.1	30.1	2.1571924745713305
16.1	32.1	2.233242723654362
16.1	34.1	2.3078581425398244
16.1	36.1	2.3808305666381973
16.1	38.1	2.451873305698534
16.1	40.1	2.5205758035998485
16.1	42.1	2.586317910449463
16.1	44.1	2.648089787742041
16.1	46.1	2.7040526625394325
16.1	48.1	2.750190736408985
16.1	50.1	2.7741412627732207
16.1	52.1	2.757901949256831
16.1	54.1	2.6854835002746413
16.1	56.1	2.5487486659158844
16.1	58.1	2.312388183313156
16.1	60.1	2.0540459841778294
16.1	62.1	1.8584657704054137
16.1	64.1	1.7025522110718352
16.1	66.1	1.5779517522534519
16.1	68.1	1.4739244900675506
16.1	70.1	1.3880099599076274
16.1	72.1	1.3140191453915269
16.1	74.1	1.2514587933791943
16.1	76.1	1.1963934112120067
16.1	78.1	1.1476280221134925
16.1	80.1	1.1039824301943877
16.1	82.1	1.066133686934856
16.1	84.1	1.0318274533758791
16.1	86.1	1.0005720332048582
16.1	88.1	0.9731667442691242
16.1	90.1	0.9468581852062627
16.1	92.1	0.9237040862451563
16.1	94.1	0.902235429521407
16.1	96.1	0.8822595639791049
16.1	98.1	0.8646568194548852
16.1	100.1	0.8472703792101319
16.1	102.1	0.8318724245912119
16.1	104.1	0.8173613100503737
16.1	106.1	0.8028930908715111
16.1	108.1	0.7900754217257674
16.1	110.1	0.7787556310837777
16.1	112.1	0.7673053150668757
16.1	114.1	0.7564194679445568
16.1	116.1	0.746006094525949
16.1	118.1	0.7369326812800293
18.1	0.1	0.9946253312737536
18.1	2.1	1.083350162458835
18.1	4.1	1.171393610098753
18.1	6.1	1.2587180543898655
18.1	8.1	1.3453021102141534
18.1	10.1	1.4311308925242894
18.1	12.1	1.5161908431064832
18.1	14.1	1.6004667157076575
18.1	16.1	1.6839395817068226
18.1	18.1	1.7665852670177975
18.1	20.1	1.8483728752886708
18.1	22.1	1.9292631538189635
18.1	24.1	2.009206481115591
18.1	26.1	2.0881402198658656
18.1	28.1	2.1659850823439264
18.1	30.1	2.2426399684600846
18.1	32.1	2.3179743928690235
18.1	34.1	2.3918169716313127
18.1	36.1	2.4639371660949974
18.1	38.1	2.53401480434358
18.1	40.1	2.6015857806146245
18.1	42.1	2.6659367715754025
18.1	44.1	2.725876252111499
18.1	46.1	2.7791467630454108
18.1	48.1	2.820464857344712
18.1	50.1	2.831212175436094
18.1	52.1	2.805192416396334
18.1	54.1	2.714379899670667
18.1	56.1	2.565134435963379
18.1	58.1	2.3010532415930305
18.1	60.1	2.0508162533045575
18.1	62.1	1.8601358107234331
18.1	64.1	1.7070662425222172
18.1	66.1	1.5843620021810856
18.1	68.1	1.483965873737278
18.1	70.1	1.396229585032244
18.1	72.1	1.324732375352895
18.1	74.1	1.2604428466523432
18.1	76.1	1.205523380455686
18.1	78.1	1.1566532447067717
18.1	80.1	1.1144824232561714
18.1	82.1	1.0763743827342198
18.1	84.1	1.041865420021733
18.1	86.1	1.0104418159299222
18.1	88.1	0.9815753986670558
18.1	90.1	0.9562878365991715
18.1	92.1	0.9328861119156461
18.1	94.1	0.911197738078
18.1	96.1	0.8910200448568822
18.1	98.1	0.8721347774429311
18.1	100.1	0.8555985987416359
18.1	102.1	0.8399854554298458
18.1	104.1	0.8243934429331641
18.1	106.1	0.8106466319186909
18.1	108.1	0.7976462745624542
18.1	110.1	0.78532592839052
18.1	112.1	0.77454079330799
18.1	114.1	0.7634897193538838
18.1	116.1	0.7529096538334044
18.1	118.1	0.743704572070338
20.1	0.1	1.0892265369709138
20.1	2.1	1.177232006472291
20.1	4.1	1.264574824025207
20.1	6.1	1.3512221251652992
20.1	8.1	1.4371521939759284
20.1	10.1	1.522347607345619
20.1	12.1	1.6067913161112524
20.1	14.1	1.6904641695444174
20.1	16.1	1.7733431251906595
20.1	18.1	1.855399720176501
20.1	20.1	1.9365985306171687
20.1	22.1	2.0168954017922225
20.1	24.1	2.096235228176721
20.1	26.1	2.1745490065889115
20.1	28.1	2.2517497645875926
20.1	30.1	2.3277267412415577
20.1	32.1	2.4023367839720433
20.1	34.1	2.475391140560764
20.1	36.1	2.5466342547039793
20.1	38.1	2.61570780141534
20.1	40.1	2.682085288235251
20.1	42.1	2.7449417470524144
20.1	44.1	2.802859314662453
20.1	46.1	2.8530270301783762
20.1	48.1	2.8883042048148497
20.1	50.1	2.886062055496432
20.1	52.1	2.8455711470244127
20.1	54.1	2.7414953077534103
20.1	56.1	2.5759063596736445
20.1	58.1	2.2905283711160602
20.1	60.1	2.0478198378112547
20.1	62.1	1.8617318222504788
20.1	64.1	1.7113526349850383
20.1	66.1	1.5904445392546578
20.1	68.1	1.4914236521230617
20.1	70.1	1.4066247031401018
20.1	72.1	1.3332922408507275
20.1	74.1	1.2689592544305903
20.1	76.1	1.2141663107559117
20.1	78.1	1.1671444163183944
20.1	80.1	1.1231854067098646
20.1	82.1	1.0850832608812435
20.1	84.1	1.0504266750888154
20.1	86.1	1.0187203991560236
20.1	88.1	0.9910988695470018
20.1	90.1	0.9655438194806676
20.1	92.1	0.9419108252892032
20.1	94.1	0.9200170831683409
20.1	96.1	0.8996498506388619
20.1	98.1	0.8805822286618369
20.1	100.1	0.8638160855039547
20.1	102.1	0.8469895537063911
20.1	104.1	0.8322430960657664
20.1	106.1	0.8183097299159728
20.1	108.1	0.8051317627128352
20.1	110.1	0.7926392488920255
20.1	112.1	0.7816997373523739
20.1	114.1	0.7704861405773641
20.1	116.1	0.7597417917702013
20.1	118.1	0.7504072233405745
22.1	0.1	1.1831511687555187
22.1	2.1	1.2704889886590505
22.1	4.1	1.3571793283018927
22.1	6.1	1.4431922759863998
22.1	8.1	1.5285055734947826
22.1	10.1	1.6130996056692242
22.1	12.1	1.6969543298329244
22.1	14.1	1.7800471786318603
22.1	16.1	1.8623514117377526
22.1	18.1	1.9438345984256915
22.1	20.1	2.0244570035562273
22.1	22.1	2.104169673701111
22.1	24.1	2.1829119954391083
22.1	26.1	2.2606084220104803
22.1	28.1	2.337163916498173
22.1	30.1	2.412457389751093
22.1	32.1	2.486331913421937
22.1	34.1	2.5585795321710147
22.1	36.1	2.6289165517300974
22.1	38.1	2.696940907047831
22.1	40.1	2.762052911455043
22.1	42.1	2.8232925969818004
22.1	44.1	2.8789564230885345
22.1	46.1	2.92548604032335
22.1	48.1	2.9529170163162637
22.1	50.1	2.9418733924138474
22.1	52.1	2.885149040332315
22.1	54.1	2.7648906557509387
22.1	56.1	2.5800869816343055
22.1	58.1	2.2807358626837178
22.1	60.1	2.045035302561608
22.1	62.1	1.8632586355803253
22.1	64.1	1.715427886061417
22.1	66.1	1.5962236634293667
22.1	68.1	1.4984954386925917
22.1	70.1	1.4144399911296428
22.1	72.1	1.3414077534870807
22.1	74.1	1.2795334757536008
22.1	76.1	1.2246734066095095
22.1	78.1	1.1756686523983468
22.1	80.1	1.1333712555405828
22.1	82.1	1.0950461153852553
22.1	84.1	1.0602111221155395
22.1	86.1	1.0283509767281411
22.1	88.1	1.0004357772372867
22.1	90.1	0.973373677236637
22.1	92.1	0.9496264103137018
22.1	94.1	0.927528611919094
22.1	96.1	0.908152609903758
22.1	98.1	0.8889125721599612
22.1	100.1	0.8707494767491869
22.1	102.1	0.8549377440425142
22.1	104.1	0.8399985459523447
22.1	106.1	0.8258844141742859
22.1	108.1	0.812533683129803
22.1	110.1	0.7998730382458005
22.1	112.1	0.7878220167441718
22.1	114.1	0.7774099665679892
22.1	116.1	0.7665036580130608
22.1	118.1	0.7570416622845091
24.1	0.1	1.2764676519009048
24.1	2.1	1.363180318251978
24.1	4.1	1.4492576094101968
24.1	6.1	1.5346713944837007
24.1	8.1	1.6193987059065902
24.1	10.1	1.7034179480158618
24.1	12.1	1.7867064095859055
24.1	14.1	1.8692384308242227
24.1	16.1	1.950983847221408
24.1	18.1	2.0319064604746933
24.1	20.1	2.1119623373074385
24.1	22.1	2.1910977376241627
24.1	24.1	2.2692464303550706
24.1	26.1	2.3463260590170893
24.1	28.1	2.422233040520568
24.1	30.1	2.4968351573859593
24.1	32.1	2.569960402766347
24.1	34.1	2.6413794676831714
24.1	36.1	2.7107768335413516
24.1	38.1	2.777699985244159
24.1	40.1	2.841462729126056
24.1	42.1	2.9009402415839203
24.1	44.1	2.954063100420953
24.1	46.1	2.996238888782588
24.1	48.1	3.013051937894073
24.1	50.1	2.9934388019757643
24.1	52.1	2.9198215582000224
24.1	54.1	2.7859007680292076
24.1	56.1	2.569325631379711
24.1	58.1	2.2716073154093714
24.1	60.1	2.04244360611805
24.1	62.1	1.8647206686276003
24.1	64.1	1.7193069550678983
24.1	66.1	1.6053179221102802
24.1	68.1	1.5052109643594576
24.1	70.1	1.4218577882600696
24.1	72.1	1.349115961840792
24.1	74.1	1.2876038672831571
24.1	76.1	1.2328520583317422
24.1	78.1	1.185822967619649
24.1	80.1	1.1415775169294218
24.1	82.1	1.1032377681595944
24.1	84.1	1.0682461474260228
24.1	86.1	1.0377812125645955
24.1	88.1	1.0082574970738043
24.1	90.1	0.9824301687950643
24.1	92.1	0.9584643503730251
24.1	94.1	0.9361682897899263
24.1	96.1	0.9153312398793587
24.1	98.1	0.8971288849013469
24.1	100.1	0.8788004715946669
24.1	102.1	0.8627873940235318
24.1	104.1	0.8476619913636922
24.1	106.1	0.8333726366990185
24.1	108.1	0.8198537634641659
24.1	110.1	0.8070288345994864
24.1	112.1	0.7948150751565052
24.1	114.1	0.7842623932588967
24.1	116.1	0.7731963700757737
24.1	118.1	0.7636088946332198
26.1	0.1	1.3692316773232622
26.1	2.1	1.4553545289955703
26.1	4.1	1.5408514689529924
26.1	6.1	1.6256953549590472
26.1	8.1	1.7098623740713275
26.1	10.1	1.7933290758326552
26.1	12.1	1.8760702896444255
26.1	14.1	1.9580574731864713
26.1	16.1	2.039257208384442
26.1	18.1	2.119629638772305
26.1	20.1	2.199126664902337
26.1	22.1	2.2776896964122315
26.1	24.1	2.3552466991147663
26.1	26.1	2.4317081571720185
26.1	28.1	2.5069613566821287
26.1	30.1	2.5808620096232886
26.1	32.1	2.6532215101692724
26.1	34.1	2.723786678135487
26.1	36.1	2.792205805108409
26.1	38.1	2.8579678252565066
26.1	40.1	2.920283504503013
26.1	42.1	2.9778245268494317
26.1	44.1	3.0280450959449037
26.1	46.1	3.0648815158002254
26.1	48.1	3.066834220558314
26.1	50.1	3.0396232641205767
26.1	52.1	2.949170085707537
26.1	54.1	2.804007922572912
26.1	56.1	2.550544292944164
26.1	58.1	2.256297892748993
26.1	60.1	2.040027786620017
26.1	62.1	1.8661219699209501
26.1	64.1	1.7272811057435697
26.1	66.1	1.6108585504042867
26.1	68.1	1.5115969154559705
26.1	70.1	1.4289092148205211
26.1	72.1	1.3593498043303347
26.1	74.1	1.2952685910281074
26.1	76.1	1.2429918341920845
26.1	78.1	1.1938770505011145
26.1	80.1	1.1514687836875492
26.1	82.1	1.1129365865997563
26.1	84.1	1.0777868376316906
26.1	86.1	1.0455079869860733
26.1	88.1	1.0173877535196594
26.1	90.1	0.9897272117131655
26.1	92.1	0.9656304978749184
26.1	94.1	0.9446765914957249
26.1	96.1	0.9236637537727665
26.1	98.1	0.9038981472618619
26.1	100.1	0.8867480307245128
26.1	102.1	0.8705408698537181
26.1	104.1	0.8552355515155664
26.1	106.1	0.8407762748942849
26.1	108.1	0.827093665152164
26.1	110.1	0.8141081195548453
26.1	112.1	0.8017347263875849
26.1	114.1	0.7910445800965631
26.1	116.1	0.7798210151909718
26.1	118.1	0.7701099056214482
28.1	0.1	1.4614892795233057
28.1	2.1	1.547051994763108
28.1	4.1	1.6319959735747194
28.1	6.1	1.7162945072639724
28.1	8.1	1.7999228226013246
28.1	10.1	1.8828556828083107
28.1	12.1	1.9650655865756077
28.1	14.1	2.0465212365582057
28.1	16.1	2.1271860546211805
28.1	18.1	2.207016564774775
28.1	20.1	2.285960467098248
28.1	22.1	2.363954192043061
28.1	24.1	2.4409196471640042
28.1	26.1	2.5167597256090795
28.1	28.1	2.5913518906248485
28.1	30.1	2.6645386856772393
28.1	32.1	2.7361131374037315
28.1	34.1	2.8057952452256147
28.1	36.1	2.873191922988224
28.1	38.1	2.9377237146857698
28.1	40.1	2.9984776237606976
28.1	42.1	3.053871152557262
28.1	44.1	3.1007266066822727
28.1	46.1	3.1308199703121113
28.1	48.1	3.123740013904066
28.1	50.1	3.0794630589299494
28.1	52.1	2.9768280174521453
28.1	54.1	2.8178093506624866
28.1	56.1	2.5243107105580056
28.1	58.1	2.248310746149517
28.1	60.1	2.037772694934071
28.1	62.1	1.8674662565397533
28.1	64.1	1.7310551752136794
28.1	66.1	1.6161243271838894
28.1	68.1	1.5176773167832434
28.1	70.1	1.4388003380086296
28.1	72.1	1.366668262096505
28.1	74.1	1.305419390800771
28.1	76.1	1.2507348294230942
28.1	78.1	1.2015076666684021
28.1	80.1	1.159209724955078
28.1	82.1	1.120646106659331
28.1	84.1	1.0853341181019431
28.1	86.1	1.0547200263534142
28.1	88.1	1.0246958647092461
28.1	90.1	0.9985862243751192
28.1	92.1	0.9742818739455783
28.1	94.1	0.9515868870707315
28.1	96.1	0.9318786929610938
28.1	98.1	0.9119491425145002
28.1	100.1	0.8945946720508058
28.1	102.1	0.8782004593175103
28.1	104.1	0.8614229277044018
28.1	106.1	0.8468318800475919
28.1	108.1	0.8342549864666806
28.1	110.1	0.8211123211272571
28.1	112.1	0.8085822641796143
28.1	114.1	0.7965792315630768
28.1	116.1	0.7863786520269823
28.1	118.1	0.7765456608462062
30.1	0.1	1.5532790164749861
30.1	2.1	1.638306722280477
30.1	4.1	1.7227208682069641
30.1	6.1	1.8064947762760455
30.1	8.1	1.8896026120290796
30.1	10.1	1.9720173809449306
30.1	12.1	2.0537093216758224
30.1	14.1	2.134644447929925
30.1	16.1	2.214783055353205
30.1	18.1	2.2940780299136994
30.1	20.1	2.372472780627143
30.1	22.1	2.449898571034421
30.1	24.1	2.5262709285357356
30.1	26.1	2.6014846401518334
30.1	28.1	2.675406539177912
30.1	30.1	2.747864728699236
30.1	32.1	2.818631813017972
30.1	34.1	2.8873975095178817
30.1	36.1	2.953721161644893
30.1	38.1	3.0169428886955765
30.1	40.1	3.075999693874687
30.1	42.1	3.128987372936472
30.1	44.1	3.1718720787152033
30.1	46.1	3.1931521045197293
30.1	48.1	3.1783224688191867
30.1	50.1	3.119149618898334
30.1	52.1	3.0012214481369774
30.1	54.1	2.8263159102947766
30.1	56.1	2.5081957434404503
30.1	58.1	2.240827302468057
30.1	60.1	2.0356647670656525
30.1	62.1	1.8687569474545582
30.1	64.1	1.7346457144755454
30.1	66.1	1.621134965677505
30.1	68.1	1.5272196500997954
30.1	70.1	1.4455097885774983
30.1	72.1	1.3736286385023562
30.1	74.1	1.31268698904188
30.1	76.1	1.2580837649838486
30.1	78.1	1.2113308231328543
30.1	80.1	1.1665420573440732
30.1	82.1	1.1300937026404074
30.1	84.1	1.0946405925543583
30.1	86.1	1.061960876231431
30.1	88.1	1.0336232315513598
30.1	90.1	1.007296633158901
30.1	92.1	0.9827975707772667
30.1	94.1	0.9599220223106918
30.1	96.1	0.9384568510940655
30.1	98.1	0.9198939559187279
30.1	100.1	0.9023428393945535
30.1	102.1	0.884406948703228
30.1	104.1	0.8688405602238937
30.1	106.1	0.8540800626272531
30.1	108.1	0.8400548905646849
30.1	110.1	0.8280428165914782
30.1	112.1	0.815358939940268
30.1	114.1	0.8032011748273241
30.1	116.1	0.792870312253778
30.1	118.1	0.7829171070330676
32.1	0.1	1.644633551429912
32.1	2.1	1.7291476607166507
32.1	4.1	1.8130516235618372
32.1	6.1	1.896318490012058
32.1	8.1	1.978921272250264
32.1	10.1	2.0608312174904353
32.1	12.1	2.142016331710281
32.1	14.1	2.222439958351565
32.1	16.1	2.302059252841874
32.1	18.1	2.380823396633471
32.1	20.1	2.458671367308059
32.1	22.1	2.535529018657133
32.1	24.1	2.6113051096990914
32.1	26.1	2.6858857187963667
32.1	28.1	2.7591261162948495
32.1	30.1	2.830838496030695
32.1	32.1	2.9007726514314744
32.1	34.1	2.96858394252644
32.1	36.1	3.033776711703518
32.1	38.1	3.0955958197420532
32.1	40.1	3.1527946708101395
32.1	42.1	3.2030558540418492
32.1	44.1	3.241157234976406
32.1	46.1	3.250507349943563
32.1	48.1	3.228723714962043
32.1	50.1	3.154106674773387
32.1	52.1	3.022691598562602
32.1	54.1	2.8286970490961325
32.1	56.1	2.4931314725295746
32.1	58.1	2.2338052366065027
32.1	60.1	2.0336918293288364
32.1	62.1	1.8699971929101504
32.1	64.1	1.7380654605415475
32.1	66.1	1.6259083437845347
32.1	68.1	1.5330170981451625
32.1	70.1	1.4518938398878911
32.1	72.1	1.383430053127112
32.1	74.1	1.319601012745461
32.1	76.1	1.267869570966151
32.1	78.1	1.2185461510821256
32.1	80.1	1.176128670124699
32.1	82.1	1.1373532536687225
32.1	84.1	1.1017348993715286
32.1	86.1	1.0709609327216554
32.1	88.1	1.0404616265326263
32.1	90.1	1.0140650845109336
32.1	92.1	0.9894220250318356
32.1	94.1	0.9681358549484896
32.1	96.1	0.9465065580280267
32.1	98.1	0.9277351608976198
32.1	100.1	0.9085291157622108
32.1	102.1	0.8919118436666951
32.1	104.1	0.8761731047191988
32.1	106.1	0.8612478224621793
32.1	108.1	0.8470625720919085
32.1	110.1	0.8349009352072889
32.1	112.1	0.8220659650692874
32.1	114.1	0.8097558791472791
32.1	116.1	0.7992970019713658
32.1	118.1	0.7879865247716427
34.1	0.1	1.7355808254159015
34.1	2.1	1.819599678958418
34.1	4.1	1.903010227757657
34.1	6.1	1.9857850142127653
34.1	8.1	2.067895810077699
34.1	10.1	2.149312081524363
34.1	12.1	2.2299995956280134
34.1	14.1	2.3099190063102335
34.1	16.1	2.3890242749493638
34.1	18.1	2.467260770162101
34.1	20.1	2.5445628519191605
34.1	22.1	2.620850667814819
34.1	24.1	2.6960257522584894
34.1	26.1	2.769964778659651
34.1	28.1	2.8425103813443577
34.1	30.1	2.9134571502414364
34.1	32.1	2.982529286767344
34.1	34.1	3.049342977492325
34.1	36.1	3.1133385944654752
34.1	38.1	3.1736472980252826
34.1	40.1	3.2287953268429908
34.1	42.1	3.2759256905049408
34.1	44.1	3.308121782726646
34.1	46.1	3.304197208633603
34.1	48.1	3.2739404849647373
34.1	50.1	3.1841098890127704
34.1	52.1	3.042075089450627
34.1	54.1	2.8024890317727817
34.1	56.1	2.479024665805998
34.1	58.1	2.2272066562779504
34.1	60.1	2.031842930966284
34.1	62.1	1.8711899003903256
34.1	64.1	1.7413260173738405
34.1	66.1	1.630460712189398
34.1	68.1	1.538540270179085
34.1	70.1	1.457976610817412
34.1	72.1	1.3900432291802232
34.1	74.1	1.3293628164453515
34.1	76.1	1.274830814875057
34.1	78.1	1.228077556176347
34.1	80.1	1.1830526369453633
34.1	82.1	1.1442250531925828
34.1	84.1	1.1108164095911277
34.1	86.1	1.07775338127546
34.1	88.1	1.049190685944649
34.1	90.1	1.0225900151471612
34.1	92.1	0.9977605288367963
34.1	94.1	0.9744985034372898
34.1	96.1	0.9544470642258227
34.1	98.1	0.9338636901567526
34.1	100.1	0.9161226312526337
34.1	102.1	0.8993282023460689
34.1	104.1	0.8834223665590782
34.1	106.1	0.8683367821851842
34.1	108.1	0.8539952604504503
34.1	110.1	0.8403174911808022
34.1	112.1	0.828704513148241
34.1	114.1	0.8162444330394252
34.1	116.1	0.8056597030131969
34.1	118.1	0.7941976167709159
36.1	0.1	1.8261449427741856
36.1	2.1	1.9096843085445843
36.1	4.1	1.992615794820374
36.1	6.1	2.0749112460677033
36.1	8.1	2.156541108819622
36.1	10.1	2.237473027563067
36.1	12.1	2.3176704971359534
36.1	14.1	2.3970914311432128
36.1	16.1	2.475686508609048
36.1	18.1	2.5533971390249257
36.1	20.1	2.630152834820493
36.1	22.1	2.7058676870671996
36.1	24.1	2.780435477796927
36.1	26.1	2.8537226766861172
36.1	28.1	2.925558051053295
36.1	30.1	2.9957166309741656
36.1	32.1	3.0638937792144
36.1	34.1	3.129660791598418
36.1	36.1	3.1923831712662794
36.1	38.1	3.2510552322923765
36.1	40.1	3.3039187683478763
36.1	42.1	3.347398928889151
36.1	44.1	3.3720920272946517
36.1	46.1	3.3609961935518182
36.1	48.1	3.313560734733625
36.1	50.1	3.2119529058286407
36.1	52.1	3.058001061353436
36.1	54.1	2.7780457486106087
36.1	56.1	2.465792549463857
36.1	58.1	2.22099754659342
36.1	60.1	2.0301081998660906
36.1	62.1	1.8723377576208449
36.1	64.1	1.7444379777014543
36.1	66.1	1.6348068750673073
36.1	68.1	1.543808361260252
36.1	70.1	1.4637798004902973
36.1	72.1	1.3963405609637125
36.1	74.1	1.3359219721575493
36.1	76.1	1.2814519122590076
36.1	78.1	1.2349023494839972
36.1	80.1	1.1923771461626815
36.1	82.1	1.15340065094386
36.1	84.1	1.1174892681041038
36.1	86.1	1.0865479468723882
36.1	88.1	1.0577702010292565
36.1	90.1	1.0309783127084184
36.1	92.1	1.00597388480159
36.1	94.1	0.9825461148971604
36.1	96.1	0.9604835464815518
36.1	98.1	0.9415487453200413
36.1	100.1	0.9236236741686381
36.1	102.1	0.9066579604390727
36.1	104.1	0.8905900898131887
36.1	106.1	0.8753485085938885
36.1	108.1	0.8608543679966392
36.1	110.1	0.8470254107945917
36.1	112.1	0.8352757219968812
36.1	114.1	0.8226678947806533
36.1	116.1	0.8119593741363398
36.1	118.1	0.800347521589742
38.1	0.1	1.9163468511426696
38.1	2.1	1.9994203177108723
38.1	4.1	2.081885039465284
38.1	6.1	2.163712003541714
38.1	8.1	2.2448702466311126
38.1	10.1	2.325325535839181
38.1	12.1	2.4050390376492694
38.1	14.1	2.483965847280002
38.1	16.1	2.5620532420845525
38.1	18.1	2.6392384903811266
38.1	20.1	2.7154459839106595
38.1	22.1	2.7905833512277516
38.1	24.1	2.86453601735734
38.1	26.1	2.9371593357562347
38.1	28.1	3.00826679580435
38.1	30.1	3.077611606918582
38.1	32.1	3.1448564905643246
38.1	34.1	3.2095210297279517
38.1	36.1	3.270882518341894
38.1	38.1	3.3277690702158673
38.1	40.1	3.378061559066144
38.1	42.1	3.4172098112355345
38.1	44.1	3.4320648978306183
38.1	46.1	3.41445084038397
38.1	48.1	3.3531492203075826
38.1	50.1	3.2372479670889334
38.1	52.1	3.069532743765017
38.1	54.1	2.7552029794250505
38.1	56.1	2.444072944306146
38.1	58.1	2.2151472955773333
38.1	60.1	2.0218219890465807
38.1	62.1	1.8734432529984937
38.1	64.1	1.7474110295969059
38.1	66.1	1.638960347397898
38.1	68.1	1.548838787952632
38.1	70.1	1.4732075610715771
38.1	72.1	1.4023458436256826
38.1	74.1	1.342171613535912
38.1	76.1	1.290902243373497
38.1	78.1	1.2413883951504872
38.1	80.1	1.1989174931660247
38.1	82.1	1.1598809174012752
38.1	84.1	1.1263547345456926
38.1	86.1	1.0929254739319636
38.1	88.1	1.0641336017878982
38.1	90.1	1.0372563691064063
38.1	92.1	1.0120990401626577
38.1	94.1	0.9904812680361837
38.1	96.1	0.9682646202768735
38.1	98.1	0.9491369099690368
38.1	100.1	0.9310343084397322
38.1	102.1	0.912218972375928
38.1	104.1	0.896040056567965
38.1	106.1	0.8822845148514361
38.1	108.1	0.8676412600202437
38.1	110.1	0.8536641180357568
38.1	112.1	0.8417806956004059
38.1	114.1	0.8290272939451129
38.1	116.1	0.8181969521093139
38.1	118.1	0.8064371380243089
40.1	0.1	2.006204871348219
40.1	2.1	2.0888241613534646
40.1	4.1	2.170832652478435
40.1	6.1	2.252200336061926
40.1	8.1	2.3328947528555095
40.1	10.1	2.4128797236017947
40.1	12.1	2.4921140103706305
40.1	14.1	2.5705497874145284
40.1	16.1	2.648130782151184
40.1	18.1	2.7247899048407493
40.1	20.1	2.800446109445732
40.1	22.1	2.8750000971673533
40.1	24.1	2.94832824742661
40.1	26.1	3.0202737573039222
40.1	28.1	3.0906332204494995
40.1	30.1	3.1591354065132644
40.1	32.1	3.225405924202652
40.1	34.1	3.2889044564179155
40.1	36.1	3.3488036267544317
40.1	38.1	3.4037276917699684
40.1	40.1	3.451092748047088
40.1	42.1	3.4849920493163293
40.1	44.1	3.4866201112026984
40.1	46.1	3.4638017718254233
40.1	48.1	3.3883499191157376
40.1	50.1	3.259328601163798
40.1	52.1	3.0761289742511906
40.1	54.1	2.733816012012075
40.1	56.1	2.4325624226545948
40.1	58.1	2.20173684148945
40.1	60.1	2.0202449576781234
40.1	62.1	1.8745086937770146
40.1	64.1	1.7502540499717385
40.1	66.1	1.64764803544994
40.1	68.1	1.5579071692890136
40.1	70.1	1.4787296042724962
40.1	72.1	1.4117387451760197
40.1	74.1	1.3515744242420469
40.1	76.1	1.2971769397915398
40.1	78.1	1.2506178690911038
40.1	80.1	1.2079945117627366
40.1	82.1	1.1688265450289712
40.1	84.1	1.132634816513622
40.1	86.1	1.1015211624618524
40.1	88.1	1.0725286293640621
40.1	90.1	1.045470133566448
40.1	92.1	1.0201441692327742
40.1	94.1	0.996343503804519
40.1	96.1	0.9759439452092007
40.1	98.1	0.9566303646937666
40.1	100.1	0.9366059694923642
40.1	102.1	0.91940153580175
40.1	104.1	0.9030619949168264
40.1	106.1	0.8875147402972431
40.1	108.1	0.874357256855943
40.1	110.1	0.8602348168656124
40.1	112.1	0.8466956645639823
40.1	114.1	0.8353236328350698
40.1	116.1	0.8243733527076067
40.1	118.1	0.8124673458144376
42.1	0.1	2.0957351158049593
42.1	2.1	2.177910338257788
42.1	4.1	2.259471601020591
42.1	6.1	2.340387775095556
42.1	8.1	2.420624816388099
42.1	10.1	2.5001445180629207
42.1	12.1	2.5789031435671275
42.1	14.1	2.656849820757841
42.1	16.1	2.7339245509021097
42.1	18.1	2.810055634357385
42.1	20.1	2.885156224447267
42.1	22.1	2.959119566834627
42.1	24.1	3.031812213779997
42.1	26.1	3.1030640210877776
42.1	28.1	3.172652829280029
42.1	30.1	3.2402799251730863
42.1	32.1	3.3055285231408464
42.1	34.1	3.3677885180316207
42.1	36.1	3.426107371038884
42.1	38.1	3.4788565586980296
42.1	40.1	3.522843675762328
42.1	42.1	3.5502267138476387
42.1	44.1	3.5421555745862405
42.1	46.1	3.5081677266919935
42.1	48.1	3.4189303724305797
42.1	50.1	3.279617318698071
42.1	52.1	3.0771073354313643
42.1	54.1	2.702342643872361
42.1	56.1	2.421714590533698
42.1	58.1	2.1965772794055223
42.1	60.1	2.018763700382067
42.1	62.1	1.875536222292821
42.1	64.1	1.7529751868111294
42.1	66.1	1.651623323007354
42.1	68.1	1.5627051196264274
42.1	70.1	1.484001765938439
42.1	72.1	1.4174460265116788
42.1	74.1	1.3575058676046818
42.1	76.1	1.3031562829342278
42.1	78.1	1.256756526878198
42.1	80.1	1.2141742087177338
42.1	82.1	1.1749397643167112
42.1	84.1	1.1412928054180236
42.1	86.1	1.1099662247079722
42.1	88.1	1.0784912342543056
42.1	90.1	1.0513380143800248
42.1	92.1	1.0280733861273448
42.1	94.1	1.0041195393580142
42.1	96.1	0.9835237976554858
42.1	98.1	0.9621786094932476
42.1	100.1	0.9438699687344587
42.1	102.1	0.9265023166419915
42.1	104.1	0.9100066325776566
42.1	106.1	0.894307792710531
42.1	108.1	0.8810036359216236
42.1	110.1	0.8667386743749161
42.1	112.1	0.8530561730204761
42.1	114.1	0.8415578878123859
42.1	116.1	0.8304894716260636
42.1	118.1	0.8184390063614697
44.1	0.1	2.184951822796312
44.1	2.1	2.2666916779484234
44.1	4.1	2.347813371403436
44.1	6.1	2.4282845381678295
44.1	8.1	2.508069456460255
44.1	10.1	2.5871277989645174
44.1	12.1	2.665413219171045
44.1	14.1	2.7428716510886093
44.1	16.1	2.819439165814863
44.1	18.1	2.895039165987575
44.1	20.1	2.9695785928084875
44.1	22.1	3.042942639012224
44.1	24.1	3.1149871441236603
44.1	26.1	3.1855272723451034
44.1	28.1	3.2543199742634124
44.1	30.1	3.321035505912018
44.1	32.1	3.385208417519116
44.1	34.1	3.446146790856993
44.1	36.1	3.5027471671218997
44.1	38.1	3.5530637930932993
44.1	40.1	3.5930927188625708
44.1	42.1	3.6121623648820576
44.1	44.1	3.5978900776539384
44.1	46.1	3.547644921591298
44.1	48.1	3.4469067917549805
44.1	50.1	3.297034107551139
44.1	52.1	3.0451195798941564
44.1	54.1	2.6838744729867083
44.1	56.1	2.4114777866104458
44.1	58.1	2.191699514128328
44.1	60.1	2.017371106024721
44.1	62.1	1.8765278304732549
44.1	64.1	1.755581931686522
44.1	66.1	1.6554227289436356
44.1	68.1	1.567288613979966
44.1	70.1	1.4890411931675709
44.1	72.1	1.4228942650535303
44.1	74.1	1.3631652803713665
44.1	76.1	1.312289391963393
44.1	78.1	1.2657307761341203
44.1	80.1	1.2230170450041253
44.1	82.1	1.1836662888924523
44.1	84.1	1.1472062608718718
44.1	86.1	1.1159172352893134
44.1	88.1	1.0867064417769923
44.1	90.1	1.0593806232940661
44.1	92.1	1.0337377247109552
44.1	94.1	1.011790946331244
44.1	96.1	0.9890153862840684
44.1	98.1	0.9695249704814699
44.1	100.1	0.951048853302125
44.1	102.1	0.9335229814064013
44.1	104.1	0.9168754844664115
44.1	106.1	0.9010287868556436
44.1	108.1	0.8859026822689854
44.1	110.1	0.8731768225266292
44.1	112.1	0.8593533298716662
44.1	114.1	0.8477310105371285
44.1	116.1	0.8349884959440417
44.1	118.1	0.8243529633933626
46.1	0.1	2.2738676263983826
46.1	2.1	2.355179573381508
46.1	4.1	2.4358681672060944
46.1	6.1	2.515899696373945
46.1	8.1	2.595236663652487
46.1	10.1	2.6738365168225275
46.1	12.1	2.7516501714052466
46.1	14.1	2.8286201982523766
46.1	16.1	2.9046785059084868
46.1	18.1	2.979743273691411
46.1	20.1	3.0537147667240556
46.1	22.1	3.12646945093055
46.1	24.1	3.1978514501122235
46.1	26.1	3.267659696163328
46.1	28.1	3.3356277850857454
46.1	30.1	3.4013907891113884
46.1	32.1	3.4644271101916733
46.1	34.1	3.5239482820633974
46.1	36.1	3.5786672058669655
46.1	38.1	3.6262346827166523
46.1	40.1	3.6615419640786775
46.1	42.1	3.6697194323375526
46.1	44.1	3.6503076101929524
46.1	46.1	3.5871480431318847
46.1	48.1	3.4730058441763516
46.1	50.1	3.310878254853822
46.1	52.1	3.0151905841457407
46.1	54.1	2.666490232705175
46.1	56.1	2.4018054320264155
46.1	58.1	2.187083241470192
46.1	60.1	2.0160606977880926
46.1	62.1	1.8774853728363128
46.1	64.1	1.7580811838514463
46.1	66.1	1.65905745971864
46.1	68.1	1.5716717555672932
46.1	70.1	1.4980547849816583
46.1	72.1	1.4281018465524276
46.1	74.1	1.3722354907737224
46.1	76.1	1.3179580659532322
46.1	78.1	1.2715420666485637
46.1	80.1	1.2288574282561686
46.1	82.1	1.1894350835704313
46.1	84.1	1.1556649739375409
46.1	86.1	1.1241786682109474
46.1	88.1	1.0947914687468407
46.1	90.1	1.0673037184409961
46.1	92.1	1.0415072478378593
46.1	94.1	1.0171946556282714
46.1	96.1	0.9964464046750408
46.1	98.1	0.9767824526758331
46.1	100.1	0.958144393454626
46.1	102.1	0.9404651448295536
46.1	104.1	0.9236700175862663
46.1	106.1	0.9076790567876648
46.1	108.1	0.8924102556887434
46.1	110.1	0.8795503598130519
46.1	112.1	0.8655881540610422
46.1	114.1	0.8538439291196478
46.1	116.1	0.8409616934488575
46.1	118.1	0.8302100435823172
48.1	0.1	2.3624937765279554
48.1	2.1	2.443384171434121
48.1	4.1	2.52364507230549
48.1	6.1	2.603241312945321
48.1	8.1	2.6821335170712968
48.1	10.1	2.760276791497692
48.1	12.1	2.8376191690743076
48.1	14.1	2.91409966595716
48.1	16.1	2.9896457662063534
48.1	18.1	3.064170059869451
48.1	20.1	3.13756561468344
48.1	22.1	3.2096994105299452
48.1	24.1	3.28040271899559
48.1	26.1	3.349456478508421
48.1	28.1	3.416568078891419
48.1	30.1	3.4813325257896044
48.1	32.1	3.543163085254535
48.1	34.1	3.6011565380691186
48.1	36.1	3.6538000971204743
48.1	38.1	3.6982238270318932
48.1	40.1	3.7277810737266566
48.1	42.1	3.7222342143507765
48.1	44.1	3.6987084639837957
48.1	46.1	3.6225595524677843
48.1	48.1	3.496027235129548
48.1	50.1	3.3205183160224925
48.1	52.1	2.973098750538815
48.1	54.1	2.6386891417438516
48.1	56.1	2.3832559910493623
48.1	58.1	2.1827099738797657
48.1	60.1	2.0148265669563887
48.1	62.1	1.8784105781621236
48.1	64.1	1.7604793070307037
48.1	66.1	1.662537797218292
48.1	68.1	1.5758674258022394
48.1	70.1	1.5028518256848657
48.1	72.1	1.4371116777287536
48.1	74.1	1.3776086515162569
48.1	76.1	1.3268266831491107
48.1	78.1	1.2770789675953351
48.1	80.1	1.2374782512993197
48.1	82.1	1.1979526099799622
48.1	84.1	1.1612357142171257
48.1	86.1	1.1297697859475253
48.1	88.1	1.1003395337552755
48.1	90.1	1.072748090746301
48.1	92.1	1.0491690223647119
48.1	94.1	1.024714022031806
48.1	96.1	1.0037843551228371
48.1	98.1	0.9839529258710029
48.1	100.1	0.9631646674683375
48.1	102.1	0.9453933792196456
48.1	104.1	0.9303916527386642
48.1	106.1	0.9142598951084905
48.1	108.1	0.8988513884773313
48.1	110.1	0.8858603528290793
48.1	112.1	0.8717616370244442
48.1	114.1	0.8598975491922333
48.1	116.1	0.8468773660875724
48.1	118.1	0.8360110571197064
50.1	0.1	2.45084031988416
50.1	2.1	2.531314530125423
50.1	4.1	2.611152186037421
50.1	6.1	2.6903165586243505
50.1	8.1	2.7687662822502874
50.1	10.1	2.846453994697829
50.1	12.1	2.9233246843652316
50.1	14.1	2.9993135981005694
50.1	16.1	3.0743435022436354
50.1	18.1	3.1483209879529603
50.1	20.1	3.221131340954449
50.1	22.1	3.2926311998787745
50.1	24.1	3.362637694846405
50.1	26.1	3.4309117529330373
50.1	28.1	3.4971312468492433
50.1	30.1	3.560845346950628
50.1	32.1	3.621391319297662
50.1	34.1	3.677728497127009
50.1	36.1	3.7280636803061875
50.1	38.1	3.7688436763075615
50.1	40.1	3.7912321444226693
50.1	42.1	3.779727385193371
50.1	44.1	3.7423228005801232
50.1	46.1	3.6536495963273468
50.1	48.1	3.516768705143509
50.1	50.1	3.3255199666673065
50.1	52.1	2.947349048788446
50.1	54.1	2.623556896368376
50.1	56.1	2.374760303757446
50.1	58.1	2.178562846268152
50.1	60.1	2.0136633146191554
50.1	62.1	1.8793050599922079
50.1	64.1	1.7627821798500216
50.1	66.1	1.6658731915611087
50.1	68.1	1.5798874137864711
50.1	70.1	1.5074400207143739
50.1	72.1	1.4420616448227996
50.1	74.1	1.3827418439667358
50.1	76.1	1.3322024273668436
50.1	78.1	1.285778542664625
50.1	80.1	1.242999154293507
50.1	82.1	1.2033979039984848
50.1	84.1	1.1695029871749152
50.1	86.1	1.1378533807892925
50.1	88.1	1.1082566456926837
50.1	90.1	1.0805100458918198
50.1	92.1	1.0544075028213908
50.1	94.1	1.0321357406771272
50.1	96.1	1.0088286742106687
50.1	98.1	0.9889746436123664
50.1	100.1	0.9701216730854711
50.1	102.1	0.9521988927978191
50.1	104.1	0.9351306598971807
50.1	106.1	0.9207725546132843
50.1	108.1	0.9052272280140475
50.1	110.1	0.8903232776538201
50.1	112.1	0.8778747439347472
50.1	114.1	0.8658927549062007
50.1	116.1	0.8527363561837411
50.1	118.1	0.8417567982525852
52.1	0.1	2.5389162498958475
52.1	2.1	2.618978749333189
52.1	4.1	2.698396735994229
52.1	6.1	2.7771318082756253
52.1	8.1	2.8551404933147397
52.1	10.1	2.9323728192303427
52.1	12.1	3.008770550394731
52.1	14.1	3.0842649253912544
52.1	16.1	3.158773665985257
52.1	18.1	3.2321969070611978
52.1	20.1	3.3044114972222594
52.1	22.1	3.3752627700023043
52.1	24.1	3.444552249020954
52.1	26.1	3.512018531525433
52.1	28.1	3.5773061137460775
52.1	30.1	3.6399114792741196
52.1	32.1	3.699082668184901
52.1	34.1	3.7536129971058587
52.1	36.1	3.8013566349718078
52.1	38.1	3.837847475678048
52.1	40.1	3.8510746499672894
52.1	42.1	3.8344707245503886
52.1	44.1	3.781718086417436
52.1	46.1	3.681719731937039
52.1	48.1	3.53538170546369
52.1	50.1	3.3253867219870914
52.1	52.1	2.909197214819805
52.1	54.1	2.6092487442101517
52.1	56.1	2.36670419650674
52.1	58.1	2.174626445975262
52.1	60.1	2.0125660002248815
52.1	62.1	1.880170326091895
52.1	64.1	1.7649952407164193
52.1	66.1	1.6690723430755645
52.1	68.1	1.5885105852099262
52.1	70.1	1.511833070590363
52.1	72.1	1.4467971119469585
52.1	74.1	1.391502851716735
52.1	76.1	1.3373337010604684
52.1	78.1	1.2910224329652318
52.1	80.1	1.2482559479148374
52.1	82.1	1.211715849005873
52.1	84.1	1.1776268968168562
52.1	86.1	1.1431097389567246
52.1	88.1	1.1134605353504523
52.1	90.1	1.088160922713247
52.1	92.1	1.0619176724754018
52.1	94.1	1.0394618395636326
52.1	96.1	1.0160237465099435
52.1	98.1	0.9960067747731491
52.1	100.1	0.9770000375052983
52.1	102.1	0.9589300851188715
52.1	104.1	0.9417189899513551
52.1	106.1	0.9252868456104012
52.1	108.1	0.9115388881195984
52.1	110.1	0.8965002224699927
52.1	112.1	0.8839284148746405
52.1	114.1	0.8700605135985904
52.1	116.1	0.8585394876185014
52.1	118.1	0.8474480457855897
54.1	0.1	2.626729631858299
54.1	2.1	2.7063840801857135
54.1	4.1	2.785385172705607
54.1	6.1	2.8636927221752075
54.1	8.1	2.941261022180835
54.1	10.1	3.018037337226024
54.1	12.1	3.093960009272846
54.1	14.1	3.168956003658815
54.1	16.1	3.2429376342236345
54.1	18.1	3.3157980694915308
54.1	20.1	3.387404986825131
54.1	22.1	3.457591327142338
54.1	24.1	3.5261413391966703
54.1	26.1	3.59276861812779
54.1	28.1	3.657079765650223
54.1	30.1	3.7185103943487587
54.1	32.1	3.776203092437219
54.1	34.1	3.8287488112576598
54.1	36.1	3.873552331365174
54.1	38.1	3.904903522655536
54.1	40.1	3.906197186561166
54.1	42.1	3.8859327823420107
54.1	44.1	3.8211462356414247
54.1	46.1	3.7085327213248416
54.1	48.1	3.5509398455171346
54.1	50.1	3.2880927729919693
54.1	52.1	2.8868992805128912
54.1	54.1	2.5957030939377725
54.1	56.1	2.3590570502058057
54.1	58.1	2.1708866634557253
54.1	60.1	2.0115300960784546
54.1	62.1	1.8810077869936772
54.1	64.1	1.7671235278444108
54.1	66.1	1.6721432748598146
54.1	68.1	1.5923424527685517
54.1	70.1	1.5204704392514563
54.1	72.1	1.4554814217336427
54.1	74.1	1.396377728928532
54.1	76.1	1.345922179507237
54.1	78.1	1.2994968124865818
54.1	80.1	1.25662900535955
54.1	82.1	1.2168570165539578
54.1	84.1	1.1828362353507713
54.1	86.1	1.1510212516999172
54.1	88.1	1.1212142421148965
54.1	90.1	1.0932114349041229
54.1	92.1	1.0693273596509676
54.1	94.1	1.0443948683966109
54.1	96.1	1.0231315354404744
54.1	98.1	1.002957013994245
54.1	100.1	0.9838012981437322
54.1	102.1	0.965588366758621
54.1	104.1	0.9482380532379016
54.1	106.1	0.9316686823001123
54.1	108.1	0.9177874504685232
54.1	110.1	0.9026164323488896
54.1	112.1	0.8899235659410978
54.1	114.1	0.8759232389823958
54.1	116.1	0.8642875665269872
54.1	118.1	0.8530855635516402
56.1	0.1	2.7142877080245156
56.1	2.1	2.7935370171386134
56.1	4.1	2.8721232495104747
56.1	6.1	2.9500043146770687
56.1	8.1	3.0271321369766273
56.1	10.1	3.103451049095577
56.1	12.1	3.1788957520891286
56.1	14.1	3.253388644955062
56.1	16.1	3.32683623028608
56.1	18.1	3.3991241416008546
56.1	20.1	3.4701100618288727
56.1	22.1	3.5396133102387717
56.1	24.1	3.607398955993183
56.1	26.1	3.6731525012180337
56.1	28.1	3.7364373392105135
56.1	30.1	3.7966183745412825
56.1	32.1	3.852712670541223
56.1	34.1	3.903062027437118
56.1	36.1	3.9444900545086217
56.1	38.1	3.969556444381015
56.1	40.1	3.9604033317066407
56.1	42.1	3.9334720211322076
56.1	44.1	3.8567418395837545
56.1	46.1	3.732423042985384
56.1	48.1	3.5629182058276814
56.1	50.1	3.2365607122627336
56.1	52.1	2.865844414929584
56.1	54.1	2.5718818080419257
56.1	56.1	2.342335972480215
56.1	58.1	2.1592029824805765
56.1	60.1	2.0105514470092776
56.1	62.1	1.8818187637241617
56.1	64.1	1.7749755101770897
56.1	66.1	1.6803818169719398
56.1	68.1	1.59601493937598
56.1	70.1	1.5246529691435289
56.1	72.1	1.4599842899115574
56.1	74.1	1.401040201668949
56.1	76.1	1.3507895095390274
56.1	78.1	1.3044640149791373
56.1	80.1	1.2616012493284439
56.1	82.1	1.2249841731647555
56.1	84.1	1.1907839448572393
56.1	86.1	1.155965611351403
56.1	88.1	1.1288533682430695
56.1	90.1	1.1007103607777233
56.1	92.1	1.0741717741390173
56.1	94.1	1.0515800930016073
56.1	96.1	1.0301537843093302
56.1	98.1	1.007552862563618
56.1	100.1	0.9883248789113075
56.1	102.1	0.9721751066443425
56.1	104.1	0.9546891040747197
56.1	106.1	0.9379855692954197
56.1	108.1	0.921983169353991
56.1	110.1	0.9086728819169526
56.1	112.1	0.8958610902851296
56.1	114.1	0.8817301367360884
56.1	116.1	0.8699813819501839
56.1	118.1	0.8586701008544791
58.1	0.1	2.8015969863602597
58.1	2.1	2.880443375870257
58.1	4.1	2.958616090220039
58.1	6.1	3.0360710123908388
58.1	8.1	3.1127575514229346
58.1	10.1	3.188616924623186
58.1	12.1	3.263579951941377
58.1	14.1	3.3375641423162987
58.1	16.1	3.41046973968504
58.1	18.1	3.48217420845867
58.1	20.1	3.55252431299827
58.1	22.1	3.6213243591906545
58.1	24.1	3.6883180558037907
58.1	26.1	3.753159223072738
58.1	28.1	3.8153617642446433
58.1	30.1	3.8742079730040304
58.1	32.1	3.9285643297846002
58.1	34.1	3.9764624989558657
58.1	36.1	4.013962254029978
58.1	38.1	4.031172217294841
58.1	40.1	4.016959998532054
58.1	42.1	3.9764193128235763
58.1	44.1	3.8882832218636754
58.1	46.1	3.753608342220391
58.1	48.1	3.5709295310737788
58.1	50.1	3.204450935440024
58.1	52.1	2.8326999864307774
58.1	54.1	2.5599827259915457
58.1	56.1	2.335586282173106
58.1	58.1	2.155889379627451
58.1	60.1	2.0096262345485614
58.1	62.1	1.882604494804407
58.1	64.1	1.7770177010079689
58.1	66.1	1.6833144701212162
58.1	68.1	1.5995377411416398
58.1	70.1	1.5286597457649682
58.1	72.1	1.464295485676401
58.1	74.1	1.4095128862724609
58.1	76.1	1.3554422516437408
58.1	78.1	1.31272534562571
58.1	80.1	1.2697744424052126
58.1	82.1	1.229839173141497
58.1	84.1	1.1956919708038931
58.1	86.1	1.1637107120482026
58.1	88.1	1.1336941652995614
58.1	90.1	1.105439142664404
58.1	92.1	1.0814375019484956
58.1	94.1	1.0586757395171211
58.1	96.1	1.0347385983889792
58.1	98.1	1.0143700267061933
58.1	100.1	0.9949955369475747
58.1	102.1	0.9765378176337289
58.1	104.1	0.9610733600826286
58.1	106.1	0.9442386259897468
58.1	108.1	0.9281050295517125
58.1	110.1	0.9146705199871464
58.1	112.1	0.8998012804908351
58.1	114.1	0.8874820311844309
58.1	116.1	0.8756217064458284
58.1	118.1	0.8642023928857533
60.1	0.1	2.888663315876622
60.1	2.1	2.9671083594668946
60.1	4.1	3.0448682466325625
60.1	6.1	3.1218967035704606
60.1	8.1	3.1981404665636597
60.1	10.1	3.2735374373209587
60.1	12.1	3.3480142908990556
60.1	14.1	3.421483288866837
60.1	16.1	3.493837920179174
60.1	18.1	3.564946772494335
60.1	20.1	3.634644652546321
60.1	22.1	3.7027192732050893
60.1	24.1	3.7688904780199333
60.1	26.1	3.832776220858694
60.1	28.1	3.8938334487573134
60.1	30.1	3.9512473376200647
60.1	32.1	4.003702195544892
60.1	34.1	4.048838960793117
60.1	36.1	4.081695756157451
60.1	38.1	4.08887925421144
60.1	40.1	4.0707789729007615
60.1	42.1	4.015782129561884
60.1	44.1	3.9164158711543577
60.1	46.1	3.773223633788247
60.1	48.1	3.5746256905521623
60.1	50.1	3.15827524756472
60.1	52.1	2.814308494264633
60.1	54.1	2.548676938537511
60.1	56.1	2.329160460190902
60.1	58.1	2.152734454295479
60.1	60.1	2.008750945048387
60.1	62.1	1.8833661426022603
60.1	64.1	1.7789803687776011
60.1	66.1	1.686129423201765
60.1	68.1	1.6029197796878918
60.1	70.1	1.5325018257248224
60.1	72.1	1.4684275812276038
60.1	74.1	1.4139415647138016
60.1	76.1	1.363765279293779
60.1	78.1	1.3174310741064277
60.1	80.1	1.274478116924124
60.1	82.1	1.2377837669150606
60.1	84.1	1.2034699559260977
60.1	86.1	1.1713375990878918
60.1	88.1	1.1411802104364024
60.1	90.1	1.1127896914555784
60.1	92.1	1.0886092542001513
60.1	94.1	1.0632216742558434
60.1	96.1	1.0416274614731789
60.1	98.1	1.0211099916565136
60.1	100.1	1.0015932940932564
60.1	102.1	0.9829979012682409
60.1	104.1	0.9652429279989232
60.1	106.1	0.9504289401340437
60.1	108.1	0.9341666590615052
60.1	110.1	0.9206102706289918
60.1	112.1	0.9056134555055383
60.1	114.1	0.893179727914496
60.1	116.1	0.8812092966616715
60.1	118.1	0.8696831611190475
62.1	0.1	2.9754919508484936
62.1	2.1	3.0535366148617777
62.1	4.1	3.130883747544814
62.1	6.1	3.20748478007589
62.1	8.1	3.2832836059616257
62.1	10.1	3.358214592945517
62.1	12.1	3.4321999816097097
62.1	14.1	3.5051463917874064
62.1	16.1	3.576940006571212
62.1	18.1	3.647439746215873
62.1	20.1	3.716467289363582
62.1	22.1	3.783791958265556
62.1	24.1	3.8491068442978316
62.1	26.1	3.9119891340680395
62.1	28.1	3.971829892183621
62.1	30.1	4.027699357930742
62.1	32.1	4.078059417685179
62.1	34.1	4.120052196554442
62.1	36.1	4.147324002312751
62.1	38.1	4.141603116057173
62.1	40.1	4.1213592339430765
62.1	42.1	4.055143910761961
62.1	44.1	3.9438629522048725
62.1	46.1	3.790115032831269
62.1	48.1	3.573578070746161
62.1	50.1	3.130429659875278
62.1	52.1	2.796868476061012
62.1	54.1	2.52711480082573
62.1	56.1	2.323037712398103
62.1	58.1	2.1497283118250574
62.1	60.1	2.0079223412544
62.1	62.1	1.8841047991057294
62.1	64.1	1.7808679229110964
62.1	66.1	1.688833444858732
62.1	68.1	1.6061692778567298
62.1	70.1	1.5361893372841808
62.1	72.1	1.4767808032710181
62.1	74.1	1.4181816469447865
62.1	76.1	1.36817941974788
62.1	78.1	1.321924658407706
62.1	80.1	1.2824609682970785
62.1	82.1	1.2423692644282145
62.1	84.1	1.2080955021912565
62.1	86.1	1.1759479973369997
62.1	88.1	1.1457237611205167
62.1	90.1	1.120041561025531
62.1	92.1	1.093088551745682
62.1	94.1	1.0701827657111478
62.1	96.1	1.048435851289009
62.1	98.1	1.0277742146117363
62.1	100.1	1.0081194992364764
62.1	102.1	0.9893901081493178
62.1	104.1	0.9715034159982343
62.1	106.1	0.9565575690479725
62.1	108.1	0.9401690372519509
62.1	110.1	0.9264930341851728
62.1	112.1	0.911370529489406
62.1	114.1	0.8988240144889798
62.1	116.1	0.8867448938741541
62.1	118.1	0.8751131136830128
64.1	0.1	3.0620876057619038
64.1	2.1	3.139732281101182
64.1	4.1	3.216666140581969
64.1	6.1	3.292838173005269
64.1	8.1	3.3681892452593574
64.1	10.1	3.4426499528993375
64.1	12.1	3.5161377841064323
64.1	14.1	3.588553281540175
64.1	16.1	3.659774710442694
64.1	18.1	3.7296504389390095
64.1	20.1	3.797987696242138
64.1	22.1	3.864535362433596
64.1	24.1	3.928956436861979
64.1	26.1	3.9907815711229264
64.1	28.1	4.049325208145773
64.1	30.1	4.1035205788847
64.1	32.1	4.151555269591527
64.1	34.1	4.189925321238862
64.1	36.1	4.2103472319189565
64.1	38.1	4.1982176489760885
64.1	40.1	4.168115109934323
64.1	42.1	4.090901604158183
64.1	44.1	3.968544823637479
64.1	46.1	3.8039362719184373
64.1	48.1	3.512190169641545
64.1	50.1	3.0887586870635415
64.1	52.1	2.767692812666361
64.1	54.1	2.517133151890448
64.1	56.1	2.317198921863781
64.1	58.1	2.1468618198277416
64.1	60.1	2.0071374369111967
64.1	62.1	1.8848214911781531
64.1	64.1	1.7826844594155171
64.1	66.1	1.691432801107017
64.1	68.1	1.6143725057476042
64.1	70.1	1.544453100956507
64.1	72.1	1.480709627866678
64.1	74.1	1.4263847466013984
64.1	76.1	1.376287591051539
64.1	78.1	1.3299489193747973
64.1	80.1	1.2869109774596934
64.1	82.1	1.2501390030452015
64.1	84.1	1.2157099704149223
64.1	86.1	1.1834199130237708
64.1	88.1	1.1530609623108437
64.1	90.1	1.124427393808814
64.1	92.1	1.1001235559060396
64.1	94.1	1.0770597404322058
64.1	96.1	1.0526477872630486
64.1	98.1	1.0319318149554977
64.1	100.1	1.0121940661375688
64.1	102.1	0.9957156481164279
64.1	104.1	0.977700355721081
64.1	106.1	0.9604472921051518
64.1	108.1	0.9461131175410641
64.1	110.1	0.9302216759188717
64.1	112.1	0.9170733278919081
64.1	114.1	0.9044156611183198
64.1	116.1	0.8922292244952956
64.1	118.1	0.8804929457154962
66.1	0.1	3.1484545024720725
66.1	2.1	3.2256990307051554
66.1	4.1	3.302218527914112
66.1	6.1	3.3779593828855057
66.1	8.1	3.4528592368309123
66.1	10.1	3.5268446530943884
66.1	12.1	3.5998280182495552
66.1	14.1	3.6717033166283737
66.1	16.1	3.742340214910407
66.1	18.1	3.81157553732691
66.1	20.1	3.8792005684037862
66.1	22.1	3.944941397322972
66.1	24.1	4.008427052023238
66.1	26.1	4.06913482590156
66.1	28.1	4.126289531865505
66.1	30.1	4.17865980347112
66.1	32.1	4.224091220153011
66.1	34.1	4.258229771717722
66.1	36.1	4.270082715486825
66.1	38.1	4.253893428171869
66.1	40.1	4.210467793892073
66.1	42.1	4.122844407407231
66.1	44.1	3.9904911708428097
66.1	46.1	3.8142962101393505
66.1	48.1	3.454466747221758
66.1	50.1	3.0644587514961996
66.1	52.1	2.7523487779783506
66.1	54.1	2.507619724414341
66.1	56.1	2.3024058364052475
66.1	58.1	2.1441265382150334
66.1	60.1	2.0063934740363676
66.1	62.1	1.885517185348696
66.1	64.1	1.7844337878381225
66.1	66.1	1.6939333006915025
66.1	68.1	1.6174671580787414
66.1	70.1	1.547962290433661
66.1	72.1	1.4844777674846306
66.1	74.1	1.430412633831438
66.1	76.1	1.380476004117796
66.1	78.1	1.3342068958857514
66.1	80.1	1.2947123043579025
66.1	82.1	1.2544704792310346
66.1	84.1	1.2200703672953233
66.1	86.1	1.1877573730106419
66.1	88.1	1.1602963888805615
66.1	90.1	1.1315391888975768
66.1	92.1	1.1070704430959462
66.1	94.1	1.0812489422745788
66.1	96.1	1.0593284121274038
66.1	98.1	1.0384711546893983
66.1	100.1	1.018597291057691
66.1	102.1	0.9996257153115083
66.1	104.1	0.9838348332720271
66.1	106.1	0.9664564344146637
66.1	108.1	0.9519998284020639
66.1	110.1	0.9359851990875976
66.1	112.1	0.9227226567606496
66.1	114.1	0.9099554212943565
66.1	116.1	0.8976630005503567
66.1	118.1	0.8858233397003675
68.1	0.1	3.234596410771301
68.1	2.1	3.3114401051507985
68.1	4.1	3.387543596726538
68.1	6.1	3.462850505141731
68.1	8.1	3.5372950301106387
68.1	10.1	3.610799418736156
68.1	12.1	3.6832705721300867
68.1	14.1	3.754595384067698
68.1	16.1	3.8246341643799258
68.1	18.1	3.89321107939778
68.1	20.1	3.9600997724104747
68.1	22.1	4.025000843633352
68.1	24.1	4.0875048240545855
68.1	26.1	4.147027532198393
68.1	28.1	4.202688278896423
68.1	30.1	4.253056274725509
68.1	32.1	4.295545534520888
68.1	34.1	4.324664987638266
68.1	36.1	4.325637908739221
68.1	38.1	4.3068490957240355
68.1	40.1	4.249838538520694
68.1	42.1	4.15107280983818
68.1	44.1	4.010668469408994
68.1	46.1	3.8208921477663
68.1	48.1	3.418935487446371
68.1	50.1	3.02661541448386
68.1	52.1	2.7253278588379266
68.1	54.1	2.4879566092904026
68.1	56.1	2.297225961187617
68.1	58.1	2.14151465668884
68.1	60.1	2.00568790254776
68.1	62.1	1.886192792185506
68.1	64.1	1.7861194555208346
68.1	66.1	1.696340335685025
68.1	68.1	1.6204410276040684
68.1	70.1	1.551331662649188
68.1	72.1	1.4925549455251905
68.1	74.1	1.4342725797409048
68.1	76.1	1.3844846676687443
68.1	78.1	1.34204101088264
68.1	80.1	1.298922559836662
68.1	82.1	1.2620725963609092
68.1	84.1	1.2275272608742327
68.1	86.1	1.1950792684499487
68.1	88.1	1.1645207486957596
68.1	90.1	1.1385585425059832
68.1	92.1	1.1112110200781131
68.1	94.1	1.087997468315836
68.1	96.1	1.0659331871149944
68.1	98.1	1.0449389235788265
68.1	100.1	1.02493273839563
68.1	102.1	1.005831768643817
68.1	104.1	0.9899079051068538
68.1	106.1	0.9724067443129094
68.1	108.1	0.9578300743253373
68.1	110.1	0.941694241426021
68.1	112.1	0.9283193034754306
68.1	114.1	0.9154440323881367
68.1	116.1	0.9030469201286273
68.1	118.1	0.891104965788555
70.1	0.1	3.3205166833426727
70.1	2.1	3.3969583453155745
70.1	4.1	3.472643645150611
70.1	6.1	3.547513251431031
70.1	8.1	3.6214976880700944
70.1	10.1	3.694514575386427
70.1	12.1	3.7664649066710503
70.1	14.1	3.8372278956546557
70.1	16.1	3.9066536491636388
70.1	18.1	3.974552421503287
70.1	20.1	4.040678284266412
70.1	22.1	4.104703238075483
70.1	24.1	4.16617401324073
70.1	26.1	4.22443524047386
70.1	28.1	4.278481210006865
70.1	30.1	4.326637281285017
70.1	32.1	4.365765741562569
70.1	34.1	4.38882937156977
70.1	36.1	4.378543749160019
70.1	38.1	4.3566141965541085
70.1	40.1	4.289141156000861
70.1	42.1	4.179026149591215
70.1	44.1	4.028675337208527
70.1	46.1	3.823517049634461
70.1	48.1	3.36739027037926
70.1	50.1	3.0052921478689942
70.1	52.1	2.711776194336683
70.1	54.1	2.479522565569119
70.1	56.1	2.2922749088522076
70.1	58.1	2.130941984161661
70.1	60.1	1.9977769356879018
70.1	62.1	1.8868491702933885
70.1	64.1	1.7877447694588564
70.1	66.1	1.6986589178844798
70.1	68.1	1.623300966356948
70.1	70.1	1.5545694980739417
70.1	72.1	1.496138236854057
70.1	74.1	1.4422229941594784
70.1	76.1	1.3923556135509942
70.1	78.1	1.3460759119970538
70.1	80.1	1.3065505472050407
70.1	82.1	1.2661644477059788
70.1	84.1	1.2316384872609163
70.1	86.1	1.1991613296587817
70.1	88.1	1.1716163347432873
70.1	90.1	1.1426245899927656
70.1	92.1	1.1180279508776612
70.1	94.1	1.0946668358449918
70.1	96.1	1.072463487741178
70.1	98.1	1.0513364057326315
70.1	100.1	1.03120160170438
70.1	102.1	1.0119744917177773
70.1	104.1	0.9935721391535598
70.1	106.1	0.9782991755610756
70.1	108.1	0.9613601260358725
70.1	110.1	0.9473496288631941
70.1	112.1	0.9338640374439575
70.1	114.1	0.9208822162142821
70.1	116.1	0.9083816678094777
70.1	118.1	0.8963384821046319
72.1	0.1	3.406218285897959
72.1	2.1	3.482256217565821
72.1	4.1	3.5575206042324576
72.1	6.1	3.6319489673157404
72.1	8.1	3.7054679002192996
72.1	10.1	3.7779900565783495
72.1	12.1	3.8494100565818803
72.1	14.1	3.9195987800300216
72.1	16.1	3.988395184719918
72.1	18.1	4.055594197609217
72.1	20.1	4.120928115202251
72.1	22.1	4.184036738328129
72.1	24.1	4.244416750197053
72.1	26.1	4.301329896312347
72.1	28.1	4.353621240334268
72.1	30.1	4.399314962102831
72.1	32.1	4.434557987182134
72.1	34.1	4.4501817724541395
72.1	36.1	4.435715635031817
72.1	38.1	4.402656089408396
72.1	40.1	4.325042613398035
72.1	42.1	4.2044246836069314
72.1	44.1	4.043946455537253
72.1	46.1	3.7995428635161446
72.1	48.1	3.336419836275125
72.1	50.1	2.970731095516891
72.1	52.1	2.6988508596780405
72.1	54.1	2.471462563908011
72.1	56.1	2.287539254294042
72.1	58.1	2.128629800038405
72.1	60.1	1.9971689806716268
72.1	62.1	1.8874871299731508
72.1	64.1	1.7893128160323695
72.1	66.1	1.7064505087368325
72.1	68.1	1.6260533177647662
72.1	70.1	1.5625159079294277
72.1	72.1	1.4995770530559254
72.1	74.1	1.4458898358144652
72.1	76.1	1.396159378265731
72.1	78.1	1.3499353091578763
72.1	80.1	1.3105340447224452
72.1	82.1	1.2736057420190101
72.1	84.1	1.2389434889122208
72.1	86.1	1.2063380387401683
72.1	88.1	1.1755826576679824
72.1	90.1	1.1495115232543007
72.1	92.1	1.1247620649355567
72.1	94.1	1.0985266188621123
72.1	96.1	1.076285568944276
72.1	98.1	1.0550937519335704
72.1	100.1	1.0374050423424033
72.1	102.1	1.0180549623595463
72.1	104.1	0.9995304152682052
72.1	106.1	0.9841346571615409
72.1	108.1	0.9670764889479188
72.1	110.1	0.9529521675642256
72.1	112.1	0.9393576107613186
72.1	114.1	0.9262706795642063
72.1	116.1	0.9136679150656339
72.1	118.1	0.899470208942671
74.1	0.1	3.4917038231556226
74.1	2.1	3.567335836052824
74.1	4.1	3.6421760564115613
74.1	6.1	3.716158646660861
74.1	8.1	3.7892059924287156
74.1	10.1	3.8612254081837514
74.1	12.1	3.932104627747153
74.1	14.1	4.001705470450441
74.1	16.1	4.069854685152514
74.1	18.1	4.1363302700136755
74.1	20.1	4.200840223246114
74.1	22.1	4.26298796179444
74.1	24.1	4.322212726298322
74.1	26.1	4.377679193271688
74.1	28.1	4.428052907069583
74.1	30.1	4.470981983901532
74.1	32.1	4.50167187049115
74.1	34.1	4.508004254677282
74.1	36.1	4.490561744296297
74.1	38.1	4.44447649274425
74.1	40.1	4.357344065590259
74.1	42.1	4.2271976017747726
74.1	44.1	4.0561926072387395
74.1	46.1	3.7542528173817393
74.1	48.1	3.2900575924857387
74.1	50.1	2.951928377924666
74.1	52.1	2.674650833765284
74.1	54.1	2.463754104236124
74.1	56.1	2.2830065587426076
74.1	58.1	2.126418745754259
74.1	60.1	1.9965935311290963
74.1	62.1	1.8881074365755919
74.1	64.1	1.7908264788465924
74.1	66.1	1.708658644430368
74.1	68.1	1.633895934847514
74.1	70.1	1.565596637043455
74.1	72.1	1.5028802406010666
74.1	74.1	1.4494067290068098
74.1	76.1	1.399804008995474
74.1	78.1	1.3575526832467586
74.1	80.1	1.3143398110437108
74.1	82.1	1.2774713702534155
74.1	84.1	1.2428203046394348
74.1	86.1	1.2134145553100582
74.1	88.1	1.182542321305225
74.1	90.1	1.1533214154096194
74.1	92.1	1.128588024729284
74.1	94.1	1.1050733993004684
74.1	96.1	1.0826964617414798
74.1	98.1	1.0613740111995342
74.1	100.1	1.0410221119581644
74.1	102.1	1.024074229736519
74.1	104.1	1.0054301943809394
74.1	106.1	0.9899140942538865
74.1	108.1	0.9727388967162239
74.1	110.1	0.9585026446578391
74.1	112.1	0.9448007588352622
74.1	114.1	0.9316101147103104
74.1	116.1	0.9167912555868188
74.1	118.1	0.9045890300816902
76.1	0.1	3.5769755611997733
76.1	2.1	3.6521989816789158
76.1	4.1	3.7266112508948166
76.1	6.1	3.800142943064535
76.1	8.1	3.8727119338001357
76.1	10.1	3.9442197896673887
76.1	12.1	4.014546791061428
76.1	14.1	4.083544888094772
76.1	16.1	4.1510274304801875
76.1	18.1	4.216753670408752
76.1	20.1	4.280404408212817
76.1	22.1	4.341541792812122
76.1	24.1	4.399538817072332
76.1	26.1	4.453445763518836
76.1	28.1	4.501710375497735
76.1	30.1	4.541505613748914
76.1	32.1	4.5667789787873065
76.1	34.1	4.56142748746793
76.1	36.1	4.542710062441434
76.1	38.1	4.483888494211278
76.1	40.1	4.386092757070706
76.1	42.1	4.2477877210513455
76.1	44.1	4.065137103607948
76.1	46.1	3.690955798555809
76.1	48.1	3.2628936564238717
76.1	50.1	2.920205207489694
76.1	52.1	2.6631741431501417
76.1	54.1	2.44624506372358
76.1	56.1	2.2697307544995367
76.1	58.1	2.1243031532739844
76.1	60.1	1.9960486375012145
76.1	62.1	1.8887108135794992
76.1	64.1	1.7922884548865288
76.1	66.1	1.7107852399707504
76.1	68.1	1.6365155885917648
76.1	70.1	1.5685580403744377
76.1	72.1	1.5106682019074362
76.1	74.1	1.457119766288182
76.1	76.1	1.4074496173430566
76.1	78.1	1.3612100862154455
76.1	80.1	1.3217651978408502
76.1	82.1	1.2847582402663917
76.1	84.1	1.2499788450566707
76.1	86.1	1.2172169766703818
76.1	88.1	1.1894108869230382
76.1	90.1	1.1600792801748303
76.1	92.1	1.1351985726272986
76.1	94.1	1.1115455401422871
76.1	96.1	1.0890369856362239
76.1	98.1	1.0675877148497237
76.1	100.1	1.0471120541914047
76.1	102.1	1.027525759998725
76.1	104.1	1.0112724264185673
76.1	106.1	0.9932562102054933
76.1	108.1	0.9783481743766123
76.1	110.1	0.9640018289295759
76.1	112.1	0.9501942009792091
76.1	114.1	0.934716504677762
76.1	116.1	0.9219653770781675
76.1	118.1	0.9096619836923614
78.1	0.1	3.6620354466670872
78.1	2.1	3.73684711811408
78.1	4.1	3.8108271162398584
78.1	6.1	3.8839021785665637
78.1	8.1	3.9559853407553263
78.1	10.1	4.026971972303255
78.1	12.1	4.09673427265429
78.1	14.1	4.165113420641
78.1	16.1	4.231908027041201
78.1	18.1	4.296856529918169
78.1	20.1	4.35960918715439
78.1	22.1	4.419681151537424
78.1	24.1	4.476368621422268
78.1	26.1	4.528586156700253
78.1	28.1	4.574514813110751
78.1	30.1	4.61071949043115
78.1	32.1	4.62944376935872
78.1	34.1	4.6165497767333505
78.1	36.1	4.591720385309922
78.1	38.1	4.523138040209536
78.1	40.1	4.414047217844392
78.1	42.1	4.266754520497906
78.1	44.1	4.070503385352635
78.1	46.1	3.6314495038110075
78.1	48.1	3.220924294673521
78.1	50.1	2.903553349255276
78.1	52.1	2.652197153455733
78.1	54.1	2.4393774218642643
78.1	56.1	2.2656963970750974
78.1	58.1	2.1222777447817625
78.1	60.1	1.995532487507881
78.1	62.1	1.8892979454198329
78.1	64.1	1.7937012691675807
78.1	66.1	1.7128345826022506
78.1	68.1	1.6390368794372168
78.1	70.1	1.5714069407334232
78.1	72.1	1.5138082983348724
78.1	74.1	1.4604604839919266
78.1	76.1	1.4109077299129338
78.1	78.1	1.3686567336955666
78.1	80.1	1.3253666667059438
78.1	82.1	1.2884101337925238
78.1	84.1	1.2536349072570656
78.1	86.1	1.2241575643853695
78.1	88.1	1.1930956126062033
78.1	90.1	1.166754060233527
78.1	92.1	1.1387746664722598
78.1	94.1	1.1151005635522926
78.1	96.1	1.0925456329920697
78.1	98.1	1.0737360024160807
78.1	100.1	1.053139880260566
78.1	102.1	1.0334343963700907
78.1	104.1	1.0170580369899456
78.1	106.1	0.9989265535444074
78.1	108.1	0.9839051270910941
78.1	110.1	0.9694504714822467
78.1	112.1	0.9532753866203415
78.1	114.1	0.9399462627438261
78.1	116.1	0.9270931651482816
78.1	118.1	0.9146896821289835
80.1	0.1	3.7468851231317846
80.1	2.1	3.821281405175708
80.1	4.1	3.8948242704012332
80.1	6.1	3.967436349825081
80.1	8.1	4.039025478458471
80.1	10.1	4.10948033437224
80.1	12.1	4.178664340381645
80.1	14.1	4.2464068957512024
80.1	16.1	4.3124903602293525
80.1	18.1	4.3766299964125075
80.1	20.1	4.438441646575686
80.1	22.1	4.497386715856774
80.1	24.1	4.552671894151985
80.1	26.1	4.603049539265427
80.1	28.1	4.646370888246305
80.1	30.1	4.678412104575346
80.1	32.1	4.689089883103778
80.1	34.1	4.672930398684941
80.1	36.1	4.637109950144399
80.1	38.1	4.559167848121507
80.1	40.1	4.440093361717759
80.1	42.1	4.283232884528678
80.1	44.1	4.072247016268152
80.1	46.1	3.575407550004902
80.1	48.1	3.181000534290077
80.1	50.1	2.874302101493666
80.1	52.1	2.630334745598805
80.1	54.1	2.43279457457455
80.1	56.1	2.2618278574569435
80.1	58.1	2.1203376007605366
80.1	60.1	1.99504339493737
80.1	62.1	1.889869480089458
80.1	64.1	1.7950672880415157
80.1	66.1	1.7148106694429437
80.1	68.1	1.6414651393288748
80.1	70.1	1.5790606229531015
80.1	72.1	1.5168260411203696
80.1	74.1	1.4636669874565247
80.1	76.1	1.4183749024790295
80.1	78.1	1.3721225461547704
80.1	80.1	1.332634489108011
80.1	82.1	1.2955486091158501
80.1	84.1	1.2606521738171934
80.1	86.1	1.2277353689002048
80.1	88.1	1.1998361463476352
80.1	90.1	1.1702834816523093
80.1	92.1	1.145264503860612
80.1	94.1	1.1214557172948476
80.1	96.1	1.0987718606045578
80.1	98.1	1.0771271900725123
80.1	100.1	1.059106626244695
80.1	102.1	1.0392847878126192
80.1	104.1	1.0202718371876354
80.1	106.1	1.004543378037664
80.1	108.1	0.9894105408522278
80.1	110.1	0.9724986226623683
80.1	112.1	0.9585613902851945
80.1	114.1	0.9451291237689653
80.1	116.1	0.9321752456940231
80.1	118.1	0.9196727266510135
82.1	0.1	3.83152594499503
82.1	2.1	3.905502709827403
82.1	4.1	3.9786030284417584
82.1	6.1	4.050745131903549
82.1	8.1	4.121831259640346
82.1	10.1	4.191742853306308
82.1	12.1	4.260333786388493
82.1	14.1	4.327420548992591
82.1	16.1	4.392767538560945
82.1	18.1	4.456064136998153
82.1	20.1	4.516887266780819
82.1	22.1	4.5746365852296345
82.1	24.1	4.628413841918696
82.1	26.1	4.676776020548051
82.1	28.1	4.717162042912429
82.1	30.1	4.744310689119296
82.1	32.1	4.744985240716106
82.1	34.1	4.726994154114305
82.1	36.1	4.678451943660744
82.1	38.1	4.591791210392963
82.1	40.1	4.463631361606852
82.1	42.1	4.296999095387019
82.1	44.1	4.045993368856633
82.1	46.1	3.5417472824880085
82.1	48.1	3.1587555910004834
82.1	50.1	2.859498477817801
82.1	52.1	2.6205441947874193
82.1	54.1	2.416592270580628
82.1	56.1	2.2581161609162455
82.1	58.1	2.1184781311004452
82.1	60.1	1.9945797894797321
82.1	62.1	1.8904260315353245
82.1	64.1	1.7963887312983664
82.1	66.1	1.7167172313124568
82.1	68.1	1.6438053236863803
82.1	70.1	1.5817703467064672
82.1	72.1	1.5243763568842612
82.1	74.1	1.4711565679117158
82.1	76.1	1.4216560374877456
82.1	78.1	1.375442093042089
82.1	80.1	1.3360423388983755
82.1	82.1	1.2989984168384106
82.1	84.1	1.2641001396274427
82.1	86.1	1.2345442691551916
82.1	88.1	1.2032958339063686
82.1	90.1	1.1768360793856643
82.1	92.1	1.1516794933821737
82.1	94.1	1.1277403643674577
82.1	96.1	1.1049314939266524
82.1	98.1	1.083165394625582
82.1	100.1	1.0623559083743432
82.1	102.1	1.0450778763216768
82.1	104.1	1.025950991612312
82.1	106.1	1.0101075060029232
82.1	108.1	0.9948651831571982
82.1	110.1	0.9778417759227389
82.1	112.1	0.963799822253426
82.1	114.1	0.9502657318283249
82.1	116.1	0.9372122327196828
82.1	118.1	0.9246117077045769
84.1	0.1	3.9159589891319846
84.1	2.1	3.9895116150047625
84.1	4.1	4.062163408067197
84.1	6.1	4.133827879767455
84.1	8.1	4.204401240847047
84.1	10.1	4.273757094690346
84.1	12.1	4.341738905472575
84.1	14.1	4.408148985597893
84.1	16.1	4.472731827836306
84.1	18.1	4.5351478230734354
84.1	20.1	4.594929712514925
84.1	22.1	4.651405872119231
84.1	24.1	4.703554242617046
84.1	26.1	4.749694474788093
84.1	28.1	4.786744036760163
84.1	30.1	4.808059239588361
84.1	32.1	4.7966116987905165
84.1	34.1	4.778386516236013
84.1	36.1	4.717932946044918
84.1	38.1	4.621018613292496
84.1	40.1	4.484711934748011
84.1	42.1	4.307852769980157
84.1	44.1	3.973880565131457
84.1	46.1	3.4913634316025974
84.1	48.1	3.122309904753074
84.1	50.1	2.8324149179959157
84.1	52.1	2.6000091041919604
84.1	54.1	2.410712895820808
84.1	56.1	2.2545529388501113
84.1	58.1	2.1166950489088427
84.1	60.1	1.9941402074949592
84.1	62.1	1.890968181867829
84.1	64.1	1.7976676831884433
84.1	66.1	1.7185577542820847
84.1	68.1	1.6460620438386788
84.1	70.1	1.5843777460310755
84.1	72.1	1.5272448671920826
84.1	74.1	1.474201954533643
84.1	76.1	1.4248025739592107
84.1	78.1	1.3826902389279974
84.1	80.1	1.3431591994429504
84.1	82.1	1.3059941862961744
84.1	84.1	1.270981085831635
84.1	86.1	1.2379111714465407
84.1	88.1	1.2099119259247124
84.1	90.1	1.1833103705200299
84.1	92.1	1.1549816775123671
84.1	94.1	1.1310129608417672
84.1	96.1	1.1110256442781725
84.1	98.1	1.0891415385206737
84.1	100.1	1.0682157816085947
84.1	102.1	1.0508145801686086
84.1	104.1	1.0315761366827274
84.1	106.1	1.0156197399725841
84.1	108.1	0.9978198610724239
84.1	110.1	0.9831365613019873
84.1	112.1	0.9689913488889258
84.1	114.1	0.95535671812935
84.1	116.1	0.9422047286732228
84.1	118.1	0.9295072051924993
86.1	0.1	4.000185064504911
86.1	2.1	4.073308426435058
86.1	4.1	4.145505133103614
86.1	6.1	4.216683627551111
86.1	8.1	4.286733616092627
86.1	10.1	4.35552019797708
86.1	12.1	4.422875468894799
86.1	14.1	4.488586135323518
86.1	16.1	4.552374573874249
86.1	18.1	4.613868594716749
86.1	20.1	4.672550582513951
86.1	22.1	4.727666202325792
86.1	24.1	4.77804633413116
86.1	26.1	4.821719674871299
86.1	28.1	4.854936052958239
86.1	30.1	4.869191104331504
86.1	32.1	4.854260745735419
86.1	34.1	4.826696870405196
86.1	36.1	4.757134618298174
86.1	38.1	4.648946891951731
86.1	40.1	4.504441749031045
86.1	42.1	4.315540769764966
86.1	44.1	3.906272461599295
86.1	46.1	3.4436714670741497
86.1	48.1	3.1025524758078307
86.1	50.1	2.819209565251059
86.1	52.1	2.5912570070894776
86.1	54.1	2.4050662644713094
86.1	56.1	2.2425029073784386
86.1	58.1	2.1071858338184493
86.1	60.1	1.9937232836193406
86.1	62.1	1.8914964834001375
86.1	64.1	1.8049683041742695
86.1	66.1	1.7203354991919517
86.1	68.1	1.653543468421911
86.1	70.1	1.5868884829219523
86.1	72.1	1.5300027976073116
86.1	74.1	1.4771269356518046
86.1	76.1	1.4320664461706751
86.1	78.1	1.3858355340906225
86.1	80.1	1.3463834377696735
86.1	82.1	1.309252784629091
86.1	84.1	1.2742327033842409
86.1	86.1	1.244592505052828
86.1	88.1	1.2131611458607732
86.1	90.1	1.1865775857251808
86.1	92.1	1.1612818692903202
86.1	94.1	1.137185952716122
86.1	96.1	1.1142016140638804
86.1	98.1	1.0922417127956199
86.1	100.1	1.0740175743152394
86.1	102.1	1.0538530904452035
86.1	104.1	1.0371481100322415
86.1	106.1	1.0210808633657966
86.1	108.1	1.00317208531047
86.1	110.1	0.988383670806491
86.1	112.1	0.9741366226069512
86.1	114.1	0.9604027014054346
86.1	116.1	0.9471533247672999
86.1	118.1	0.9343597887336167
88.1	0.1	4.084204719912605
88.1	2.1	4.156893177582088
88.1	4.1	4.228627635002087
88.1	6.1	4.299311085618375
88.1	8.1	4.3688262078517734
88.1	10.1	4.437028858711346
88.1	12.1	4.50373869318837
88.1	14.1	4.568725199493062
88.1	16.1	4.631686111948977
88.1	18.1	4.692212500377639
88.1	20.1	4.749729108553292
88.1	22.1	4.803385099677629
88.1	24.1	4.851835398669206
88.1	26.1	4.892748476897848
88.1	28.1	4.921508421980359
88.1	30.1	4.927104980845041
88.1	32.1	4.909890621321529
88.1	34.1	4.871489024797515
88.1	36.1	4.79327969533297
88.1	38.1	4.675578481657956
88.1	40.1	4.521959996800936
88.1	42.1	4.319891241249054
88.1	44.1	3.842760401807116
88.1	46.1	3.4161013685384742
88.1	48.1	3.069118001389854
88.1	50.1	2.7940385824057934
88.1	52.1	2.5828528654159033
88.1	54.1	2.399640004265895
88.1	56.1	2.2393259348519137
88.1	58.1	2.105613260409821
88.1	60.1	1.9933277431245358
88.1	62.1	1.8920114605325755
88.1	64.1	1.806179347428057
88.1	66.1	1.727701785564571
88.1	68.1	1.6556881155519734
88.1	70.1	1.5893078063589996
88.1	72.1	1.5326565233387806
88.1	74.1	1.4844057619067175
88.1	76.1	1.435051295356288
88.1	78.1	1.392929558800713
88.1	80.1	1.3533555167987739
88.1	82.1	1.3161112216469748
88.1	84.1	1.2809820586937901
88.1	86.1	1.247761129097968
88.1	88.1	1.2196563429398373
88.1	90.1	1.1929360700733174
88.1	92.1	1.1675113412013198
88.1	94.1	1.1432922298005435
88.1	96.1	1.1201887705243354
88.1	98.1	1.0981123196304725
88.1	100.1	1.0797622164385516
88.1	102.1	1.059487299945592
88.1	104.1	1.042667729084601
88.1	106.1	1.023940712540903
88.1	108.1	1.0084757366475066
88.1	110.1	0.9935837813772506
88.1	112.1	0.9792362823216806
88.1	114.1	0.9654042882912216
88.1	116.1	0.9520586012860587
88.1	118.1	0.9391700179120598
90.1	0.1	4.168018250013584
90.1	2.1	4.240265632816136
90.1	4.1	4.311530052423695
90.1	6.1	4.38170863540605
90.1	8.1	4.45067645528445
90.1	10.1	4.51827930699562
90.1	12.1	4.584323203410649
90.1	14.1	4.648558589109424
90.1	16.1	4.710655660627984
90.1	18.1	4.77016390683155
90.1	20.1	4.826441791929508
90.1	22.1	4.878525222557391
90.1	24.1	4.924856941050698
90.1	26.1	4.9626546863356245
90.1	28.1	4.986165912608563
90.1	30.1	4.9810843454974645
90.1	32.1	4.963215847190597
90.1	34.1	4.912399376436414
90.1	36.1	4.826193292427301
90.1	38.1	4.699819682235271
90.1	40.1	4.537001620143097
90.1	42.1	4.320853194704139
90.1	44.1	3.782983659573479
90.1	46.1	3.3728262692822604
90.1	48.1	3.051498041967182
90.1	50.1	2.782223337161036
90.1	52.1	2.5640817126792554
90.1	54.1	2.384949502771696
90.1	56.1	2.2362716016432156
90.1	58.1	2.1041040827864363
90.1	60.1	1.9929523949535486
90.1	62.1	1.8925136114956473
90.1	64.1	1.8073505599963666
90.1	66.1	1.7293892826834254
90.1	68.1	1.657756208602013
90.1	70.1	1.5966578558536104
90.1	72.1	1.5399519779472002
90.1	74.1	1.4871830614227648
90.1	76.1	1.4379161645641283
90.1	78.1	1.3959093020821467
90.1	80.1	1.356405529850063
90.1	82.1	1.3191887753909142
90.1	84.1	1.2876409553224433
90.1	86.1	1.2543188899597129
90.1	88.1	1.2260728590031185
90.1	90.1	1.1959968275476074
90.1	92.1	1.1705581266421954
90.1	94.1	1.14630268272631
90.1	96.1	1.1261138305181486
90.1	98.1	1.1039239781137287
90.1	100.1	1.0826764234915467
90.1	102.1	1.065067762153408
90.1	104.1	1.0481357917141814
90.1	106.1	1.0293021743899182
90.1	108.1	1.013731518998072
90.1	110.1	0.9987375553833603
90.1	112.1	0.9842909538732687
90.1	114.1	0.9703620736806583
90.1	116.1	0.9569211278786058
90.1	118.1	0.9439384425171453
92.1	0.1	4.25162569973179
92.1	2.1	4.323425288880744
92.1	4.1	4.394211228928097
92.1	6.1	4.463874322003909
92.1	8.1	4.532281399537898
92.1	10.1	4.599267281856955
92.1	12.1	4.664622990155945
92.1	14.1	4.728077852671922
92.1	16.1	4.7892711971726
92.1	18.1	4.8477052730625205
92.1	20.1	4.902661961788896
92.1	22.1	4.953043408784348
92.1	24.1	4.997034319846155
92.1	26.1	5.031282090103654
92.1	28.1	5.0485261844196
92.1	30.1	5.03477284693173
92.1	32.1	5.013899540824141
92.1	34.1	4.951972665980402
92.1	36.1	4.85586049477669
92.1	38.1	4.721682411824463
92.1	40.1	4.549411059996313
92.1	42.1	4.267005160715446
92.1	44.1	3.7470248179583403
92.1	46.1	3.3316873543675816
92.1	48.1	3.0206890763046457
92.1	50.1	2.7708763257644486
92.1	52.1	2.5565439734522086
92.1	54.1	2.3800883866681457
92.1	56.1	2.233333734446158
92.1	58.1	2.1026550959250643
92.1	60.1	1.9925961253662572
92.1	62.1	1.8930034099639321
92.1	64.1	1.8084837954850614
92.1	66.1	1.7310187277883626
92.1	68.1	1.6597516623599395
92.1	70.1	1.5989565532174204
92.1	72.1	1.5424729235642574
92.1	74.1	1.4898521153405797
92.1	76.1	1.4449864361251958
92.1	78.1	1.4028558429240983
92.1	80.1	1.3632386227285354
92.1	82.1	1.3259149609850878
92.1	84.1	1.2906705278246218
92.1	86.1	1.26079411680727
92.1	88.1	1.2290861824130404
92.1	90.1	1.2022425045663874
92.1	92.1	1.1766783440171467
92.1	94.1	1.152302368903869
92.1	96.1	1.1290244437166228
92.1	98.1	1.1096776249269973
92.1	100.1	1.0883204149874577
92.1	102.1	1.070595306906806
92.1	104.1	1.0508993501682518
92.1	106.1	1.034614766990131
92.1	108.1	1.0189401206484971
92.1	110.1	1.0038456410938936
92.1	112.1	0.9893012504355093
92.1	114.1	0.97527664106884
92.1	116.1	0.9617414638400164
92.1	118.1	0.9486656027744541
94.1	0.1	4.335026867128143
94.1	2.1	4.406371374702254
94.1	4.1	4.476669708760493
94.1	6.1	4.545805844390023
94.1	8.1	4.61363766592123
94.1	10.1	4.679988001094064
94.1	12.1	4.744631359498714
94.1	14.1	4.80727359203346
94.1	16.1	4.867519310988681
94.1	18.1	4.924816880061447
94.1	20.1	4.978359235012513
94.1	22.1	5.0268894702081015
94.1	24.1	5.068275634408958
94.1	26.1	5.098434964279129
94.1	28.1	5.108096581217869
94.1	30.1	5.091704433429994
94.1	32.1	5.061559757157392
94.1	34.1	4.991130934590798
94.1	36.1	4.883742388361284
94.1	38.1	4.741800299392435
94.1	40.1	4.559014868518877
94.1	42.1	4.191306311242013
94.1	44.1	3.693217756915238
94.1	46.1	3.308847204899453
94.1	48.1	2.9911498920334094
94.1	50.1	2.7481495289247455
94.1	52.1	2.5492916867198994
94.1	54.1	2.3754092190923126
94.1	56.1	2.222086503311908
94.1	58.1	2.1012632923702315
94.1	60.1	1.9922578921346055
94.1	62.1	1.8934813065518779
94.1	64.1	1.8095807972006932
94.1	66.1	1.732592941966234
94.1	68.1	1.661678131820033
94.1	70.1	1.6011718565508761
94.1	72.1	1.5448994314355744
94.1	74.1	1.4969318156559923
94.1	76.1	1.4477032238565697
94.1	78.1	1.4056782056412624
94.1	80.1	1.3661232205024538
94.1	82.1	1.3288209786953404
94.1	84.1	1.2972061540120172
94.1	86.1	1.2637389327036788
94.1	88.1	1.2353884757970517
94.1	90.1	1.2084171525399259
94.1	92.1	1.1827316276813225
94.1	94.1	1.1582388293152515
94.1	96.1	1.134847076272804
94.1	98.1	1.112467485435616
94.1	100.1	1.0939099852267158
94.1	102.1	1.0733055439530745
94.1	104.1	1.0562702068323475
94.1	106.1	1.0398792060612976
94.1	108.1	1.0241022147641996
94.1	110.1	1.0089086731292263
94.1	112.1	0.9942677729051613
94.1	114.1	0.9801485628786152
94.1	116.1	0.9665201583806442
94.1	118.1	0.9533520295686289
96.1	0.1	4.418221304798432
96.1	2.1	4.489102849563863
96.1	4.1	4.558903730703659
96.1	6.1	4.627500543203115
96.1	8.1	4.694741442692451
96.1	10.1	4.760436126089247
96.1	12.1	4.824340874858867
96.1	14.1	4.886135364261942
96.1	16.1	4.945385030761628
96.1	18.1	5.0014765063418505
96.1	20.1	5.053498851028984
96.1	22.1	5.100004657242684
96.1	24.1	5.1384695927806145
96.1	26.1	5.163865238463944
96.1	28.1	5.164266048416761
96.1	30.1	5.146621292583609
96.1	32.1	5.105803531016517
96.1	34.1	5.027380087581841
96.1	36.1	4.910904130914743
96.1	38.1	4.760231569913782
96.1	40.1	4.565587475688777
96.1	42.1	4.120302609406676
96.1	44.1	3.642317486962199
96.1	46.1	3.2712232303579256
96.1	48.1	2.9764128419720404
96.1	50.1	2.7379545922059565
96.1	52.1	2.5320281782485563
96.1	54.1	2.3616678934205297
96.1	56.1	2.219468083307993
96.1	58.1	2.099925847816709
96.1	60.1	1.9919367192340656
96.1	62.1	1.8939477302014773
96.1	64.1	1.8106432060878819
96.1	66.1	1.7341145705440038
96.1	68.1	1.6688565061188523
96.1	70.1	1.6033081622867214
96.1	72.1	1.547236747227479
96.1	74.1	1.4994652091379397
96.1	76.1	1.4546227150174702
96.1	78.1	1.4083841027001065
96.1	80.1	1.3688846503809693
96.1	82.1	1.3354197223452824
96.1	84.1	1.3000609685551172
96.1	86.1	1.2700978309746778
96.1	88.1	1.2382170309724867
96.1	90.1	1.2112464726122176
96.1	92.1	1.1855400337192845
96.1	94.1	1.164113052778319
96.1	96.1	1.1406107444239897
96.1	98.1	1.1181219532539761
96.1	100.1	1.0994459732704205
96.1	102.1	1.0787364396009742
96.1	104.1	1.061591804345809
96.1	106.1	1.045096191230507
96.1	108.1	1.0292184598760976
96.1	110.1	1.0113777567659703
96.1	112.1	0.9966928385424615
96.1	114.1	0.9849784007728504
96.1	116.1	0.9712577508844661
96.1	118.1	0.9579982446583759
98.1	0.1	4.501208319836961
98.1	2.1	4.571618399642793
98.1	4.1	4.640911219933398
98.1	6.1	4.708955385894205
98.1	8.1	4.775588456135515
98.1	10.1	4.8406057209599895
98.1	12.1	4.903743289566341
98.1	14.1	4.964651567010125
98.1	16.1	5.022851619822217
98.1	18.1	5.077659036103672
98.1	20.1	5.128040846318829
98.1	22.1	5.172319684029248
98.1	24.1	5.207479980236296
98.1	26.1	5.227255710212029
98.1	28.1	5.216372127018573
98.1	30.1	5.199248665412219
98.1	32.1	5.146323017098265
98.1	34.1	5.0605564895628605
98.1	36.1	4.935789595615721
98.1	38.1	4.776376798176202
98.1	40.1	4.569093626944462
98.1	42.1	4.053570280566166
98.1	44.1	3.5940951408381068
98.1	46.1	3.2353251360133823
98.1	48.1	2.9490310658817522
98.1	50.1	2.716657046646472
98.1	52.1	2.525505641373318
98.1	54.1	2.3574710215783568
98.1	56.1	2.216946503591586
98.1	58.1	2.0986401079098136
98.1	60.1	1.991631691983764
98.1	62.1	1.894403089470834
98.1	64.1	1.8116725680003347
98.1	66.1	1.7355860963555159
98.1	68.1	1.6706850816591252
98.1	70.1	1.610406847298074
98.1	72.1	1.5542921733974489
98.1	74.1	1.5019010990507324
98.1	76.1	1.45719862668845
98.1	78.1	1.4151561232702252
98.1	80.1	1.3755502284118817
98.1	82.1	1.3381631067434467
98.1	84.1	1.3064773926006148
98.1	86.1	1.2728671292160496
98.1	88.1	1.244408317942445
98.1	90.1	1.217314047403757
98.1	92.1	1.191489261890196
98.1	94.1	1.1668402801230264
98.1	96.1	1.1432759426625039
98.1	98.1	1.1237212283180444
98.1	100.1	1.1020541832908546
98.1	102.1	1.0841168365874765
98.1	104.1	1.0668648693757734
98.1	106.1	1.0502664065444154
98.1	108.1	1.0316732890290963
98.1	110.1	1.016347278499833
98.1	112.1	1.0015657311231707
98.1	114.1	0.9872973909894001
98.1	116.1	0.975954771157125
98.1	118.1	0.9626047608841217
100.1	0.1	4.583986972385683
100.1	2.1	4.653916432886367
100.1	4.1	4.722689777786201
100.1	6.1	4.7901669490566725
100.1	8.1	4.856173941533918
100.1	10.1	4.920490205295006
100.1	12.1	4.9828294686409915
100.1	14.1	5.04280930432325
100.1	16.1	5.099900332892535
100.1	18.1	5.153335983173663
100.1	20.1	5.201939021600258
100.1	22.1	5.243752163657335
100.1	24.1	5.275138219175775
100.1	26.1	5.2882002642362576
100.1	28.1	5.272658253310421
100.1	30.1	5.249267268896872
100.1	32.1	5.186008288115139
100.1	34.1	5.0906277395393715
100.1	36.1	4.958385241212492
100.1	38.1	4.790080305328293
100.1	40.1	4.569362755394086
100.1	42.1	3.990735063505837
100.1	44.1	3.5483452295712645
100.1	46.1	3.2162235548305382
100.1	48.1	2.9357788418069872
100.1	50.1	2.7074766805527326
100.1	52.1	2.5091295311743944
100.1	54.1	2.3534253317878937
100.1	56.1	2.2145171431222104
100.1	58.1	2.089876299104077
100.1	60.1	1.9913419525926994
100.1	62.1	1.8948477737317933
100.1	64.1	1.812670340369121
100.1	66.1	1.7370098518426649
100.1	68.1	1.6724502345741064
100.1	70.1	1.6124351202363745
100.1	72.1	1.5565108051120813
100.1	74.1	1.5087923490834292
100.1	76.1	1.4596722524325871
100.1	78.1	1.4177181725697752
100.1	80.1	1.3781612542555557
100.1	82.1	1.3446389653905702
100.1	84.1	1.3091669704273927
100.1	86.1	1.2791132198403805
100.1	88.1	1.250528148955519
100.1	90.1	1.223314352538496
100.1	92.1	1.1973750393070242
100.1	94.1	1.1726149445317686
100.1	96.1	1.1489415604451487
100.1	98.1	1.129266155088838
100.1	100.1	1.1074953438426303
100.1	102.1	1.0894474881948908
100.1	104.1	1.0720901121307824
100.1	106.1	1.0526998509253367
100.1	108.1	1.036697290939197
100.1	110.1	1.021273630393031
100.1	112.1	1.0063966764044037
100.1	114.1	0.9920346716760557
100.1	116.1	0.9806117396642848
100.1	118.1	0.9671720823687318
102.1	0.1	4.666556072769647
102.1	2.1	4.735995072179826
102.1	4.1	4.804236669316652
102.1	6.1	4.871131397685679
102.1	8.1	4.936492609564935
102.1	10.1	5.000082299564193
102.1	12.1	5.0615892979836525
102.1	14.1	5.120594229090447
102.1	16.1	5.176510125553918
102.1	18.1	5.228474908778476
102.1	20.1	5.275139638486808
102.1	22.1	5.3142032458508055
102.1	24.1	5.341233394205377
102.1	26.1	5.346188159381369
102.1	28.1	5.328905234941843
102.1	30.1	5.296322721886406
102.1	32.1	5.225127025256748
102.1	34.1	5.118448018408999
102.1	36.1	4.978877438190547
102.1	38.1	4.801282658046097
102.1	40.1	4.512714078903893
102.1	42.1	3.9528330500349047
102.1	44.1	3.5224761409870697
102.1	46.1	3.183169160620335
102.1	48.1	2.9103067660189867
102.1	50.1	2.6874631612021784
102.1	52.1	2.503256423164928
102.1	54.1	2.3495235986381773
102.1	56.1	2.212175653892332
102.1	58.1	2.088751424168002
102.1	60.1	1.9841542775056986
102.1	62.1	1.8952821542840412
102.1	64.1	1.8136378983250319
102.1	66.1	1.7383880301063086
102.1	68.1	1.6741550887928351
102.1	70.1	1.614391179544669
102.1	72.1	1.5586484070409408
102.1	74.1	1.511103363916312
102.1	76.1	1.4664156948735563
102.1	78.1	1.4243560786767937
102.1	80.1	1.384699453038085
102.1	82.1	1.3472280593141108
102.1	84.1	1.3154680871577378
102.1	86.1	1.281717048099226
102.1	88.1	1.2531468227512983
102.1	90.1	1.2259267782414673
102.1	92.1	1.1999607335835987
102.1	94.1	1.17833051288218
102.1	96.1	1.1545511162612352
102.1	98.1	1.1317707079260506
102.1	100.1	1.1128854125821663
102.1	102.1	1.0947291304451356
102.1	104.1	1.074495164935114
102.1	106.1	1.0577789200914438
102.1	108.1	1.0416773731765794
102.1	110.1	1.0261573991856985
102.1	112.1	1.011186232081253
102.1	114.1	0.9967316341837852
102.1	116.1	0.9827621245382961
102.1	118.1	0.9717007047116711
104.1	0.1	4.748914177200993
104.1	2.1	4.8178521467350155
104.1	4.1	4.885548808488112
104.1	6.1	4.951844461063561
104.1	8.1	5.0165386075421585
104.1	10.1	5.0793739621049525
104.1	12.1	5.140011578778664
104.1	14.1	5.1979903574292905
104.1	16.1	5.252657305423228
104.1	18.1	5.303038704389596
104.1	20.1	5.347579760040478
104.1	22.1	5.383553172991586
104.1	24.1	5.405499156531344
104.1	26.1	5.40061931612057
104.1	28.1	5.383144297940655
104.1	30.1	5.340061990209397
104.1	32.1	5.261470605259771
104.1	34.1	5.146091007233182
104.1	36.1	4.998121859694178
104.1	38.1	4.809759672302839
104.1	40.1	4.433226675091703
104.1	42.1	3.8961447216473615
104.1	44.1	3.480702112891176
104.1	46.1	3.151530874843406
104.1	48.1	2.8983568547360514
104.1	50.1	2.6791801098446775
104.1	52.1	2.4975898646240218
104.1	54.1	2.336894621895884
104.1	56.1	2.201814274550775
104.1	58.1	2.087669727346671
104.1	60.1	1.98393210153911
104.1	62.1	1.8957065853923973
104.1	64.1	1.814576540325895
104.1	66.1	1.7453581174869792
104.1	68.1	1.675802569509557
104.1	70.1	1.6162787288174985
104.1	72.1	1.5655105229874562
104.1	74.1	1.513326393087015
104.1	76.1	1.468759886553584
104.1	78.1	1.4267811742094685
104.1	80.1	1.3871674355413446
104.1	82.1	1.3535853546941403
104.1	84.1	1.3180013045853218
104.1	86.1	1.2878537376696977
104.1	88.1	1.2591615470033009
104.1	90.1	1.231825339908878
104.1	92.1	1.2057473342806146
104.1	94.1	1.180832332527254
104.1	96.1	1.160105455575071
104.1	98.1	1.1372223487715971
104.1	100.1	1.1182251500344866
104.1	102.1	1.0970989949511465
104.1	104.1	1.0796301337450027
104.1	106.1	1.0628132135144936
104.1	108.1	1.0466141423409279
104.1	110.1	1.030999159807476
104.1	112.1	1.0159349450774218
104.1	114.1	1.0013888012693863
104.1	116.1	0.9873288924490176
104.1	118.1	0.9761911151769561
106.1	0.1	4.831059582015115
106.1	2.1	4.899485181604075
106.1	4.1	4.966622740802661
106.1	6.1	5.032301404905184
106.1	8.1	5.096305474819851
106.1	10.1	5.158356316360316
106.1	12.1	5.218083904416425
106.1	14.1	5.274979849123537
106.1	16.1	5.328315110931891
106.1	18.1	5.376984701656964
106.1	20.1	5.419185118787137
106.1	22.1	5.451655374896686
106.1	24.1	5.467597603405795
106.1	26.1	5.452917710231223
106.1	28.1	5.435111640065699
106.1	30.1	5.380226311066891
106.1	32.1	5.294885947345597
106.1	34.1	5.1715662026120315
106.1	36.1	5.015238197747565
106.1	38.1	4.815341975150344
106.1	40.1	4.33379030553183
106.1	42.1	3.8425054207973526
106.1	44.1	3.4409158695873368
106.1	46.1	3.1212213042927788
106.1	48.1	2.87458396774958
106.1	50.1	2.6603249871176966
106.1	52.1	2.482400965090465
106.1	54.1	2.3333897240596393
106.1	56.1	2.19972906378021
106.1	58.1	2.0866291862222286
106.1	60.1	1.983722688903801
106.1	62.1	1.896121405253421
106.1	64.1	1.8154874933344103
106.1	66.1	1.7466611749460161
106.1	68.1	1.6773954185522255
106.1	70.1	1.6231432004305621
106.1	72.1	1.5675386216743885
106.1	74.1	1.5200390200972103
106.1	76.1	1.4710123986523131
106.1	78.1	1.4291079395286252
106.1	80.1	1.3935830358285741
106.1	82.1	1.3560279830249677
106.1	84.1	1.324190842658666
106.1	86.1	1.2903014070564263
106.1	88.1	1.261617438811182
106.1	90.1	1.234269655276256
106.1	92.1	1.2114736970067979
106.1	94.1	1.18645272528229
106.1	96.1	1.162504590733542
106.1	98.1	1.1426222040781875
106.1	100.1	1.1205533155387006
106.1	102.1	1.102290962241039
106.1	104.1	1.084719356242887
106.1	106.1	1.0678033589864875
106.1	108.1	1.0515081924817362
106.1	110.1	1.035799475726392
106.1	112.1	1.0206433518511744
106.1	114.1	1.006006686098095
106.1	116.1	0.9918573099196399
106.1	118.1	0.9806437928752151
108.1	0.1	4.912990316383457
108.1	2.1	4.980891385195256
108.1	4.1	5.047454623134192
108.1	6.1	5.112496999324852
108.1	8.1	5.17578609153654
108.1	10.1	5.2370195667669925
108.1	12.1	5.295792516628911
108.1	14.1	5.351542746731874
108.1	16.1	5.403453199514779
108.1	18.1	5.45026355890433
108.1	20.1	5.4898673535607365
108.1	22.1	5.518328626163111
108.1	24.1	5.527103050252072
108.1	26.1	5.510291516887791
108.1	28.1	5.484505369797144
108.1	30.1	5.420040338133578
108.1	32.1	5.32532873581428
108.1	34.1	5.194843566002517
108.1	36.1	5.030092477779789
108.1	38.1	4.8181347674226345
108.1	40.1	4.264534773077818
108.1	42.1	3.791675537990185
108.1	44.1	3.4029791957065227
108.1	46.1	3.1061246035178036
108.1	48.1	2.8516606396800785
108.1	50.1	2.652838697987735
108.1	52.1	2.477288900252805
108.1	54.1	2.3300053496565916
108.1	56.1	2.1977174427741186
108.1	58.1	2.0856278928917393
108.1	60.1	1.9835253668849964
108.1	62.1	1.8965269368968762
108.1	64.1	1.8163719175873962
108.1	66.1	1.747921994142854
108.1	68.1	1.6842629437640937
108.1	70.1	1.6249335857928013
108.1	72.1	1.569493004993164
108.1	74.1	1.52214687608579
108.1	76.1	1.477587778274782
108.1	78.1	1.4355849439109365
108.1	80.1	1.3959149039643448
108.1	82.1	1.3622708175138263
108.1	84.1	1.3265759850118861
108.1	86.1	1.296331987452389
108.1	88.1	1.267529969521928
108.1	90.1	1.2400691032351658
108.1	92.1	1.213851121015368
108.1	94.1	1.1920169295194105
108.1	96.1	1.1679669118368992
108.1	98.1	1.1479710385380841
108.1	100.1	1.1258036632098556
108.1	102.1	1.1074360920538886
108.1	104.1	1.0897634820569184
108.1	106.1	1.0727499710151915
108.1	108.1	1.0563601054734697
108.1	110.1	1.0405588992837473
108.1	112.1	1.025311978688924
108.1	114.1	1.010585792497534
108.1	116.1	0.9963478617833105
108.1	118.1	0.9850592089401563
110.1	0.1	4.994704133427243
110.1	2.1	5.06206763463849
110.1	4.1	5.128040200480553
110.1	6.1	5.192425482101209
110.1	8.1	5.25497261971168
110.1	10.1	5.315352901350266
110.1	12.1	5.37312213675573
110.1	14.1	5.427656664042885
110.1	16.1	5.478037021576275
110.1	18.1	5.522817856542393
110.1	20.1	5.559520400209867
110.1	22.1	5.5833467656975735
110.1	24.1	5.583497908884736
110.1	26.1	5.5658846813534835
110.1	28.1	5.5309974378731
110.1	30.1	5.459122920101967
110.1	32.1	5.353075717196932
110.1	34.1	5.215950558078658
110.1	36.1	5.042599670191425
110.1	38.1	4.817795666618753
110.1	40.1	4.199250063590994
110.1	42.1	3.7434399317883655
110.1	44.1	3.3667663753836794
110.1	46.1	3.0779977479535288
110.1	48.1	2.841527956575893
110.1	50.1	2.635032701812878
110.1	52.1	2.4628132775219567
110.1	54.1	2.318094824181852
110.1	56.1	2.1957761048374858
110.1	58.1	2.084664046321177
110.1	60.1	1.9833395027459313
110.1	62.1	1.8969234890271416
110.1	64.1	1.8172309109931792
110.1	66.1	1.7491424901147228
110.1	68.1	1.685771437455262
110.1	70.1	1.6266612306165396
110.1	72.1	1.5713775739828946
110.1	74.1	1.5241752035053204
110.1	76.1	1.4797211129134322
110.1	78.1	1.4377860833193723
110.1	80.1	1.4022124158825218
110.1	82.1	1.3645743254798923
110.1	84.1	1.3326575141940211
110.1	86.1	1.3022932892039634
110.1	88.1	1.2733772939906314
110.1	90.1	1.2458070749995096
110.1	92.1	1.2194828879046835
110.1	94.1	1.1943087531596441
110.1	96.1	1.1733766491582545
110.1	98.1	1.1502129145501578
110.1	100.1	1.1310059578594762
110.1	102.1	1.1125350557295373
110.1	104.1	1.0947631468208368
110.1	106.1	1.077653651220976
110.1	108.1	1.061170451376142
110.1	110.1	1.0452779720156515
110.1	112.1	1.0299413419870744
110.1	114.1	1.015126615201776
110.1	116.1	1.000801024442385
110.1	118.1	0.9894378266997184
112.1	0.1	5.076198499634944
112.1	2.1	5.143010458815377
112.1	4.1	5.208374779295448
112.1	6.1	5.272080516616205
112.1	8.1	5.333856435511324
112.1	10.1	5.393344378660559
112.1	12.1	5.45005576707522
112.1	14.1	5.503296412022064
112.1	16.1	5.552027049317073
112.1	18.1	5.5945803104106036
112.1	20.1	5.628015750257634
112.1	22.1	5.646425767938
112.1	24.1	5.636219464295551
112.1	26.1	5.61947889322013
112.1	28.1	5.574271553348535
112.1	30.1	5.495552552711006
112.1	32.1	5.3811567782964165
112.1	34.1	5.235686483689788
112.1	36.1	5.052692863908783
112.1	38.1	4.7310489139171175
112.1	40.1	4.137604551452091
112.1	42.1	3.6976048831933253
112.1	44.1	3.347638965011995
112.1	46.1	3.0509804196943575
112.1	48.1	2.820039132819455
112.1	50.1	2.6282564957759997
112.1	52.1	2.4581986856833864
112.1	54.1	2.31505443325773
112.1	56.1	2.1939019263625372
112.1	58.1	2.0837359452890083
112.1	60.1	1.9831645010119772
112.1	62.1	1.8973113568091773
112.1	64.1	1.8180655131901657
112.1	66.1	1.7503244671044738
112.1	68.1	1.6872295918208493
112.1	70.1	1.628329271427557
112.1	72.1	1.5780260672710336
112.1	74.1	1.5261284367024328
112.1	76.1	1.4817721028274151
112.1	78.1	1.4441406200052123
112.1	80.1	1.4044146967537585
112.1	82.1	1.3707065966092575
112.1	84.1	1.3349023242737308
112.1	86.1	1.3045597905087376
112.1	88.1	1.2756458994092428
112.1	90.1	1.2480588712193945
112.1	92.1	1.2250573878396507
112.1	94.1	1.1997819367463942
112.1	96.1	1.1755660380470214
112.1	98.1	1.15547392518875
112.1	100.1	1.1361608916116162
112.1	102.1	1.1175885099350953
112.1	104.1	1.0968454903071365
112.1	106.1	1.0797087452504814
112.1	108.1	1.0631890811595135
112.1	110.1	1.0472511799120312
112.1	112.1	1.0345319485227173
112.1	114.1	1.0196296400860312
112.1	116.1	1.005217266071415
112.1	118.1	0.9912633341915277
114.1	0.1	5.1574705824628095
114.1	2.1	5.223716018831064
114.1	4.1	5.288453196996699
114.1	6.1	5.351455143724431
114.1	8.1	5.41242805125776
114.1	10.1	5.470980796160727
114.1	12.1	5.5265744558808825
114.1	14.1	5.578433547081849
114.1	16.1	5.625377819703639
114.1	18.1	5.665471480451103
114.1	20.1	5.69519621487662
114.1	22.1	5.707209288876204
114.1	24.1	5.690948447615607
114.1	26.1	5.6708214267782315
114.1	28.1	5.614112090665461
114.1	30.1	5.529185973602596
114.1	32.1	5.4071720394429805
114.1	34.1	5.253668870645463
114.1	36.1	5.06015392842797
114.1	38.1	4.649609120023692
114.1	40.1	4.079302525117949
114.1	42.1	3.653995493903032
114.1	44.1	3.314204075818462
114.1	46.1	3.0381472572145376
114.1	48.1	2.8108519111069583
114.1	50.1	2.611404104146221
114.1	52.1	2.4537362157671185
114.1	54.1	2.3121154106929835
114.1	56.1	2.184292516832958
114.1	58.1	2.075610930569315
114.1	60.1	1.9829998009637764
114.1	62.1	1.8976908226032645
114.1	64.1	1.8188767092963616
114.1	66.1	1.7514696263100922
114.1	68.1	1.6886397684857257
114.1	70.1	1.6299406408025074
114.1	72.1	1.5798120767857124
114.1	74.1	1.5326401794628781
114.1	76.1	1.4881869689003706
114.1	78.1	1.446221986696155
114.1	80.1	1.4065249148194743
114.1	82.1	1.3728778848112475
114.1	84.1	1.3408792626047883
114.1	86.1	1.3104207477522074
114.1	88.1	1.2813962685479123
114.1	90.1	1.2537025308198482
114.1	92.1	1.2272398693877697
114.1	94.1	1.2052016291513454
114.1	96.1	1.1808876192522537
114.1	98.1	1.1606862526368433
114.1	100.1	1.1412691412664346
114.1	102.1	1.1196498126172216
114.1	104.1	1.101761239776262
114.1	106.1	1.0845289478468885
114.1	108.1	1.0679161849272474
114.1	110.1	1.0518871387791817
114.1	112.1	1.039084295713725
114.1	114.1	1.0240953443924563
114.1	116.1	1.0095970468129596
114.1	118.1	0.995557767859423
116.1	0.1	5.238517235971804
116.1	2.1	5.304180085663061
116.1	4.1	5.368269787172254
116.1	6.1	5.43054172666573
116.1	8.1	5.490677025463005
116.1	10.1	5.548247536514757
116.1	12.1	5.602657018373041
116.1	14.1	5.65303582213417
116.1	16.1	5.69803673763251
116.1	18.1	5.735396810180226
116.1	20.1	5.760867787391049
116.1	22.1	5.765258269228667
116.1	24.1	5.7476935972767835
116.1	26.1	5.7196274439030415
116.1	28.1	5.654069255519122
116.1	30.1	5.559970907082233
116.1	32.1	5.4310810108436876
116.1	34.1	5.269539779787159
116.1	36.1	5.0648566937068855
116.1	38.1	4.5730050167702085
116.1	40.1	4.024079454172971
116.1	42.1	3.6124534547611957
116.1	44.1	3.282190659185182
116.1	46.1	3.0129507763985046
116.1	48.1	2.790653949092228
116.1	50.1	2.6052628981166768
116.1	52.1	2.4402149632679793
116.1	54.1	2.3008510308152754
116.1	56.1	2.1826271825775123
116.1	58.1	2.0748090807401662
116.1	60.1	1.9828448743213896
116.1	62.1	1.8980621566523834
116.1	64.1	1.8196654333766704
116.1	66.1	1.7525795730035012
116.1	68.1	1.6900041866432631
116.1	70.1	1.6365551876121809
116.1	72.1	1.5815344467476233
116.1	74.1	1.534490088767882
116.1	76.1	1.4901280019026573
116.1	78.1	1.4482199555947972
116.1	80.1	1.412677226991646
116.1	82.1	1.3789032985900382
116.1	84.1	1.3429909843510148
116.1	86.1	1.3125482489225988
116.1	88.1	1.2835209976876234
116.1	90.1	1.2592877350806946
116.1	92.1	1.23272407735944
116.1	94.1	1.207297571252686
116.1	96.1	1.1861590675365392
116.1	98.1	1.165850592119845
116.1	100.1	1.1433028745089853
116.1	102.1	1.1246199615664074
116.1	104.1	1.1066344083467
116.1	106.1	1.089307997542694
116.1	108.1	1.0726034188073699
116.1	110.1	1.0564843815940173
116.1	112.1	1.0409157799969824
116.1	114.1	1.0285241969475316
116.1	116.1	1.0139408189665957
116.1	118.1	0.9998169801647955
118.1	0.1	5.319334984325214
118.1	2.1	5.384398014673077
118.1	4.1	5.447818339916584
118.1	6.1	5.509331887960924
118.1	8.1	5.568591858802381
118.1	10.1	5.62512838739866
118.1	12.1	5.678279703354983
118.1	14.1	5.727066515087566
118.1	16.1	5.769942567490244
118.1	18.1	5.804242779340478
118.1	20.1	5.82478931077658
118.1	22.1	5.820063190067006
118.1	24.1	5.802661860733035
118.1	26.1	5.7655939166172905
118.1	28.1	5.693118643908344
118.1	30.1	5.588019618725292
118.1	32.1	5.452887146092541
118.1	34.1	5.2831888379208465
118.1	36.1	5.067044450290067
118.1	38.1	4.476276586846001
118.1	40.1	3.9716979856053922
118.1	42.1	3.572835124369109
118.1	44.1	3.251510236268028
118.1	46.1	2.9886913564977142
118.1	48.1	2.771116726859688
118.1	50.1	2.589280213459821
118.1	52.1	2.4361821397582677
118.1	54.1	2.298211851734196
118.1	56.1	2.181018403474541
118.1	58.1	2.0740371725416638
118.1	60.1	1.982699223103151
118.1	62.1	1.8984256177257475
118.1	64.1	1.8263298721335828
118.1	66.1	1.7536558230765458
118.1	68.1	1.6966142361240948
118.1	70.1	1.638080823775249
118.1	72.1	1.5880121293374967
118.1	74.1	1.5362719479902514
118.1	76.1	1.4964203134292808
118.1	78.1	1.454425813156454
118.1	80.1	1.4146688477146
118.1	82.1	1.3809488550679747
118.1	84.1	1.3488666051437863
118.1	86.1	1.3183117805778874
118.1	88.1	1.289177049948121
118.1	90.1	1.2613587034378382
118.1	92.1	1.2381537722048706
118.1	94.1	1.212630178702767
118.1	96.1	1.1913810940852005
118.1	98.1	1.1678503079358524
118.1	100.1	1.1483282177902823
118.1	102.1	1.129546558540339
118.1	104.1	1.1114655796110158
118.1	106.1	1.0940464486142887
118.1	108.1	1.0772513098154295
118.1	110.1	1.0610434105750721
118.1	112.1	1.0453872747074116
118.1	114.1	1.0329166583714455
118.1	116.1	1.0182490271714655
118.1	118.1	1.0040414022558868
120.1	0.1	5.399920002938201
120.1	2.1	5.464364716611011
120.1	4.1	5.5270920566245785
120.1	6.1	5.587816437020594
120.1	8.1	5.646159873494059
120.1	10.1	5.701605329402504
120.1	12.1	5.753415793018074
120.1	14.1	5.8004836017269765
120.1	16.1	5.841023517371139
120.1	18.1	5.871871892236589
120.1	20.1	5.88666029553037
120.1	22.1	5.871130118336156
120.1	24.1	5.855642091693716
120.1	26.1	5.808438256509447
120.1	28.1	5.729627015578845
120.1	30.1	5.616116493471635
120.1	32.1	5.47296867737996
120.1	34.1	5.294634947974791
120.1	36.1	5.066166843428847
120.1	38.1	4.409097923405121
120.1	40.1	3.921944541511733
120.1	42.1	3.5350098687040274
120.1	44.1	3.2220815044281177
120.1	46.1	2.97772621435441
120.1	48.1	2.763276866674928
120.1	50.1	2.583708674262303
120.1	52.1	2.432277714799781
120.1	54.1	2.2956582664612935
120.1	56.1	2.179463772317632
120.1	58.1	2.0732938909683196
120.1	60.1	1.9825623776444898
120.1	62.1	1.8987814537217294
120.1	64.1	1.82706533038194
120.1	66.1	1.7602605973935483
120.1	68.1	1.6979038574338008
120.1	70.1	1.6395544563439646
120.1	72.1	1.589643156278563
120.1	74.1	1.5426233887470544
120.1	76.1	1.4982564142494892
120.1	78.1	1.4563135561065248
120.1	80.1	1.4207123277473608
120.1	82.1	1.3868709382291895
120.1	84.1	1.3508520230601306
120.1	86.1	1.3203078017140453
120.1	88.1	1.2947733440811084
120.1	90.1	1.2668540744585868
120.1	92.1	1.240153626263307
120.1	94.1	1.217911802341999
120.1	96.1	1.1933404973569126
120.1	98.1	1.172931887649694
120.1	100.1	1.153308921593827
120.1	102.1	1.1344302050048753
120.1	104.1	1.1162553251595722
120.1	106.1	1.0987448442348748
120.1	108.1	1.081860374717814
120.1	110.1	1.0655647184847665
120.1	112.1	1.049822047515797
120.1	114.1	1.037273181279884
120.1	116.1	1.0225221085826834
120.1	118.1	1.008231458207263
122.1	0.1	5.4802680970327895
122.1	2.1	5.544074624673587
122.1	4.1	5.606083498443959
122.1	6.1	5.665985286940813
122.1	8.1	5.723367072989143
122.1	10.1	5.777658285251141
122.1	12.1	5.82803511956393
122.1	14.1	5.873238729594635
122.1	16.1	5.91119478865428
122.1	18.1	5.9381161780642175
122.1	20.1	5.946109427950528
122.1	22.1	5.928741096153219
122.1	24.1	5.906392660954566
122.1	26.1	5.847982702209118
122.1	28.1	5.763460194447414
122.1	30.1	5.64262698066071
122.1	32.1	5.491731459685077
122.1	34.1	5.303708129309141
122.1	36.1	4.948493943831624
122.1	38.1	4.345568987460812
122.1	40.1	3.8746264154033576
122.1	42.1	3.4988586212943154
122.1	44.1	3.207652495482152
122.1	46.1	2.955001926991269
122.1	48.1	2.7448460245780577
122.1	50.1	2.568521684159801
122.1	52.1	2.4196002966571637
122.1	54.1	2.293186676465108
122.1	56.1	2.177961007467971
122.1	58.1	2.072577990094591
122.1	60.1	1.9824338947633322
122.1	62.1	1.8991299022331392
122.1	64.1	1.8277797938653502
122.1	66.1	1.7612733493865909
122.1	68.1	1.6991512459926572
122.1	70.1	1.6409785860102697
122.1	72.1	1.591216106871459
122.1	74.1	1.5443095181973583
122.1	76.1	1.5000217014277841
122.1	78.1	1.4624071512211527
122.1	80.1	1.4225908713722906
122.1	82.1	1.3887968678506555
122.1	84.1	1.3566294616887182
122.1	86.1	1.3259767275474388
122.1	88.1	1.2967304834191913
122.1	90.1	1.2687869712681912
122.1	92.1	1.2454970754379082
122.1	94.1	1.219824815427951
122.1	96.1	1.1984796230501913
122.1	98.1	1.177967618146697
122.1	100.1	1.1582456045526748
122.1	102.1	1.1362476222133175
122.1	104.1	1.1180463795727662
122.1	106.1	1.1034037167866555
122.1	108.1	1.0864311203158057
122.1	110.1	1.070048788884644
122.1	112.1	1.0542205612773015
122.1	114.1	1.038911940798169
122.1	116.1	1.0267604930419034
122.1	118.1	1.0123875651712941
124.1	0.1	5.560374677308234
124.1	2.1	5.6235216571014535
124.1	4.1	5.684784527435479
124.1	6.1	5.743827358645599
124.1	8.1	5.800197978173733
124.1	10.1	5.8532648218505345
124.1	12.1	5.902103477763862
124.1	14.1	5.945275935704572
124.1	16.1	5.980355423613378
124.1	18.1	6.002768913488699
124.1	20.1	6.002692768262305
124.1	22.1	5.984883189951332
124.1	24.1	5.954645344115892
124.1	26.1	5.888095410521808
124.1	28.1	5.794560770324589
124.1	30.1	5.667120096496746
124.1	32.1	5.5085115948877945
124.1	34.1	5.310252983620042
124.1	36.1	4.865859551586955
124.1	38.1	4.285401131189202
124.1	40.1	3.8295692839014843
124.1	42.1	3.4642726305107754
124.1	44.1	3.180239235273597
124.1	46.1	2.933077044961846
124.1	48.1	2.737709632165849
124.1	50.1	2.563462721610655
124.1	52.1	2.4160691982647458
124.1	54.1	2.282686840693489
124.1	56.1	2.1689983119759084
124.1	58.1	2.0718882888155807
124.1	60.1	1.9823133560599597
124.1	62.1	1.8994711910775672
124.1	64.1	1.8284741019020105
124.1	66.1	1.762254829854656
124.1	68.1	1.7003583235042725
124.1	70.1	1.6473891391156632
124.1	72.1	1.5927339279746606
124.1	74.1	1.5459338998644925
124.1	76.1	1.5061667963547682
124.1	78.1	1.4641896671414707
124.1	80.1	1.4285292924342463
124.1	82.1	1.3946189791286097
124.1	84.1	1.3584949365162409
124.1	86.1	1.3315844726554709
124.1	88.1	1.302237129613707
124.1	90.1	1.2741947946664163
124.1	92.1	1.2507885695082088
124.1	94.1	1.2250230806184952
124.1	96.1	1.203571563731783
124.1	98.1	1.1797780222887855
124.1	100.1	1.160045494092276
124.1	102.1	1.141052564069598
124.1	104.1	1.122758036268388
124.1	106.1	1.1051220274144522
124.1	108.1	1.0881060483864056
124.1	110.1	1.074496096381222
124.1	112.1	1.0585832705533869
124.1	114.1	1.0431908511736756
124.1	116.1	1.0309646032423283
124.1	118.1	1.016510133525184
126.1	0.1	5.640234732385963
126.1	2.1	5.702699174705361
126.1	4.1	5.76318623930685
126.1	6.1	5.821330470148694
126.1	8.1	5.876635435398441
126.1	10.1	5.928399794447052
126.1	12.1	5.975581906420834
126.1	14.1	6.016530032603802
126.1	16.1	6.048384237322379
126.1	18.1	6.065574584001483
126.1	20.1	6.05592754850791
126.1	22.1	6.039253763598956
126.1	24.1	6.000120783203692
126.1	26.1	5.9271142174486755
126.1	28.1	5.823008881413956
126.1	30.1	5.6895828225057725
126.1	32.1	5.52321022931064
126.1	34.1	5.3142693603628945
126.1	36.1	4.761869388965821
126.1	38.1	4.20716494777623
126.1	40.1	3.786615066109174
126.1	42.1	3.431152366205244
126.1	44.1	3.153879196225712
126.1	46.1	2.9236685091566317
126.1	48.1	2.720283765285805
126.1	50.1	2.549005864791514
126.1	52.1	2.403912801087683
126.1	54.1	2.2804684826548702
126.1	56.1	2.16766806920691
126.1	58.1	2.071223666890254
126.1	60.1	1.9822003663403
126.1	62.1	1.8998055387952908
126.1	64.1	1.8291490511019548
126.1	66.1	1.7632063727129497
126.1	68.1	1.7015268998820494
126.1	70.1	1.648735497459195
126.1	72.1	1.599020253081137
126.1	74.1	1.5521328118630375
126.1	76.1	1.5078350099111446
126.1	78.1	1.4701750560058913
126.1	80.1	1.4302999726355836
126.1	82.1	1.3964310305508856
126.1	84.1	1.3641771969671956
126.1	86.1	1.3334253177879116
126.1	88.1	1.3040667263306704
126.1	90.1	1.2795488610487467
126.1	92.1	1.252617188725649
126.1	94.1	1.2301726971816471
126.1	96.1	1.205350792422928
126.1	98.1	1.1847343213688235
126.1	100.1	1.164903885270666
126.1	102.1	1.1458163619791468
126.1	104.1	1.1274299738831548
126.1	106.1	1.109704322496114
126.1	108.1	1.0926004812617696
126.1	110.1	1.078907106862873
126.1	112.1	1.062910621822708
126.1	114.1	1.0474352631224244
126.1	116.1	1.0351348548884238
126.1	118.1	1.0205995670137429
128.1	0.1	5.719842797629064
128.1	2.1	5.78159993260079
128.1	4.1	5.841278886363554
128.1	6.1	5.898481208227227
128.1	8.1	5.952660390528348
128.1	10.1	6.003034919308293
128.1	12.1	6.048425803580395
128.1	14.1	6.086924563298455
128.1	16.1	6.115134578466465
128.1	18.1	6.126218205206491
128.1	20.1	6.1091582778459435
128.1	22.1	6.091648982687194
128.1	24.1	6.042567222824523
128.1	26.1	5.963694904526256
128.1	28.1	5.850982978269058
128.1	30.1	5.71005231280326
128.1	32.1	5.535771803782767
128.1	34.1	5.315845671152516
128.1	36.1	4.689395848078068
128.1	38.1	4.153693401922231
128.1	40.1	3.728386160689348
128.1	42.1	3.3994065625395757
128.1	44.1	3.1285130482451744
128.1	46.1	2.9030501349635816
128.1	48.1	2.713779203418414
128.1	50.1	2.544409393734497
128.1	52.1	2.400720191588141
128.1	54.1	2.278319692233642
128.1	56.1	2.16638168009709
128.1	58.1	2.0705830612627993
128.1	60.1	1.9820945521526119
128.1	62.1	1.9001331551170348
128.1	64.1	1.8298053979901725
128.1	66.1	1.7641292396764843
128.1	68.1	1.7026586811205375
128.1	70.1	1.6500363682480979
128.1	72.1	1.6004553499966874
128.1	74.1	1.5536683517401697
128.1	76.1	1.5094393671034945
128.1	78.1	1.4718570706177487
128.1	80.1	1.4361369117727345
128.1	82.1	1.4021563710815934
128.1	84.1	1.369796727880479
128.1	86.1	1.3389433209814499
128.1	88.1	1.3094861155776003
128.1	90.1	1.28132045329734
128.1	92.1	1.2578262438738506
128.1	94.1	1.231914689854121
128.1	96.1	1.2103632339140602
128.1	98.1	1.1896467744929977
128.1	100.1	1.169720136531145
128.1	102.1	1.150539568465707
128.1	104.1	1.1320627189394972
128.1	106.1	1.114248685790819
128.1	108.1	1.097058119402844
128.1	110.1	1.0804533598540427
128.1	112.1	1.0672030536844879
128.1	114.1	1.0516455987398914
128.1	116.1	1.039271656850585
128.1	118.1	1.024656262888089
130.1	0.1	5.799192919866386
130.1	2.1	5.8602160252971345
130.1	4.1	5.919051789047583
130.1	6.1	5.9752647792017015
130.1	8.1	6.028251621776403
130.1	10.1	6.07713825758233
130.1	12.1	6.12058382959239
130.1	14.1	6.156369195131809
130.1	16.1	6.180427663116184
130.1	18.1	6.184318400889916
130.1	20.1	6.166313833228258
130.1	22.1	6.141838250612666
130.1	24.1	6.081840103402454
130.1	26.1	5.997711678941539
130.1	28.1	5.877948388717555
130.1	30.1	5.729474837698444
130.1	32.1	5.546241993715441
130.1	34.1	5.284228181451297
130.1	36.1	4.620836265219157
130.1	38.1	4.102834624384281
130.1	40.1	3.689694517837854
130.1	42.1	3.3689513776159323
130.1	44.1	3.1040858222224155
130.1	46.1	2.8831198887836584
130.1	48.1	2.6972692279324755
130.1	50.1	2.5399499134280257
130.1	52.1	2.3976241627568995
130.1	54.1	2.2683306232649687
130.1	56.1	2.1651373667229374
130.1	58.1	2.063088438163878
130.1	60.1	1.9819955604284685
130.1	62.1	1.9004542414036985
130.1	64.1	1.8304438614418512
130.1	66.1	1.7650246249724133
130.1	68.1	1.7089999915344556
130.1	70.1	1.6512938932173185
130.1	72.1	1.6018400555199481
130.1	74.1	1.5551477952500596
130.1	76.1	1.5154435227302043
130.1	78.1	1.4734714458440328
130.1	80.1	1.4378046557841742
130.1	82.1	1.4038599615138596
130.1	84.1	1.3715186591986355
130.1	86.1	1.3406667159800751
130.1	88.1	1.314850528619555
130.1	90.1	1.2865910178002151
130.1	92.1	1.2595250603988075
130.1	94.1	1.2369844757123571
130.1	96.1	1.2153305807150334
130.1	98.1	1.1945159748790797
130.1	100.1	1.1744948151389074
130.1	102.1	1.155222724905272
130.1	104.1	1.1366567875881388
130.1	106.1	1.1187556094282247
130.1	108.1	1.1014794325505768
130.1	110.1	1.0847902769930347
130.1	112.1	1.0714609970547153
130.1	114.1	1.0558222729468694
130.1	116.1	1.0433754113149871
130.1	118.1	1.0286806120404461
132.1	0.1	5.878278617468783
132.1	2.1	5.938538824126931
132.1	4.1	5.996493234101204
132.1	6.1	6.0516648347675615
132.1	8.1	6.103385422251948
132.1	10.1	6.1506735880833805
132.1	12.1	6.191996537970204
132.1	14.1	6.224756386770429
132.1	16.1	6.244044369479611
132.1	18.1	6.239437365198605
132.1	20.1	6.221877035724767
132.1	22.1	6.189569439811492
132.1	24.1	6.122119117271138
132.1	26.1	6.029104024020394
132.1	28.1	5.902981533670371
132.1	30.1	5.747076000354172
132.1	32.1	5.554384552169189
132.1	34.1	5.194696900799742
132.1	36.1	4.532757006977632
132.1	38.1	4.054402353783277
132.1	40.1	3.6526864156870436
132.1	42.1	3.3397096536111084
132.1	44.1	3.080546517465642
132.1	46.1	2.8750196775087913
132.1	48.1	2.681241560242332
132.1	50.1	2.526446287520976
132.1	52.1	2.3861647490858204
132.1	54.1	2.266405138062806
132.1	56.1	2.156628511852397
132.1	58.1	2.0625461210622418
132.1	60.1	1.981903057219705
132.1	62.1	1.9007689910599845
132.1	64.1	1.8310651249450478
132.1	66.1	1.7658936596947417
132.1	68.1	1.7100662768148738
132.1	70.1	1.6575129364227823
132.1	72.1	1.607974262064818
132.1	74.1	1.561201391055267
132.1	76.1	1.5169579147884003
132.1	78.1	1.4793240709334967
132.1	80.1	1.4435435076981646
132.1	82.1	1.4054887885327936
132.1	84.1	1.3770480666202234
132.1	86.1	1.3460974904824325
132.1	88.1	1.3165297666368887
132.1	90.1	1.29181029450315
132.1	92.1	1.2646536608552215
132.1	94.1	1.2420077916198096
132.1	96.1	1.2202534380628594
132.1	98.1	1.196117874385061
132.1	100.1	1.1760795835490119
132.1	102.1	1.1567826224168034
132.1	104.1	1.1381842611630766
132.1	106.1	1.1232255761592702
132.1	108.1	1.1058648817333485
132.1	110.1	1.0890923194065527
132.1	112.1	1.075684875355497
132.1	114.1	1.0599656936580235
132.1	116.1	1.04473623698464
132.1	118.1	1.0326729991351957
134.1	0.1	5.957092835126688
134.1	2.1	6.016558905806303
134.1	4.1	6.073590356980977
134.1	6.1	6.127663267880112
134.1	8.1	6.178035220798825
134.1	10.1	6.22359964031327
134.1	12.1	6.2625946555749605
134.1	14.1	6.291957127169724
134.1	16.1	6.3057159471814295
134.1	18.1	6.291141196953317
134.1	20.1	6.275675568877075
134.1	22.1	6.2345854999656005
134.1	24.1	6.1611096582653015
134.1	26.1	6.057927274558634
134.1	28.1	5.926058217935483
134.1	30.1	5.762717126978611
134.1	32.1	5.560102874813966
134.1	34.1	5.08269403420321
134.1	36.1	4.471999564983976
134.1	38.1	3.9896417375375095
134.1	40.1	3.6172544683591807
134.1	42.1	3.3116102636657
134.1	44.1	3.070122417200085
134.1	46.1	2.8562107990895904
134.1	48.1	2.6756611921703253
134.1	50.1	2.522389948473032
134.1	52.1	2.3833654767379517
134.1	54.1	2.2645388311685153
134.1	56.1	2.1555331805765117
134.1	58.1	2.062023936047219
134.1	60.1	1.975419697795316
134.1	62.1	1.901077589923729
134.1	64.1	1.8316698387047046
134.1	66.1	1.7667374158320426
134.1	68.1	1.7110985540633352
134.1	70.1	1.6586996761262505
134.1	72.1	1.6092819943950516
134.1	74.1	1.562598253692472
134.1	76.1	1.522855420603323
134.1	78.1	1.4808456080383856
134.1	80.1	1.4451129749188067
134.1	82.1	1.411091822409235
134.1	84.1	1.3786622155101762
134.1	86.1	1.3477095642703474
134.1	88.1	1.321811099358689
134.1	90.1	1.2934300665955674
134.1	92.1	1.269734286812045
134.1	94.1	1.243589731974418
134.1	96.1	1.2218330141982767
134.1	98.1	1.20091211177278
134.1	100.1	1.1807802722666543
134.1	102.1	1.1613925026771665
134.1	104.1	1.14270557813861
134.1	106.1	1.124678102142464
134.1	108.1	1.110214919494329
134.1	110.1	1.093359920369218
134.1	112.1	1.0770575978192058
134.1	114.1	1.0640762619448576
134.1	116.1	1.0487675287538518
134.1	118.1	1.0366338027363393
136.1	0.1	6.035627892560877
136.1	2.1	6.094265970681362
136.1	4.1	6.150329005636635
136.1	6.1	6.203239972500597
136.1	8.1	6.252171126649723
136.1	10.1	6.295869150581997
136.1	12.1	6.332296910325466
136.1	14.1	6.357815531100016
136.1	16.1	6.365115793912766
136.1	18.1	6.347086691148665
136.1	20.1	6.327512995966362
136.1	22.1	6.276662823233493
136.1	24.1	6.197756988936095
136.1	26.1	6.0857671853340385
136.1	28.1	5.947193497581455
136.1	30.1	5.776318522228999
136.1	32.1	5.563531529827733
136.1	34.1	4.977744638130755
136.1	36.1	4.392779417358985
136.1	38.1	3.9461363078321874
136.1	40.1	3.5833002274676606
136.1	42.1	3.2845875338873145
136.1	44.1	3.048005866364678
136.1	46.1	2.8379990635609005
136.1	48.1	2.6604321931609323
136.1	50.1	2.5094823999431974
136.1	52.1	2.3806486068032413
136.1	54.1	2.2627293941767084
136.1	56.1	2.154473482812478
136.1	58.1	2.0615210509288597
136.1	60.1	1.975376984686682
136.1	62.1	1.9013802166325753
136.1	64.1	1.8322586216006813
136.1	66.1	1.7730069101388648
136.1	68.1	1.7120983096106024
136.1	70.1	1.6598465385469294
136.1	72.1	1.6105436245350309
136.1	74.1	1.5639440986539344
136.1	76.1	1.5242837889907441
136.1	78.1	1.4865985280710423
136.1	80.1	1.446616338012496
136.1	82.1	1.4126214193766689
136.1	84.1	1.3841041454299048
136.1	86.1	1.3530555382948617
136.1	88.1	1.3233769681551752
136.1	90.1	1.2985696277916146
136.1	92.1	1.271280942310127
136.1	94.1	1.2485365566520645
136.1	96.1	1.2266809618500594
136.1	98.1	1.2056649374019783
136.1	100.1	1.185441122201017
136.1	102.1	1.1659639701193258
136.1	104.1	1.147189771289572
136.1	106.1	1.1290767213260502
136.1	108.1	1.1145299901109997
136.1	110.1	1.0975935054597254
136.1	112.1	1.0812104264543028
136.1	114.1	1.0681543721933489
136.1	116.1	1.0527670929452722
136.1	118.1	1.0405633954315059
138.1	0.1	6.11387542625721
138.1	2.1	6.171648748926471
138.1	4.1	6.226693582133436
138.1	6.1	6.278372559492379
138.1	8.1	6.325759379468442
138.1	10.1	6.367427693054296
138.1	12.1	6.4010072767596435
138.1	14.1	6.422142139720807
138.1	16.1	6.421859011525754
138.1	18.1	6.4036830168005965
138.1	20.1	6.37716961941451
138.1	22.1	6.315685938690421
138.1	24.1	6.231943038753956
138.1	26.1	6.113151362409074
138.1	28.1	5.966938197347617
138.1	30.1	5.787937157022683
138.1	32.1	5.56455640252351
138.1	34.1	4.904478450649352
138.1	36.1	4.338606048406988
138.1	38.1	3.9045625039900336
138.1	40.1	3.550733271481496
138.1	42.1	3.258580730578613
138.1	44.1	3.026651213602863
138.1	46.1	2.820357191431526
138.1	48.1	2.6553350716342945
138.1	50.1	2.5057920995785823
138.1	52.1	2.369814670313027
138.1	54.1	2.253347448645564
138.1	56.1	2.1534480232523148
138.1	58.1	2.0610366740848542
138.1	60.1	1.975339465950723
138.1	62.1	1.9016770429695196
138.1	64.1	1.832832063011329
138.1	66.1	1.7737962911800278
138.1	68.1	1.7130669472235853
138.1	70.1	1.6609553654210767
138.1	72.1	1.6117614089705374
138.1	74.1	1.5698590840349194
138.1	76.1	1.5256569924285208
138.1	78.1	1.4880312921085663
138.1	80.1	1.4522325637195637
138.1	82.1	1.4181343480655093
138.1	84.1	1.3856157844424848
138.1	86.1	1.3545620203089597
138.1	88.1	1.3285773895490844
138.1	90.1	1.3000751639678616
138.1	92.1	1.2762845954331605
138.1	94.1	1.2534389474330607
138.1	96.1	1.2314863376029732
138.1	98.1	1.2103768956170342
138.1	100.1	1.1900626550158129
138.1	102.1	1.170497523729846
138.1	104.1	1.1516373174692898
138.1	106.1	1.1334398372223455
138.1	108.1	1.1158649707878376
138.1	110.1	1.1017934927528326
138.1	112.1	1.0853305096322283
138.1	114.1	1.0722004122564803
138.1	116.1	1.0567353050153807
138.1	118.1	1.044462143952646
140.1	0.1	6.191826323146234
140.1	2.1	6.248694892605706
140.1	4.1	6.3026668578003
140.1	6.1	6.353036019015277
140.1	8.1	6.39876168120721
140.1	10.1	6.438212223280948
140.1	12.1	6.468611480771649
140.1	14.1	6.484706067064712
140.1	16.1	6.475527521706052
140.1	18.1	6.458690178172548
140.1	20.1	6.424408834962241
140.1	22.1	6.3561406440182
140.1	24.1	6.263605643725092
140.1	26.1	6.1386839882449635
140.1	28.1	5.985286462011626
140.1	30.1	5.797476333752348
140.1	32.1	5.532333235529841
140.1	34.1	4.810756466409514
140.1	36.1	4.266938625788663
140.1	38.1	3.8477700523480522
140.1	40.1	3.519470404196178
140.1	42.1	3.246538556933801
140.1	44.1	3.0060199172395903
140.1	46.1	2.8137650881303236
140.1	48.1	2.6408393704212485
140.1	50.1	2.493436584377266
140.1	52.1	2.367359222415432
140.1	54.1	2.2517293370570917
140.1	56.1	2.152455472705922
140.1	58.1	2.060570052153167
140.1	60.1	1.975306878541632
140.1	62.1	1.9019682341887374
140.1	64.1	1.8333907245131336
140.1	66.1	1.7745621970217564
140.1	68.1	1.7140057936450397
140.1	70.1	1.6620278896301626
140.1	72.1	1.6177232156109906
140.1	74.1	1.5711280507653616
140.1	76.1	1.5314245114543006
140.1	78.1	1.4894062338500258
140.1	80.1	1.4536454086089556
140.1	82.1	1.419569285608768
140.1	84.1	1.3909727775200948
140.1	86.1	1.3598255389903862
140.1	88.1	1.3300360732822654
140.1	90.1	1.3051369904423225
140.1	92.1	1.2812423889986604
140.1	94.1	1.258297478978679
140.1	96.1	1.232910440945962
140.1	98.1	1.211785850777785
140.1	100.1	1.1914492133829888
140.1	102.1	1.1749936528241776
140.1	104.1	1.1560486845083158
140.1	106.1	1.1377678971437428
140.1	108.1	1.1201108829670976
140.1	110.1	1.1059602930048493
140.1	112.1	1.089418242247189
140.1	114.1	1.0762147636019062
140.1	116.1	1.0606725343830297
140.1	118.1	1.0483304092935302
142.1	0.1	6.269470644942518
142.1	2.1	6.325390851071452
142.1	4.1	6.378229756584628
142.1	6.1	6.427202317275312
142.1	8.1	6.471134379513735
142.1	10.1	6.5081492537472245
142.1	12.1	6.534972586349867
142.1	14.1	6.545227033466633
142.1	16.1	6.527306427691117
142.1	18.1	6.511940882492967
142.1	20.1	6.46899454926282
142.1	22.1	6.395104981274162
142.1	24.1	6.292780908207549
142.1	26.1	6.1623334248246975
142.1	28.1	6.00178132221344
142.1	30.1	5.804769629875087
142.1	32.1	5.412782973616761
142.1	34.1	4.722442476817091
142.1	36.1	4.218370350188427
142.1	38.1	3.810171092531929
142.1	40.1	3.489434947358974
142.1	42.1	3.2221394680676134
142.1	44.1	2.986075983094385
142.1	46.1	2.7970451573097233
142.1	48.1	2.6361805381218075
142.1	50.1	2.4900793762029902
142.1	52.1	2.3569208216611424
142.1	54.1	2.250159758984086
142.1	56.1	2.1444551519214827
142.1	58.1	2.060120467875348
142.1	60.1	1.9752789733145117
142.1	62.1	1.9022539493229862
142.1	64.1	1.8339351414660097
142.1	66.1	1.77530557702602
142.1	68.1	1.7200971440138988
142.1	70.1	1.6680384216866564
142.1	72.1	1.618870902349249
142.1	74.1	1.572350573177636
142.1	76.1	1.5327178004115887
142.1	78.1	1.4950357306341067
142.1	80.1	1.4591706628302163
142.1	82.1	1.4249948739967953
142.1	84.1	1.39238686582555
142.1	86.1	1.365036405904997
142.1	88.1	1.3351576935063012
142.1	90.1	1.3101513978041528
142.1	92.1	1.2826460212723365
142.1	94.1	1.2597000151536353
142.1	96.1	1.2376439036634952
142.1	98.1	1.2164269931057978
142.1	100.1	1.196000766528395
142.1	102.1	1.1763188646286056
142.1	104.1	1.160424331447378
142.1	106.1	1.1420613402004547
142.1	108.1	1.1243231759739623
142.1	110.1	1.1100943098329075
142.1	112.1	1.0934740125106852
142.1	114.1	1.080197801454954
142.1	116.1	1.0645791445584918
142.1	118.1	1.0521685468241795
144.1	0.1	6.34679754160812
144.1	2.1	6.401721726632171
144.1	4.1	6.453361100028826
144.1	6.1	6.50083991227971
144.1	8.1	6.54282746374513
144.1	10.1	6.577152559260952
144.1	12.1	6.599925511585985
144.1	14.1	6.603370751706844
144.1	16.1	6.584805826160864
144.1	18.1	6.563246122746012
144.1	20.1	6.51072880530424
144.1	22.1	6.431813923154392
144.1	24.1	6.320478495584514
144.1	26.1	6.184098917135353
144.1	28.1	6.0163486947568945
144.1	30.1	5.809742007223987
144.1	32.1	5.30079216035586
144.1	34.1	4.661516930220109
144.1	36.1	4.171986319980895
144.1	38.1	3.774133223291437
144.1	40.1	3.4605561147934334
144.1	42.1	3.198609485175001
144.1	44.1	2.9780070888537904
144.1	46.1	2.7808244818459706
144.1	48.1	2.6223599047892727
144.1	50.1	2.4782362511659817
144.1	52.1	2.3547043746106877
144.1	54.1	2.241191296260183
144.1	56.1	2.143588188871464
144.1	58.1	2.0530976626497077
144.1	60.1	1.9752555142051464
144.1	62.1	1.9025343414737959
144.1	64.1	1.834465824493027
144.1	66.1	1.7760273321640996
144.1	68.1	1.7209782098501083
144.1	70.1	1.6690475922489156
144.1	72.1	1.6199784249457694
144.1	74.1	1.5781331944759232
144.1	76.1	1.5339611906869428
144.1	78.1	1.4963284451038452
144.1	80.1	1.4604969789070605
144.1	82.1	1.4263394721050509
144.1	84.1	1.3976613621883467
144.1	86.1	1.3664151194000538
144.1	88.1	1.340230199153388
144.1	90.1	1.311520906688714
144.1	92.1	1.2875301216835937
144.1	94.1	1.2644865481379859
144.1	96.1	1.2423365925939063
144.1	98.1	1.2210289639179386
144.1	100.1	1.2005146039649883
144.1	102.1	1.1807466797347685
144.1	104.1	1.1616806192009432
144.1	106.1	1.1463205975085633
144.1	108.1	1.1285022627973615
144.1	110.1	1.1112711988547266
144.1	112.1	1.09749820210805
144.1	114.1	1.0813214364300525
144.1	116.1	1.0684554932687296
144.1	118.1	1.0559769064023325
146.1	0.1	6.423795152098295
146.1	2.1	6.477671106746669
146.1	4.1	6.528037305677134
146.1	6.1	6.573913169107753
146.1	8.1	6.613783323498453
146.1	10.1	6.645120286521734
146.1	12.1	6.663270472359263
146.1	14.1	6.6587571151234295
146.1	16.1	6.640863417883951
146.1	18.1	6.612396909699796
146.1	20.1	6.54952159807306
146.1	22.1	6.466156508038539
146.1	24.1	6.348249010791462
146.1	26.1	6.204153674986216
146.1	28.1	6.028934705450754
146.1	30.1	5.812665115060354
146.1	32.1	5.195665706613014
146.1	34.1	4.581882692696759
146.1	36.1	4.109436864557859
146.1	38.1	3.7395616152625726
146.1	40.1	3.432768457275211
146.1	42.1	3.1759029722098537
146.1	44.1	2.959159306689049
146.1	46.1	2.77512285482863
146.1	48.1	2.60890431719469
146.1	50.1	2.475182790782103
146.1	52.1	2.352550769926168
146.1	54.1	2.2397920594297687
146.1	56.1	2.142749139373324
146.1	58.1	2.0527286637588547
146.1	60.1	1.975236277464053
146.1	62.1	1.9028095580855582
146.1	64.1	1.834983260862571
146.1	66.1	1.776728317981594
146.1	68.1	1.7218317135038856
146.1	70.1	1.670023324900733
146.1	72.1	1.6258038362256955
146.1	74.1	1.5792840430409036
146.1	76.1	1.5396039918710183
146.1	78.1	1.5018657832586377
146.1	80.1	1.4659341450925343
146.1	82.1	1.431680361827548
146.1	84.1	1.398982568273421
146.1	86.1	1.3715475007111433
146.1	88.1	1.341559814859581
146.1	90.1	1.3164610101112058
146.1	92.1	1.2923703404286526
146.1	94.1	1.2692310913085147
146.1	96.1	1.2469890279216593
146.1	98.1	1.2255922641125065
146.1	100.1	1.2049912066850885
146.1	102.1	1.1851385584095755
146.1	104.1	1.1659893610537457
146.1	106.1	1.1475010591347872
146.1	108.1	1.132648549142945
146.1	110.1	1.1153389608447035
146.1	112.1	1.101491186349948
146.1	114.1	1.085238099067109
146.1	116.1	1.0723019325790426
146.1	118.1	1.059755832482063
148.1	0.1	6.500450490171777
148.1	2.1	6.553220868158545
148.1	4.1	6.602232028674058
148.1	6.1	6.646381649865213
148.1	8.1	6.683935205526892
148.1	10.1	6.711931323725211
148.1	12.1	6.724765837395466
148.1	14.1	6.711003763533204
148.1	16.1	6.695336179412094
148.1	18.1	6.659171549455672
148.1	20.1	6.590160221214307
148.1	22.1	6.498069974441741
148.1	24.1	6.374244090268977
148.1	26.1	6.223186042481107
148.1	28.1	6.0397038522222255
148.1	30.1	5.813190856782605
148.1	32.1	5.096791208381592
148.1	34.1	4.527341238140241
148.1	36.1	4.067555283133388
148.1	38.1	3.691078768497393
148.1	40.1	3.4060113690012077
148.1	42.1	3.1539774336340956
148.1	44.1	2.940909216729756
148.1	46.1	2.759706804040768
148.1	48.1	2.604901928652856
148.1	50.1	2.463816268498116
148.1	52.1	2.342640155758155
148.1	54.1	2.238434301064198
148.1	56.1	2.141936952067873
148.1	58.1	2.052373896044817
148.1	60.1	1.9752210509408155
148.1	62.1	1.9030797412045461
148.1	64.1	1.8410874779835262
148.1	66.1	1.7774093473523993
148.1	68.1	1.722658817080309
148.1	70.1	1.670967117611867
148.1	72.1	1.6268459011009826
148.1	74.1	1.5803925736056088
148.1	76.1	1.5407730242533455
148.1	78.1	1.50307978493271
148.1	80.1	1.4671777135456248
148.1	82.1	1.4329387061776562
148.1	84.1	1.4041769121217684
148.1	86.1	1.3728314903145364
148.1	88.1	1.3465571283945907
148.1	90.1	1.3213557415701906
148.1	92.1	1.293639443295742
148.1	94.1	1.2704941674263774
148.1	96.1	1.2482391296215585
148.1	98.1	1.226822481694315
148.1	100.1	1.206194869713708
148.1	102.1	1.1894949530086958
148.1	104.1	1.1702637726519203
148.1	106.1	1.1516946591976944
148.1	108.1	1.1367624336115203
148.1	110.1	1.1193751807735577
148.1	112.1	1.1054533343190385
148.1	114.1	1.089124646907529
148.1	116.1	1.0761188090112397
148.1	118.1	1.0635056642196439
150.1	0.1	6.576749312584488
150.1	2.1	6.6283509473247815
150.1	4.1	6.675915733698698
150.1	6.1	6.718199246613341
150.1	8.1	6.753205287918692
150.1	10.1	6.777440791377255
150.1	12.1	6.784122193879472
150.1	14.1	6.765351805460978
150.1	16.1	6.74806193789448
150.1	18.1	6.703353583696029
150.1	20.1	6.629100199238287
150.1	22.1	6.527575468215906
150.1	24.1	6.398427293915639
150.1	26.1	6.24045969412994
150.1	28.1	6.0483856402664635
150.1	30.1	5.750335885332257
150.1	32.1	5.0036270069169415
150.1	34.1	4.455138155778154
150.1	36.1	4.010283259647632
150.1	38.1	3.659571613850152
150.1	40.1	3.3670580187735486
150.1	42.1	3.13279324882251
150.1	44.1	2.9232289633708697
150.1	46.1	2.7447309634160573
150.1	48.1	2.5920432035510417
150.1	50.1	2.461040345055447
150.1	52.1	2.34069860264141
150.1	54.1	2.2371165036036573
150.1	56.1	2.1411506231280737
150.1	58.1	2.052032794028027
150.1	60.1	1.9752096334150233
150.1	62.1	1.9033450277238266
150.1	64.1	1.8415620014091107
150.1	66.1	1.7780711930386346
150.1	68.1	1.7234606208225898
150.1	70.1	1.6768088630944407
150.1	72.1	1.627851148726955
150.1	74.1	1.58604865954391
150.1	76.1	1.5463221354484329
150.1	78.1	1.504244226175932
150.1	80.1	1.4725295388298236
150.1	82.1	1.4381974228001362
150.1	84.1	1.405409634519671
150.1	86.1	1.3778874879810337
150.1	88.1	1.3477911049567008
150.1	90.1	1.3225969826863664
150.1	92.1	1.29840906063022
150.1	94.1	1.27516962281891
150.1	96.1	1.2528236718758663
150.1	98.1	1.2313188183749817
150.1	100.1	1.2106052318550717
150.1	102.1	1.190635636211042
150.1	104.1	1.1745042794609615
150.1	106.1	1.1558553799464335
150.1	108.1	1.1408443078717085
150.1	110.1	1.1233802349818542
150.1	112.1	1.1093850090120068
150.1	114.1	1.0929814306666978
150.1	116.1	1.079906463658471
150.1	118.1	1.0672267355767573
152.1	0.1	6.652675966411751
152.1	2.1	6.703039070156048
152.1	4.1	6.749055181026881
152.1	6.1	6.789313116783812
152.1	8.1	6.821502271537934
152.1	10.1	6.841474592473307
152.1	12.1	6.841002688098083
152.1	14.1	6.822330099398164
152.1	16.1	6.798859101675169
152.1	18.1	6.7447683971284995
152.1	20.1	6.665866267122255
152.1	22.1	6.555124971678681
152.1	24.1	6.420786623255591
152.1	26.1	6.255905563220252
152.1	28.1	6.054903687306188
152.1	30.1	5.631961578415499
152.1	32.1	4.915692259761958
152.1	34.1	4.386593306435381
152.1	36.1	3.972304855029273
152.1	38.1	3.629269823767754
152.1	40.1	3.342477133869583
152.1	42.1	3.112313432973973
152.1	44.1	2.906092388540113
152.1	46.1	2.7397950787468366
152.1	48.1	2.5883833855335396
152.1	50.1	2.4501180284768274
152.1	52.1	2.338811038789254
152.1	54.1	2.2286408897533696
152.1	56.1	2.1335995978214304
152.1	58.1	2.051704818270685
152.1	60.1	1.975201833970441
152.1	62.1	1.9036055496149527
152.1	64.1	1.842024206316194
152.1	66.1	1.7787145900719792
152.1	68.1	1.7293471910031393
152.1	70.1	1.677694594908548
152.1	72.1	1.6288213275155663
152.1	74.1	1.5870902748995654
152.1	76.1	1.5474199428188908
152.1	78.1	1.50966658519607
152.1	80.1	1.4736939455048268
152.1	82.1	1.439373379850562
152.1	84.1	1.4105260785377427
152.1	86.1	1.3790814754015746
152.1	88.1	1.3527151422805193
152.1	90.1	1.3274206308029068
152.1	92.1	1.3031366489662284
152.1	94.1	1.2798048416820436
152.1	96.1	1.257369617380932
152.1	98.1	1.2357780501558981
152.1	100.1	1.2149798410839212
152.1	102.1	1.1949273206020723
152.1	104.1	1.1787112992458275
152.1	106.1	1.1599836219433368
152.1	108.1	1.1418793567180292
152.1	110.1	1.1273544934641648
152.1	112.1	1.1132865674771526
152.1	114.1	1.0968087954419734
152.1	116.1	1.0836652322968572
152.1	118.1	1.0681361253677246
154.1	0.1	6.728213211530422
154.1	2.1	6.777260432394574
154.1	4.1	6.821612806217464
154.1	6.1	6.859662369571239
154.1	8.1	6.888718371956409
154.1	10.1	6.903823225250427
154.1	12.1	6.895042131200391
154.1	14.1	6.877868416232637
154.1	16.1	6.847529153125046
154.1	18.1	6.7833482633982936
154.1	20.1	6.700354007701152
154.1	22.1	6.583252717817912
154.1	24.1	6.441344977886426
154.1	26.1	6.269465309861446
154.1	28.1	6.0592264513381275
154.1	30.1	5.520808633092351
154.1	32.1	4.854959028961761
154.1	34.1	4.3402691603343095
154.1	36.1	3.919648869487782
154.1	38.1	3.6001058510232826
154.1	40.1	3.3187581853456076
154.1	42.1	3.0925034214933174
154.1	44.1	2.8998132864347683
154.1	46.1	2.7255257673028783
154.1	48.1	2.576077446885093
154.1	50.1	2.4475961666733963
154.1	52.1	2.3293797136827488
154.1	54.1	2.227470809255774
154.1	56.1	2.1329201627540773
154.1	58.1	2.0513894539869257
154.1	60.1	1.9751974714092895
154.1	62.1	1.9038614341472597
154.1	64.1	1.842474533118914
154.1	66.1	1.7846482081315729
154.1	68.1	1.730096843670306
154.1	70.1	1.6785508838117966
154.1	72.1	1.6344906173760354
154.1	74.1	1.5880933021153638
154.1	76.1	1.5484744951366947
154.1	78.1	1.5107579342194624
154.1	80.1	1.4789630493574546
154.1	82.1	1.4445523395317708
154.1	84.1	1.411674464791599
154.1	86.1	1.3840631206632057
154.1	88.1	1.3575936357410943
154.1	90.1	1.328566762240157
154.1	92.1	1.304279125604586
154.1	94.1	1.280937067136015
154.1	96.1	1.2584850205911349
154.1	98.1	1.2402006391495493
154.1	100.1	1.2193191419664289
154.1	102.1	1.1991849019034535
154.1	104.1	1.1797526017729254
154.1	106.1	1.1640797787133559
154.1	108.1	1.1458984091332167
154.1	110.1	1.1312983200167803
154.1	112.1	1.114236683269756
154.1	114.1	1.1006070808339066
154.1	116.1	1.087395445494031
154.1	118.1	1.0717939558540202
156.1	0.1	6.803342013401321
156.1	2.1	6.850987319807785
156.1	4.1	6.893545967429188
156.1	6.1	6.92917643842227
156.1	8.1	6.954725591577178
156.1	10.1	6.964235789149232
156.1	12.1	6.945911771595626
156.1	14.1	6.93182730225834
156.1	16.1	6.893864670637635
156.1	18.1	6.824178047941036
156.1	20.1	6.7325008150151175
156.1	22.1	6.60967656097146
156.1	24.1	6.460810148345685
156.1	26.1	6.281205678400587
156.1	28.1	6.061688904419593
156.1	30.1	5.4162360403675684
156.1	32.1	4.7754049662409015
156.1	34.1	4.277657634393553
156.1	36.1	3.8850751978497504
156.1	38.1	3.558147600216613
156.1	40.1	3.2958566954036455
156.1	42.1	3.073330875198991
156.1	44.1	2.883538577700953
156.1	46.1	2.7116468827616727
156.1	48.1	2.5640762687977383
156.1	50.1	2.4370886501185924
156.1	52.1	2.327681024198173
156.1	54.1	2.226334942422837
156.1	56.1	2.1322626650686036
156.1	58.1	2.051086209737852
156.1	60.1	1.9751963737037868
156.1	62.1	1.9041128040955333
156.1	64.1	1.8429134023397606
156.1	66.1	1.785245155361577
156.1	68.1	1.7308230728984413
156.1	70.1	1.6793790290747843
156.1	72.1	1.6354008870180214
156.1	74.1	1.593628300837711
156.1	76.1	1.5539080177406477
156.1	78.1	1.516094862719113
156.1	80.1	1.4800516966980695
156.1	82.1	1.4456495704897072
156.1	84.1	1.4167151743636286
156.1	86.1	1.385171537637437
156.1	88.1	1.358711119971795
156.1	90.1	1.333321043971054
156.1	92.1	1.3089390294429295
156.1	94.1	1.285505957558134
156.1	96.1	1.2629657164012076
156.1	98.1	1.2412651097607559
156.1	100.1	1.2236235707624554
156.1	102.1	1.2034087992034987
156.1	104.1	1.1838971186298108
156.1	106.1	1.1681442369138004
156.1	108.1	1.1498866469447673
156.1	110.1	1.1352120723807988
156.1	112.1	1.1180763294286495
156.1	114.1	1.104376621063895
156.1	116.1	1.0910974287147224
156.1	118.1	1.0754241529130093
158.1	0.1	6.878041300175318
158.1	2.1	6.924188654643863
158.1	4.1	6.964806027407081
158.1	6.1	6.997773059600234
158.1	8.1	7.019371189336382
158.1	10.1	7.022416924410387
158.1	12.1	7.003197828429552
158.1	14.1	6.984049765698723
158.1	16.1	6.937667550214829
158.1	18.1	6.86309532314247
158.1	20.1	6.762316173667288
158.1	22.1	6.634357130288278
158.1	24.1	6.47879835446693
158.1	26.1	6.291118923353633
158.1	28.1	6.061760398441984
158.1	30.1	5.292563234687443
158.1	32.1	4.6999816326424115
158.1	34.1	4.218000971653255
158.1	36.1	3.8518340009031165
158.1	38.1	3.5313956954030843
158.1	40.1	3.2737311923069137
158.1	42.1	3.0547655040469235
158.1	44.1	2.8677419770895582
158.1	46.1	2.7073730990214244
158.1	48.1	2.5609378986033615
158.1	50.1	2.4347997707174347
158.1	52.1	2.318559286785685
158.1	54.1	2.2182006866596193
158.1	56.1	2.1316263057209683
158.1	58.1	2.050794616205578
158.1	60.1	1.9751983774823072
158.1	62.1	1.904359777936768
158.1	64.1	1.8433412156900544
158.1	66.1	1.7858249755724676
158.1	68.1	1.7315268460450444
158.1	70.1	1.6850613712416187
158.1	72.1	1.6362789803952835
158.1	74.1	1.5945687718077683
158.1	76.1	1.5548961563596415
158.1	78.1	1.5171161724049544
158.1	80.1	1.4810923269473497
158.1	82.1	1.4507510861709878
158.1	84.1	1.4177831384002861
158.1	86.1	1.3900807930510009
158.1	88.1	1.3635195897120775
158.1	90.1	1.338033180377499
158.1	92.1	1.3135586422645515
158.1	94.1	1.290036258082824
158.1	96.1	1.2674093737685774
158.1	98.1	1.2456243172037365
158.1	100.1	1.2246303600018016
158.1	102.1	1.207599424001863
158.1	104.1	1.1880094190864834
158.1	106.1	1.1690805851035428
158.1	108.1	1.1538444351976016
158.1	110.1	1.1390961023807726
158.1	112.1	1.1218869782567205
158.1	114.1	1.1081177450884112
158.1	116.1	1.094771502423482
158.1	118.1	1.0790270285349053
160.1	0.1	6.952287676741449
160.1	2.1	6.99682945131921
160.1	4.1	7.0353372284653375
160.1	6.1	7.065355762284213
160.1	8.1	7.082472411182065
160.1	10.1	7.078033605296792
160.1	12.1	7.059672622193084
160.1	14.1	7.0343615763017615
160.1	16.1	6.978784391625076
160.1	18.1	6.8999145027408675
160.1	20.1	6.789920048789865
160.1	22.1	6.657274510846087
160.1	24.1	6.495048182835272
160.1	26.1	6.2990109476716825
160.1	28.1	5.969272124641973
160.1	30.1	5.200553193300579
160.1	32.1	4.628375419637925
160.1	34.1	4.178245794294634
160.1	36.1	3.804893963135266
160.1	38.1	3.5055927379199896
160.1	40.1	3.252342960733202
160.1	42.1	3.0367789073491567
160.1	44.1	2.852402828800462
160.1	46.1	2.6941180783810896
160.1	48.1	2.5494295131835703
160.1	50.1	2.424680296417271
160.1	52.1	2.3170344259920777
160.1	54.1	2.2171974026188734
160.1	56.1	2.131010320269868
160.1	58.1	2.0442439630988107
160.1	60.1	1.9752033275477272
160.1	62.1	1.9046024700366655
160.1	64.1	1.8437583570820961
160.1	66.1	1.7863883235691886
160.1	68.1	1.7322090804086454
160.1	70.1	1.6858361617111186
160.1	72.1	1.637126395888738
160.1	74.1	1.595474032061516
160.1	76.1	1.5558450801024581
160.1	78.1	1.5223703391746872
160.1	80.1	1.4862566970242193
160.1	82.1	1.4517730599278431
160.1	84.1	1.422750195634721
160.1	86.1	1.3949442375853331
160.1	88.1	1.3645515543397209
160.1	90.1	1.3390639342958846
160.1	92.1	1.314581853507986
160.1	94.1	1.2910456073309766
160.1	96.1	1.271816443594297
160.1	98.1	1.2499483303779901
160.1	100.1	1.22887297313932
160.1	102.1	1.2085422600196747
160.1	104.1	1.1920898912705613
160.1	106.1	1.1730845161768257
160.1	108.1	1.157772132788302
160.1	110.1	1.1399521141660578
160.1	112.1	1.1256689636223718
160.1	114.1	1.1118307767099411
160.1	116.1	1.0984179821846654
160.1	118.1	1.0826028900048892
162.1	0.1	7.026055086563283
162.1	2.1	7.068870159894169
162.1	4.1	7.105075308208419
162.1	6.1	7.131810768467897
162.1	8.1	7.143810953638524
162.1	10.1	7.13074739521261
162.1	12.1	7.114710166186117
162.1	14.1	7.08257441486249
162.1	16.1	7.017379901514896
162.1	18.1	6.934537197342284
162.1	20.1	6.818172382848093
162.1	22.1	6.678436762635796
162.1	24.1	6.509503425107243
162.1	26.1	6.3048210470869295
162.1	28.1	5.852928499511284
162.1	30.1	5.113528021817765
162.1	32.1	4.560303681649459
162.1	34.1	4.123402338631432
162.1	36.1	3.774476192867466
162.1	38.1	3.4806893726608474
162.1	40.1	3.2316558165967155
162.1	42.1	3.0193444287141378
162.1	44.1	2.837501644560523
162.1	46.1	2.681211193615257
162.1	48.1	2.5465623325727216
162.1	50.1	2.4226054255444756
162.1	52.1	2.3155510451727226
162.1	54.1	2.2162234189251
162.1	56.1	2.1238593070969642
162.1	58.1	2.0440178604638213
162.1	60.1	1.9752110764257167
162.1	62.1	1.904840990826512
162.1	64.1	1.8441651935779062
162.1	66.1	1.786935822856426
162.1	68.1	1.7328706463387036
162.1	70.1	1.6865849923275238
162.1	72.1	1.6426472110877517
162.1	74.1	1.600893044062682
162.1	76.1	1.561167475252519
162.1	78.1	1.523324510857446
162.1	80.1	1.4872271727808601
162.1	82.1	1.456799347089319
162.1	84.1	1.4237414337052698
162.1	86.1	1.395946565056674
162.1	88.1	1.3692917429643008
162.1	90.1	1.34370963202309
162.1	92.1	1.319136535978362
162.1	94.1	1.2955121959214588
162.1	96.1	1.2727796546816854
162.1	98.1	1.2508851701719896
162.1	100.1	1.233082063295027
162.1	102.1	1.2126724151130928
162.1	104.1	1.1961389165279896
162.1	106.1	1.1770579260104488
162.1	108.1	1.1616700926073158
162.1	110.1	1.1437767173167794
162.1	112.1	1.1294226140571935
162.1	114.1	1.1155160346847575
162.1	116.1	1.0991683880865653
162.1	118.1	1.0861520399936033
164.1	0.1	7.099314409910348
164.1	2.1	7.140265870324645
164.1	4.1	7.17394579158662
164.1	6.1	7.197003217753577
164.1	8.1	7.20312865345866
164.1	10.1	7.183553393785113
164.1	12.1	7.168174664994907
164.1	14.1	7.128494480603559
164.1	16.1	7.058194297071173
164.1	18.1	6.966901492909434
164.1	20.1	6.844994389275693
164.1	22.1	6.698188386490622
164.1	24.1	6.522121637296838
164.1	26.1	6.308651166791717
164.1	28.1	5.71629902483824
164.1	30.1	5.03109347953286
164.1	32.1	4.495511006818221
164.1	34.1	4.070981129906864
164.1	36.1	3.7309398774644897
164.1	38.1	3.4439535019174854
164.1	40.1	3.2116359035856417
164.1	42.1	3.0024370241501224
164.1	44.1	2.8230200226064004
164.1	46.1	2.6686393011249874
164.1	48.1	2.5355127516338327
164.1	50.1	2.4128495868700948
164.1	52.1	2.3068407762410623
164.1	54.1	2.2084055847989
164.1	56.1	2.123335094604702
164.1	58.1	2.043801417522251
164.1	60.1	1.9693082555982018
164.1	62.1	1.9050754469709896
164.1	64.1	1.8445620762790735
164.1	66.1	1.787468067430873
164.1	68.1	1.7385392027435782
164.1	70.1	1.6873089935504957
164.1	72.1	1.6434396439722592
164.1	74.1	1.6017397478837396
164.1	76.1	1.5620543830220404
164.1	78.1	1.5242380612591349
164.1	80.1	1.4923144020158448
164.1	82.1	1.4577493522108569
164.1	84.1	1.4286368412707997
164.1	86.1	1.400740897483657
164.1	88.1	1.3739895800449191
164.1	90.1	1.3483149021903582
164.1	92.1	1.3236525601471927
164.1	94.1	1.2999417431147746
164.1	96.1	1.2771250073570384
164.1	98.1	1.2551481963517874
164.1	100.1	1.2372580348135243
164.1	102.1	1.2167705586144193
164.1	104.1	1.196984507758316
164.1	106.1	1.1810011747529376
164.1	108.1	1.165538661676824
164.1	110.1	1.1475726853145973
164.1	112.1	1.1331482528715973
164.1	114.1	1.1191738328276524
164.1	116.1	1.1027559852619755
164.1	118.1	1.0896747766454187
166.1	0.1	7.17203298426062
166.1	2.1	7.210965343541293
166.1	4.1	7.241861882616464
166.1	6.1	7.2607727123235195
166.1	8.1	7.260128266922657
166.1	10.1	7.240857287479399
166.1	12.1	7.21991433808958
166.1	14.1	7.171940793168455
166.1	16.1	7.097090362492363
166.1	18.1	6.997007774032707
166.1	20.1	6.870138613577991
166.1	22.1	6.716835401033232
166.1	24.1	6.533104266888176
166.1	26.1	6.310618181000739
166.1	28.1	5.61416515462725
166.1	30.1	4.952895825377316
166.1	32.1	4.433766014082208
166.1	34.1	4.036555422118648
166.1	36.1	3.7030176901008724
166.1	38.1	3.420982532443218
166.1	40.1	3.1922515090110464
166.1	42.1	2.9860331419588775
166.1	44.1	2.8183956004797195
166.1	46.1	2.665159579603055
166.1	48.1	2.5328946014346463
166.1	50.1	2.4109716061556075
166.1	52.1	2.3055131285916484
166.1	54.1	2.2075509586881723
166.1	56.1	2.122828144956772
166.1	58.1	2.043594262284793
166.1	60.1	1.969354917717479
166.1	62.1	1.9053059415274713
166.1	64.1	1.8449493411618656
166.1	66.1	1.7879856234544136
166.1	68.1	1.7391542139418832
166.1	70.1	1.6880092341350978
166.1	72.1	1.6442039089718965
166.1	74.1	1.6025543043940613
166.1	76.1	1.5629057094949985
166.1	78.1	1.5293882519377278
166.1	80.1	1.49321766745465
166.1	82.1	1.4627025342308146
166.1	84.1	1.4295548465963885
166.1	86.1	1.4016661844549858
166.1	88.1	1.3749161809367185
166.1	90.1	1.3492366769474522
166.1	92.1	1.3245633682608615
166.1	94.1	1.3008356125847975
166.1	96.1	1.2814352139929592
166.1	98.1	1.2593773948381397
166.1	100.1	1.2381099809904332
166.1	102.1	1.220837072723309
166.1	104.1	1.2009750706601545
166.1	106.1	1.1849146164722981
166.1	108.1	1.1663083171245576
166.1	110.1	1.1513403470089982
166.1	112.1	1.1368461982670717
166.1	114.1	1.1228044801137413
166.1	116.1	1.1063170223020753
166.1	118.1	1.0931713936645475
168.1	0.1	7.244174029078709
168.1	2.1	7.280909826980181
168.1	4.1	7.308721870815529
168.1	6.1	7.32292841067183
168.1	8.1	7.314488294239201
168.1	10.1	7.296845352054798
168.1	12.1	7.269762229130849
168.1	14.1	7.212779215340811
168.1	16.1	7.133959046960088
168.1	18.1	7.024951623104801
168.1	20.1	6.893579654419388
168.1	22.1	6.73382482455023
168.1	24.1	6.542223309468532
168.1	26.1	6.310274210681275
168.1	28.1	5.4929333634972775
168.1	30.1	4.878616747759546
168.1	32.1	4.392421201142591
168.1	34.1	3.988092981104783
168.1	36.1	3.6625144977887514
168.1	38.1	3.39877115752336
168.1	40.1	3.1734728968621635
168.1	42.1	2.9701106132081283
168.1	44.1	2.804572807673016
168.1	46.1	2.6531183573297366
168.1	48.1	2.522272997007774
168.1	50.1	2.4015570902510848
168.1	52.1	2.297072082118415
168.1	54.1	2.206721416953213
168.1	56.1	2.1223378466610323
168.1	58.1	2.0433960389643446
168.1	60.1	1.9694036058884237
168.1	62.1	1.9055325740972964
168.1	64.1	1.8453273098614387
168.1	66.1	1.7884890308171542
168.1	68.1	1.7397500841346296
168.1	70.1	1.6935153764488495
168.1	72.1	1.649608131693203
168.1	74.1	1.6078621118891514
168.1	76.1	1.568121209597242
168.1	78.1	1.5302392762264365
168.1	80.1	1.4982300092052119
168.1	82.1	1.4635836900802237
168.1	84.1	1.434380531374989
168.1	86.1	1.4063931732624977
168.1	88.1	1.3795486769824101
168.1	90.1	1.3537782644731657
168.1	92.1	1.3290170645703352
168.1	94.1	1.30520392975471
168.1	96.1	1.2822813057352032
168.1	98.1	1.2635731690920207
168.1	100.1	1.242227325335825
168.1	102.1	1.2248723329536813
168.1	104.1	1.2049353505957061
168.1	106.1	1.188798599295921
168.1	108.1	1.1701196875298043
168.1	110.1	1.1550800259597396
168.1	112.1	1.1405167634451867
168.1	114.1	1.1234726978301848
168.1	116.1	1.1098517947013689
168.1	118.1	1.0966421803990702
170.1	0.1	7.315695952693319
170.1	2.1	7.350031602426106
170.1	4.1	7.374405973261897
170.1	6.1	7.383244484314505
170.1	8.1	7.36591030100786
170.1	10.1	7.351399738108861
170.1	12.1	7.317539916066482
170.1	14.1	7.251473861056967
170.1	16.1	7.16870751744586
170.1	18.1	7.053016632242678
170.1	20.1	6.915314642345252
170.1	22.1	6.749102736361715
170.1	24.1	6.54938766083187
170.1	26.1	6.189875456774321
170.1	28.1	5.402597798479368
170.1	30.1	4.807969037472586
170.1	32.1	4.335620808555772
170.1	34.1	3.9565459067128055
170.1	36.1	3.636808338421683
170.1	38.1	3.3772825188578133
170.1	40.1	3.1552721562213786
170.1	42.1	2.9546485517113856
170.1	44.1	2.7911232433216018
170.1	46.1	2.641377777241094
170.1	48.1	2.5118930622134856
170.1	50.1	2.399860521312004
170.1	52.1	2.295888260656815
170.1	54.1	2.2059161059796293
170.1	56.1	2.1154800439670947
170.1	58.1	2.043206407165422
170.1	60.1	1.9694542057671383
170.1	62.1	1.905755440969492
170.1	64.1	1.8456962904086756
170.1	66.1	1.794142664382097
170.1	68.1	1.7403275818159016
170.1	70.1	1.6941673086391016
170.1	72.1	1.6503207977456917
170.1	74.1	1.6086217883658842
170.1	76.1	1.5689145475035997
170.1	78.1	1.5353124465470271
170.1	80.1	1.4990688635403449
170.1	82.1	1.4684658032304758
170.1	84.1	1.4391613940624473
170.1	86.1	1.4072451073018406
170.1	88.1	1.3803986575945215
170.1	90.1	1.3546204283916885
170.1	92.1	1.3334336384724481
170.1	94.1	1.3095366635704846
170.1	96.1	1.286532131642204
170.1	98.1	1.2643656333535398
170.1	100.1	1.2463128043144323
170.1	102.1	1.2256340818513187
170.1	104.1	1.2088657026323517
170.1	106.1	1.1895154424476342
170.1	108.1	1.1739027309796393
170.1	110.1	1.1587920405526286
170.1	112.1	1.144160256713473
170.1	114.1	1.1270469267189929
170.1	116.1	1.1133605935149373
170.1	118.1	1.1000874219229448
172.1	0.1	7.386551513438861
172.1	2.1	7.418252203807191
172.1	4.1	7.438772576798142
172.1	6.1	7.4414581140688805
172.1	8.1	7.421510399182545
172.1	10.1	7.404388373664138
172.1	12.1	7.363066563614549
172.1	14.1	7.292209119443437
172.1	16.1	7.201274929302814
172.1	18.1	7.080209021354676
172.1	20.1	6.935371680921694
172.1	22.1	6.762626008530818
172.1	24.1	6.554550993431381
172.1	26.1	6.048602416030832
172.1	28.1	5.316953871704211
172.1	30.1	4.740692879647584
172.1	32.1	4.281322123236548
172.1	34.1	3.911596186201627
172.1	36.1	3.611969202298462
172.1	38.1	3.344796044880903
172.1	40.1	3.1269714140210887
172.1	42.1	2.939627262566066
172.1	44.1	2.7780320748316907
172.1	46.1	2.6383747175523857
172.1	48.1	2.5096622543098377
172.1	50.1	2.398206657448151
172.1	52.1	2.294736340789245
172.1	54.1	2.1984758199844325
172.1	56.1	2.1150711547465173
172.1	58.1	2.0430250411197632
172.1	60.1	1.969506608699633
172.1	62.1	1.905974635257381
172.1	64.1	1.8460565779229086
172.1	66.1	1.7946054251220942
172.1	68.1	1.7408874371491656
172.1	70.1	1.6947973137152224
172.1	72.1	1.6510075911375457
172.1	74.1	1.609352100540606
172.1	76.1	1.5740505241001779
172.1	78.1	1.5361034796502373
172.1	80.1	1.504008473317542
172.1	82.1	1.469281070295451
172.1	84.1	1.4399864241839515
172.1	86.1	1.41190646255347
172.1	88.1	1.3849674004962642
172.1	90.1	1.3590998243687387
172.1	92.1	1.3342384468773176
172.1	94.1	1.3103219224446498
172.1	96.1	1.2907491709169951
172.1	98.1	1.2685035933987248
172.1	100.1	1.2503667934570801
172.1	102.1	1.2296127605504628
172.1	104.1	1.212766475836712
172.1	106.1	1.1933435301468256
172.1	108.1	1.1776577716894485
172.1	110.1	1.1624767041119248
172.1	112.1	1.1447810605616262
172.1	114.1	1.1305949931408732
172.1	116.1	1.1168437054451752
172.1	118.1	1.1035073991160629
174.1	0.1	7.456686800476648
174.1	2.1	7.485480234444485
174.1	4.1	7.501653979298127
174.1	6.1	7.497275172392781
174.1	8.1	7.4783418876362
174.1	10.1	7.455664692408103
174.1	12.1	7.4061771402748136
174.1	14.1	7.3310853255552155
174.1	16.1	7.231654568273416
174.1	18.1	7.105785839212162
174.1	20.1	6.954602806603913
174.1	22.1	6.774450762056031
174.1	24.1	6.557953939870121
174.1	26.1	5.942632047664627
174.1	28.1	5.2138298459576555
174.1	30.1	4.658055091514677
174.1	32.1	4.229363417776916
174.1	34.1	3.8684407626040653
174.1	36.1	3.5752901422019185
174.1	38.1	3.3248792709930344
174.1	40.1	3.110032403775356
174.1	42.1	2.9250281584075326
174.1	44.1	2.7652852413317177
174.1	46.1	2.627108073266399
174.1	48.1	2.4996676543259415
174.1	50.1	2.3892377030448597
174.1	52.1	2.2866517510331805
174.1	54.1	2.1977754873127093
174.1	56.1	2.1146763287778323
174.1	58.1	2.036837856354021
174.1	60.1	1.9695607114177323
174.1	62.1	1.90619024702848
174.1	64.1	1.8464084552635325
174.1	66.1	1.7950550609254903
174.1	68.1	1.746377887019404
174.1	70.1	1.69540632532647
174.1	72.1	1.6516696918127527
174.1	74.1	1.6145531937387465
174.1	76.1	1.5747881996786977
174.1	78.1	1.53685955641139
174.1	80.1	1.5047855792464828
174.1	82.1	1.474094068402274
174.1	84.1	1.4447007263593576
174.1	86.1	1.4165263966763175
174.1	88.1	1.3894966582458788
174.1	90.1	1.363541513666545
174.1	92.1	1.3385951539982799
174.1	94.1	1.314595781380685
174.1	96.1	1.2914854711978558
174.1	98.1	1.2726093976075146
174.1	100.1	1.2510753375062194
174.1	102.1	1.233561339407359
174.1	104.1	1.2134335933810632
174.1	106.1	1.1971432227093055
174.1	108.1	1.1813851286406496
174.1	110.1	1.1661343250094904
174.1	112.1	1.1483696923126632
174.1	114.1	1.1341171866718711
174.1	116.1	1.120301412926309
174.1	118.1	1.1069023887424136
176.1	0.1	7.526039991840324
176.1	2.1	7.551608713499098
176.1	4.1	7.562852070280403
176.1	6.1	7.550394624278315
176.1	8.1	7.533859222198299
176.1	10.1	7.5050688963358265
176.1	12.1	7.4467549849088455
176.1	14.1	7.368000262328046
176.1	16.1	7.259922148739331
176.1	18.1	7.129717977235301
176.1	20.1	6.9722756296081245
176.1	22.1	6.784670789642257
176.1	24.1	6.559465487750987
176.1	26.1	5.817089960837581
176.1	28.1	5.1373528890275555
176.1	30.1	4.597438890916336
176.1	32.1	4.179596611095918
176.1	34.1	3.8407797744866508
176.1	36.1	3.5523327185852165
176.1	38.1	3.3055793270067966
176.1	40.1	3.093590879239941
176.1	42.1	2.920332965559049
176.1	44.1	2.761694234025979
176.1	46.1	2.616112441502039
176.1	48.1	2.4976369473550357
176.1	50.1	2.3877467687666685
176.1	52.1	2.28562935245051
176.1	54.1	2.19709589096336
176.1	56.1	2.114295075771533
176.1	58.1	2.036711863653672
176.1	60.1	1.9696164157529399
176.1	62.1	1.906402363428072
176.1	64.1	1.846752193643288
176.1	66.1	1.7954920548260935
176.1	68.1	1.7468953427806877
176.1	70.1	1.700770557449696
176.1	72.1	1.656938566772837
176.1	74.1	1.615232010455384
176.1	76.1	1.5754949373819458
176.1	78.1	1.5418353647624132
176.1	80.1	1.5096545203902112
176.1	82.1	1.4748462578907269
176.1	84.1	1.4454594317855036
176.1	86.1	1.4172858919066127
176.1	88.1	1.3902511516003684
176.1	90.1	1.364285305459796
176.1	92.1	1.3429161853791989
176.1	94.1	1.318835431477466
176.1	96.1	1.2956453548228701
176.1	98.1	1.2766834205157485
176.1	100.1	1.2550736783551035
176.1	102.1	1.23748016800639
176.1	104.1	1.2172796165896038
176.1	106.1	1.2009148451359453
176.1	108.1	1.1850851156955344
176.1	110.1	1.166710553797737
176.1	112.1	1.1519322202290982
176.1	114.1	1.137613792512647
176.1	116.1	1.1237339942067675
176.1	118.1	1.1102726635264124
178.1	0.1	7.594539838790856
178.1	2.1	7.616511904414659
178.1	4.1	7.622135186115808
178.1	6.1	7.6017039859861795
178.1	8.1	7.587947239719588
178.1	10.1	7.552432138362071
178.1	12.1	7.485561753071142
178.1	14.1	7.402866223821048
178.1	16.1	7.28779300213976
178.1	18.1	7.15199456244387
178.1	20.1	6.98831276145959
178.1	22.1	6.793052724826699
178.1	24.1	6.558739787800078
178.1	26.1	5.699002079788403
178.1	28.1	5.044363963624235
178.1	30.1	4.539514341600047
178.1	32.1	4.131885858851893
178.1	34.1	3.8005695527051744
178.1	36.1	3.5179814934932443
178.1	38.1	3.286868161698208
178.1	40.1	3.0776252839311447
178.1	42.1	2.906387564739874
178.1	44.1	2.749483909721517
178.1	46.1	2.6135277646879636
178.1	48.1	2.48800337390039
178.1	50.1	2.379071649160764
178.1	52.1	2.284634455601069
178.1	54.1	2.1899227230038427
178.1	56.1	2.113926925279897
178.1	58.1	2.036592635691858
178.1	60.1	1.9696736283670935
178.1	62.1	1.906611068796809
178.1	64.1	1.8523617913322705
178.1	66.1	1.7959168678499946
178.1	68.1	1.7473964579439274
178.1	70.1	1.701334925274917
178.1	72.1	1.657553109390846
178.1	74.1	1.6158839949809942
178.1	76.1	1.5805312833390928
178.1	78.1	1.542535452334607
178.1	80.1	1.510372411967743
178.1	82.1	1.4795920166881475
178.1	84.1	1.450108901660587
178.1	86.1	1.4218430333339138
178.1	88.1	1.3947193215293958
178.1	90.1	1.3686673168715071
178.1	92.1	1.343620974742963
178.1	94.1	1.31951846713716
178.1	96.1	1.299772735174536
178.1	98.1	1.2773416191124745
178.1	100.1	1.2590416954359198
178.1	102.1	1.238100300425482
178.1	104.1	1.2210971292958948
178.1	106.1	1.2046587171411258
178.1	108.1	1.1887580417087975
178.1	110.1	1.1703147129392453
178.1	112.1	1.1554689332561634
178.1	114.1	1.1410850915758217
178.1	116.1	1.127141723429486
178.1	118.1	1.1136184922274526
180.1	0.1	7.662103818119519
180.1	2.1	7.680041656005627
180.1	4.1	7.679239117960737
180.1	6.1	7.659288679253703
180.1	8.1	7.640477635764153
180.1	10.1	7.597585897132982
180.1	12.1	7.526222647263991
180.1	14.1	7.43562369516804
180.1	16.1	7.3153305446398
180.1	18.1	7.1726299547152745
180.1	20.1	7.002671144941895
180.1	22.1	6.799546395341387
180.1	24.1	6.41284961651144
180.1	26.1	5.58772366137914
180.1	28.1	4.975685266985894
180.1	30.1	4.484106154587696
180.1	32.1	4.0861063150409125
180.1	34.1	3.7618764700728833
180.1	36.1	3.496711828371358
180.1	38.1	3.257888988115975
180.1	40.1	3.062115287839429
180.1	42.1	2.892818466684324
180.1	44.1	2.7375824041890224
180.1	46.1	2.602957207469016
180.1	48.1	2.486157422587637
180.1	50.1	2.37773136144693
180.1	52.1	2.276878400896545
180.1	54.1	2.1893382465294167
180.1	56.1	2.1073996220468056
180.1	58.1	2.0364799140388596
180.1	60.1	1.9697322604987133
180.1	62.1	1.9068164447826763
180.1	64.1	1.85267036397046
180.1	66.1	1.7963299402113593
180.1	68.1	1.7478818791812925
180.1	70.1	1.7018799148043797
180.1	72.1	1.6581449622817117
180.1	74.1	1.6209825956559432
180.1	76.1	1.5811858783473958
180.1	78.1	1.547439409368294
180.1	80.1	1.5110551758522306
180.1	82.1	1.4802837994513187
180.1	84.1	1.4508042347082426
180.1	86.1	1.4225363340852057
180.1	88.1	1.3954050456250666
180.1	90.1	1.3730130780065606
180.1	92.1	1.3478844684512172
180.1	94.1	1.3237014781449703
180.1	96.1	1.303867984528781
180.1	98.1	1.2813607851025228
180.1	100.1	1.2629797381851966
180.1	102.1	1.241965384863317
180.1	104.1	1.2248864571722247
180.1	106.1	1.208375153269113
180.1	108.1	1.1892922495460077
180.1	110.1	1.1738927850221752
180.1	112.1	1.158980115928486
180.1	114.1	1.1445313605710123
180.1	116.1	1.1305248707102058
180.1	118.1	1.1169401397127336
182.1	0.1	7.728635891553919
182.1	2.1	7.7420234885727215
182.1	4.1	7.733878810776785
182.1	6.1	7.715662366939754
182.1	8.1	7.691309037474706
182.1	10.1	7.640379974659049
182.1	12.1	7.565080219555074
182.1	14.1	7.46626043513238
182.1	16.1	7.3413114205549075
182.1	18.1	7.192127753368663
182.1	20.1	7.015320773893062
182.1	22.1	6.804118569345973
182.1	24.1	6.275982514153846
182.1	26.1	5.5047940688618215
182.1	28.1	4.910143846260118
182.1	30.1	4.431053935221838
182.1	32.1	4.0421430410080825
182.1	34.1	3.737467326722959
182.1	36.1	3.4644645326246835
182.1	38.1	3.2404734919125624
182.1	40.1	3.047041701468826
182.1	42.1	2.879610639757176
182.1	44.1	2.7259782169083406
182.1	46.1	2.592631957744333
182.1	48.1	2.4768626455904736
182.1	50.1	2.3693335109279325
182.1	52.1	2.276000477952329
182.1	54.1	2.188771484544477
182.1	56.1	2.107102300903903
182.1	58.1	2.0363734510814755
182.1	60.1	1.9697922277240436
182.1	62.1	1.9070185704476372
182.1	64.1	1.8529714176510712
182.1	66.1	1.7967316924329708
182.1	68.1	1.7483522216750074
182.1	70.1	1.7024063437962493
182.1	72.1	1.6633078515449908
182.1	74.1	1.6215862054662353
182.1	76.1	1.5818123687317327
182.1	78.1	1.5480857316193262
182.1	80.1	1.515833750892943
182.1	82.1	1.484964120650999
182.1	84.1	1.4553905379883565
182.1	86.1	1.4270322301360747
182.1	88.1	1.3998135773437106
182.1	90.1	1.3736638120610365
182.1	92.1	1.3485167752104144
182.1	94.1	1.3278515775707822
182.1	96.1	1.3044783618261209
182.1	98.1	1.2853493491258652
182.1	100.1	1.263555328178265
182.1	102.1	1.2458017953119487
182.1	104.1	1.228647920558256
182.1	106.1	1.2088942308569595
182.1	108.1	1.1929129780126992
182.1	110.1	1.1774450589439043
182.1	112.1	1.1624660484600626
182.1	114.1	1.147952872087638
182.1	116.1	1.133883702213838
182.1	118.1	1.1202378670284154
184.1	0.1	7.794023822895797
184.1	2.1	7.802253128490929
184.1	4.1	7.785783695495621
184.1	6.1	7.770724253016562
184.1	8.1	7.740288666372726
184.1	10.1	7.680713553621121
184.1	12.1	7.60203846555618
184.1	14.1	7.494835908947182
184.1	16.1	7.365704118879459
184.1	18.1	7.210434459697988
184.1	20.1	7.026460023620629
184.1	22.1	6.807150072953656
184.1	24.1	6.147326682885022
184.1	26.1	5.404575525959115
184.1	28.1	4.829392476300811
184.1	30.1	4.380210634204032
184.1	32.1	4.013878616483892
184.1	34.1	3.7012681792197593
184.1	36.1	3.4447140863056536
184.1	38.1	3.2235652246707898
184.1	40.1	3.032386397004338
184.1	42.1	2.8667498424832214
184.1	44.1	2.7146604082180117
184.1	46.1	2.590415876906533
184.1	48.1	2.4677635839319785
184.1	50.1	2.368132685885989
184.1	52.1	2.2684632459337433
184.1	54.1	2.1882218558293807
184.1	56.1	2.106815994774381
184.1	58.1	2.0362730095084722
184.1	60.1	1.969853449731836
184.1	62.1	1.9072175223692454
184.1	64.1	1.8532651982851132
184.1	66.1	1.7971225263968733
184.1	68.1	1.7488080709444591
184.1	70.1	1.7076358994606333
184.1	72.1	1.6638549500201536
184.1	74.1	1.6221652902458252
184.1	76.1	1.5867527029474693
184.1	78.1	1.5529198883452184
184.1	80.1	1.516461429772954
184.1	82.1	1.4855980354875007
184.1	84.1	1.456025295477595
184.1	86.1	1.4276624240029
184.1	88.1	1.404185207868726
184.1	90.1	1.3779522676945148
184.1	92.1	1.3527240117722803
184.1	94.1	1.331969133880212
184.1	96.1	1.3085194152004704
184.1	98.1	1.28930765955253
184.1	100.1	1.2674405075336466
184.1	102.1	1.2496098577687467
184.1	104.1	1.2323818345781057
184.1	106.1	1.212558961045316
184.1	108.1	1.1965075948698476
184.1	110.1	1.180971819152007
184.1	112.1	1.1659270068317955
184.1	114.1	1.1513498946755765
184.1	116.1	1.1372184802289558
184.1	118.1	1.1235119314691502
186.1	0.1	7.858136048600633
186.1	2.1	7.860495229050688
186.1	4.1	7.839758847756257
186.1	6.1	7.824361920730203
186.1	8.1	7.787256913374082
186.1	10.1	7.719644112656248
186.1	12.1	7.637014415864586
186.1	14.1	7.522508094698158
186.1	16.1	7.388491957428608
186.1	18.1	7.227175002964474
186.1	20.1	7.035940743224259
186.1	22.1	6.8082412060009085
186.1	24.1	6.026164866740369
186.1	26.1	5.309691280715515
186.1	28.1	4.770101468731551
186.1	30.1	4.331441187994961
186.1	32.1	3.972883336516249
186.1	34.1	3.666363874950154
186.1	36.1	3.4143749380870276
186.1	38.1	3.2071424817174745
186.1	40.1	3.018132235927251
186.1	42.1	2.854222572298091
186.1	44.1	2.711893762655838
186.1	46.1	2.5804733896041268
186.1	48.1	2.4662111654353467
186.1	50.1	2.359996819418525
186.1	52.1	2.2676938743747406
186.1	54.1	2.181367540969469
186.1	56.1	2.106540325559307
186.1	58.1	2.036178361823778
186.1	60.1	1.969915850111009
186.1	62.1	1.9074133747375017
186.1	64.1	1.8535519417327024
186.1	66.1	1.8025193853451902
186.1	68.1	1.754107040905217
186.1	70.1	1.7081209787571687
186.1	72.1	1.6643811961108435
186.1	74.1	1.6271653729377964
186.1	76.1	1.5873302875877173
186.1	78.1	1.5535145653908122
186.1	80.1	1.5211737887485612
186.1	82.1	1.4902146505872467
186.1	84.1	1.4605500381015264
186.1	86.1	1.4320985721483177
186.1	88.1	1.4047842341139007
186.1	90.1	1.3785360601609584
186.1	92.1	1.3568978622087895
186.1	94.1	1.3325339201389266
186.1	96.1	1.3125295304887474
186.1	98.1	1.28984089054728
186.1	100.1	1.271296799121293
186.1	102.1	1.253389892854613
186.1	104.1	1.2328621537139548
186.1	106.1	1.2161972189246149
186.1	108.1	1.2000763893198056
186.1	110.1	1.1844733457364154
186.1	112.1	1.169363262876684
186.1	114.1	1.1547226929237397
186.1	116.1	1.1405294632404772
186.1	118.1	1.1267625866460387
188.1	0.1	7.920818218057827
188.1	2.1	7.9164881586550555
188.1	4.1	7.8968987399408554
188.1	6.1	7.876450858462393
188.1	8.1	7.832056929287105
188.1	10.1	7.76023499689682
188.1	12.1	7.66995005930315
188.1	14.1	7.550367857573162
188.1	16.1	7.40967888930284
188.1	18.1	7.242306914591693
188.1	20.1	7.043638390761193
188.1	22.1	6.778575522760905
188.1	24.1	5.888549025346704
188.1	26.1	5.219726503592851
188.1	28.1	4.696380603475404
188.1	30.1	4.284621322107941
188.1	32.1	3.933426267363797
188.1	34.1	3.6447013519746703
188.1	36.1	3.395996576217298
188.1	38.1	3.1810943937280536
188.1	40.1	3.004263002471408
188.1	42.1	2.8420160182368885
188.1	44.1	2.7010184353025597
188.1	46.1	2.5707537904372533
188.1	48.1	2.457419706648689
188.1	50.1	2.358925255725465
188.1	52.1	2.2669455784920545
188.1	54.1	2.1809022696070963
188.1	56.1	2.1062749299778276
188.1	58.1	2.03608928988574
188.1	60.1	1.9699793561503682
188.1	62.1	1.907606199447214
188.1	64.1	1.8538318742945226
188.1	66.1	1.8028743538104555
188.1	68.1	1.7545246643134964
188.1	70.1	1.7085889241829644
188.1	72.1	1.6648875267936039
188.1	74.1	1.6276989647696927
188.1	76.1	1.5921995169196037
188.1	78.1	1.554080497569046
188.1	80.1	1.521748595607655
188.1	82.1	1.4907931119768134
188.1	84.1	1.4611268712236336
188.1	86.1	1.4326685734315163
188.1	88.1	1.4090986492483986
188.1	90.1	1.382768508901087
188.1	92.1	1.3574401178121775
188.1	94.1	1.3365978180185483
188.1	96.1	1.3130439880732858
188.1	98.1	1.2937471033562198
188.1	100.1	1.2751245286788608
188.1	102.1	1.2538561140852464
188.1	104.1	1.2365453995881939
188.1	106.1	1.2198092987641613
188.1	108.1	1.2036196460767112
188.1	110.1	1.1879499145190564
188.1	112.1	1.1727750843627447
188.1	114.1	1.1580715275366456
188.1	116.1	1.1438169060005907
188.1	118.1	1.129990082553058
190.1	0.1	7.981889803053228
190.1	2.1	7.96996280855556
190.1	4.1	7.952828599053706
190.1	6.1	7.926854845486251
190.1	8.1	7.874552295474391
190.1	10.1	7.79907505083223
190.1	12.1	7.7008288681963135
190.1	14.1	7.576726617409353
190.1	16.1	7.4294336012998015
190.1	18.1	7.255798114120876
190.1	20.1	7.0495136810866885
190.1	22.1	6.638879623602451
190.1	24.1	5.78153100157218
190.1	26.1	5.153218633810447
190.1	28.1	4.64250662429417
190.1	30.1	4.225141362175379
190.1	32.1	3.89542242470448
190.1	34.1	3.6119276316438373
190.1	36.1	3.3781523829047106
190.1	38.1	3.1657521766527976
190.1	40.1	2.9907633423779454
190.1	42.1	2.8301180172120954
190.1	44.1	2.69040179386042
190.1	46.1	2.5688635542066525
190.1	48.1	2.4560175531179533
190.1	50.1	2.3510372450374586
190.1	52.1	2.2596965954057002
190.1	54.1	2.180451602079581
190.1	56.1	2.1000468488775357
190.1	58.1	2.030269650273406
190.1	60.1	1.9700438986496311
190.1	62.1	1.9077960661860998
190.1	64.1	1.8541052131753744
190.1	66.1	1.8032192092073371
190.1	68.1	1.754928869994618
190.1	70.1	1.7090404537312416
190.1	72.1	1.6699265287526726
190.1	74.1	1.6282101366579886
190.1	76.1	1.592730094781272
190.1	78.1	1.558825939258312
190.1	80.1	1.526396532747328
190.1	82.1	1.4953476858277188
190.1	84.1	1.465591601975125
190.1	86.1	1.4370464229155548
190.1	88.1	1.4096358530348776
190.1	90.1	1.3869670238172227
190.1	92.1	1.3615598527700368
190.1	94.1	1.3406303787146738
190.1	96.1	1.317001880229242
190.1	98.1	1.2976241609092747
190.1	100.1	1.2755767238131381
190.1	102.1	1.2575857464365294
190.1	104.1	1.2402020628183077
190.1	106.1	1.2233954902115503
190.1	108.1	1.2071376454603
190.1	110.1	1.1914017971410642
190.1	112.1	1.173113036399974
190.1	114.1	1.1583903208497903
190.1	116.1	1.144115013522272
190.1	118.1	1.1331946656320013
192.1	0.1	8.041141797938847
192.1	2.1	8.020689824988848
192.1	4.1	8.007449648515225
192.1	6.1	7.975427965120712
192.1	8.1	7.914656550038082
192.1	10.1	7.836073934520527
192.1	12.1	7.729696973695305
192.1	14.1	7.601551418257752
192.1	16.1	7.4483302222705206
192.1	18.1	7.267679075691702
192.1	20.1	7.053601356779648
192.1	22.1	6.481558526782178
192.1	24.1	5.680227431172542
192.1	26.1	5.071323451060395
192.1	28.1	4.574919465002771
192.1	30.1	4.182271748854849
192.1	32.1	3.8587929713863978
192.1	34.1	3.591785319185474
192.1	36.1	3.350258336183249
192.1	38.1	3.150831703563336
192.1	40.1	2.977618706462803
192.1	42.1	2.8185170135670243
192.1	44.1	2.680034775162009
192.1	46.1	2.559489889322314
192.1	48.1	2.4475158356565356
192.1	50.1	2.350085621698394
192.1	52.1	2.2590467589101673
192.1	54.1	2.1738257453437746
192.1	56.1	2.099843482632121
192.1	58.1	2.030226995809208
192.1	60.1	1.9701094117410558
192.1	62.1	1.907983042518862
192.1	64.1	1.8543721669216309
192.1	66.1	1.803554312365395
192.1	68.1	1.7553201782687253
192.1	70.1	1.7094762487028647
192.1	72.1	1.6703914494110033
192.1	74.1	1.6331154477924847
192.1	76.1	1.5932362152479578
192.1	78.1	1.5593435516935235
192.1	80.1	1.5269205773849608
192.1	82.1	1.495872991139166
192.1	84.1	1.4661130254179269
192.1	86.1	1.4413876632126565
192.1	88.1	1.4138943786223503
192.1	90.1	1.3874665516500444
192.1	92.1	1.365647438677348
192.1	94.1	1.3411052418253753
192.1	96.1	1.3209299631183162
192.1	98.1	1.301472387838218
192.1	100.1	1.279354195401716
192.1	102.1	1.261288340301213
192.1	104.1	1.2438324380835692
192.1	106.1	1.2269560783902684
192.1	108.1	1.207485822664993
192.1	110.1	1.1917332794790034
192.1	112.1	1.1764760610559877
192.1	114.1	1.1616903163772205
192.1	116.1	1.1473535305191416
192.1	118.1	1.136376578835974
194.1	0.1	8.098337828627313
194.1	2.1	8.07764234520724
194.1	4.1	8.060652263540963
194.1	6.1	8.022019499740898
194.1	8.1	7.953721413826512
194.1	10.1	7.871153059870951
194.1	12.1	7.757167710896907
194.1	14.1	7.624821418128809
194.1	16.1	7.465724696700358
194.1	18.1	7.27815518226829
194.1	20.1	7.056252374814062
194.1	22.1	6.3341627287999005
194.1	24.1	5.584192640802977
194.1	26.1	4.993378112821936
194.1	28.1	4.525770174150804
194.1	30.1	4.1410149221466765
194.1	32.1	3.823464671500127
194.1	34.1	3.560945179495047
194.1	36.1	3.333606141814415
194.1	38.1	3.1363159335630355
194.1	40.1	2.955873725098124
194.1	42.1	2.8072020216220546
194.1	44.1	2.6699087319432167
194.1	46.1	2.5503194617064215
194.1	48.1	2.4462530476021285
194.1	50.1	2.3424323856351164
194.1	52.1	2.2584150342598535
194.1	54.1	2.1734519425128322
194.1	56.1	2.099648692863828
194.1	58.1	2.0301888057407957
194.1	60.1	1.9701758327210086
194.1	62.1	1.9081671939674494
194.1	64.1	1.8546329358342541
194.1	66.1	1.8038800083659576
194.1	68.1	1.7556990849060934
194.1	70.1	1.7145551639404657
194.1	72.1	1.6708380662172237
194.1	74.1	1.6335837916488145
194.1	76.1	1.5980156243347008
194.1	78.1	1.5640236637340628
194.1	80.1	1.5315058148049419
194.1	82.1	1.5003671252896156
194.1	84.1	1.470519238413781
194.1	86.1	1.4418799380423148
194.1	88.1	1.414372764664958
194.1	90.1	1.3916112304240535
194.1	92.1	1.366104581923564
194.1	94.1	1.3450861151228277
194.1	96.1	1.3248285648125824
194.1	98.1	1.3018892136061653
194.1	100.1	1.2831041189018522
194.1	102.1	1.2649641952706736
194.1	104.1	1.247436815406659
194.1	106.1	1.2272966563518504
194.1	108.1	1.2109554959029667
194.1	110.1	1.1951369279566157
194.1	112.1	1.1798154922355244
194.1	114.1	1.1649671809708786
194.1	116.1	1.1505693377689155
194.1	118.1	1.1366005679099427
196.1	0.1	8.153223521682392
196.1	2.1	8.134350269107024
196.1	4.1	8.11231573383233
196.1	6.1	8.066483645037776
196.1	8.1	7.994246271167303
196.1	10.1	7.904256029341571
196.1	12.1	7.785328821769505
196.1	14.1	7.646532718077522
196.1	16.1	7.481575493904701
196.1	18.1	7.286945440747954
196.1	20.1	7.056953996878082
196.1	22.1	6.219110541528114
196.1	24.1	5.493026123895596
196.1	26.1	4.919103613728897
196.1	28.1	4.478541110378454
196.1	30.1	4.101281612641795
196.1	32.1	3.789369401615696
196.1	34.1	3.531120600428046
196.1	36.1	3.3072341325604278
196.1	38.1	3.1127444370219495
196.1	40.1	2.9435272334925053
196.1	42.1	2.7961625909584344
196.1	44.1	2.6600154093935187
196.1	46.1	2.541345945360455
196.1	48.1	2.4380246224610667
196.1	50.1	2.3415921720647837
196.1	52.1	2.2514336415634646
196.1	54.1	2.173090542000546
196.1	56.1	2.0994621873260355
196.1	58.1	2.0301549073388863
196.1	60.1	1.9648060733592985
196.1	62.1	1.908348584087699
196.1	64.1	1.854887712358931
196.1	66.1	1.8041966273575407
196.1	68.1	1.7608418621670716
196.1	70.1	1.7149531610200526
196.1	72.1	1.6757802886641644
196.1	74.1	1.6340316387927813
196.1	76.1	1.5984775834450422
196.1	78.1	1.5644948257691462
196.1	80.1	1.5319811095209968
196.1	82.1	1.5008414615036292
196.1	84.1	1.470987638809485
196.1	86.1	1.4461652679417014
196.1	88.1	1.418576689366144
196.1	90.1	1.395723221425624
196.1	92.1	1.3701400825799375
196.1	94.1	1.3490367921913426
196.1	96.1	1.3252320262268311
196.1	98.1	1.305687920142279
196.1	100.1	1.286826798471082
196.1	102.1	1.2686136061424702
196.1	104.1	1.2477696204938376
196.1	106.1	1.230809333921993
196.1	108.1	1.2144007747417191
196.1	110.1	1.19851673319612
196.1	112.1	1.183131581444499
196.1	114.1	1.1682211595755925
196.1	116.1	1.153762674555412
196.1	118.1	1.139734610425622
198.1	0.1	8.205553393444092
198.1	2.1	8.189849682286905
198.1	4.1	8.162308931789743
198.1	6.1	8.108696769120446
198.1	8.1	8.033069824974291
198.1	10.1	7.935363011979533
198.1	12.1	7.812041471454935
198.1	14.1	7.666704133054526
198.1	16.1	7.495849394027089
198.1	18.1	7.2940076542931696
198.1	20.1	7.001186466723578
198.1	22.1	6.087860793861063
198.1	24.1	5.406366960370066
198.1	26.1	4.864698805258526
198.1	28.1	4.418562454773372
198.1	30.1	4.062989018156388
198.1	32.1	3.768277284187183
198.1	34.1	3.5130983808884553
198.1	36.1	3.2916664687657744
198.1	38.1	3.0991391258567753
198.1	40.1	2.931492713080986
198.1	42.1	2.78538877420902
198.1	44.1	2.658049857979657
198.1	46.1	2.539861483431531
198.1	48.1	2.4299575339012023
198.1	50.1	2.3341615793167305
198.1	52.1	2.2508914387571757
198.1	54.1	2.1727411458254786
198.1	56.1	2.099283684908757
198.1	58.1	2.0301251348482445
198.1	60.1	1.9649032851742652
198.1	62.1	1.9085272745425566
198.1	64.1	1.8551366814547672
198.1	66.1	1.8045044853224794
198.1	68.1	1.7611856890095186
198.1	70.1	1.7153366374136616
198.1	72.1	1.676187838664987
198.1	74.1	1.6388457139618393
198.1	76.1	1.5989173158462329
198.1	78.1	1.5649412165153849
198.1	80.1	1.5324293107538185
198.1	82.1	1.505276697336785
198.1	84.1	1.4753367758692497
198.1	86.1	1.4466030777505572
198.1	88.1	1.422746970143595
198.1	90.1	1.3961429283717293
198.1	92.1	1.374144604346291
198.1	94.1	1.3494268682042276
198.1	96.1	1.3290810263751185
198.1	98.1	1.3094588205689779
198.1	100.1	1.287164360047156
198.1	102.1	1.2689384522824554
198.1	104.1	1.251326421759734
198.1	106.1	1.23429728315663
198.1	108.1	1.2178219221274516
198.1	110.1	1.201872950236283
198.1	112.1	1.1864245765105113
198.1	114.1	1.1714524936110113
198.1	116.1	1.156933776768521
198.1	118.1	1.1428467937806082
200.1	0.1	8.257954803637851
200.1	2.1	8.244043880144556
200.1	4.1	8.210492629681493
200.1	6.1	8.148585410149616
200.1	8.1	8.070106914021464
200.1	10.1	7.964509164253938
200.1	12.1	7.837271961017642
200.1	14.1	7.685987843889803
200.1	16.1	7.508525272540383
200.1	18.1	7.299312553656834
200.1	20.1	6.842911028391607
200.1	22.1	5.985529090798439
200.1	24.1	5.323889043713976
200.1	26.1	4.796491462572634
200.1	28.1	4.37524579816763
200.1	30.1	4.026060228546779
200.1	32.1	3.736202463254956
200.1	34.1	3.4849468581575795
200.1	36.1	3.2666893107936583
200.1	38.1	3.0858879423521177
200.1	40.1	2.919758512311646
200.1	42.1	2.774871097147251
200.1	44.1	2.648511907356786
200.1	46.1	2.5311907155895645
200.1	48.1	2.428920931714145
200.1	50.1	2.3334249560587246
200.1	52.1	2.244091186690254
200.1	54.1	2.166387955970172
200.1	56.1	2.0933278656911787
200.1	58.1	2.0300993291722405
200.1	60.1	1.9650009227588447
200.1	62.1	1.9087033251720447
200.1	64.1	1.8553800209428792
200.1	66.1	1.8048038847980663
200.1	68.1	1.7615180403790927
200.1	70.1	1.7157061931607736
200.1	72.1	1.6765785672377023
200.1	74.1	1.6392532008688327
200.1	76.1	1.6036100218012388
200.1	78.1	1.569537880621454
200.1	80.1	1.5369337659982856
200.1	82.1	1.5057021473206738
200.1	84.1	1.4757544196234083
200.1	86.1	1.450833814714083
200.1	88.1	1.4231496600772213
200.1	90.1	1.400203136868682
200.1	92.1	1.374521264029596
200.1	94.1	1.3533277326294753
200.1	96.1	1.3329015977354612
200.1	98.1	1.3097874125479412
200.1	100.1	1.290839221014282
200.1	102.1	1.272540535690804
200.1	104.1	1.2548581160502068
200.1	106.1	1.2377607713255823
200.1	108.1	1.2212191970532968
200.1	110.1	1.2052058303428965
200.1	112.1	1.189694721653953
200.1	114.1	1.1746614210378439
200.1	116.1	1.160082876966098
200.1	118.1	1.145937346023174
202.1	0.1	8.315363955376265
202.1	2.1	8.296826062214006
202.1	4.1	8.256724649605617
202.1	6.1	8.187794077981405
202.1	8.1	8.105283008354506
202.1	10.1	7.991805899135318
202.1	12.1	7.860996530931347
202.1	14.1	7.703992083301965
202.1	16.1	7.519782449202635
202.1	18.1	7.303035184184828
202.1	20.1	6.6943197436050506
202.1	22.1	5.867884792359817
202.1	24.1	5.22770629075685
202.1	26.1	4.731291455272343
202.1	28.1	4.319762395205023
202.1	30.1	3.9904237108367053
202.1	32.1	3.7051933011406963
202.1	34.1	3.4576800531738896
202.1	36.1	3.252111045094052
202.1	38.1	3.07297733264164
202.1	40.1	2.9083135520550716
202.1	42.1	2.7646005308852883
202.1	44.1	2.6391857669651118
202.1	46.1	2.522700279732364
202.1	48.1	2.421103752026556
202.1	50.1	2.3262057386539055
202.1	52.1	2.243632392284003
202.1	54.1	2.166107222654886
202.1	56.1	2.0932040114817636
202.1	58.1	2.0300773375734757
202.1	60.1	1.9650989397019523
202.1	62.1	1.908876794060153
202.1	64.1	1.8556179018361254
202.1	66.1	1.809964785064045
202.1	68.1	1.7618393579060614
202.1	70.1	1.720664170014624
202.1	72.1	1.6769532238948388
202.1	74.1	1.6396419503449127
202.1	76.1	1.6040082197981043
202.1	78.1	1.5699407327992518
202.1	80.1	1.5373364622458103
202.1	82.1	1.5100799690006148
202.1	84.1	1.4800478725256871
202.1	86.1	1.4512196185075483
202.1	88.1	1.4272674742636509
202.1	90.1	1.4005663393336223
202.1	92.1	1.3784756265376181
202.1	94.1	1.3571994813775847
202.1	96.1	1.3332210354532195
202.1	98.1	1.3135105331310497
202.1	100.1	1.2944877855356995
202.1	102.1	1.2761170854541466
202.1	104.1	1.2583649750454453
202.1	106.1	1.241200061637914
202.1	108.1	1.2245928546388125
202.1	110.1	1.208515621083096
202.1	112.1	1.1929422575573139
202.1	114.1	1.1778481764224793
202.1	116.1	1.1632102044344117
202.1	118.1	1.1490064920280418
204.1	0.1	8.37165221885196
204.1	2.1	8.348079313149134
204.1	4.1	8.300869622897261
204.1	6.1	8.22825656127527
204.1	8.1	8.13854338672627
204.1	10.1	8.020220396094839
204.1	12.1	7.883205389364775
204.1	14.1	7.720512962251891
204.1	16.1	7.529567284590052
204.1	18.1	7.305271642341226
204.1	20.1	6.554550351809928
204.1	22.1	5.75668610775273
204.1	24.1	5.153341033349045
204.1	26.1	4.668904197958873
204.1	28.1	4.2799044398666455
204.1	30.1	3.956012847405545
204.1	32.1	3.6751975561975105
204.1	34.1	3.4414854875595102
204.1	36.1	3.2379156066484014
204.1	38.1	3.0515189254586383
204.1	40.1	2.897147290899691
204.1	42.1	2.7545684660098173
204.1	44.1	2.630064505017593
204.1	46.1	2.521461097349777
204.1	48.1	2.420181622249532
204.1	50.1	2.3255655273095948
204.1	52.1	2.243187302263162
204.1	54.1	2.1658366355247707
204.1	56.1	2.093086770675846
204.1	58.1	2.0245465618977443
204.1	60.1	1.965197291919878
204.1	62.1	1.9090477375987984
204.1	64.1	1.855850488651145
204.1	66.1	1.8102323046145972
204.1	68.1	1.762150062795962
204.1	70.1	1.7209985519660875
204.1	72.1	1.6817816244452635
204.1	74.1	1.6443681299623436
204.1	76.1	1.6086369608523936
204.1	78.1	1.574476125277784
204.1	80.1	1.541781968948641
204.1	82.1	1.5104585173689724
204.1	84.1	1.4804169130800733
204.1	86.1	1.455397038717246
204.1	88.1	1.4276171685752692
204.1	90.1	1.404575900064442
204.1	92.1	1.3824001181662335
204.1	94.1	1.3575095660792045
204.1	96.1	1.3369937592800278
204.1	98.1	1.317206819715946
204.1	100.1	1.2981103380699737
204.1	102.1	1.2796683775520783
204.1	104.1	1.2618472662533087
204.1	106.1	1.244615413324397
204.1	108.1	1.2279431462073924
204.1	110.1	1.211802566397764
204.1	112.1	1.1961674214327507
204.1	114.1	1.1810129910000433
204.1	116.1	1.1663159852472005
204.1	118.1	1.152054453552153
206.1	0.1	8.426734017190663
206.1	2.1	8.397677524409776
206.1	4.1	8.34281577268355
206.1	6.1	8.267064546924598
206.1	8.1	8.169865696918496
206.1	10.1	8.047264938111946
206.1	12.1	7.903907569839225
206.1	14.1	7.735516794842706
206.1	16.1	7.537712555862622
206.1	18.1	7.305611141068859
206.1	20.1	6.422840003701667
206.1	22.1	5.670228672353095
206.1	24.1	5.082312737383251
206.1	26.1	4.6236669661515934
206.1	28.1	4.241458447765258
206.1	30.1	3.922765520965662
206.1	32.1	3.6461663465260115
206.1	34.1	3.415676132072002
206.1	36.1	3.2147421379647034
206.1	38.1	3.039382572819771
206.1	40.1	2.8862496929409147
206.1	42.1	2.744766688499768
206.1	44.1	2.621141486969425
206.1	46.1	2.51324639334831
206.1	48.1	2.4126009206568386
206.1	50.1	2.3185472034966317
206.1	52.1	2.2366243573978744
206.1	54.1	2.1596810459814404
206.1	56.1	2.0929759172658393
206.1	58.1	2.024564720832571
206.1	60.1	1.9652959375403438
206.1	62.1	1.909216210549014
206.1	64.1	1.8560779397037748
206.1	66.1	1.8104920076345123
206.1	68.1	1.7624505569447848
206.1	70.1	1.7213200918279739
206.1	72.1	1.6821200050728686
206.1	74.1	1.6447188075092418
206.1	76.1	1.608995189317438
206.1	78.1	1.5748370929938582
206.1	80.1	1.5421409296559103
206.1	82.1	1.5147803546093708
206.1	84.1	1.484656025710492
206.1	86.1	1.4557331638064182
206.1	88.1	1.4316836973363967
206.1	90.1	1.4085547618627596
206.1	92.1	1.3827006359023162
206.1	94.1	1.3613332862039955
206.1	96.1	1.3407390523188902
206.1	98.1	1.3208765603040151
206.1	100.1	1.3017071585659716
206.1	102.1	1.2798833186602843
206.1	104.1	1.2620449703941483
206.1	106.1	1.244794616026716
206.1	108.1	1.228102553963032
206.1	110.1	1.215066906672086
206.1	112.1	1.199370447087974
206.1	114.1	1.1841560927359422
206.1	116.1	1.1694004423233684
206.1	118.1	1.1550814492892272
208.1	0.1	8.480514760006107
208.1	2.1	8.445487972583683
208.1	4.1	8.382501404286387
208.1	6.1	8.30413762055063
208.1	8.1	8.199276039182294
208.1	10.1	8.072876660365168
208.1	12.1	7.9234290014428606
208.1	14.1	7.7489796562651145
208.1	16.1	7.544184513228193
208.1	18.1	7.227271193574496
208.1	20.1	6.277371640536652
208.1	22.1	5.56968054134949
208.1	24.1	5.014401803321582
208.1	26.1	4.56595577893672
208.1	28.1	4.1916322805545345
208.1	30.1	3.879041091442312
208.1	32.1	3.6180538841646266
208.1	34.1	3.3906424916603837
208.1	36.1	3.2014180968423886
208.1	38.1	3.0275461933690924
208.1	40.1	2.8756111978574967
208.1	42.1	2.735187357284345
208.1	44.1	2.6196933818097627
208.1	46.1	2.5051973387152198
208.1	48.1	2.40516206795
208.1	50.1	2.3179968046496175
208.1	52.1	2.2362553812691797
208.1	54.1	2.1594733298489532
208.1	56.1	2.0872257452177996
208.1	58.1	2.024585829032139
208.1	60.1	1.9653948367927843
208.1	62.1	1.9093822660995003
208.1	64.1	1.8612559675074352
208.1	66.1	1.8107441665279567
208.1	68.1	1.7674240345084935
208.1	70.1	1.7216293191368925
208.1	72.1	1.682443619951793
208.1	74.1	1.6450523588496322
208.1	76.1	1.609334081596383
208.1	78.1	1.5751767172122821
208.1	80.1	1.5465289966853786
208.1	82.1	1.5151138932017338
208.1	84.1	1.4888605815529372
208.1	86.1	1.4598585035430662
208.1	88.1	1.4357186212383735
208.1	90.1	1.4088454822702936
208.1	92.1	1.386576796687303
208.1	94.1	1.3651289149784829
208.1	96.1	1.3444572052967951
208.1	98.1	1.3211028713785504
208.1	100.1	1.301918329001555
208.1	102.1	1.2833895364633692
208.1	104.1	1.2654825373068974
208.1	106.1	1.2481655017882805
208.1	108.1	1.23140856367365
208.1	110.1	1.2151836748954807
208.1	112.1	1.2025515649905065
208.1	114.1	1.187277706385933
208.1	116.1	1.1724637954833654
208.1	118.1	1.1580876949231367
210.1	0.1	8.53289049153599
210.1	2.1	8.491376666219168
210.1	4.1	8.421862481004872
210.1	6.1	8.339405016144127
210.1	8.1	8.226867708171618
210.1	10.1	8.09702982276182
210.1	12.1	7.942003354649436
210.1	14.1	7.76089510259431
210.1	16.1	7.548963053174563
210.1	18.1	7.054528619097878
210.1	20.1	6.160733848525055
210.1	22.1	5.491659922982117
210.1	24.1	4.949407484644618
210.1	26.1	4.510587984180186
210.1	28.1	4.156102019846509
210.1	30.1	3.8482051323163717
210.1	32.1	3.590817234122231
210.1	34.1	3.3760336177784276
210.1	36.1	3.1793832930361448
210.1	38.1	3.0159988809772327
210.1	40.1	2.8652226930879157
210.1	42.1	2.7258229833124825
210.1	44.1	2.6110702681240356
210.1	46.1	2.5041770567444965
210.1	48.1	2.4044286868805496
210.1	50.1	2.3174611536920477
210.1	52.1	2.22985469126004
210.1	54.1	2.1592741339607002
210.1	56.1	2.0871642656584237
210.1	58.1	2.0246097663648874
210.1	60.1	1.9654939519044874
210.1	62.1	1.9095459559226666
210.1	64.1	1.861454144809262
210.1	66.1	1.8109890422558101
210.1	68.1	1.767692635680018
210.1	70.1	1.7264720517729388
210.1	72.1	1.6827531230420167
210.1	74.1	1.6496938023633578
210.1	76.1	1.6138814393996523
210.1	78.1	1.579633489635349
210.1	80.1	1.5468459122235756
210.1	82.1	1.5193811238697643
210.1	84.1	1.489164580683295
210.1	86.1	1.4639512490560174
210.1	88.1	1.4359992961914967
210.1	90.1	1.4127755812727514
210.1	92.1	1.390424136794914
210.1	94.1	1.3653634909209835
210.1	96.1	1.3446785493397169
210.1	98.1	1.3247271306455055
210.1	100.1	1.3054702232010278
210.1	102.1	1.2868713494315642
210.1	104.1	1.2688963590053848
210.1	106.1	1.251513245230244
210.1	108.1	1.2346919817693156
210.1	110.1	1.2184043770738124
210.1	112.1	1.2026239441955915
210.1	114.1	1.1903780535547783
210.1	116.1	1.1755062615042944
210.1	118.1	1.1610734031801295
212.1	0.1	8.583748071909381
212.1	2.1	8.535218083713703
212.1	4.1	8.462265948392604
212.1	6.1	8.372813716538435
212.1	8.1	8.255048753590533
212.1	10.1	8.119710245917735
212.1	12.1	7.959150481034549
212.1	14.1	7.771588146686516
212.1	16.1	7.552367325539384
212.1	18.1	6.892628110552128
212.1	20.1	6.050268699249152
212.1	22.1	5.400284747410712
212.1	24.1	4.887145907217922
212.1	26.1	4.457423708276968
212.1	28.1	4.109671100011825
212.1	30.1	3.8183594218718246
212.1	32.1	3.574648748910684
212.1	34.1	3.352277447628648
212.1	36.1	3.1668589863451246
212.1	38.1	2.996359213442987
212.1	40.1	2.8550754879368347
212.1	42.1	2.7241595033998713
212.1	44.1	2.602628582665672
212.1	46.1	2.49637987068346
212.1	48.1	2.3972070459250925
212.1	50.1	2.310702948096249
212.1	52.1	2.229556780821443
212.1	54.1	2.1533048284440026
212.1	56.1	2.08710799172481
212.1	58.1	2.0246364174565583
212.1	60.1	1.9655932470022517
212.1	62.1	1.9097073302282985
212.1	64.1	1.861647620474436
212.1	66.1	1.8112268849025033
212.1	68.1	1.7679518010091957
212.1	70.1	1.7267484855876496
212.1	72.1	1.6874725990459603
212.1	74.1	1.6499914063850514
212.1	76.1	1.6141826836387876
212.1	78.1	1.5799337880822986
212.1	80.1	1.5511779912262047
212.1	82.1	1.5196714568737417
212.1	84.1	1.4933169778821793
212.1	86.1	1.4642216111699407
212.1	88.1	1.4399848860369473
212.1	90.1	1.4166760560033698
212.1	92.1	1.3906525879134555
212.1	94.1	1.3691127895645216
212.1	96.1	1.348351184728919
212.1	98.1	1.3283257530013437
212.1	100.1	1.3089972584137206
212.1	102.1	1.2903290162890286
212.1	104.1	1.2722866864913767
212.1	106.1	1.254838089798532
212.1	108.1	1.2379530444644062
212.1	110.1	1.2216032203432496
212.1	112.1	1.2057620082243765
212.1	114.1	1.1934573527535135
212.1	116.1	1.1785280541737726
212.1	118.1	1.1640387838799333
214.1	0.1	8.632966324870985
214.1	2.1	8.576911430915652
214.1	4.1	8.501059221072458
214.1	6.1	8.40433947216452
214.1	8.1	8.282405009539364
214.1	10.1	8.140919404590436
214.1	12.1	7.974836711654749
214.1	14.1	7.780723977211812
214.1	16.1	7.5542170372803605
214.1	18.1	6.740579933781775
214.1	20.1	5.945498929484349
214.1	22.1	5.313333678957789
214.1	24.1	4.827448333212082
214.1	26.1	4.41929042491678
214.1	28.1	4.0767470342197285
214.1	30.1	3.7894570511858423
214.1	32.1	3.5488478570309816
214.1	34.1	3.3385591279325353
214.1	36.1	3.145876547037896
214.1	38.1	2.985475796843277
214.1	40.1	2.8451612894572675
214.1	42.1	2.715117296386786
214.1	44.1	2.5943626989088275
214.1	46.1	2.48873527937175
214.1	48.1	2.3965682364339034
214.1	50.1	2.310249291191272
214.1	52.1	2.229269075787768
214.1	54.1	2.153163306660749
214.1	56.1	2.0870567422369692
214.1	58.1	2.024665671482952
214.1	60.1	1.9656926880192447
214.1	62.1	1.9098664378149568
214.1	64.1	1.8618365381872957
214.1	66.1	1.811457934210496
214.1	68.1	1.7682018894454559
214.1	70.1	1.7270135672751008
214.1	72.1	1.6877483506127242
214.1	74.1	1.6502733615022371
214.1	76.1	1.6144663629527922
214.1	78.1	1.5843329830750075
214.1	80.1	1.551454477061799
214.1	82.1	1.523885409440882
214.1	84.1	1.493576738850979
214.1	86.1	1.4682643013861316
214.1	88.1	1.4402177522629696
214.1	90.1	1.4168980331948022
214.1	92.1	1.3944533341708543
214.1	94.1	1.3728349687808352
214.1	96.1	1.3519976130345086
214.1	98.1	1.3318990080476953
214.1	100.1	1.3124996969492877
214.1	102.1	1.2937627918298111
214.1	104.1	1.2756537670159303
214.1	106.1	1.2581402753549693
214.1	108.1	1.2411919845448318
214.1	110.1	1.2247804308599892
214.1	112.1	1.2088788879126553
214.1	114.1	1.1934622483562551
214.1	116.1	1.1815293843425927
214.1	118.1	1.1669840439857713
216.1	0.1	8.680418837830656
216.1	2.1	8.61640565973652
216.1	4.1	8.538166246258552
216.1	6.1	8.43400089386299
216.1	8.1	8.30837535264183
216.1	10.1	8.160679208902325
216.1	12.1	7.9890362910852595
216.1	14.1	7.788266588102936
216.1	16.1	7.55421880256765
216.1	18.1	6.618216332288317
216.1	20.1	5.845995239334046
216.1	22.1	5.246123598710224
216.1	24.1	4.756196942832718
216.1	26.1	4.369805875521568
216.1	28.1	4.044889846126159
216.1	30.1	3.761454027161094
216.1	32.1	3.5238160725345464
216.1	34.1	3.3159803983522123
216.1	36.1	3.1340878185710275
216.1	38.1	2.9748484926701004
216.1	40.1	2.827766264350321
216.1	42.1	2.706271461936609
216.1	44.1	2.5862672189782594
216.1	46.1	2.4879108238391523
216.1	48.1	2.3895527296330057
216.1	50.1	2.303669248113636
216.1	52.1	2.223080062697152
216.1	54.1	2.153028879720007
216.1	56.1	2.0870103426643385
216.1	58.1	2.02469742197277
216.1	60.1	1.9657922426067547
216.1	62.1	1.9100233261192257
216.1	64.1	1.8620210362289793
216.1	66.1	1.8116824200844872
216.1	68.1	1.7684432437732729
216.1	70.1	1.7272677650231938
216.1	72.1	1.6880111443576973
216.1	74.1	1.6505404125897833
216.1	76.1	1.6189350405315477
216.1	78.1	1.584595424324976
216.1	80.1	1.5557319653445612
216.1	82.1	1.5241342581868629
216.1	84.1	1.4976781976304478
216.1	86.1	1.4684896112338728
216.1	88.1	1.4441550927119182
216.1	90.1	1.4207515323466677
216.1	92.1	1.398226256107898
216.1	94.1	1.3729982297650078
216.1	96.1	1.3521451810058336
216.1	98.1	1.3320298398110093
216.1	100.1	1.3126126808468797
216.1	102.1	1.293856775964862
216.1	104.1	1.2757275864362856
216.1	106.1	1.26142003824743
216.1	108.1	1.2444090314341316
216.1	110.1	1.2279362315587834
216.1	112.1	1.2119748002437833
216.1	114.1	1.1964995337468307
216.1	116.1	1.1845104599762122
216.1	118.1	1.1699093876533149
218.1	0.1	8.725979454003943
218.1	2.1	8.655926959245848
218.1	4.1	8.57351975385283
218.1	6.1	8.461875995870045
218.1	8.1	8.332932769381582
218.1	10.1	8.179781373280626
218.1	12.1	8.001734535274789
218.1	14.1	7.794190063493788
218.1	16.1	7.457519167586357
218.1	18.1	6.482402581717085
218.1	20.1	5.751370414785818
218.1	22.1	5.166566693721028
218.1	24.1	4.701578944281331
218.1	26.1	4.32218344267703
218.1	28.1	4.002781962135462
218.1	30.1	3.734309049464545
218.1	32.1	3.499519511142338
218.1	34.1	3.294034427898727
218.1	36.1	3.1225815107141033
218.1	38.1	2.964468433264608
218.1	40.1	2.8183900341450694
218.1	42.1	2.697615670832885
218.1	44.1	2.5852444092689857
218.1	46.1	2.4804969424138417
218.1	48.1	2.389002151321255
218.1	50.1	2.3032921414963665
218.1	52.1	2.222857422019044
218.1	54.1	2.1529013185331602
218.1	56.1	2.0814925333186816
218.1	58.1	2.0247315666200043
218.1	60.1	1.9658918800505598
218.1	62.1	1.9101780412629101
218.1	64.1	1.862201247718758
218.1	66.1	1.8166260059301826
218.1	68.1	1.7686761914669287
218.1	70.1	1.727511524337676
218.1	72.1	1.692645877042389
218.1	74.1	1.6550810432003076
218.1	76.1	1.6191832225422933
218.1	78.1	1.5889385083747551
218.1	80.1	1.5559695659533466
218.1	82.1	1.5282962140372673
218.1	84.1	1.497895565452399
218.1	86.1	1.4724833748987372
218.1	88.1	1.4480626875560285
218.1	90.1	1.420925663578693
218.1	92.1	1.3983864687958467
218.1	94.1	1.3766756967059224
218.1	96.1	1.3557476555373607
218.1	98.1	1.3355597660530416
218.1	100.1	1.3160722982036073
218.1	102.1	1.2972481373134186
218.1	104.1	1.2790525760257243
218.1	106.1	1.2614531286684607
218.1	108.1	1.2476044112579214
218.1	110.1	1.231070842213542
218.1	112.1	1.2150499591659731
218.1	114.1	1.1995164671708902
218.1	116.1	1.1874714862051068
218.1	118.1	1.1728150162786046
220.1	0.1	8.769531932765984
220.1	2.1	8.696274505004506
220.1	4.1	8.607068432961382
220.1	6.1	8.489819382806894
220.1	8.1	8.356059851665774
220.1	10.1	8.19751518458388
220.1	12.1	8.013079431019774
220.1	14.1	7.798482646300819
220.1	16.1	7.2749882683001506
220.1	18.1	6.35418173223664
220.1	20.1	5.644792127468544
220.1	22.1	5.105230699930279
220.1	24.1	4.649074447731547
220.1	26.1	4.276319976375352
220.1	28.1	3.973154504466619
220.1	30.1	3.707983307633673
220.1	32.1	3.475926250119202
220.1	34.1	3.281588793584584
220.1	36.1	3.1029693166159227
220.1	38.1	2.9464064907010417
220.1	40.1	2.809221711808832
220.1	42.1	2.6891438629784434
220.1	44.1	2.577404228766691
220.1	46.1	2.4732240052558065
220.1	48.1	2.3821824764347275
220.1	50.1	2.296882026523308
220.1	52.1	2.2226433748867063
220.1	54.1	2.147154026209022
220.1	56.1	2.081490043663384
220.1	58.1	2.0194953171834444
220.1	60.1	1.9659915711916514
220.1	62.1	1.9103306280982864
220.1	64.1	1.8623773008428972
220.1	66.1	1.8168219689733407
220.1	68.1	1.7734906155571368
220.1	70.1	1.7322241158554241
220.1	72.1	1.6928767151209445
220.1	74.1	1.6553147331487246
220.1	76.1	1.619415454049831
220.1	78.1	1.5891644977860648
220.1	80.1	1.5561873158757848
220.1	82.1	1.5285052214886679
220.1	84.1	1.5019472657215216
220.1	86.1	1.4726656096492012
220.1	88.1	1.4482325282637463
220.1	90.1	1.4247331822418179
220.1	92.1	1.4021144481535104
220.1	94.1	1.3803269672397926
220.1	96.1	1.3593248094760249
220.1	98.1	1.3390651763007655
220.1	100.1	1.319508137109523
220.1	102.1	1.3006163951993446
220.1	104.1	1.282355079357314
220.1	106.1	1.264691557731408
220.1	108.1	1.2475952710190865
220.1	110.1	1.234184479496457
220.1	112.1	1.21810457564787
220.1	114.1	1.2025132544743202
220.1	116.1	1.1873866901174044
220.1	118.1	1.1757011285449666
222.1	0.1	8.810985647823456
222.1	2.1	8.735053851328605
222.1	4.1	8.638786635664207
222.1	6.1	8.517468826481686
222.1	8.1	8.37775225300994
222.1	10.1	8.213840808317652
222.1	12.1	8.023123536395829
222.1	14.1	7.801608516324647
222.1	16.1	7.103995075485726
222.1	18.1	6.232934320941348
222.1	20.1	5.5595031390930885
222.1	22.1	5.0321508452806665
222.1	24.1	4.598563156982952
222.1	26.1	4.243798451975646
222.1	28.1	3.933675633449063
222.1	30.1	3.682440296254454
222.1	32.1	3.453006188362901
222.1	34.1	3.2606842632679083
222.1	36.1	3.092118173409343
222.1	38.1	2.9365999592935816
222.1	40.1	2.8002544738757926
222.1	42.1	2.6808502332417414
222.1	44.1	2.5697207707074607
222.1	46.1	2.466088167419294
222.1	48.1	2.375482643305679
222.1	50.1	2.296576442121271
222.1	52.1	2.2166527359176147
222.1	54.1	2.147078441824037
222.1	56.1	2.0814914255859573
222.1	58.1	2.019563912326135
222.1	60.1	1.9660912883510606
222.1	62.1	1.9104811302514946
222.1	64.1	1.8625493190717806
222.1	66.1	1.8170118866434073
222.1	68.1	1.7736944502056138
222.1	70.1	1.7324376576749136
222.1	72.1	1.693095661004737
222.1	74.1	1.6555348123470293
222.1	76.1	1.6238080305055365
222.1	78.1	1.5893729610875884
222.1	80.1	1.5603940017277977
222.1	82.1	1.5326164170949432
222.1	84.1	1.502123996752655
222.1	86.1	1.4766115412122425
222.1	88.1	1.452093661949345
222.1	90.1	1.4285127970668845
222.1	92.1	1.4058155493282365
222.1	94.1	1.383952305792415
222.1	96.1	1.3628769017489881
222.1	98.1	1.3425463233076502
222.1	100.1	1.3229204436923951
222.1	102.1	1.3039617888858248
222.1	104.1	1.2856353287868216
222.1	106.1	1.2679082905014063
222.1	108.1	1.2507499907947588
222.1	110.1	1.2372773570356992
222.1	112.1	1.2211388577328117
222.1	114.1	1.205490098683935
222.1	116.1	1.190307187345538
222.1	118.1	1.1785679204689474
224.1	0.1	8.850299179832218
224.1	2.1	8.772192962274737
224.1	4.1	8.66868676835444
224.1	6.1	8.543776896701512
224.1	8.1	8.398022765561334
224.1	10.1	8.228731377995171
224.1	12.1	8.031649919464211
224.1	14.1	7.80309638304181
224.1	16.1	6.943479120653277
224.1	18.1	6.118106486633455
224.1	20.1	5.478100199175686
224.1	22.1	4.962240563556849
224.1	24.1	4.549933733956211
224.1	26.1	4.200882452203792
224.1	28.1	3.906059594887444
224.1	30.1	3.6478547093597857
224.1	32.1	3.430730918299729
224.1	34.1	3.24034267728038
224.1	36.1	3.0733815159099214
224.1	38.1	2.927013656536445
224.1	40.1	2.7914817918545562
224.1	42.1	2.6727292181871647
224.1	44.1	2.562189416568138
224.1	46.1	2.465514066060308
224.1	48.1	2.375080845252685
224.1	50.1	2.290328547658963
224.1	52.1	2.216498370311305
224.1	54.1	2.1470085085963087
224.1	56.1	2.0814965397707668
224.1	58.1	2.0196342401269445
224.1	60.1	1.9661910052585607
224.1	62.1	1.9106295901641617
224.1	64.1	1.862717421365974
224.1	66.1	1.8171959664018476
224.1	68.1	1.7738905307070307
224.1	70.1	1.732641587221954
224.1	72.1	1.693303243056006
224.1	74.1	1.659997078420983
224.1	76.1	1.6240067599691799
224.1	78.1	1.593643764723811
224.1	80.1	1.5605753286494062
224.1	82.1	1.5327871520560006
224.1	84.1	1.5061270797577617
224.1	86.1	1.4805275364069619
224.1	88.1	1.4522203259641908
224.1	90.1	1.4286243482015601
224.1	92.1	1.4059111221885283
224.1	94.1	1.3840309405994733
224.1	96.1	1.3629375733281643
224.1	98.1	1.3425879691289806
224.1	100.1	1.322941990547662
224.1	102.1	1.3072845540981217
224.1	104.1	1.2888935532880388
224.1	106.1	1.2711035493189606
224.1	108.1	1.25388374038824
224.1	110.1	1.2372052795364725
224.1	112.1	1.2241530105918201
224.1	114.1	1.208447200057406
224.1	116.1	1.1932082997406606
224.1	118.1	1.1814155854452957
226.1	0.1	8.889987814580357
226.1	2.1	8.807627819202022
226.1	4.1	8.696833922032802
226.1	6.1	8.56871583997893
226.1	8.1	8.417346229666508
226.1	10.1	8.24216907414495
226.1	12.1	8.03862926249837
226.1	14.1	7.802782235103643
226.1	16.1	6.811603797441888
226.1	18.1	6.0092015096712
226.1	20.1	5.400323700611089
226.1	22.1	4.908590281298146
226.1	24.1	4.503082980112797
226.1	26.1	4.159471127507457
226.1	28.1	3.8689644566844543
226.1	30.1	3.6239615230386315
226.1	32.1	3.418074547848779
226.1	34.1	3.2290173436298604
226.1	36.1	3.063135971291556
226.1	38.1	2.917640303885695
226.1	40.1	2.7828974164708167
226.1	42.1	2.664775483625549
226.1	44.1	2.5548057261798633
226.1	46.1	2.4585835209379354
226.1	48.1	2.368561898644014
226.1	50.1	2.2900898357261084
226.1	52.1	2.210645279394569
226.1	54.1	2.1414245098856544
226.1	56.1	2.081505251945632
226.1	58.1	2.0197062211032146
226.1	60.1	1.9662906969850276
226.1	62.1	1.9107760491333423
226.1	64.1	1.8628817223718772
226.1	66.1	1.8173744072824647
226.1	68.1	1.77407915019953
226.1	70.1	1.7328362993091357
226.1	72.1	1.6978373986189026
226.1	74.1	1.6601855873750397
226.1	76.1	1.6283435066900722
226.1	78.1	1.593817934678312
226.1	80.1	1.564730494249648
226.1	82.1	1.5368487810314184
226.1	84.1	1.5062648467833555
226.1	86.1	1.480651737400911
226.1	88.1	1.4560359963452045
226.1	90.1	1.4323596278804571
226.1	92.1	1.409568851611577
226.1	94.1	1.3876137215891227
226.1	96.1	1.3664477893441467
226.1	98.1	1.3460278051235564
226.1	100.1	1.3263134523260491
226.1	102.1	1.3072671107690448
226.1	104.1	1.292129978517712
226.1	106.1	1.2742775533480553
226.1	108.1	1.2569967327266822
226.1	110.1	1.2402585727358444
226.1	112.1	1.2271472365753506
226.1	114.1	1.2113847561320608
226.1	116.1	1.1960902205988828
226.1	118.1	1.1842443142910144
228.1	0.1	8.930282296041092
228.1	2.1	8.841308801051582
228.1	4.1	8.724537175318568
228.1	6.1	8.592265913107768
228.1	8.1	8.435630866548347
228.1	10.1	8.254148305129368
228.1	12.1	8.044042881442593
228.1	14.1	7.671284332866784
228.1	16.1	6.668456211777661
228.1	18.1	5.92177160388357
228.1	20.1	5.325936654981873
228.1	22.1	4.844022708818255
228.1	24.1	4.4579151060232345
228.1	26.1	4.119486723633753
228.1	28.1	3.843168894314852
228.1	30.1	3.6007471580273953
228.1	32.1	3.3968550567642057
228.1	34.1	3.2096014356859075
228.1	36.1	3.045214165914005
228.1	38.1	2.9009567559658103
228.1	40.1	2.7744953629090183
228.1	42.1	2.6569839129263673
228.1	44.1	2.5541348932070735
228.1	46.1	2.451780025931479
228.1	48.1	2.3682334903097413
228.1	50.1	2.2839969385506382
228.1	52.1	2.210546803547535
228.1	54.1	2.141402452281286
228.1	56.1	2.076201292572605
228.1	58.1	2.019779778891958
228.1	60.1	1.961374452349132
228.1	62.1	1.910920547349854
228.1	64.1	1.8630423326075494
228.1	66.1	1.8175474002922116
228.1	68.1	1.7742605889319163
228.1	70.1	1.7374446230446041
228.1	72.1	1.6980151565162482
228.1	74.1	1.6603616746514462
228.1	76.1	1.6285099494193254
228.1	78.1	1.5980358716667689
228.1	80.1	1.5648767660891592
228.1	82.1	1.536982742092756
228.1	84.1	1.5102204166840272
228.1	86.1	1.4845216901445604
228.1	88.1	1.4598236212346325
228.1	90.1	1.436067937220317
228.1	92.1	1.4132006020914443
228.1	94.1	1.3911714353158602
228.1	96.1	1.3699337744938247
228.1	98.1	1.3494441761397742
228.1	100.1	1.3296621495587424
228.1	102.1	1.3105499194263222
228.1	104.1	1.29207221324331
228.1	106.1	1.2774305186361887
228.1	108.1	1.260089177748048
228.1	110.1	1.2432917688911913
228.1	112.1	1.227011103327871
228.1	114.1	1.214302961772586
228.1	116.1	1.1989531406277838
228.1	118.1	1.1870542952885041
230.1	0.1	8.969048441188672
230.1	2.1	8.87320926137328
230.1	4.1	8.752462778378911
230.1	6.1	8.614418308708093
230.1	8.1	8.452556828382306
230.1	10.1	8.264981087854123
230.1	12.1	8.047979146969155
230.1	14.1	7.48536456058784
230.1	16.1	6.533359810185147
230.1	18.1	5.822801344868609
230.1	20.1	5.2547222817568375
230.1	22.1	4.7820896854119885
230.1	24.1	4.402850195478032
230.1	26.1	4.0914718186627015
230.1	28.1	3.818119800853076
230.1	30.1	3.5781831165461573
230.1	32.1	3.3762091427649454
230.1	34.1	3.1906887232105454
230.1	36.1	3.0355294299990074
230.1	38.1	2.8920822283122796
230.1	40.1	2.7662698969799107
230.1	42.1	2.6493495960377738
230.1	44.1	2.546970234676314
230.1	46.1	2.4513568952544413
230.1	48.1	2.361886825174555
230.1	50.1	2.283820794187759
230.1	52.1	2.2104544567734283
230.1	54.1	2.141384976787293
230.1	56.1	2.0762492404714914
230.1	58.1	2.0198548401186915
230.1	60.1	1.9614991270945217
230.1	62.1	1.9110631239350784
230.1	64.1	1.8631993586392748
230.1	66.1	1.8177151287901112
230.1	68.1	1.778945438589985
230.1	70.1	1.7376110504288393
230.1	72.1	1.6981824956196714
230.1	74.1	1.6647482447218838
230.1	76.1	1.6286625531861494
230.1	78.1	1.598177001203611
230.1	80.1	1.5689816460451984
230.1	82.1	1.5370978505027075
230.1	84.1	1.5103208136622175
230.1	86.1	1.4846067734451374
230.1	88.1	1.4598926524360238
230.1	90.1	1.4361200721056433
230.1	92.1	1.413234920264866
230.1	94.1	1.3911869687093645
230.1	96.1	1.3699295343995033
230.1	98.1	1.3494191784071352
230.1	100.1	1.3329883134990708
230.1	102.1	1.313810828730848
230.1	104.1	1.2952694612175581
230.1	106.1	1.2773311359939243
230.1	108.1	1.26316128245651
230.1	110.1	1.2463050693755915
230.1	112.1	1.2299667588971006
230.1	114.1	1.217202009217665
230.1	116.1	1.201797247990627
230.1	118.1	1.1898457142278276
232.1	0.1	9.006217921499914
232.1	2.1	8.903336460092955
232.1	4.1	8.779089270860991
232.1	6.1	8.635178632240681
232.1	8.1	8.468096671318149
232.1	10.1	8.274413186934908
232.1	12.1	8.05076799174016
232.1	14.1	7.3110350773552915
232.1	16.1	6.422333411395276
232.1	18.1	5.728579748797988
232.1	20.1	5.173118433578131
232.1	22.1	4.734797385834076
232.1	24.1	4.361072268518747
232.1	26.1	4.053884694712907
232.1	28.1	3.7840991974277616
232.1	30.1	3.5562424733574485
232.1	32.1	3.3561138610199657
232.1	34.1	3.1803541722261026
232.1	36.1	3.0183673566964324
232.1	38.1	2.8833983022409897
232.1	40.1	2.758215522146947
232.1	42.1	2.641867819164979
232.1	44.1	2.5399419911529626
232.1	46.1	2.4447425555284203
232.1	48.1	2.3616270659311605
232.1	50.1	2.2778761170854223
232.1	52.1	2.204779799701879
232.1	54.1	2.141371928714314
232.1	56.1	2.0762999720586244
232.1	58.1	2.0199313342723784
232.1	60.1	1.9616234560646555
232.1	62.1	1.9112038169763068
232.1	64.1	1.8633529032493934
232.1	66.1	1.8178777688456298
232.1	68.1	1.7790999013460518
232.1	70.1	1.7377689995914656
232.1	72.1	1.702638522364642
232.1	74.1	1.6648944314988292
232.1	76.1	1.6329275825664986
232.1	78.1	1.598303072157459
232.1	80.1	1.5690941724643308
232.1	82.1	1.5410945763687953
232.1	84.1	1.5142299390344238
232.1	86.1	1.4884316862240972
232.1	88.1	1.463636456363479
232.1	90.1	1.4397856095158292
232.1	92.1	1.416824794272904
232.1	94.1	1.3947035648129709
232.1	96.1	1.373375041430105
232.1	98.1	1.352795608737203
232.1	100.1	1.3329246465185092
232.1	102.1	1.3170500603882798
232.1	104.1	1.2984456043876251
232.1	106.1	1.2804456204648118
232.1	108.1	1.266213250976529
232.1	110.1	1.2492986727944377
232.1	112.1	1.2329031215858546
232.1	114.1	1.2200820881255834
232.1	116.1	1.2046227283496296
232.1	118.1	1.1926187544481082
234.1	0.1	9.041729746583904
234.1	2.1	8.93174452939797
234.1	4.1	8.804388561001973
234.1	6.1	8.654715681239347
234.1	8.1	8.482230374392735
234.1	10.1	8.282367140070436
234.1	12.1	8.05191640021997
234.1	14.1	7.147244785905386
234.1	16.1	6.300718135069232
234.1	18.1	5.638773032997188
234.1	20.1	5.108083284977986
234.1	22.1	4.677323176358422
234.1	24.1	4.320715413451489
234.1	26.1	4.017531172598339
234.1	28.1	3.7606341139724573
234.1	30.1	3.5348997687916057
234.1	32.1	3.3365474743246635
234.1	34.1	3.1622679797020488
234.1	36.1	3.0092028584974995
234.1	38.1	2.874898952120435
234.1	40.1	2.7503269673499635
234.1	42.1	2.634534055061374
234.1	44.1	2.5330463330241058
234.1	46.1	2.4382462268063034
234.1	48.1	2.3554446413805183
234.1	50.1	2.277758550188046
234.1	52.1	2.2047388632866536
234.1	54.1	2.135982374589698
234.1	56.1	2.076353380892125
234.1	58.1	2.014930286742987
234.1	60.1	1.961747423042369
234.1	62.1	1.9113426635606896
234.1	64.1	1.863503065595878
234.1	66.1	1.8226207433231423
234.1	68.1	1.779247752745018
234.1	70.1	1.7379188209490115
234.1	72.1	1.7027775673059984
234.1	74.1	1.665029290898078
234.1	76.1	1.6330496746159664
234.1	78.1	1.6024526506533328
234.1	80.1	1.5731499575937038
234.1	82.1	1.5411753581671659
234.1	84.1	1.514294485522534
234.1	86.1	1.4884793391777909
234.1	88.1	1.463666456754292
234.1	90.1	1.4397971269201721
234.1	92.1	1.4168169548546743
234.1	94.1	1.3981959164354634
234.1	96.1	1.376797108438746
234.1	98.1	1.356149334399834
234.1	100.1	1.3362118226518138
234.1	102.1	1.3169465742875541
234.1	104.1	1.3016008551921785
234.1	106.1	1.283539730200066
234.1	108.1	1.2660533587476912
234.1	110.1	1.2522727750353366
234.1	112.1	1.2358203822903522
234.1	114.1	1.2229433856188234
234.1	116.1	1.2074297649083094
234.1	118.1	1.1923653091546003
236.1	0.1	9.07553595538822
236.1	2.1	8.959206501179176
236.1	4.1	8.828339260392235
236.1	6.1	8.673518518015548
236.1	8.1	8.494947983231178
236.1	10.1	8.28881987387685
236.1	12.1	8.051305944982321
236.1	14.1	6.993065956391697
236.1	16.1	6.185424121926827
236.1	18.1	5.553077981258329
236.1	20.1	5.045649678037447
236.1	22.1	4.633576357894104
236.1	24.1	4.281708371724204
236.1	26.1	3.9823515169757666
236.1	28.1	3.7285124993992764
236.1	30.1	3.5141309103868275
236.1	32.1	3.3174893746878107
236.1	34.1	3.1524947530457927
236.1	36.1	3.000235702056582
236.1	38.1	2.8594274397741497
236.1	40.1	2.74259917556958
236.1	42.1	2.6273439538903727
236.1	44.1	2.5262795715584785
236.1	46.1	2.4379590486791254
236.1	48.1	2.3493646702731352
236.1	50.1	2.2719557272298876
236.1	52.1	2.204702926477217
236.1	54.1	2.136012705276256
236.1	56.1	2.0764093643572235
236.1	58.1	2.0150371058903604
236.1	60.1	1.9618710127731902
236.1	62.1	1.9114796998078587
236.1	64.1	1.8636499413641283
236.1	66.1	1.8227577145828835
236.1	68.1	1.7793892440530084
236.1	70.1	1.7424274388719383
236.1	72.1	1.7029070679654983
236.1	74.1	1.669342698749428
236.1	76.1	1.6331592229439362
236.1	78.1	1.6025475918138594
236.1	80.1	1.5732299929172404
236.1	82.1	1.5451251375248023
236.1	84.1	1.5181582007923222
236.1	86.1	1.492260184878096
236.1	88.1	1.4673673593418637
236.1	90.1	1.443420768222196
236.1	92.1	1.4203657947115842
236.1	94.1	1.3981517756296293
236.1	96.1	1.37673165898178
236.1	98.1	1.3594805818334725
236.1	100.1	1.3394771867773156
236.1	102.1	1.3201476559336116
236.1	104.1	1.3047354230687862
236.1	106.1	1.286613668774615
236.1	108.1	1.2690679185159757
236.1	110.1	1.2552275693168498
236.1	112.1	1.2387187293351531
236.1	114.1	1.2227053893265383
236.1	116.1	1.2102185384529358
236.1	118.1	1.1951010382603702
238.1	0.1	9.1076092236536
238.1	2.1	8.987392592075
238.1	4.1	8.850929167585623
238.1	6.1	8.691009229711556
238.1	8.1	8.506356610566785
238.1	10.1	8.293759351491738
238.1	12.1	7.876384910443129
238.1	14.1	6.864205106597712
238.1	16.1	6.075970988507083
238.1	18.1	5.471218523191528
238.1	20.1	4.985664621002173
238.1	22.1	4.580088463323046
238.1	24.1	4.243984569915956
238.1	26.1	3.95800770914391
238.1	28.1	3.7064915489921946
238.1	30.1	3.4939130823453026
238.1	32.1	3.2989200109497085
238.1	34.1	3.1351790192237914
238.1	36.1	2.9840692404177984
238.1	38.1	2.8513646252896283
238.1	40.1	2.728255669112879
238.1	42.1	2.620293334619205
238.1	44.1	2.5196381525395366
238.1	46.1	2.431637405262853
238.1	48.1	2.349223434051445
238.1	50.1	2.271893035465238
238.1	52.1	2.199196293333836
238.1	54.1	2.1360465475192516
238.1	56.1	2.0713029075402285
238.1	58.1	2.0151448304699024
238.1	60.1	1.9619942109184805
238.1	62.1	1.9116149609012794
238.1	64.1	1.8684517929230124
238.1	66.1	1.8228900200545692
238.1	68.1	1.7795246156410967
238.1	70.1	1.742550742278219
238.1	72.1	1.7030274534065113
238.1	74.1	1.6694492161623056
238.1	76.1	1.637354789154712
238.1	78.1	1.6066472765445845
238.1	80.1	1.5772378323061793
238.1	82.1	1.5451729124523268
238.1	84.1	1.5181883460805252
238.1	86.1	1.4922720107673204
238.1	88.1	1.4710417751599125
238.1	90.1	1.4470189375096176
238.1	92.1	1.4238900929706266
238.1	94.1	1.4016043837794365
238.1	96.1	1.3801145844300884
238.1	98.1	1.3593767954342377
238.1	100.1	1.3427209564500924
238.1	102.1	1.3233277455862793
238.1	104.1	1.304574284204121
238.1	106.1	1.2896676369373563
238.1	108.1	1.2720629709210423
238.1	110.1	1.2581632462361143
238.1	112.1	1.2415983485182094
238.1	114.1	1.2255299354124634
238.1	116.1	1.2129892273931075
238.1	118.1	1.197818992808589
240.1	0.1	9.137952539163294
240.1	2.1	9.014319664097021
240.1	4.1	8.872158236575194
240.1	6.1	8.707160189953832
240.1	8.1	8.51662436985226
240.1	10.1	8.297420630894962
240.1	12.1	7.693643837387902
240.1	14.1	6.726130261618463
240.1	16.1	5.986092494461747
240.1	18.1	5.3929427628805495
240.1	20.1	4.927986886590508
240.1	22.1	4.528588110630507
240.1	24.1	4.207481740937769
240.1	26.1	3.924803970412161
240.1	28.1	3.6850628195789303
240.1	30.1	3.474224662090294
240.1	32.1	3.2808208218972212
240.1	34.1	3.118285665264415
240.1	36.1	2.9755709450465475
240.1	38.1	2.8434677467973954
240.1	40.1	2.7209084159103427
240.1	42.1	2.613378176908902
240.1	44.1	2.5193242757789247
240.1	46.1	2.4254256173342696
240.1	48.1	2.343295916141434
240.1	50.1	2.266226080517397
240.1	52.1	2.1992077230679308
240.1	54.1	2.130801302682992
240.1	56.1	2.0713941037496246
240.1	58.1	2.0152534068128354
240.1	60.1	1.962117004010932
240.1	62.1	1.9117484811183911
240.1	64.1	1.8685739563096924
240.1	66.1	1.8230178188730581
240.1	68.1	1.7796540975329802
240.1	70.1	1.7426665805352075
240.1	72.1	1.7073903263740686
240.1	74.1	1.669545414188345
240.1	76.1	1.6374354775197923
240.1	78.1	1.6067122082473497
240.1	80.1	1.5772865782721968
240.1	82.1	1.5490768110659392
240.1	84.1	1.522007652891548
240.1	86.1	1.496009733656806
240.1	88.1	1.4710190048594611
240.1	90.1	1.4469762439421816
240.1	92.1	1.4238266159328834
240.1	94.1	1.4050335309464281
240.1	96.1	1.383474823239241
240.1	98.1	1.362669912065054
240.1	100.1	1.3425778213449713
240.1	102.1	1.3264870520130887
240.1	104.1	1.3076718939653
240.1	106.1	1.292701832662825
240.1	108.1	1.2750387085102486
240.1	110.1	1.2579247039562362
240.1	112.1	1.2444594231549035
240.1	114.1	1.2283362937761595
240.1	116.1	1.2157420078014798
240.1	118.1	1.2005193456462162
242.1	0.1	9.166610717844371
242.1	2.1	9.039959588609413
242.1	4.1	8.892042011127282
242.1	6.1	8.721949885229197
242.1	8.1	8.52547918593081
242.1	10.1	8.299853739273928
242.1	12.1	7.504924489178503
242.1	14.1	6.5955173281555295
242.1	16.1	5.8865262347096525
242.1	18.1	5.330478457661434
242.1	20.1	4.872485902550458
242.1	22.1	4.4896017179083145
242.1	24.1	4.172141581399534
242.1	26.1	3.8926244930794347
242.1	28.1	3.655408674476699
242.1	30.1	3.4467245135801376
242.1	32.1	3.271076202469719
242.1	34.1	3.109330544022963
242.1	36.1	2.9600492728177374
242.1	38.1	2.83573177673755
242.1	40.1	2.7137063187347117
242.1	42.1	2.606594613467392
242.1	44.1	2.512866322364879
242.1	46.1	2.425261071567675
242.1	48.1	2.3432120859611523
242.1	50.1	2.266214824983759
242.1	52.1	2.1938191074759414
242.1	54.1	2.1308752461438325
242.1	56.1	2.0714871935064547
242.1	58.1	2.0153627833870305
242.1	60.1	1.96223937941228
242.1	62.1	1.9118802938595938
242.1	64.1	1.8686931486400502
242.1	66.1	1.823141263892795
242.1	68.1	1.7841970253330206
242.1	70.1	1.7427752650832948
242.1	72.1	1.707484229275675
242.1	74.1	1.6737880678458639
242.1	76.1	1.6415802162565691
242.1	78.1	1.6067642312376607
242.1	80.1	1.5773208764992794
242.1	82.1	1.549092841787586
242.1	84.1	1.5220047798662901
242.1	86.1	1.4997205098610609
242.1	88.1	1.4746520308426792
242.1	90.1	1.4505339603487828
242.1	92.1	1.4273112652988527
242.1	94.1	1.4049329331120741
242.1	96.1	1.3868125965473899
242.1	98.1	1.3659412649456708
242.1	100.1	1.3457843494483253
242.1	102.1	1.3296257810354029
242.1	104.1	1.3107494652813851
242.1	106.1	1.2924821948706027
242.1	108.1	1.2779953212122577
242.1	110.1	1.2608243832541086
242.1	112.1	1.2473021341211097
242.1	114.1	1.2311246411047112
242.1	116.1	1.2184770534526628
242.1	118.1	1.2032022673789657
244.1	0.1	9.193831273948923
244.1	2.1	9.064289864985021
244.1	4.1	8.911196755995496
244.1	6.1	8.735365121158313
244.1	8.1	8.5328953465197
244.1	10.1	8.300682894776495
244.1	12.1	7.344015939633609
244.1	14.1	6.471777299630803
244.1	16.1	5.791656791289327
244.1	18.1	5.258299244425594
244.1	20.1	4.807884895406691
244.1	22.1	4.441483553591676
244.1	24.1	4.128194237952331
244.1	26.1	3.8614226155206017
244.1	28.1	3.63524903178168
244.1	30.1	3.428170542256902
244.1	32.1	3.2537445681350143
244.1	34.1	3.0931297978893917
244.1	36.1	2.951987650742393
244.1	38.1	2.8213323056113855
244.1	40.1	2.7066451284947504
244.1	42.1	2.5999389228351553
244.1	44.1	2.506524724053982
244.1	46.1	2.419210955534233
244.1	48.1	2.3374302301781817
244.1	50.1	2.2606781031045644
244.1	52.1	2.193875005484829
244.1	54.1	2.1309518925081576
244.1	56.1	2.0715820963064515
244.1	58.1	2.015472910709147
244.1	60.1	1.9623613252731271
244.1	62.1	1.9120104316761235
244.1	64.1	1.868809456661607
244.1	66.1	1.8232605019755777
244.1	68.1	1.7843017184661325
244.1	70.1	1.7428770928871233
244.1	72.1	1.7075697951549074
244.1	74.1	1.6738573801347898
244.1	76.1	1.6416330657976692
244.1	78.1	1.610799177420144
244.1	80.1	1.5812661895649116
244.1	82.1	1.5529518900653945
244.1	84.1	1.5257806483843317
244.1	86.1	1.4996827734591622
244.1	88.1	1.4745939484192556
244.1	90.1	1.4540670208580069
244.1	92.1	1.4307721596437963
244.1	94.1	1.4083236488034283
244.1	96.1	1.3866739996840869
244.1	98.1	1.369191067156133
244.1	100.1	1.3489699614736117
244.1	102.1	1.329426449104439
244.1	104.1	1.31380719559463
244.1	106.1	1.2954805132093232
244.1	108.1	1.2809329963838023
244.1	110.1	1.2637055357168674
244.1	112.1	1.2501266598953023
244.1	114.1	1.233895151766459
244.1	116.1	1.221194535861317
244.1	118.1	1.2058679264078591
246.1	0.1	9.222263409924354
246.1	2.1	9.08729573571279
246.1	4.1	8.929219689071447
246.1	6.1	8.747403666715579
246.1	8.1	8.538855584389598
246.1	10.1	8.282613769949107
246.1	12.1	7.192215527701495
246.1	14.1	6.354381571985597
246.1	16.1	5.713847946683828
246.1	18.1	5.189090748475202
246.1	20.1	4.756684378677319
246.1	22.1	4.405184219757304
246.1	24.1	4.095228878174629
246.1	26.1	3.8401068035917407
246.1	28.1	3.6071332195464523
246.1	30.1	3.4100832930489324
246.1	32.1	3.2368362376266306
246.1	34.1	3.077310733424007
246.1	36.1	2.937070529993491
246.1	38.1	2.8139805214623532
246.1	40.1	2.699720760101984
246.1	42.1	2.5934075225751645
246.1	44.1	2.500296388731641
246.1	46.1	2.4132633153115894
246.1	48.1	2.331740531391466
246.1	50.1	2.2607150863707464
246.1	52.1	2.1939341468207223
246.1	54.1	2.1310311396173836
246.1	56.1	2.0716787345453054
246.1	58.1	2.0155837412607243
246.1	60.1	1.962482830494753
246.1	62.1	1.9121389262968733
246.1	64.1	1.8689229640746898
246.1	66.1	1.8233756742632299
246.1	68.1	1.7844010061572193
246.1	70.1	1.7472722264469431
246.1	72.1	1.7118604028531277
246.1	74.1	1.6739173023234515
246.1	76.1	1.6416750746893045
246.1	78.1	1.610822887066069
246.1	80.1	1.581271091394343
246.1	82.1	1.5529373850703314
246.1	84.1	1.5295290463963784
246.1	86.1	1.503351965196991
246.1	88.1	1.4781864335499897
246.1	90.1	1.4539728078692438
246.1	92.1	1.4306559001316013
246.1	94.1	1.4116916501732621
246.1	96.1	1.389974406616205
246.1	98.1	1.3690135599751179
246.1	100.1	1.352134862338473
246.1	102.1	1.3325291680664175
246.1	104.1	1.3168452796249193
246.1	106.1	1.2984596673608306
246.1	108.1	1.2838519188553883
246.1	110.1	1.2665683413379092
246.1	112.1	1.25293317659974
246.1	114.1	1.2366479978501128
246.1	116.1	1.22389462431946
246.1	118.1	1.2085164889650497
248.1	0.1	9.249474559919252
248.1	2.1	9.10897272506985
248.1	4.1	8.945946784444798
248.1	6.1	8.758342318765116
248.1	8.1	8.543353947619122
248.1	10.1	8.081908607545651
248.1	12.1	7.048771276754551
248.1	14.1	6.256199945354457
248.1	16.1	5.626981811234608
248.1	18.1	5.122673252315609
248.1	20.1	4.707309221556015
248.1	22.1	4.360119721250137
248.1	24.1	4.0632638410757105
248.1	26.1	3.81055270151001
248.1	28.1	3.588137882885421
248.1	30.1	3.3924453914695527
248.1	32.1	3.2203358915334572
248.1	34.1	3.0690869848584605
248.1	36.1	2.9294162062793045
248.1	38.1	2.8067739816057786
248.1	40.1	2.6929292846404818
248.1	42.1	2.593189499915097
248.1	44.1	2.494178331985577
248.1	46.1	2.4132095555203215
248.1	48.1	2.3317576444702226
248.1	50.1	2.2607555411498326
248.1	52.1	2.1886977669130894
248.1	54.1	2.1259575543125804
248.1	56.1	2.0667552694776705
248.1	58.1	2.0156952294080166
248.1	60.1	1.962603884692815
248.1	62.1	1.9122658086542055
248.1	64.1	1.869033751658329
248.1	66.1	1.8234869164360825
248.1	68.1	1.7844950949748672
248.1	70.1	1.747349452733326
248.1	72.1	1.7119207980125353
248.1	74.1	1.6780914922980088
248.1	76.1	1.6457541772682558
248.1	78.1	1.6148106701680804
248.1	80.1	1.5851710023113497
248.1	82.1	1.556752579597296
248.1	84.1	1.5294794472995241
248.1	86.1	1.5032816441698327
248.1	88.1	1.4780946332081522
248.1	90.1	1.4574667893027542
248.1	92.1	1.4340784662570165
248.1	94.1	1.411537617726851
248.1	96.1	1.3932530563823338
248.1	98.1	1.3722269323138698
248.1	100.1	1.3552792540637524
248.1	102.1	1.3356119460615647
248.1	104.1	1.3165890615118307
248.1	106.1	1.301419844158359
248.1	108.1	1.2835569844252244
248.1	110.1	1.2694129777194074
248.1	112.1	1.2525994149169464
248.1	114.1	1.2393833492030297
248.1	116.1	1.2265774859330092
248.1	118.1	1.2111481191489337
250.1	0.1	9.275436783249852
250.1	2.1	9.129329600261544
250.1	4.1	8.961355574638569
250.1	6.1	8.76803124157984
250.1	8.1	8.546774997736899
250.1	10.1	7.89358689988516
250.1	12.1	6.8990043149563265
250.1	14.1	6.149592636811533
250.1	16.1	5.543949417892764
250.1	18.1	5.0588812485884835
250.1	20.1	4.659663553716278
250.1	22.1	4.31659244079712
250.1	24.1	4.032254300513961
250.1	26.1	3.781858598834773
250.1	28.1	3.561439906065927
250.1	30.1	3.3752403144672694
250.1	32.1	3.2042289407723734
250.1	34.1	3.0538928656080575
250.1	36.1	2.921914771593644
250.1	38.1	2.799708461074905
250.1	40.1	2.6862669219807844
250.1	42.1	2.5868372559467767
250.1	44.1	2.494100098538144
250.1	46.1	2.407411850736226
250.1	48.1	2.3262035781052366
250.1	50.1	2.255385534048718
250.1	52.1	2.1887979778733744
250.1	54.1	2.126073311119986
250.1	56.1	2.0668836384144114
250.1	58.1	2.01093561755427
250.1	60.1	1.9627244781628312
250.1	62.1	1.9123911089087957
250.1	64.1	1.869141897390167
250.1	66.1	1.8280442612653807
250.1	68.1	1.784584182699444
250.1	70.1	1.7474203974718725
250.1	72.1	1.7119735776047316
250.1	74.1	1.6781258908563144
250.1	76.1	1.6457698230414508
250.1	78.1	1.614807071050354
250.1	80.1	1.5851475789397744
250.1	82.1	1.5567086959280705
250.1	84.1	1.533185972692186
250.1	86.1	1.5069101196203902
250.1	88.1	1.4816474040428318
250.1	90.1	1.4573380280550834
250.1	92.1	1.4374780271947465
250.1	94.1	1.414868440877491
250.1	96.1	1.3930604611379458
250.1	98.1	1.3754194261769033
250.1	100.1	1.3550468734828423
250.1	102.1	1.3386749771764832
250.1	104.1	1.3195922448065944
250.1	106.1	1.3043612279120662
250.1	108.1	1.286441423750907
250.1	110.1	1.272239620113746
250.1	112.1	1.2553716504277252
250.1	114.1	1.2421013734686883
250.1	116.1	1.2261875693558282
250.1	118.1	1.213762978958567
252.1	0.1	9.300126878760297
252.1	2.1	9.1486821693334
252.1	4.1	8.975430491853407
252.1	6.1	8.77634141797164
252.1	8.1	8.54887270271046
252.1	10.1	7.716536947466171
252.1	12.1	6.770924485682356
252.1	14.1	6.048069840960664
252.1	16.1	5.475961727763878
252.1	18.1	4.9975620628038895
252.1	20.1	4.613658102203522
252.1	22.1	4.283947345518306
252.1	24.1	4.002158068687053
252.1	26.1	3.753987507589659
252.1	28.1	3.5435152050070773
252.1	30.1	3.358452338912148
252.1	32.1	3.1885014835828556
252.1	34.1	3.0390448905760374
252.1	36.1	2.9077928483354265
252.1	38.1	2.786262329080457
252.1	40.1	2.6797300338088768
252.1	42.1	2.580600435990232
252.1	44.1	2.4881417767504534
252.1	46.1	2.4017099257308865
252.1	48.1	2.326268830542617
252.1	50.1	2.2554705061739577
252.1	52.1	2.1889006344697832
252.1	54.1	2.1261909728353485
252.1	56.1	2.0670131706109194
252.1	58.1	2.0110736012616193
252.1	60.1	1.9628446018473569
252.1	62.1	1.912514856473552
252.1	64.1	1.869247476560702
252.1	66.1	1.828132281255491
252.1	68.1	1.7890114860146697
252.1	70.1	1.747485325036345
252.1	72.1	1.7120190915756865
252.1	74.1	1.678151756740897
252.1	76.1	1.6457756737665996
252.1	78.1	1.6187487762391182
252.1	80.1	1.5890031105335292
252.1	82.1	1.5604810009169763
252.1	84.1	1.5331062212126918
252.1	86.1	1.5068085899330248
252.1	88.1	1.4851756880667135
252.1	90.1	1.4607937040769385
252.1	92.1	1.4373116780661424
252.1	94.1	1.4181772617899355
252.1	96.1	1.3963029439931645
252.1	98.1	1.378591242321944
252.1	100.1	1.3581561037370964
252.1	102.1	1.3417184528246544
252.1	104.1	1.3225763808070854
252.1	106.1	1.3072840004537272
252.1	108.1	1.289307679266232
252.1	110.1	1.2750484414640415
252.1	112.1	1.2581264272666568
252.1	114.1	1.2448022361233664
252.1	116.1	1.228836575136961
252.1	118.1	1.2163612283274043
254.1	0.1	9.323528192062454
254.1	2.1	9.167207509020855
254.1	4.1	8.98816509077844
254.1	6.1	8.783252194225522
254.1	8.1	8.549400909410371
254.1	10.1	7.535882482220104
254.1	12.1	6.649345977284148
254.1	14.1	5.951276258781932
254.1	16.1	5.399499044212743
254.1	18.1	4.938574633210999
254.1	20.1	4.569209633551816
254.1	22.1	4.243046818643342
254.1	24.1	3.972935404855611
254.1	26.1	3.7351968529284107
254.1	28.1	3.52602904478394
254.1	30.1	3.342066493777138
254.1	32.1	3.1731402655248946
254.1	34.1	3.0314773046273333
254.1	36.1	2.9006612826871074
254.1	38.1	2.779536679146442
254.1	40.1	2.6733151170432556
254.1	42.1	2.5744759221748708
254.1	44.1	2.482286196624102
254.1	46.1	2.396101510907701
254.1	48.1	2.3208446202155586
254.1	50.1	2.2502183875632644
254.1	52.1	2.183808208952065
254.1	54.1	2.1212458413348014
254.1	56.1	2.0671438061097147
254.1	58.1	2.011211828629405
254.1	60.1	1.9629642473047644
254.1	62.1	1.912637080036652
254.1	64.1	1.8693505618821662
254.1	66.1	1.8282167193589571
254.1	68.1	1.7890774849475768
254.1	70.1	1.7517896554353811
254.1	72.1	1.716223176539403
254.1	74.1	1.6822596636028087
254.1	76.1	1.6497911214377041
254.1	78.1	1.6187188327278788
254.1	80.1	1.5889523895466136
254.1	82.1	1.5604088467393595
254.1	84.1	1.5367717634945859
254.1	86.1	1.5103971924624513
254.1	88.1	1.4850372576848179
254.1	90.1	1.4642260370795879
254.1	92.1	1.4406741706537944
254.1	94.1	1.4179726363718261
254.1	96.1	1.3995243455736075
254.1	98.1	1.378344722872336
254.1	100.1	1.3612454547854123
254.1	102.1	1.341430621242291
254.1	104.1	1.325541653322684
254.1	106.1	1.3069550773408913
254.1	108.1	1.292155925607832
254.1	110.1	1.277839612443769
254.1	112.1	1.2608639119408993
254.1	114.1	1.247486100512056
254.1	116.1	1.231468891471993
254.1	118.1	1.218943025156376
256.1	0.1	9.345632791348024
256.1	2.1	9.184478595519186
256.1	4.1	8.999618117259939
256.1	6.1	8.788751681284708
256.1	8.1	8.505499791594296
256.1	10.1	7.379190842765482
256.1	12.1	6.533786092869207
256.1	14.1	5.858888941997575
256.1	16.1	5.326206707487538
256.1	18.1	4.8918847829475265
256.1	20.1	4.516715174449169
256.1	22.1	4.212485057410999
256.1	24.1	3.9359959816002092
256.1	26.1	3.708714199344878
256.1	28.1	3.5011888779633873
256.1	30.1	3.3260685157088026
256.1	32.1	3.1652682312943146
256.1	34.1	3.017195184050813
256.1	36.1	2.8870590613296514
256.1	38.1	2.7729387939462216
256.1	40.1	2.667018797615117
256.1	42.1	2.568460707923839
256.1	44.1	2.4765307448654985
256.1	46.1	2.3961937864987233
256.1	48.1	2.3209550490252933
256.1	50.1	2.250345167909015
256.1	52.1	2.183948849610711
256.1	54.1	2.1213973636903485
256.1	56.1	2.0623622976079545
256.1	58.1	2.0113502661462754
256.1	60.1	1.9630834066795426
256.1	62.1	1.9127578075837317
256.1	64.1	1.8694512235923297
256.1	66.1	1.8282976983284025
256.1	68.1	1.7891389083435363
256.1	70.1	1.7518314396496162
256.1	72.1	1.7162450689614506
256.1	74.1	1.682261281187345
256.1	76.1	1.6497719861358282
256.1	78.1	1.6186784037844941
256.1	80.1	1.5927645305584184
256.1	82.1	1.5641391954052404
256.1	84.1	1.5366630575479747
256.1	86.1	1.5102657640909367
256.1	88.1	1.4885271797988213
256.1	90.1	1.464050175784214
256.1	92.1	1.444014373391947
256.1	94.1	1.421245476784008
256.1	96.1	1.402724864885993
256.1	98.1	1.3814817091647333
256.1	100.1	1.3643151171900623
256.1	102.1	1.3444400712655487
256.1	104.1	1.3284882436871657
256.1	106.1	1.3098443523392223
256.1	108.1	1.294986335108147
256.1	110.1	1.2774540480840388
256.1	112.1	1.263584268801731
256.1	114.1	1.2501531278836284
256.1	116.1	1.2340846763078237
256.1	118.1	1.2215085253463174
258.1	0.1	9.366444021335575
258.1	2.1	9.200472416366209
258.1	4.1	9.010080775630584
258.1	6.1	8.792839475765662
258.1	8.1	8.298113822736997
258.1	10.1	7.231091420787933
258.1	12.1	6.411980827455701
258.1	14.1	5.781699928879501
258.1	16.1	5.255891536625573
258.1	18.1	4.836902459123233
258.1	20.1	4.475379648042546
258.1	22.1	4.173975810050962
258.1	24.1	3.908576323092943
258.1	26.1	3.682960826004563
258.1	28.1	3.484654704958158
258.1	30.1	3.303115803926427
258.1	32.1	3.150502832617294
258.1	34.1	3.010001173494048
258.1	36.1	2.8802736581352817
258.1	38.1	2.7601586034189136
258.1	40.1	2.6608378245885227
258.1	42.1	2.5625518930321625
258.1	44.1	2.470872895299297
258.1	46.1	2.3907208719986275
258.1	48.1	2.3156552596422197
258.1	50.1	2.2452063336648322
258.1	52.1	2.1789587501959935
258.1	54.1	2.1215501751268375
258.1	56.1	2.062522071420634
258.1	58.1	2.011488881695615
258.1	60.1	1.963202072674037
258.1	62.1	1.9128770664192616
258.1	64.1	1.8695495295534892
258.1	66.1	1.8283753361874537
258.1	68.1	1.7891959340156782
258.1	70.1	1.751867724352778
258.1	72.1	1.7162603397185197
258.1	74.1	1.6822551578339446
258.1	76.1	1.6537409623493506
258.1	78.1	1.6225601462625328
258.1	80.1	1.5926874980144996
258.1	82.1	1.5640398324293143
258.1	84.1	1.540288479288433
258.1	86.1	1.5138153130674665
258.1	88.1	1.4883582103728654
258.1	90.1	1.4674454751633337
258.1	92.1	1.44380047597603
258.1	94.1	1.4244969945519563
258.1	96.1	1.4024671456563165
258.1	98.1	1.3845986508616155
258.1	100.1	1.364014223965507
258.1	102.1	1.3474305575009806
258.1	104.1	1.3281445006110497
258.1	106.1	1.3127155744088612
258.1	108.1	1.297799077835158
258.1	110.1	1.2802124046579209
258.1	112.1	1.2662876600806259
258.1	114.1	1.2528034774252697
258.1	116.1	1.236684085586949
258.1	118.1	1.2240578828297708
260.1	0.1	9.385989601385864
260.1	2.1	9.215171700534539
260.1	4.1	9.019221585373502
260.1	6.1	8.796050157121526
260.1	8.1	8.090772163601368
260.1	10.1	7.090896405833887
260.1	12.1	6.307640035655103
260.1	14.1	5.696889446540137
260.1	16.1	5.198482788723426
260.1	18.1	4.783901310322054
260.1	20.1	4.4353732362659235
260.1	22.1	4.136680597255324
260.1	24.1	3.8819180909703714
260.1	26.1	3.6579070281560226
260.1	28.1	3.4609860632303846
260.1	30.1	3.2879600911655085
260.1	32.1	3.1360700418263527
260.1	34.1	2.9962510882831888
260.1	36.1	2.8671610484193706
260.1	38.1	2.7538709573872935
260.1	40.1	2.6487285926005564
260.1	42.1	2.556746679003803
260.1	44.1	2.470992900266911
260.1	46.1	2.3853355720245646
260.1	48.1	2.310435601887276
260.1	50.1	2.2453723949859064
260.1	52.1	2.179135125360107
260.1	54.1	2.1167274470659216
260.1	56.1	2.062682453496916
260.1	58.1	2.0116276444990735
260.1	60.1	1.958673518658657
260.1	62.1	1.9129948831871537
260.1	64.1	1.8696455453469016
260.1	66.1	1.8284497464401774
260.1	68.1	1.789248732287519
260.1	70.1	1.751898745153094
260.1	72.1	1.7162692974176599
260.1	74.1	1.686298859181086
260.1	76.1	1.6536977050513249
260.1	78.1	1.622494821529618
260.1	80.1	1.59259950530132
260.1	82.1	1.5677291282920172
260.1	84.1	1.5401519636300225
260.1	86.1	1.5173404775244625
260.1	88.1	1.4918105352427675
260.1	90.1	1.467238503683117
260.1	92.1	1.4471048129464459
260.1	94.1	1.4242444498244637
260.1	96.1	1.4056330926057936
260.1	98.1	1.3876957373345085
260.1	100.1	1.3670502475137993
260.1	102.1	1.350402260692905
260.1	104.1	1.3310580999610917
260.1	106.1	1.3155689153998178
260.1	108.1	1.2973977100171474
260.1	110.1	1.2829536387336007
260.1	112.1	1.2689742459245712
260.1	114.1	1.252344736012937
260.1	116.1	1.2392672732797418
260.1	118.1	1.2265912496021687
262.1	0.1	9.404989950114187
262.1	2.1	9.228566792946882
262.1	4.1	9.027017807786024
262.1	6.1	8.797830947902844
262.1	8.1	7.9084069723005515
262.1	10.1	6.946450225877447
262.1	12.1	6.208099914676072
262.1	14.1	5.615698651868793
262.1	16.1	5.133301765252654
262.1	18.1	4.732776140832558
262.1	20.1	4.396632873825904
262.1	22.1	4.108983226678771
262.1	24.1	3.855990022267332
262.1	26.1	3.6412428560767673
262.1	28.1	3.4453318312758534
262.1	30.1	3.2731503217333153
262.1	32.1	3.121958747121614
262.1	34.1	2.9827979541262115
262.1	36.1	2.8607000337592146
262.1	38.1	2.7476993693208778
262.1	40.1	2.6428272127242862
262.1	42.1	2.551042364631851
262.1	44.1	2.4654749272856247
262.1	46.1	2.385514903772183
262.1	48.1	2.310627616384737
262.1	50.1	2.2403424917558707
262.1	52.1	2.1793126839279457
262.1	54.1	2.116911700713421
262.1	56.1	2.0628433985013737
262.1	58.1	2.011766525062553
262.1	60.1	1.9588128661897821
262.1	62.1	1.9131112838906186
262.1	64.1	1.8697393343628939
262.1	66.1	1.8285210382699433
262.1	68.1	1.7892974663529855
262.1	70.1	1.756115983088346
262.1	72.1	1.7203901631909801
262.1	74.1	1.6862696827725074
262.1	76.1	1.6536460342871022
262.1	78.1	1.6263329139283456
262.1	80.1	1.5963548070031166
262.1	82.1	1.5676035740543144
262.1	84.1	1.5437381014855192
262.1	86.1	1.5171665253977822
262.1	88.1	1.495239649015374
262.1	90.1	1.4705974889310036
262.1	92.1	1.4503875429883648
262.1	94.1	1.4274611322799287
262.1	96.1	1.4087787940722833
262.1	98.1	1.3873845843498311
262.1	100.1	1.3700671762957166
262.1	102.1	1.3500466182198563
262.1	104.1	1.3339535746684656
262.1	106.1	1.3184045449021269
262.1	108.1	1.30017825318227
262.1	110.1	1.2856779117698864
262.1	112.1	1.271644184430631
262.1	114.1	1.2549631429945158
262.1	116.1	1.2418343914160899
262.1	118.1	1.2291087757524164
264.1	0.1	9.422775429491393
264.1	2.1	9.24065786570354
264.1	4.1	9.033453521333488
264.1	6.1	8.798074846103784
264.1	8.1	7.7365994573328
264.1	10.1	6.8207562180733685
264.1	12.1	6.113036646758141
264.1	14.1	5.537900640528634
264.1	16.1	5.070620202115479
264.1	18.1	4.683429073163525
264.1	20.1	4.359099422615638
264.1	22.1	4.073769050934119
264.1	24.1	3.8307625419775353
264.1	26.1	3.6173698340230973
264.1	28.1	3.4300375059800787
264.1	30.1	3.258674797115758
264.1	32.1	3.108158326149287
264.1	34.1	2.976157555660434
264.1	36.1	2.854359399890063
264.1	38.1	2.741640684770137
264.1	40.1	2.6370309693911724
264.1	42.1	2.5454363418072172
264.1	44.1	2.460048186809736
264.1	46.1	2.380255822612125
264.1	48.1	2.3055242769692232
264.1	50.1	2.240545474444385
264.1	52.1	2.174453844745964
264.1	54.1	2.117096698118849
264.1	56.1	2.0630048628052893
264.1	58.1	2.0072021858402476
264.1	60.1	1.9589514964798342
264.1	62.1	1.913226293911311
264.1	64.1	1.8698309578868797
264.1	66.1	1.8285893167283214
264.1	68.1	1.793597420555733
264.1	70.1	1.7561252022471214
264.1	72.1	1.72037692012519
264.1	74.1	1.6862334970402153
264.1	76.1	1.6575547162316815
264.1	78.1	1.6262435611567698
264.1	80.1	1.5962420381292541
264.1	82.1	1.5712526921736742
264.1	84.1	1.5435748705029095
264.1	86.1	1.5206539674901165
264.1	88.1	1.4950278564311568
264.1	90.1	1.473934342101503
264.1	92.1	1.4501284970221462
264.1	94.1	1.4306571411291866
264.1	96.1	1.4084733716848659
264.1	98.1	1.390448347425434
264.1	100.1	1.3730651902632516
264.1	102.1	1.3529857583324445
264.1	104.1	1.3368310961217267
264.1	106.1	1.3212226302846952
264.1	108.1	1.302941652461386
264.1	110.1	1.2883853831490177
264.1	112.1	1.274297631679796
264.1	114.1	1.2575653748250908
264.1	116.1	1.2443855901164038
264.1	118.1	1.2316106094928876
266.1	0.1	9.439322792023091
266.1	2.1	9.251678031723419
266.1	4.1	9.038521800764402
266.1	6.1	8.71913763235664
266.1	8.1	7.563530157537954
266.1	10.1	6.701264628643105
266.1	12.1	6.01198504187486
266.1	14.1	5.463287085379299
266.1	16.1	5.0195682150699
266.1	18.1	4.635768922527004
266.1	20.1	4.322717370724421
266.1	22.1	4.039616441170206
266.1	24.1	3.8062076506608435
266.1	26.1	3.594120752642568
266.1	28.1	3.4079115168750866
266.1	30.1	3.2445223401185346
266.1	32.1	3.0946586193495627
266.1	34.1	2.9631886920774564
266.1	36.1	2.8418926067321695
266.1	38.1	2.729644606981732
266.1	40.1	2.631337084994335
266.1	42.1	2.5399260915421333
266.1	44.1	2.454710453624832
266.1	46.1	2.3750789749718417
266.1	48.1	2.3057542892858924
266.1	50.1	2.235620382359947
266.1	52.1	2.174664521944679
266.1	54.1	2.117282388089244
266.1	56.1	2.0583839503379933
266.1	58.1	2.007364713828746
266.1	60.1	1.959089407205459
266.1	62.1	1.913339938027796
266.1	64.1	1.8699204751814844
266.1	66.1	1.832974493486442
266.1	68.1	1.7936248148039635
266.1	70.1	1.7561296240752597
266.1	72.1	1.720357939838359
266.1	74.1	1.6902149739182413
266.1	76.1	1.6574801586075651
266.1	78.1	1.6261453012477352
266.1	80.1	1.599956150312766
266.1	82.1	1.5711019221894393
266.1	84.1	1.5471225361981944
266.1	86.1	1.520452792351662
266.1	88.1	1.4984206232801016
266.1	90.1	1.4736842560182042
266.1	92.1	1.4533765098662237
266.1	94.1	1.433832664505547
266.1	96.1	1.4115855801171677
266.1	98.1	1.3934928522421985
266.1	100.1	1.3727002981609657
266.1	102.1	1.3559066737608905
266.1	104.1	1.339690833453001
266.1	106.1	1.3207942923940472
266.1	108.1	1.305688068759161
266.1	110.1	1.2910762102113373
266.1	112.1	1.2738083061888839
266.1	114.1	1.260151582175226
266.1	116.1	1.2469210176220114
266.1	118.1	1.2340968971888444
268.1	0.1	9.454613582413925
268.1	2.1	9.261591726170892
268.1	4.1	9.042359129281271
268.1	6.1	8.505204774084534
268.1	8.1	7.410760335915784
268.1	10.1	6.577351549280859
268.1	12.1	5.925362416762214
268.1	14.1	5.401082685629043
268.1	16.1	4.961214182743712
268.1	18.1	4.598349043155957
268.1	20.1	4.279154847840365
268.1	22.1	4.014411989363879
268.1	24.1	3.7822988209125907
268.1	26.1	3.5714714762277757
268.1	28.1	3.3934052159254042
268.1	30.1	3.2306822661548065
268.1	32.1	3.0814499050271795
268.1	34.1	2.950491411886187
268.1	36.1	2.8358484797107284
268.1	38.1	2.7238626214947366
268.1	40.1	2.6257428787631754
268.1	42.1	2.534509180195752
268.1	44.1	2.449459573645635
268.1	46.1	2.375337268065286
268.1	48.1	2.300762603225715
268.1	50.1	2.2358580814896856
268.1	52.1	2.1698996864403473
268.1	54.1	2.112604954686394
268.1	56.1	2.0585718434022278
268.1	58.1	2.0075270230485334
268.1	60.1	1.9592265964172166
268.1	62.1	1.9134522404333578
268.1	64.1	1.8700079435649848
268.1	66.1	1.833021662907571
268.1	68.1	1.7936485099111505
268.1	70.1	1.7561294587400533
268.1	72.1	1.7244144077039167
268.1	74.1	1.6901568563768383
268.1	76.1	1.6573980361424079
268.1	78.1	1.6299264225534464
268.1	80.1	1.5998194885104706
268.1	82.1	1.5747117103371968
268.1	84.1	1.5469336365316
268.1	86.1	1.5239032680503877
268.1	88.1	1.4981811570799808
268.1	90.1	1.476985974204093
268.1	92.1	1.4566035682086726
268.1	94.1	1.4335214635255158
268.1	96.1	1.4146781516168432
268.1	98.1	1.3931343579182751
268.1	100.1	1.3756661088933566
268.1	102.1	1.3588095353507332
268.1	104.1	1.3425329535766808
268.1	106.1	1.32358105941937
268.1	108.1	1.308417660909904
268.1	110.1	1.2937505482892242
268.1	112.1	1.2764308461964509
268.1	114.1	1.2627219138234311
268.1	116.1	1.249440820324956
268.1	118.1	1.2365677833872988
270.1	0.1	9.46863572366564
270.1	2.1	9.270213421092565
270.1	4.1	9.045253054473879
270.1	6.1	8.294553822293627
270.1	8.1	7.26611794868086
270.1	10.1	6.469350790094492
270.1	12.1	5.842384208751723
270.1	14.1	5.331992304578794
270.1	16.1	4.904979184635041
270.1	18.1	4.553603514885568
270.1	20.1	4.245098540013672
270.1	22.1	3.982081686383061
270.1	24.1	3.751520701367466
270.1	26.1	3.556613756439138
270.1	28.1	3.372258926675077
270.1	30.1	3.217144356409623
270.1	32.1	3.075024700175845
270.1	34.1	2.9443518546301375
270.1	36.1	2.8238072456552157
270.1	38.1	2.7181835254428406
270.1	40.1	2.620245762583828
270.1	42.1	2.529183255889947
270.1	44.1	2.44429346112391
270.1	46.1	2.370278197772107
270.1	48.1	2.3010283203012123
270.1	50.1	2.2310338983088847
270.1	52.1	2.170141554051561
270.1	54.1	2.1128194433269107
270.1	56.1	2.058759837149645
270.1	58.1	2.0076890931336515
270.1	60.1	1.9593630625202592
270.1	62.1	1.9135632247531833
270.1	64.1	1.8744617404746104
270.1	66.1	1.8330661084401407
270.1	68.1	1.793668652743268
270.1	70.1	1.7561249069228169
270.1	72.1	1.7243742695384972
270.1	74.1	1.6900924060391305
270.1	76.1	1.6612481742186394
270.1	78.1	1.6298054283239476
270.1	80.1	1.6034932959863077
270.1	82.1	1.5745366601311868
270.1	84.1	1.5504436177976697
270.1	86.1	1.52367599981536
270.1	88.1	1.5015382855591388
270.1	90.1	1.4802662238348148
270.1	92.1	1.4563016410235297
270.1	94.1	1.436663679208728
270.1	96.1	1.417751265937372
270.1	98.1	1.396146566867496
270.1	100.1	1.3786135652618543
270.1	102.1	1.3616945116923853
270.1	104.1	1.3420949786270335
270.1	106.1	1.326350795723982
270.1	108.1	1.3111305857122613
270.1	110.1	1.2964085507403158
270.1	112.1	1.2790373812308435
270.1	114.1	1.2652765166865436
270.1	116.1	1.2519451427972095
270.1	118.1	1.2390234108453262
272.1	0.1	9.481385394990411
272.1	2.1	9.277524533609094
272.1	4.1	9.046733798257566
272.1	6.1	8.10621796510211
272.1	8.1	7.128971273897199
272.1	10.1	6.366305489735909
272.1	12.1	5.762825199370487
272.1	14.1	5.265570150341238
272.1	16.1	4.859300263524083
272.1	18.1	4.510315116677975
272.1	20.1	4.212039483283772
272.1	22.1	3.9583165414757464
272.1	24.1	3.728959735024164
272.1	26.1	3.53497701434855
272.1	28.1	3.358484341069509
272.1	30.1	3.2038988327395113
272.1	32.1	3.062287424698494
272.1	34.1	2.9320966577269214
272.1	36.1	2.8180417929549795
272.1	38.1	2.7126046226198635
272.1	40.1	2.6148432370341137
272.1	42.1	2.5239460451042306
272.1	44.1	2.4446192166288703
272.1	46.1	2.3652964383062995
272.1	48.1	2.2961438831048904
272.1	50.1	2.231304251835067
272.1	52.1	2.170383580911703
272.1	54.1	2.113034153182206
272.1	56.1	2.0589478996928103
272.1	58.1	2.0078509046538073
272.1	60.1	1.9594988042559331
272.1	62.1	1.9136729140609399
272.1	64.1	1.8745282675937374
272.1	66.1	1.8331079251630602
272.1	68.1	1.7936853840656009
272.1	70.1	1.7602423587763312
272.1	72.1	1.7243289293521
272.1	74.1	1.6940135488652317
272.1	76.1	1.6611443204736507
272.1	78.1	1.633545141667972
272.1	80.1	1.6033335897718806
272.1	82.1	1.5781079399034932
272.1	84.1	1.5502300508003728
272.1	86.1	1.5270902441885172
272.1	88.1	1.5048733818814182
272.1	90.1	1.479975109076829
272.1	92.1	1.4594950797771409
272.1	94.1	1.4397860217032077
272.1	96.1	1.4173877675586783
272.1	98.1	1.3991400884761993
272.1	100.1	1.381542837378888
272.1	102.1	1.3612624211861446
272.1	104.1	1.3449062352197505
272.1	106.1	1.3291036597088568
272.1	108.1	1.31382699796318
272.1	110.1	1.2958929180046062
272.1	112.1	1.2816280591205844
272.1	114.1	1.2678155358495016
272.1	116.1	1.2544341278193154
272.1	118.1	1.2414639205578424
274.1	0.1	9.492869205288171
274.1	2.1	9.283513554060407
274.1	4.1	9.046708565950125
274.1	6.1	7.928767075578031
274.1	8.1	6.989625438960003
274.1	10.1	6.267882276336742
274.1	12.1	5.677603342243722
274.1	14.1	5.201664572054517
274.1	16.1	4.806746817470069
274.1	18.1	4.468413805418757
274.1	20.1	4.179934526118046
274.1	22.1	3.9276632066472787
274.1	24.1	3.7069689851278027
274.1	26.1	3.51387836501688
274.1	28.1	3.345008457981005
274.1	30.1	3.1843939116505258
274.1	32.1	3.0498163849579822
274.1	34.1	2.920090545627127
274.1	36.1	2.8064031447106164
274.1	38.1	2.701314779995045
274.1	40.1	2.609532887620248
274.1	42.1	2.5187953494394293
274.1	44.1	2.4395729036540796
274.1	46.1	2.3656264201962243
274.1	48.1	2.2913297087186946
274.1	50.1	2.226577278378452
274.1	52.1	2.1657388566153655
274.1	54.1	2.108466644557986
274.1	56.1	2.0591360004111974
274.1	58.1	2.008012439076419
274.1	60.1	1.959633820684283
274.1	62.1	1.9137813308947809
274.1	64.1	1.8745929784031232
274.1	66.1	1.8331472045619361
274.1	68.1	1.797881556511837
274.1	70.1	1.7602174625410905
274.1	72.1	1.7242786402468009
274.1	74.1	1.693928219510337
274.1	76.1	1.6649518041469253
274.1	78.1	1.6334021958719227
274.1	80.1	1.6069679492438282
274.1	82.1	1.5779095069271183
274.1	84.1	1.5537031122713132
274.1	86.1	1.5304818377769647
274.1	88.1	1.5045945478926177
274.1	90.1	1.4832213493084017
274.1	92.1	1.4626681877437868
274.1	94.1	1.4394322269112385
274.1	96.1	1.4204288252580786
274.1	98.1	1.4021150941165172
274.1	100.1	1.381118133578895
274.1	102.1	1.3641165734298073
274.1	104.1	1.3477003873618467
274.1	106.1	1.33183980774448
274.1	108.1	1.3133155640326943
274.1	110.1	1.2985209395254607
274.1	112.1	1.2842030258441395
274.1	114.1	1.2703391145945195
274.1	116.1	1.2569079164084764
274.1	118.1	1.2408554371549396
276.1	0.1	9.503501044181673
276.1	2.1	9.288178122802366
276.1	4.1	8.92995458324247
276.1	6.1	7.752815846509032
276.1	8.1	6.866191724499716
276.1	10.1	6.165030792491549
276.1	12.1	5.60455333066072
276.1	14.1	5.1401351976972585
276.1	16.1	4.756005675926259
276.1	18.1	4.427833956570319
276.1	20.1	4.148742970769561
276.1	22.1	3.897871482800102
276.1	24.1	3.6855271178498956
276.1	26.1	3.493297990602019
276.1	28.1	3.3251576698154888
276.1	30.1	3.1717911561775796
276.1	32.1	3.037603321546401
276.1	34.1	2.914405354038177
276.1	36.1	2.800899896544286
276.1	38.1	2.6959836932940915
276.1	40.1	2.6043123812034468
276.1	42.1	2.5137290425404477
276.1	44.1	2.434606114460047
276.1	46.1	2.3607547432261633
276.1	48.1	2.2916618112475216
276.1	50.1	2.2268783563759365
276.1	52.1	2.166009845461008
276.1	54.1	2.108708170528881
276.1	56.1	2.054665021792844
276.1	58.1	2.0081736787302735
276.1	60.1	1.9597681111673877
276.1	62.1	1.913888497272793
276.1	64.1	1.8746559246712957
276.1	66.1	1.833184034683379
276.1	68.1	1.797878320779901
276.1	70.1	1.7601885878730823
276.1	72.1	1.7282575116986354
276.1	74.1	1.693837183357702
276.1	76.1	1.6648269549641386
276.1	78.1	1.6332517283703896
276.1	80.1	1.6067860140148575
276.1	82.1	1.581443074801212
276.1	84.1	1.553465836321508
276.1	86.1	1.5302166883574426
276.1	88.1	1.507895163881425
276.1	90.1	1.4829037183803477
276.1	92.1	1.46232552276554
276.1	94.1	1.4425222910199802
276.1	96.1	1.423451000216976
276.1	98.1	1.4016992108179107
276.1	100.1	1.3840165571030392
276.1	102.1	1.3669533608977644
276.1	104.1	1.3504775930403932
276.1	106.1	1.3345593942047569
276.1	108.1	1.3159821945375945
276.1	110.1	1.3011330987091763
276.1	112.1	1.2867624255597185
276.1	114.1	1.2728473944296876
276.1	116.1	1.2593666478461012
276.1	118.1	1.243266453928769
278.1	0.1	9.512893151276502
278.1	2.1	9.291807054650842
278.1	4.1	8.708710117255126
278.1	6.1	7.594871048846303
278.1	8.1	6.748686561838773
278.1	10.1	6.0752658720348425
278.1	12.1	5.534334446542321
278.1	14.1	5.088993496916487
278.1	16.1	4.706984678130057
278.1	18.1	4.388514021152305
278.1	20.1	4.118426401315874
278.1	22.1	3.87611457907686
278.1	24.1	3.6646138501917354
278.1	26.1	3.4799869526367524
278.1	28.1	3.3123412135784864
278.1	30.1	3.159451700013611
278.1	32.1	3.025640313140157
278.1	34.1	2.9028039229725664
278.1	36.1	2.7896425161873637
278.1	38.1	2.6907441860162664
278.1	40.1	2.599179462605331
278.1	42.1	2.5087450671690577
278.1	44.1	2.429716999788499
278.1	46.1	2.3559558637003812
278.1	48.1	2.2869482610964065
278.1	50.1	2.222245083133213
278.1	52.1	2.1662805401334704
278.1	54.1	2.108949499829191
278.1	56.1	2.0548771738109974
278.1	58.1	2.008334606770722
278.1	60.1	1.9599016753535101
278.1	62.1	1.9139944347079139
278.1	64.1	1.874717156452123
278.1	66.1	1.8332185002817878
278.1	68.1	1.797871996302069
278.1	70.1	1.7601559139695981
278.1	72.1	1.7281872904810989
278.1	74.1	1.6976997973936914
278.1	76.1	1.6646956673830378
278.1	78.1	1.6369372488618275
278.1	80.1	1.6103817552605506
278.1	82.1	1.5812221202432588
278.1	84.1	1.5569027203921528
278.1	86.1	1.5335732445427421
278.1	88.1	1.507591243709655
278.1	90.1	1.4861165883145564
278.1	92.1	1.4654660606374088
278.1	94.1	1.4455930675723467
278.1	96.1	1.4230453120500877
278.1	98.1	1.4046432813842344
278.1	100.1	1.3868973257979533
278.1	102.1	1.3697729431444696
278.1	104.1	1.3532380082157889
278.1	106.1	1.33404054108842
278.1	108.1	1.318632787696632
278.1	110.1	1.3037295408731429
278.1	112.1	1.2893064006344683
278.1	114.1	1.275340515117002
278.1	116.1	1.261810459704817
278.1	118.1	1.2456628115071358
280.1	0.1	9.521023099870153
280.1	2.1	9.294389814463644
280.1	4.1	8.4942573404842
280.1	6.1	7.445318505275409
280.1	8.1	6.628616649271002
280.1	10.1	5.989268940827803
280.1	12.1	5.466785263172269
280.1	14.1	5.031613383128106
280.1	16.1	4.66732532887386
280.1	18.1	4.350396214188436
280.1	20.1	4.081646494742062
280.1	22.1	3.8478047990244595
280.1	24.1	3.644209886078748
280.1	26.1	3.4602813647678934
280.1	28.1	3.2933184558183175
280.1	30.1	3.147367386453292
280.1	32.1	3.013919759378999
280.1	34.1	2.897377990534074
280.1	36.1	2.784386239140215
280.1	38.1	2.6855939413686847
280.1	40.1	2.588631171383009
280.1	42.1	2.5038414324182643
280.1	44.1	2.4249037667480637
280.1	46.1	2.3563509873586757
280.1	48.1	2.2873104462739318
280.1	50.1	2.2225750779694042
280.1	52.1	2.161750046660349
280.1	54.1	2.1091906043143123
280.1	56.1	2.055089008855001
280.1	58.1	2.0039718486202944
280.1	60.1	1.9600345131619987
280.1	62.1	1.914099164222339
280.1	64.1	1.8747767221507101
280.1	66.1	1.8332506829590374
280.1	68.1	1.7978627098422413
280.1	70.1	1.7641935900350518
280.1	72.1	1.728112600142337
280.1	74.1	1.6975888716194876
280.1	76.1	1.668447574212775
280.1	78.1	1.6367659879536864
280.1	80.1	1.6101783748079455
280.1	82.1	1.5847187485816232
280.1	84.1	1.556642653066548
280.1	86.1	1.5332843240364382
280.1	88.1	1.510858036951252
280.1	90.1	1.4893090601829233
280.1	92.1	1.468586864377959
280.1	94.1	1.4451988974215428
280.1	96.1	1.4260364041446552
280.1	98.1	1.4075693752707394
280.1	100.1	1.3897606006381304
280.1	102.1	1.3725754776646752
280.1	104.1	1.352726523255475
280.1	106.1	1.3367308079735418
280.1	108.1	1.3212674901862402
280.1	110.1	1.306310409522937
280.1	112.1	1.2918350916730788
280.1	114.1	1.277818614699846
280.1	116.1	1.2611759106644906
280.1	118.1	1.2480446433501886
282.1	0.1	9.527876214860802
282.1	2.1	9.295585946086941
282.1	4.1	8.29933299783629
282.1	6.1	7.296128334051813
282.1	8.1	6.522056637157883
282.1	10.1	5.906807658789362
282.1	12.1	5.393914830212227
282.1	14.1	4.976256738652718
282.1	16.1	4.62130453800239
282.1	18.1	4.320782426801193
282.1	20.1	4.0531133005230755
282.1	22.1	3.827214691682655
282.1	24.1	3.624296857062235
282.1	26.1	3.4410431934741363
282.1	28.1	3.281116789160267
282.1	30.1	3.1355303920709687
282.1	32.1	3.002434364774946
282.1	34.1	2.8861596424509712
282.1	36.1	2.7792201338677724
282.1	38.1	2.6749427363736062
282.1	40.1	2.5837150745443274
282.1	42.1	2.4990162110603094
282.1	44.1	2.425365959228178
282.1	46.1	2.3516551608945275
282.1	48.1	2.2826937092183517
282.1	50.1	2.218032172767547
282.1	52.1	2.162047664362566
282.1	54.1	2.1047534165235975
282.1	56.1	2.055300505757671
282.1	58.1	2.0041537386383714
282.1	60.1	1.960166624768921
282.1	62.1	1.9142027063614357
282.1	64.1	1.8748346685863961
282.1	66.1	1.83747581297651
282.1	68.1	1.7978505829288076
282.1	70.1	1.7641416947347148
282.1	72.1	1.7320314796740015
282.1	74.1	1.6974728186492012
282.1	76.1	1.6682963313860626
282.1	78.1	1.6404121752231682
282.1	80.1	1.6099672772131954
282.1	82.1	1.5844760990792823
282.1	84.1	1.5600440807128224
282.1	86.1	1.5366065227604633
282.1	88.1	1.514103889763659
282.1	90.1	1.4889538111089557
282.1	92.1	1.4682054889985494
282.1	94.1	1.448238381418729
282.1	96.1	1.429009163254903
282.1	98.1	1.4104776546154785
282.1	100.1	1.3892799735411372
282.1	102.1	1.3720726719348675
282.1	104.1	1.3554577024916794
282.1	106.1	1.3394049862719881
282.1	108.1	1.323886446847902
282.1	110.1	1.308875846381528
282.1	112.1	1.2943486375458164
282.1	114.1	1.2771882090480693
282.1	116.1	1.2635912275167303
282.1	118.1	1.2504120812981583
284.1	0.1	9.53344508665666
284.1	2.1	9.295305470962504
284.1	4.1	8.115685507509768
284.1	6.1	7.161780019139218
284.1	8.1	6.420265752587303
284.1	10.1	5.820039090411876
284.1	12.1	5.331490244310253
284.1	14.1	4.922818375413803
284.1	16.1	4.576770283845189
284.1	18.1	4.284751890202487
284.1	20.1	4.025347128369322
284.1	22.1	3.8002762821664655
284.1	24.1	3.598206865231072
284.1	26.1	3.4222560109063123
284.1	28.1	3.2628692754617954
284.1	30.1	3.1239332098755375
284.1	32.1	2.997146675038448
284.1	34.1	2.8751586717117883
284.1	36.1	2.7684669008984444
284.1	38.1	2.670015301482509
284.1	40.1	2.578879377815631
284.1	42.1	2.4995475647277705
284.1	44.1	2.4206588001262084
284.1	46.1	2.3470279850308855
284.1	48.1	2.283084184967032
284.1	50.1	2.218389390117877
284.1	52.1	2.1575998480633425
284.1	54.1	2.105019174788583
284.1	56.1	2.0555116442780945
284.1	58.1	2.0043350474791013
284.1	60.1	1.9602980105933778
284.1	62.1	1.9143050812071916
284.1	64.1	1.874891041053003
284.1	66.1	1.8374887242076663
284.1	68.1	1.7978357320966494
284.1	70.1	1.7640863691789108
284.1	72.1	1.7319377643864255
284.1	74.1	1.7012786290648336
284.1	76.1	1.6681393421163055
284.1	78.1	1.6402208286622508
284.1	80.1	1.6135122297377593
284.1	82.1	1.5879365370843934
284.1	84.1	1.5634231414862942
284.1	86.1	1.5362948090755795
284.1	88.1	1.5137637435169051
284.1	90.1	1.4921139588752983
284.1	92.1	1.471294726679741
284.1	94.1	1.451259138352982
284.1	96.1	1.4319637523001543
284.1	98.1	1.4100079592345598
284.1	100.1	1.3921136789931057
284.1	102.1	1.3748460006228955
284.1	104.1	1.3581725699016198
284.1	106.1	1.3420632222793347
284.1	108.1	1.3264898007179378
284.1	110.1	1.311425991417889
284.1	112.1	1.296847175415999
284.1	114.1	1.2796381168969369
284.1	116.1	1.265992063625403
284.1	118.1	1.2527652555960367
286.1	0.1	9.537731541019488
286.1	2.1	9.135641874569279
286.1	4.1	7.942363808745746
286.1	6.1	7.034037414489414
286.1	8.1	6.31571541713632
286.1	10.1	5.744263159306715
286.1	12.1	5.2713082255816435
286.1	14.1	4.878527585308566
286.1	16.1	4.540853569353846
286.1	18.1	4.249775988841517
286.1	20.1	3.99831747499638
286.1	22.1	3.7740471165834704
286.1	24.1	3.579328031800061
286.1	26.1	3.4102786738864443
286.1	28.1	3.2512416492325347
286.1	30.1	3.112568633476654
286.1	32.1	2.9860404679442034
286.1	34.1	2.870122631442993
286.1	36.1	2.763528164999365
286.1	38.1	2.6651696815965664
286.1	40.1	2.5741221301175194
286.1	42.1	2.4948305524531764
286.1	44.1	2.416023024553239
286.1	46.1	2.342468020225564
286.1	48.1	2.278560651538835
286.1	50.1	2.213933686752983
286.1	52.1	2.1579228600572082
286.1	54.1	2.1052843462656927
286.1	56.1	2.051180981609895
286.1	58.1	2.0045157650052396
286.1	60.1	1.9604286712844792
286.1	62.1	1.9144063083912042
286.1	64.1	1.8749458833764618
286.1	66.1	1.8374995951341622
286.1	68.1	1.8019170397311473
286.1	70.1	1.7640277734790963
286.1	72.1	1.731840026506217
286.1	74.1	1.7011436170921748
286.1	76.1	1.6718372259682515
286.1	78.1	1.6438285083279776
286.1	80.1	1.6132808913024914
286.1	82.1	1.587672986340844
286.1	84.1	1.5631287723952525
286.1	86.1	1.5395833120028422
286.1	88.1	1.5169768479907455
286.1	90.1	1.495254297012185
286.1	92.1	1.4708883902282615
286.1	94.1	1.4508266856605645
286.1	96.1	1.4315061978391757
286.1	98.1	1.4128865877141905
286.1	100.1	1.3949303911754303
286.1	102.1	1.3776027674161868
286.1	104.1	1.3608712732723565
286.1	106.1	1.3447056604616403
286.1	108.1	1.3290776930566923
286.1	110.1	1.3108077157712361
286.1	112.1	1.2962092767732212
286.1	114.1	1.282073437325297
286.1	116.1	1.2683785493943291
286.1	118.1	1.255104294917797
288.1	0.1	9.541178825585972
288.1	2.1	8.907458389843354
288.1	4.1	7.7729455649862755
288.1	6.1	6.905920244001041
288.1	8.1	6.222799270028947
288.1	10.1	5.671418408505297
288.1	12.1	5.2132500858116355
288.1	14.1	4.8284536169132055
288.1	16.1	4.498918562081055
288.1	18.1	4.215809081306858
288.1	20.1	3.971995433085921
288.1	22.1	3.7550977597951607
288.1	24.1	3.560887021924124
288.1	26.1	3.3922524170099386
288.1	28.1	3.239847539134426
288.1	30.1	3.1014297421921277
288.1	32.1	2.975150791998405
288.1	34.1	2.859473809194981
288.1	36.1	2.753110360831706
288.1	38.1	2.6604038761011584
288.1	40.1	2.5694414428883925
288.1	42.1	2.4901872187118035
288.1	44.1	2.411457035019231
288.1	46.1	2.342951787644887
288.1	48.1	2.2740991906135384
288.1	50.1	2.2143165373769738
288.1	52.1	2.158244837074002
288.1	54.1	2.100946422929334
288.1	56.1	2.0514140763291833
288.1	58.1	2.0046958816656053
288.1	60.1	1.9605586077089352
288.1	62.1	1.91450640710724
288.1	64.1	1.8749992379699547
288.1	66.1	1.8375084995919315
288.1	68.1	1.8018836404089411
288.1	70.1	1.7679887321175285
288.1	72.1	1.7317384741446602
288.1	74.1	1.7010040148788286
288.1	76.1	1.671661256967452
288.1	78.1	1.643617757345204
288.1	80.1	1.6167890828267955
288.1	82.1	1.591097960963386
288.1	84.1	1.566473536679497
288.1	86.1	1.5392497388430755
288.1	88.1	1.5166139558666747
288.1	90.1	1.4948632264970514
288.1	92.1	1.473946634235099
288.1	94.1	1.4538170946535978
288.1	96.1	1.4344310015436268
288.1	98.1	1.4157479115597973
288.1	100.1	1.3977302625646046
288.1	102.1	1.3803431215441135
288.1	104.1	1.3635539585350867
288.1	106.1	1.3473324434851601
288.1	108.1	1.328467307640963
288.1	110.1	1.313330116469452
288.1	112.1	1.2986801656325346
288.1	114.1	1.284494301263471
288.1	116.1	1.2707508136542893
288.1	118.1	1.2574293263901686
290.1	0.1	9.543465859823154
290.1	2.1	8.693296402369294
290.1	4.1	7.61807344069526
290.1	6.1	6.790257499623772
290.1	8.1	6.133776174309827
290.1	10.1	5.594397942854018
290.1	12.1	5.150203931166156
290.1	14.1	4.780031118634944
290.1	16.1	4.458277099039903
290.1	18.1	4.182808122462828
290.1	20.1	3.9463535882624288
290.1	22.1	3.7300901640059836
290.1	24.1	3.5428687905151155
290.1	26.1	3.3746348536728297
290.1	28.1	3.222630172792505
290.1	30.1	3.0905098870318883
290.1	32.1	2.964471377469648
290.1	34.1	2.8490257012111844
290.1	36.1	2.7483863149715138
290.1	38.1	2.6503323294628314
290.1	40.1	2.564835487602928
290.1	42.1	2.4856158506314645
290.1	44.1	2.4069592808908227
290.1	46.1	2.3384860628741926
290.1	48.1	2.2745439875401994
290.1	50.1	2.2146976675270285
290.1	52.1	2.1539020962692765
290.1	54.1	2.101234608512567
290.1	56.1	2.051646510484006
290.1	58.1	2.004875388470795
290.1	60.1	1.9606878209392409
290.1	62.1	1.9146053961233755
290.1	64.1	1.8750511458866848
290.1	66.1	1.8375155086648318
290.1	68.1	1.8018477961569217
290.1	70.1	1.7679119542622843
290.1	72.1	1.7355848286761555
290.1	74.1	1.7047546714419288
290.1	76.1	1.671480178666091
290.1	78.1	1.6434010609993264
290.1	80.1	1.616538209274907
290.1	82.1	1.5908142712777418
290.1	84.1	1.5661583178866036
290.1	86.1	1.5425051899397526
290.1	88.1	1.5197949232090784
290.1	90.1	1.4979722407978768
290.1	92.1	1.4769861039157905
290.1	94.1	1.4567893133455805
290.1	96.1	1.437338155051332
290.1	98.1	1.4185920843275441
290.1	100.1	1.4005134436861826
290.1	102.1	1.3797866179111686
290.1	104.1	1.3629746691480282
290.1	106.1	1.3467311147133725
290.1	108.1	1.331027607964507
290.1	110.1	1.3158376563515382
290.1	112.1	1.3011364722660157
290.1	114.1	1.286900838059652
290.1	116.1	1.2731089836870264
290.1	118.1	1.2597404756159745
292.1	0.1	9.544391544623144
292.1	2.1	8.491902041424582
292.1	4.1	7.471226833667141
292.1	6.1	6.679886770694387
292.1	8.1	6.048406506607265
292.1	10.1	5.527129888519675
292.1	12.1	5.0962523644336954
292.1	14.1	4.7331797095007815
292.1	16.1	4.425607479455734
292.1	18.1	4.150732481426482
292.1	20.1	3.914848709234522
292.1	22.1	3.7120992089617797
292.1	24.1	3.525258973796336
292.1	26.1	3.357412247946579
292.1	28.1	3.2117574013424677
292.1	30.1	3.0739684879854745
292.1	32.1	2.9539961943164874
292.1	34.1	2.844345725910385
292.1	36.1	2.7382872884238725
292.1	38.1	2.6457675751931746
292.1	40.1	2.5603024934077543
292.1	42.1	2.4811147880235045
292.1	44.1	2.407537339495715
292.1	46.1	2.3340838404671715
292.1	48.1	2.2701702554724155
292.1	50.1	2.2103520173272084
292.1	52.1	2.1542477182996627
292.1	54.1	2.1015218862769216
292.1	56.1	2.0518782714599944
292.1	58.1	2.005054276969909
292.1	60.1	1.9564931116142057
292.1	62.1	1.9147032937937338
292.1	64.1	1.8751016468703936
292.1	66.1	1.8375206907995891
292.1	68.1	1.801809611957983
292.1	70.1	1.7678322403134479
292.1	72.1	1.7354653142297962
292.1	74.1	1.7045969862942765
292.1	76.1	1.6751255319931821
292.1	78.1	1.6469582298181202
292.1	80.1	1.6200103868262479
292.1	82.1	1.594204488080983
292.1	84.1	1.5694694519806855
292.1	86.1	1.54573997640867
292.1	88.1	1.5229559630391478
292.1	90.1	1.4975585616573697
292.1	92.1	1.476544402658417
292.1	94.1	1.456320553652692
292.1	96.1	1.4368432538547264
292.1	98.1	1.4180719147381076
292.1	100.1	1.3999688377022055
292.1	102.1	1.3824989613649783
292.1	104.1	1.3656296349173254
292.1	106.1	1.3493304144562965
292.1	108.1	1.3335728796242985
292.1	110.1	1.3183304682309107
292.1	112.1	1.303578326832893
292.1	114.1	1.2892931755042687
292.1	116.1	1.2754531852487903
292.1	118.1	1.2620378666970424
294.1	0.1	9.543868571501045
294.1	2.1	8.30216661180152
294.1	4.1	7.331797686301553
294.1	6.1	6.5686604378859546
294.1	8.1	5.960178367797597
294.1	10.1	5.462318620594098
294.1	12.1	5.044107016560088
294.1	14.1	4.6878241418403315
294.1	16.1	4.387232754874269
294.1	18.1	4.119543774646743
294.1	20.1	3.890604417261798
294.1	22.1	3.688227566428398
294.1	24.1	3.508043851173411
294.1	26.1	3.346592399616824
294.1	28.1	3.195203833539104
294.1	30.1	3.0635363561276097
294.1	32.1	2.943719440843754
294.1	34.1	2.8342220924237553
294.1	36.1	2.733766150229435
294.1	38.1	2.641276164996183
294.1	40.1	2.5558407448679095
294.1	42.1	2.476682421372871
294.1	44.1	2.4031339220569605
294.1	46.1	2.334619315050964
294.1	48.1	2.2706388971111227
294.1	50.1	2.210756985823925
294.1	52.1	2.154591985052255
294.1	54.1	2.1018082446321813
294.1	56.1	2.0476581784869734
294.1	58.1	2.000856259409838
294.1	60.1	1.9566397297820628
294.1	62.1	1.9148001180698375
294.1	64.1	1.875150779403736
294.1	66.1	1.837524111915326
294.1	68.1	1.8017691884950104
294.1	70.1	1.7677497333982508
294.1	72.1	1.7353423865045285
294.1	74.1	1.7044352086239436
294.1	76.1	1.674926389680765
294.1	78.1	1.6467231283583346
294.1	80.1	1.619740657229127
294.1	82.1	1.5939013917960108
294.1	84.1	1.5691341854511556
294.1	86.1	1.5453736752845142
294.1	88.1	1.5225597060748455
294.1	90.1	1.500636821775299
294.1	92.1	1.4795538154434091
294.1	94.1	1.4592633299261704
294.1	96.1	1.4397215027456893
294.1	98.1	1.4208876495807874
294.1	100.1	1.4027239815376293
294.1	102.1	1.3851953520747347
294.1	104.1	1.368269030015976
294.1	106.1	1.351914495567109
294.1	108.1	1.3361032566612137
294.1	110.1	1.320808683308034
294.1	112.1	1.3060058579212168
294.1	114.1	1.2916714398538827
294.1	116.1	1.27778354259345
294.1	118.1	1.2643216222566964