296.1	0.1	100.30574700723002
298.1	0.1	100.84918332609007
298.1	2.1	100.84918332609007
300.1	0.1	101.39261964495012
300.1	2.1	101.39261964495012
300.1	4.1	101.39261964495012
302.1	0.1	101.93605596381016
302.1	2.1	101.93605596381016
302.1	4.1	101.93605596381016
302.1	6.1	101.93605596381016
304.1	0.1	102.47949228267021
304.1	2.1	102.47949228267021
304.1	4.1	102.47949228267021
304.1	6.1	102.47949228267021
304.1	8.1	102.47949228267021
306.1	0.1	103.02292860153025
306.1	2.1	103.02292860153025
306.1	4.1	103.02292860153025
306.1	6.1	103.02292860153025
306.1	8.1	103.02292860153025
306.1	10.1	103.02292860153025
308.1	0.1	103.5663649203903
308.1	2.1	103.5663649203903
308.1	4.1	103.5663649203903
308.1	6.1	103.5663649203903
308.1	8.1	103.5663649203903
308.1	10.1	103.5663649203903
308.1	12.1	103.5663649203903
310.1	0.1	104.10980123925034
310.1	2.1	104.10980123925034
310.1	4.1	104.10980123925034
310.1	6.1	104.10980123925034
310.1	8.1	104.10980123925034
310.1	10.1	104.10980123925034
310.1	12.1	104.10980123925034
310.1	14.1	104.10980123925034
312.1	0.1	104.65323755811039
312.1	2.1	104.65323755811039
312.1	4.1	104.65323755811039
312.1	6.1	104.65323755811039
312.1	8.1	104.65323755811039
312.1	10.1	104.65323755811039
312.1	12.1	104.65323755811039
312.1	14.1	104.65323755811039
312.1	16.1	104.65323755811039
314.1	0.1	105.19667387697046
314.1	2.1	105.19667387697046
314.1	4.1	105.19667387697046
314.1	6.1	105.19667387697046
314.1	8.1	105.19667387697046
314.1	10.1	105.19667387697046
314.1	12.1	105.19667387697046
314.1	14.1	105.19667387697046
314.1	16.1	105.19667387697046
314.1	18.1	105.19667387697046
316.1	0.1	105.74011019583051
316.1	2.1	105.74011019583051
316.1	4.1	105.74011019583051
316.1	6.1	105.74011019583051
316.1	8.1	105.74011019583051
316.1	10.1	105.74011019583051
316.1	12.1	105.74011019583051
316.1	14.1	105.74011019583051
316.1	16.1	105.74011019583051
316.1	18.1	105.74011019583051
316.1	20.1	105.74011019583051
318.1	0.1	106.28354651469056
318.1	2.1	106.28354651469056
318.1	4.1	106.28354651469056
318.1	6.1	106.28354651469056
318.1	8.1	106.28354651469056
318.1	10.1	106.28354651469056
318.1	12.1	106.28354651469056
318.1	14.1	106.28354651469056
318.1	16.1	106.28354651469056
318.1	18.1	106.28354651469056
318.1	20.1	106.28354651469056
318.1	22.1	106.28354651469056
318.1	24.1	106.28354651469056
320.1	0.1	106.8269828335506
320.1	2.1	106.8269828335506
320.1	4.1	106.8269828335506
320.1	6.1	106.8269828335506
320.1	8.1	106.8269828335506
320.1	10.1	106.8269828335506
320.1	12.1	106.8269828335506
320.1	14.1	106.8269828335506
320.1	16.1	106.8269828335506
320.1	18.1	106.8269828335506
320.1	20.1	106.8269828335506
320.1	22.1	106.8269828335506
320.1	24.1	106.8269828335506
320.1	26.1	106.8269828335506
322.1	0.1	107.37041915241065
322.1	2.1	107.37041915241065
322.1	4.1	107.37041915241065
322.1	6.1	107.37041915241065
322.1	8.1	107.37041915241065
322.1	10.1	107.37041915241065
322.1	12.1	107.37041915241065
322.1	14.1	107.37041915241065
322.1	16.1	107.37041915241065
322.1	18.1	107.37041915241065
322.1	20.1	107.37041915241065
322.1	22.1	107.37041915241065
322.1	24.1	107.37041915241065
322.1	26.1	107.37041915241065
322.1	28.1	107.37041915241065
324.1	0.1	107.9138554712707
324.1	2.1	107.9138554712707
324.1	4.1	107.9138554712707
324.1	6.1	107.9138554712707
324.1	8.1	107.9138554712707
324.1	10.1	107.9138554712707
324.1	12.1	107.9138554712707
324.1	14.1	107.9138554712707
324.1	16.1	107.9138554712707
324.1	18.1	107.9138554712707
324.1	20.1	107.9138554712707
324.1	22.1	107.9138554712707
324.1	24.1	107.9138554712707
324.1	26.1	107.9138554712707
324.1	28.1	107.9138554712707
324.1	30.1	107.9138554712707
326.1	0.1	108.45729179013074
326.1	2.1	108.45729179013074
326.1	4.1	108.45729179013074
326.1	6.1	108.45729179013074
326.1	8.1	108.45729179013074
326.1	10.1	108.45729179013074
326.1	12.1	108.45729179013074
326.1	14.1	108.45729179013074
326.1	16.1	108.45729179013074
326.1	18.1	108.45729179013074
326.1	20.1	108.45729179013074
326.1	22.1	108.45729179013074
326.1	24.1	108.45729179013074
326.1	26.1	108.45729179013074
326.1	28.1	108.45729179013074
326.1	30.1	108.45729179013074
326.1	32.1	108.45729179013074
328.1	0.1	109.00072810899078
328.1	2.1	109.00072810899078
328.1	4.1	109.00072810899078
328.1	6.1	109.00072810899078
328.1	8.1	109.00072810899078
328.1	10.1	109.00072810899078
328.1	12.1	109.00072810899078
328.1	14.1	109.00072810899078
328.1	16.1	109.00072810899078
328.1	18.1	109.00072810899078
328.1	20.1	109.00072810899078
328.1	22.1	109.00072810899078
328.1	24.1	109.00072810899078
328.1	26.1	109.00072810899078
328.1	28.1	109.00072810899078
328.1	30.1	109.00072810899078
328.1	32.1	109.00072810899078
328.1	34.1	109.00072810899078
330.1	0.1	109.54416442785083
330.1	2.1	109.54416442785083
330.1	4.1	109.54416442785083
330.1	6.1	109.54416442785083
330.1	8.1	109.54416442785083
330.1	10.1	109.54416442785083
330.1	12.1	109.54416442785083
330.1	14.1	109.54416442785083
330.1	16.1	109.54416442785083
330.1	18.1	109.54416442785083
330.1	20.1	109.54416442785083
330.1	22.1	109.54416442785083
330.1	24.1	109.54416442785083
330.1	26.1	109.54416442785083
330.1	28.1	109.54416442785083
330.1	30.1	109.54416442785083
330.1	32.1	109.54416442785083
330.1	34.1	109.54416442785083
330.1	36.1	109.54416442785083
332.1	0.1	110.08760074671088
332.1	2.1	110.08760074671088
332.1	4.1	110.08760074671088
332.1	6.1	110.08760074671088
332.1	8.1	110.08760074671088
332.1	10.1	110.08760074671088
332.1	12.1	110.08760074671088
332.1	14.1	110.08760074671088
332.1	16.1	110.08760074671088
332.1	18.1	110.08760074671088
332.1	20.1	110.08760074671088
332.1	22.1	110.08760074671088
332.1	24.1	110.08760074671088
332.1	26.1	110.08760074671088
332.1	28.1	110.08760074671088
332.1	30.1	110.08760074671088
332.1	32.1	110.08760074671088
332.1	34.1	110.08760074671088
332.1	36.1	110.08760074671088
332.1	38.1	110.08760074671088
334.1	0.1	110.63103706557092
334.1	2.1	110.63103706557092
334.1	4.1	110.63103706557092
334.1	6.1	110.63103706557092
334.1	8.1	110.63103706557092
334.1	10.1	110.63103706557092
334.1	12.1	110.63103706557092
334.1	14.1	110.63103706557092
334.1	16.1	110.63103706557092
334.1	18.1	110.63103706557092
334.1	20.1	110.63103706557092
334.1	22.1	110.63103706557092
334.1	24.1	110.63103706557092
334.1	26.1	110.63103706557092
334.1	28.1	110.63103706557092
334.1	30.1	110.63103706557092
334.1	32.1	110.63103706557092
334.1	34.1	110.63103706557092
334.1	36.1	110.63103706557092
334.1	38.1	110.63103706557092
334.1	40.1	110.63103706557092
336.1	0.1	111.17447338443097
336.1	2.1	111.17447338443097
336.1	4.1	111.17447338443097
336.1	6.1	111.17447338443097
336.1	8.1	111.17447338443097
336.1	10.1	111.17447338443097
336.1	12.1	111.17447338443097
336.1	14.1	111.17447338443097
336.1	16.1	111.17447338443097
336.1	18.1	111.17447338443097
336.1	20.1	111.17447338443097
336.1	22.1	111.17447338443097
336.1	24.1	111.17447338443097
336.1	26.1	111.17447338443097
336.1	28.1	111.17447338443097
336.1	30.1	111.17447338443097
336.1	32.1	111.17447338443097
336.1	34.1	111.17447338443097
336.1	36.1	111.17447338443097
336.1	38.1	111.17447338443097
336.1	40.1	111.17447338443097
336.1	42.1	111.17447338443097
338.1	0.1	111.71790970329101
338.1	2.1	111.71790970329101
338.1	4.1	111.71790970329101
338.1	6.1	111.71790970329101
338.1	8.1	111.71790970329101
338.1	10.1	111.71790970329101
338.1	12.1	111.71790970329101
338.1	14.1	111.71790970329101
338.1	16.1	111.71790970329101
338.1	18.1	111.71790970329101
338.1	20.1	111.71790970329101
338.1	22.1	111.71790970329101
338.1	24.1	111.71790970329101
338.1	26.1	111.71790970329101
338.1	28.1	111.71790970329101
338.1	30.1	111.71790970329101
338.1	32.1	111.71790970329101
338.1	34.1	111.71790970329101
338.1	36.1	111.71790970329101
338.1	38.1	111.71790970329101
338.1	40.1	111.71790970329101
338.1	42.1	111.71790970329101
338.1	44.1	111.71790970329101
340.1	0.1	112.26134602215106
340.1	2.1	112.26134602215106
340.1	4.1	112.26134602215106
340.1	6.1	112.26134602215106
340.1	8.1	112.26134602215106
340.1	10.1	112.26134602215106
340.1	12.1	112.26134602215106
340.1	14.1	112.26134602215106
340.1	16.1	112.26134602215106
340.1	18.1	112.26134602215106
340.1	20.1	112.26134602215106
340.1	22.1	112.26134602215106
340.1	24.1	112.26134602215106
340.1	26.1	112.26134602215106
340.1	28.1	112.26134602215106
340.1	30.1	112.26134602215106
340.1	32.1	112.26134602215106
340.1	34.1	112.26134602215106
340.1	36.1	112.26134602215106
340.1	38.1	112.26134602215106
340.1	40.1	112.26134602215106
340.1	42.1	112.26134602215106
340.1	44.1	112.26134602215106
340.1	46.1	112.26134602215106
342.1	0.1	112.8047823410111
342.1	2.1	112.8047823410111
342.1	4.1	112.8047823410111
342.1	6.1	112.8047823410111
342.1	8.1	112.8047823410111
342.1	10.1	112.8047823410111
342.1	12.1	112.8047823410111
342.1	14.1	112.8047823410111
342.1	16.1	112.8047823410111
342.1	18.1	112.8047823410111
342.1	20.1	112.8047823410111
342.1	22.1	112.8047823410111
342.1	24.1	112.8047823410111
342.1	26.1	112.8047823410111
342.1	28.1	112.8047823410111
342.1	30.1	112.8047823410111
342.1	32.1	112.8047823410111
342.1	34.1	112.8047823410111
342.1	36.1	112.8047823410111
342.1	38.1	112.8047823410111
342.1	40.1	112.8047823410111
342.1	42.1	112.8047823410111
342.1	44.1	112.8047823410111
342.1	46.1	112.8047823410111
342.1	48.1	112.8047823410111
344.1	0.1	113.34821865987115
344.1	2.1	113.34821865987115
344.1	4.1	113.34821865987115
344.1	6.1	113.34821865987115
344.1	8.1	113.34821865987115
344.1	10.1	113.34821865987115
344.1	12.1	113.34821865987115
344.1	14.1	113.34821865987115
344.1	16.1	113.34821865987115
344.1	18.1	113.34821865987115
344.1	20.1	113.34821865987115
344.1	22.1	113.34821865987115
344.1	24.1	113.34821865987115
344.1	26.1	113.34821865987115
344.1	28.1	113.34821865987115
344.1	30.1	113.34821865987115
344.1	32.1	113.34821865987115
344.1	34.1	113.34821865987115
344.1	36.1	113.34821865987115
344.1	38.1	113.34821865987115
344.1	40.1	113.34821865987115
344.1	42.1	113.34821865987115
344.1	44.1	113.34821865987115
344.1	46.1	113.34821865987115
344.1	48.1	113.34821865987115
344.1	50.1	113.34821865987116
346.1	0.1	113.8916549787312
346.1	2.1	113.8916549787312
346.1	4.1	113.8916549787312
346.1	6.1	113.8916549787312
346.1	8.1	113.8916549787312
346.1	10.1	113.8916549787312
346.1	12.1	113.8916549787312
346.1	14.1	113.8916549787312
346.1	16.1	113.8916549787312
346.1	18.1	113.8916549787312
346.1	20.1	113.8916549787312
346.1	22.1	113.8916549787312
346.1	24.1	113.8916549787312
346.1	26.1	113.8916549787312
346.1	28.1	113.8916549787312
346.1	30.1	113.8916549787312
346.1	32.1	113.8916549787312
346.1	34.1	113.8916549787312
346.1	36.1	113.8916549787312
346.1	38.1	113.8916549787312
346.1	40.1	113.8916549787312
346.1	42.1	113.8916549787312
346.1	44.1	113.8916549787312
346.1	46.1	113.8916549787312
346.1	48.1	113.8916549787312
346.1	50.1	113.89165497873121
346.1	52.1	113.8916549787312
348.1	0.1	114.43509129759127
348.1	2.1	114.43509129759127
348.1	4.1	114.43509129759127
348.1	6.1	114.43509129759127
348.1	8.1	114.43509129759127
348.1	10.1	114.43509129759127
348.1	12.1	114.43509129759127
348.1	14.1	114.43509129759127
348.1	16.1	114.43509129759127
348.1	18.1	114.43509129759127
348.1	20.1	114.43509129759127
348.1	22.1	114.43509129759127
348.1	24.1	114.43509129759127
348.1	26.1	114.43509129759127
348.1	28.1	114.43509129759127
348.1	30.1	114.43509129759127
348.1	32.1	114.43509129759127
348.1	34.1	114.43509129759127
348.1	36.1	114.43509129759127
348.1	38.1	114.43509129759127
348.1	40.1	114.43509129759127
348.1	42.1	114.43509129759127
348.1	44.1	114.43509129759127
348.1	46.1	114.43509129759127
348.1	48.1	114.43509129759127
348.1	50.1	114.43509129759128
348.1	52.1	114.43509129759127
348.1	54.1	114.43509129759127
350.1	0.1	114.97852761645132
350.1	2.1	114.97852761645132
350.1	4.1	114.97852761645132
350.1	6.1	114.97852761645132
350.1	8.1	114.97852761645132
350.1	10.1	114.97852761645132
350.1	12.1	114.97852761645132
350.1	14.1	114.97852761645132
350.1	16.1	114.97852761645132
350.1	18.1	114.97852761645132
350.1	20.1	114.97852761645132
350.1	22.1	114.97852761645132
350.1	24.1	114.97852761645132
350.1	26.1	114.97852761645132
350.1	28.1	114.97852761645132
350.1	30.1	114.97852761645132
350.1	32.1	114.97852761645132
350.1	34.1	114.97852761645132
350.1	36.1	114.97852761645132
350.1	38.1	114.97852761645132
350.1	40.1	114.97852761645132
350.1	42.1	114.97852761645132
350.1	44.1	114.97852761645132
350.1	46.1	114.97852761645132
350.1	48.1	114.97852761645132
350.1	50.1	114.97852761645133
350.1	52.1	114.97852761645132
350.1	54.1	114.97852761645132
350.1	56.1	114.97852761645133
352.1	0.1	115.52196393531136
352.1	2.1	115.52196393531136
352.1	4.1	115.52196393531136
352.1	6.1	115.52196393531136
352.1	8.1	115.52196393531136
352.1	10.1	115.52196393531136
352.1	12.1	115.52196393531136
352.1	14.1	115.52196393531136
352.1	16.1	115.52196393531136
352.1	18.1	115.52196393531136
352.1	20.1	115.52196393531136
352.1	22.1	115.52196393531136
352.1	24.1	115.52196393531136
352.1	26.1	115.52196393531136
352.1	28.1	115.52196393531136
352.1	30.1	115.52196393531136
352.1	32.1	115.52196393531136
352.1	34.1	115.52196393531136
352.1	36.1	115.52196393531136
352.1	38.1	115.52196393531136
352.1	40.1	115.52196393531136
352.1	42.1	115.52196393531136
352.1	44.1	115.52196393531136
352.1	46.1	115.52196393531136
352.1	48.1	115.52196393531136
352.1	50.1	115.52196393531138
352.1	52.1	115.52196393531136
352.1	54.1	115.52196393531136
352.1	56.1	115.52196393531138
352.1	58.1	115.52196393531136
354.1	0.1	116.06540025417141
354.1	2.1	116.06540025417141
354.1	4.1	116.06540025417141
354.1	6.1	116.06540025417141
354.1	8.1	116.06540025417141
354.1	10.1	116.06540025417141
354.1	12.1	116.06540025417141
354.1	14.1	116.06540025417141
354.1	16.1	116.06540025417141
354.1	18.1	116.06540025417141
354.1	20.1	116.06540025417141
354.1	22.1	116.06540025417141
354.1	24.1	116.06540025417141
354.1	26.1	116.06540025417141
354.1	28.1	116.06540025417141
354.1	30.1	116.06540025417141
354.1	32.1	116.06540025417141
354.1	34.1	116.06540025417141
354.1	36.1	116.06540025417141
354.1	38.1	116.06540025417141
354.1	40.1	116.06540025417141
354.1	42.1	116.06540025417141
354.1	44.1	116.06540025417141
354.1	46.1	116.06540025417141
354.1	48.1	116.06540025417141
354.1	50.1	116.06540025417142
354.1	52.1	116.06540025417141
354.1	54.1	116.06540025417141
354.1	56.1	116.06540025417142
354.1	58.1	116.06540025417141
354.1	60.1	116.06540025417141
356.1	0.1	116.60883657303145
356.1	2.1	116.60883657303145
356.1	4.1	116.60883657303145
356.1	6.1	116.60883657303145
356.1	8.1	116.60883657303145
356.1	10.1	116.60883657303145
356.1	12.1	116.60883657303145
356.1	14.1	116.60883657303145
356.1	16.1	116.60883657303145
356.1	18.1	116.60883657303145
356.1	20.1	116.60883657303145
356.1	22.1	116.60883657303145
356.1	24.1	116.60883657303145
356.1	26.1	116.60883657303145
356.1	28.1	116.60883657303145
356.1	30.1	116.60883657303145
356.1	32.1	116.60883657303145
356.1	34.1	116.60883657303145
356.1	36.1	116.60883657303145
356.1	38.1	116.60883657303145
356.1	40.1	116.60883657303145
356.1	42.1	116.60883657303145
356.1	44.1	116.60883657303145
356.1	46.1	116.60883657303145
356.1	48.1	116.60883657303145
356.1	50.1	116.60883657303147
356.1	52.1	116.60883657303145
356.1	54.1	116.60883657303145
356.1	56.1	116.60883657303147
356.1	58.1	116.60883657303145
356.1	60.1	116.60883657303145
356.1	62.1	116.60883657303145
358.1	0.1	117.1522728918915
358.1	2.1	117.1522728918915
358.1	4.1	117.1522728918915
358.1	6.1	117.1522728918915
358.1	8.1	117.1522728918915
358.1	10.1	117.1522728918915
358.1	12.1	117.1522728918915
358.1	14.1	117.1522728918915
358.1	16.1	117.1522728918915
358.1	18.1	117.1522728918915
358.1	20.1	117.1522728918915
358.1	22.1	117.1522728918915
358.1	24.1	117.1522728918915
358.1	26.1	117.1522728918915
358.1	28.1	117.1522728918915
358.1	30.1	117.1522728918915
358.1	32.1	117.1522728918915
358.1	34.1	117.1522728918915
358.1	36.1	117.1522728918915
358.1	38.1	117.1522728918915
358.1	40.1	117.1522728918915
358.1	42.1	117.1522728918915
358.1	44.1	117.1522728918915
358.1	46.1	117.1522728918915
358.1	48.1	117.1522728918915
358.1	50.1	117.15227289189151
358.1	52.1	117.1522728918915
358.1	54.1	117.1522728918915
358.1	56.1	117.15227289189151
358.1	58.1	117.1522728918915
358.1	60.1	117.1522728918915
358.1	62.1	117.1522728918915
358.1	64.1	117.1522728918915
360.1	0.1	117.69570921075155
360.1	2.1	117.69570921075155
360.1	4.1	117.69570921075155
360.1	6.1	117.69570921075155
360.1	8.1	117.69570921075155
360.1	10.1	117.69570921075155
360.1	12.1	117.69570921075155
360.1	14.1	117.69570921075155
360.1	16.1	117.69570921075155
360.1	18.1	117.69570921075155
360.1	20.1	117.69570921075155
360.1	22.1	117.69570921075155
360.1	24.1	117.69570921075155
360.1	26.1	117.69570921075155
360.1	28.1	117.69570921075155
360.1	30.1	117.69570921075155
360.1	32.1	117.69570921075155
360.1	34.1	117.69570921075155
360.1	36.1	117.69570921075155
360.1	38.1	117.69570921075155
360.1	40.1	117.69570921075155
360.1	42.1	117.69570921075155
360.1	44.1	117.69570921075155
360.1	46.1	117.69570921075155
360.1	48.1	117.69570921075155
360.1	50.1	117.69570921075156
360.1	52.1	117.69570921075155
360.1	54.1	117.69570921075155
360.1	56.1	117.69570921075156
360.1	58.1	117.69570921075155
360.1	60.1	117.69570921075155
360.1	62.1	117.69570921075155
360.1	64.1	117.69570921075155
360.1	66.1	117.69570921075155
362.1	0.1	118.23914552961159
362.1	2.1	118.23914552961159
362.1	4.1	118.23914552961159
362.1	6.1	118.23914552961159
362.1	8.1	118.23914552961159
362.1	10.1	118.23914552961159
362.1	12.1	118.23914552961159
362.1	14.1	118.23914552961159
362.1	16.1	118.23914552961159
362.1	18.1	118.23914552961159
362.1	20.1	118.23914552961159
362.1	22.1	118.23914552961159
362.1	24.1	118.23914552961159
362.1	26.1	118.23914552961159
362.1	28.1	118.23914552961159
362.1	30.1	118.23914552961159
362.1	32.1	118.23914552961159
362.1	34.1	118.23914552961159
362.1	36.1	118.23914552961159
362.1	38.1	118.23914552961159
362.1	40.1	118.23914552961159
362.1	42.1	118.23914552961159
362.1	44.1	118.23914552961159
362.1	46.1	118.23914552961159
362.1	48.1	118.23914552961159
362.1	50.1	118.2391455296116
362.1	52.1	118.23914552961159
362.1	54.1	118.23914552961159
362.1	56.1	118.2391455296116
362.1	58.1	118.23914552961159
362.1	60.1	118.23914552961159
362.1	62.1	118.23914552961159
362.1	64.1	118.23914552961159
362.1	66.1	118.23914552961159
362.1	68.1	118.23914552961159
364.1	0.1	118.78258184847164
364.1	2.1	118.78258184847164
364.1	4.1	118.78258184847164
364.1	6.1	118.78258184847164
364.1	8.1	118.78258184847164
364.1	10.1	118.78258184847164
364.1	12.1	118.78258184847164
364.1	14.1	118.78258184847164
364.1	16.1	118.78258184847164
364.1	18.1	118.78258184847164
364.1	20.1	118.78258184847164
364.1	22.1	118.78258184847164
364.1	24.1	118.78258184847164
364.1	26.1	118.78258184847164
364.1	28.1	118.78258184847164
364.1	30.1	118.78258184847164
364.1	32.1	118.78258184847164
364.1	34.1	118.78258184847164
364.1	36.1	118.78258184847164
364.1	38.1	118.78258184847164
364.1	40.1	118.78258184847164
364.1	42.1	118.78258184847164
364.1	44.1	118.78258184847164
364.1	46.1	118.78258184847164
364.1	48.1	118.78258184847164
364.1	50.1	118.78258184847165
364.1	52.1	118.78258184847164
364.1	54.1	118.78258184847164
364.1	56.1	118.78258184847165
364.1	58.1	118.78258184847164
364.1	60.1	118.78258184847164
364.1	62.1	118.78258184847164
364.1	64.1	118.78258184847164
364.1	66.1	118.78258184847164
364.1	68.1	118.78258184847164
364.1	70.1	118.78258184847164
364.1	72.1	118.78258184847164
366.1	0.1	119.32601816733168
366.1	2.1	119.32601816733168
366.1	4.1	119.32601816733168
366.1	6.1	119.32601816733168
366.1	8.1	119.32601816733168
366.1	10.1	119.32601816733168
366.1	12.1	119.32601816733168
366.1	14.1	119.32601816733168
366.1	16.1	119.32601816733168
366.1	18.1	119.32601816733168
366.1	20.1	119.32601816733168
366.1	22.1	119.32601816733168
366.1	24.1	119.32601816733168
366.1	26.1	119.32601816733168
366.1	28.1	119.32601816733168
366.1	30.1	119.32601816733168
366.1	32.1	119.32601816733168
366.1	34.1	119.32601816733168
366.1	36.1	119.32601816733168
366.1	38.1	119.32601816733168
366.1	40.1	119.32601816733168
366.1	42.1	119.32601816733168
366.1	44.1	119.32601816733168
366.1	46.1	119.32601816733168
366.1	48.1	119.32601816733168
366.1	50.1	119.3260181673317
366.1	52.1	119.32601816733168
366.1	54.1	119.32601816733168
366.1	56.1	119.3260181673317
366.1	58.1	119.32601816733168
366.1	60.1	119.32601816733168
366.1	62.1	119.32601816733168
366.1	64.1	119.32601816733168
366.1	66.1	119.32601816733168
366.1	68.1	119.32601816733168
366.1	70.1	119.32601816733168
366.1	72.1	119.32601816733168
366.1	74.1	119.32601816733168
368.1	0.1	119.86945448619173
368.1	2.1	119.86945448619173
368.1	4.1	119.86945448619173
368.1	6.1	119.86945448619173
368.1	8.1	119.86945448619173
368.1	10.1	119.86945448619173
368.1	12.1	119.86945448619173
368.1	14.1	119.86945448619173
368.1	16.1	119.86945448619173
368.1	18.1	119.86945448619173
368.1	20.1	119.86945448619173
368.1	22.1	119.86945448619173
368.1	24.1	119.86945448619173
368.1	26.1	119.86945448619173
368.1	28.1	119.86945448619173
368.1	30.1	119.86945448619173
368.1	32.1	119.86945448619173
368.1	34.1	119.86945448619173
368.1	36.1	119.86945448619173
368.1	38.1	119.86945448619173
368.1	40.1	119.86945448619173
368.1	42.1	119.86945448619173
368.1	44.1	119.86945448619173
368.1	46.1	119.86945448619173
368.1	48.1	119.86945448619173
368.1	50.1	119.86945448619174
368.1	52.1	119.86945448619173
368.1	54.1	119.86945448619173
368.1	56.1	119.86945448619174
368.1	58.1	119.86945448619173
368.1	60.1	119.86945448619173
368.1	62.1	119.86945448619173
368.1	64.1	119.86945448619173
368.1	66.1	119.86945448619173
368.1	68.1	119.86945448619173
368.1	70.1	119.86945448619173
368.1	72.1	119.86945448619173
368.1	74.1	119.86945448619173
368.1	76.1	119.86945448619173
370.1	0.1	120.41289080505177
370.1	2.1	120.41289080505177
370.1	4.1	120.41289080505177
370.1	6.1	120.41289080505177
370.1	8.1	120.41289080505177
370.1	10.1	120.41289080505177
370.1	12.1	120.41289080505177
370.1	14.1	120.41289080505177
370.1	16.1	120.41289080505177
370.1	18.1	120.41289080505177
370.1	20.1	120.41289080505177
370.1	22.1	120.41289080505177
370.1	24.1	120.41289080505177
370.1	26.1	120.41289080505177
370.1	28.1	120.41289080505177
370.1	30.1	120.41289080505177
370.1	32.1	120.41289080505177
370.1	34.1	120.41289080505177
370.1	36.1	120.41289080505177
370.1	38.1	120.41289080505177
370.1	40.1	120.41289080505177
370.1	42.1	120.41289080505177
370.1	44.1	120.41289080505177
370.1	46.1	120.41289080505177
370.1	48.1	120.41289080505177
370.1	50.1	120.41289080505179
370.1	52.1	120.41289080505177
370.1	54.1	120.41289080505177
370.1	56.1	120.41289080505179
370.1	58.1	120.41289080505177
370.1	60.1	120.41289080505177
370.1	62.1	120.41289080505177
370.1	64.1	120.41289080505177
370.1	66.1	120.41289080505177
370.1	68.1	120.41289080505177
370.1	70.1	120.41289080505177
370.1	72.1	120.41289080505177
370.1	74.1	120.41289080505177
370.1	76.1	120.41289080505177
370.1	78.1	120.41289080505177
372.1	0.1	120.95632712391182
372.1	2.1	120.95632712391182
372.1	4.1	120.95632712391182
372.1	6.1	120.95632712391182
372.1	8.1	120.95632712391182
372.1	10.1	120.95632712391182
372.1	12.1	120.95632712391182
372.1	14.1	120.95632712391182
372.1	16.1	120.95632712391182
372.1	18.1	120.95632712391182
372.1	20.1	120.95632712391182
372.1	22.1	120.95632712391182
372.1	24.1	120.95632712391182
372.1	26.1	120.95632712391182
372.1	28.1	120.95632712391182
372.1	30.1	120.95632712391182
372.1	32.1	120.95632712391182
372.1	34.1	120.95632712391182
372.1	36.1	120.95632712391182
372.1	38.1	120.95632712391182
372.1	40.1	120.95632712391182
372.1	42.1	120.95632712391182
372.1	44.1	120.95632712391182
372.1	46.1	120.95632712391182
372.1	48.1	120.95632712391182
372.1	50.1	120.95632712391183
372.1	52.1	120.95632712391182
372.1	54.1	120.95632712391182
372.1	56.1	120.95632712391183
372.1	58.1	120.95632712391182
372.1	60.1	120.95632712391182
372.1	62.1	120.95632712391182
372.1	64.1	120.95632712391182
372.1	66.1	120.95632712391182
372.1	68.1	120.95632712391182
372.1	70.1	120.95632712391182
372.1	72.1	120.95632712391182
372.1	74.1	120.95632712391182
372.1	76.1	120.95632712391182
372.1	78.1	120.95632712391182
372.1	80.1	120.95632712391182
374.1	0.1	121.49976344277187
374.1	2.1	121.49976344277187
374.1	4.1	121.49976344277187
374.1	6.1	121.49976344277187
374.1	8.1	121.49976344277187
374.1	10.1	121.49976344277187
374.1	12.1	121.49976344277187
374.1	14.1	121.49976344277187
374.1	16.1	121.49976344277187
374.1	18.1	121.49976344277187
374.1	20.1	121.49976344277187
374.1	22.1	121.49976344277187
374.1	24.1	121.49976344277187
374.1	26.1	121.49976344277187
374.1	28.1	121.49976344277187
374.1	30.1	121.49976344277187
374.1	32.1	121.49976344277187
374.1	34.1	121.49976344277187
374.1	36.1	121.49976344277187
374.1	38.1	121.49976344277187
374.1	40.1	121.49976344277187
374.1	42.1	121.49976344277187
374.1	44.1	121.49976344277187
374.1	46.1	121.49976344277187
374.1	48.1	121.49976344277187
374.1	50.1	121.49976344277188
374.1	52.1	121.49976344277187
374.1	54.1	121.49976344277187
374.1	56.1	121.49976344277188
374.1	58.1	121.49976344277187
374.1	60.1	121.49976344277187
374.1	62.1	121.49976344277187
374.1	64.1	121.49976344277187
374.1	66.1	121.49976344277187
374.1	68.1	121.49976344277187
374.1	70.1	121.49976344277187
374.1	72.1	121.49976344277187
374.1	74.1	121.49976344277187
374.1	76.1	121.49976344277187
374.1	78.1	121.49976344277187
374.1	80.1	121.49976344277187
374.1	82.1	121.49976344277187
376.1	0.1	122.04319976163191
376.1	2.1	122.04319976163191
376.1	4.1	122.04319976163191
376.1	6.1	122.04319976163191
376.1	8.1	122.04319976163191
376.1	10.1	122.04319976163191
376.1	12.1	122.04319976163191
376.1	14.1	122.04319976163191
376.1	16.1	122.04319976163191
376.1	18.1	122.04319976163191
376.1	20.1	122.04319976163191
376.1	22.1	122.04319976163191
376.1	24.1	122.04319976163191
376.1	26.1	122.04319976163191
376.1	28.1	122.04319976163191
376.1	30.1	122.04319976163191
376.1	32.1	122.04319976163191
376.1	34.1	122.04319976163191
376.1	36.1	122.04319976163191
376.1	38.1	122.04319976163191
376.1	40.1	122.04319976163191
376.1	42.1	122.04319976163191
376.1	44.1	122.04319976163191
376.1	46.1	122.04319976163191
376.1	48.1	122.04319976163191
376.1	50.1	122.04319976163193
376.1	52.1	122.04319976163191
376.1	54.1	122.04319976163191
376.1	56.1	122.04319976163193
376.1	58.1	122.04319976163191
376.1	60.1	122.04319976163191
376.1	62.1	122.04319976163191
376.1	64.1	122.04319976163191
376.1	66.1	122.04319976163191
376.1	68.1	122.04319976163191
376.1	70.1	122.04319976163191
376.1	72.1	122.04319976163191
376.1	74.1	122.04319976163191
376.1	76.1	122.04319976163191
376.1	78.1	122.04319976163191
376.1	80.1	122.04319976163191
376.1	82.1	122.04319976163191
376.1	84.1	122.04319976163193
378.1	0.1	122.58663608049196
378.1	2.1	122.58663608049196
378.1	4.1	122.58663608049196
378.1	6.1	122.58663608049196
378.1	8.1	122.58663608049196
378.1	10.1	122.58663608049196
378.1	12.1	122.58663608049196
378.1	14.1	122.58663608049196
378.1	16.1	122.58663608049196
378.1	18.1	122.58663608049196
378.1	20.1	122.58663608049196
378.1	22.1	122.58663608049196
378.1	24.1	122.58663608049196
378.1	26.1	122.58663608049196
378.1	28.1	122.58663608049196
378.1	30.1	122.58663608049196
378.1	32.1	122.58663608049196
378.1	34.1	122.58663608049196
378.1	36.1	122.58663608049196
378.1	38.1	122.58663608049196
378.1	40.1	122.58663608049196
378.1	42.1	122.58663608049196
378.1	44.1	122.58663608049196
378.1	46.1	122.58663608049196
378.1	48.1	122.58663608049196
378.1	50.1	122.58663608049197
378.1	52.1	122.58663608049196
378.1	54.1	122.58663608049196
378.1	56.1	122.58663608049197
378.1	58.1	122.58663608049196
378.1	60.1	122.58663608049196
378.1	62.1	122.58663608049196
378.1	64.1	122.58663608049196
378.1	66.1	122.58663608049196
378.1	68.1	122.58663608049196
378.1	70.1	122.58663608049196
378.1	72.1	122.58663608049196
378.1	74.1	122.58663608049196
378.1	76.1	122.58663608049196
378.1	78.1	122.58663608049196
378.1	80.1	122.58663608049196
378.1	82.1	122.58663608049196
378.1	84.1	122.58663608049197
378.1	86.1	122.58663608049196
380.1	0.1	123.130072399352
380.1	2.1	123.130072399352
380.1	4.1	123.130072399352
380.1	6.1	123.130072399352
380.1	8.1	123.130072399352
380.1	10.1	123.130072399352
380.1	12.1	123.130072399352
380.1	14.1	123.130072399352
380.1	16.1	123.130072399352
380.1	18.1	123.130072399352
380.1	20.1	123.130072399352
380.1	22.1	123.130072399352
380.1	24.1	123.130072399352
380.1	26.1	123.130072399352
380.1	28.1	123.130072399352
380.1	30.1	123.130072399352
380.1	32.1	123.130072399352
380.1	34.1	123.130072399352
380.1	36.1	123.130072399352
380.1	38.1	123.130072399352
380.1	40.1	123.130072399352
380.1	42.1	123.130072399352
380.1	44.1	123.130072399352
380.1	46.1	123.130072399352
380.1	48.1	123.130072399352
380.1	50.1	123.13007239935202
380.1	52.1	123.130072399352
380.1	54.1	123.130072399352
380.1	56.1	123.13007239935202
380.1	58.1	123.130072399352
380.1	60.1	123.130072399352
380.1	62.1	123.130072399352
380.1	64.1	123.130072399352
380.1	66.1	123.130072399352
380.1	68.1	123.130072399352
380.1	70.1	123.130072399352
380.1	72.1	123.130072399352
380.1	74.1	123.130072399352
380.1	76.1	123.130072399352
380.1	78.1	123.130072399352
380.1	80.1	123.130072399352
380.1	82.1	123.130072399352
380.1	84.1	123.13007239935202
380.1	86.1	123.130072399352
380.1	88.1	123.130072399352
382.1	0.1	123.67350871821208
382.1	2.1	123.67350871821208
382.1	4.1	123.67350871821208
382.1	6.1	123.67350871821208
382.1	8.1	123.67350871821208
382.1	10.1	123.67350871821208
382.1	12.1	123.67350871821208
382.1	14.1	123.67350871821208
382.1	16.1	123.67350871821208
382.1	18.1	123.67350871821208
382.1	20.1	123.67350871821208
382.1	22.1	123.67350871821208
382.1	24.1	123.67350871821208
382.1	26.1	123.67350871821208
382.1	28.1	123.67350871821208
382.1	30.1	123.67350871821208
382.1	32.1	123.67350871821208
382.1	34.1	123.67350871821208
382.1	36.1	123.67350871821208
382.1	38.1	123.67350871821208
382.1	40.1	123.67350871821208
382.1	42.1	123.67350871821208
382.1	44.1	123.67350871821208
382.1	46.1	123.67350871821208
382.1	48.1	123.67350871821208
382.1	50.1	123.67350871821209
382.1	52.1	123.67350871821208
382.1	54.1	123.67350871821208
382.1	56.1	123.67350871821209
382.1	58.1	123.67350871821208
382.1	60.1	123.67350871821208
382.1	62.1	123.67350871821208
382.1	64.1	123.67350871821208
382.1	66.1	123.67350871821208
382.1	68.1	123.67350871821208
382.1	70.1	123.67350871821208
382.1	72.1	123.67350871821208
382.1	74.1	123.67350871821208
382.1	76.1	123.67350871821208
382.1	78.1	123.67350871821208
382.1	80.1	123.67350871821208
382.1	82.1	123.67350871821208
382.1	84.1	123.67350871821209
382.1	86.1	123.67350871821208
382.1	88.1	123.67350871821208
382.1	90.1	123.67350871821208
384.1	0.1	124.21694503707212
384.1	2.1	124.21694503707212
384.1	4.1	124.21694503707212
384.1	6.1	124.21694503707212
384.1	8.1	124.21694503707212
384.1	10.1	124.21694503707212
384.1	12.1	124.21694503707212
384.1	14.1	124.21694503707212
384.1	16.1	124.21694503707212
384.1	18.1	124.21694503707212
384.1	20.1	124.21694503707212
384.1	22.1	124.21694503707212
384.1	24.1	124.21694503707212
384.1	26.1	124.21694503707212
384.1	28.1	124.21694503707212
384.1	30.1	124.21694503707212
384.1	32.1	124.21694503707212
384.1	34.1	124.21694503707212
384.1	36.1	124.21694503707212
384.1	38.1	124.21694503707212
384.1	40.1	124.21694503707212
384.1	42.1	124.21694503707212
384.1	44.1	124.21694503707212
384.1	46.1	124.21694503707212
384.1	48.1	124.21694503707212
384.1	50.1	124.21694503707214
384.1	52.1	124.21694503707212
384.1	54.1	124.21694503707212
384.1	56.1	124.21694503707214
384.1	58.1	124.21694503707212
384.1	60.1	124.21694503707212
384.1	62.1	124.21694503707212
384.1	64.1	124.21694503707212
384.1	66.1	124.21694503707212
384.1	68.1	124.21694503707212
384.1	70.1	124.21694503707212
384.1	72.1	124.21694503707212
384.1	74.1	124.21694503707212
384.1	76.1	124.21694503707212
384.1	78.1	124.21694503707212
384.1	80.1	124.21694503707212
384.1	82.1	124.21694503707212
384.1	84.1	124.21694503707214
384.1	86.1	124.21694503707212
384.1	88.1	124.21694503707212
384.1	90.1	124.21694503707212
384.1	92.1	124.21694503707212
386.1	0.1	124.76038135593217
386.1	2.1	124.76038135593217
386.1	4.1	124.76038135593217
386.1	6.1	124.76038135593217
386.1	8.1	124.76038135593217
386.1	10.1	124.76038135593217
386.1	12.1	124.76038135593217
386.1	14.1	124.76038135593217
386.1	16.1	124.76038135593217
386.1	18.1	124.76038135593217
386.1	20.1	124.76038135593217
386.1	22.1	124.76038135593217
386.1	24.1	124.76038135593217
386.1	26.1	124.76038135593217
386.1	28.1	124.76038135593217
386.1	30.1	124.76038135593217
386.1	32.1	124.76038135593217
386.1	34.1	124.76038135593217
386.1	36.1	124.76038135593217
386.1	38.1	124.76038135593217
386.1	40.1	124.76038135593217
386.1	42.1	124.76038135593217
386.1	44.1	124.76038135593217
386.1	46.1	124.76038135593217
386.1	48.1	124.76038135593217
386.1	50.1	124.76038135593218
386.1	52.1	124.76038135593217
386.1	54.1	124.76038135593217
386.1	56.1	124.76038135593218
386.1	58.1	124.76038135593217
386.1	60.1	124.76038135593217
386.1	62.1	124.76038135593217
386.1	64.1	124.76038135593217
386.1	66.1	124.76038135593217
386.1	68.1	124.76038135593217
386.1	70.1	124.76038135593217
386.1	72.1	124.76038135593217
386.1	74.1	124.76038135593217
386.1	76.1	124.76038135593217
386.1	78.1	124.76038135593217
386.1	80.1	124.76038135593217
386.1	82.1	124.76038135593217
386.1	84.1	124.76038135593218
386.1	86.1	124.76038135593217
386.1	88.1	124.76038135593217
386.1	90.1	124.76038135593217
386.1	92.1	124.76038135593217
386.1	94.1	124.76038135593218
388.1	0.1	125.30381767479221
388.1	2.1	125.30381767479221
388.1	4.1	125.30381767479221
388.1	6.1	125.30381767479221
388.1	8.1	125.30381767479221
388.1	10.1	125.30381767479221
388.1	12.1	125.30381767479221
388.1	14.1	125.30381767479221
388.1	16.1	125.30381767479221
388.1	18.1	125.30381767479221
388.1	20.1	125.30381767479221
388.1	22.1	125.30381767479221
388.1	24.1	125.30381767479221
388.1	26.1	125.30381767479221
388.1	28.1	125.30381767479221
388.1	30.1	125.30381767479221
388.1	32.1	125.30381767479221
388.1	34.1	125.30381767479221
388.1	36.1	125.30381767479221
388.1	38.1	125.30381767479221
388.1	40.1	125.30381767479221
388.1	42.1	125.30381767479221
388.1	44.1	125.30381767479221
388.1	46.1	125.30381767479221
388.1	48.1	125.30381767479221
388.1	50.1	125.30381767479223
388.1	52.1	125.30381767479221
388.1	54.1	125.30381767479221
388.1	56.1	125.30381767479223
388.1	58.1	125.30381767479221
388.1	60.1	125.30381767479221
388.1	62.1	125.30381767479221
388.1	64.1	125.30381767479221
388.1	66.1	125.30381767479221
388.1	68.1	125.30381767479221
388.1	70.1	125.30381767479221
388.1	72.1	125.30381767479221
388.1	74.1	125.30381767479221
388.1	76.1	125.30381767479221
388.1	78.1	125.30381767479221
388.1	80.1	125.30381767479221
388.1	82.1	125.30381767479221
388.1	84.1	125.30381767479223
388.1	86.1	125.30381767479221
388.1	88.1	125.30381767479221
388.1	90.1	125.30381767479221
388.1	92.1	125.30381767479221
388.1	94.1	125.30381767479223
388.1	96.1	125.30381767479221
390.1	0.1	125.84725399365226
390.1	2.1	125.84725399365226
390.1	4.1	125.84725399365226
390.1	6.1	125.84725399365226
390.1	8.1	125.84725399365226
390.1	10.1	125.84725399365226
390.1	12.1	125.84725399365226
390.1	14.1	125.84725399365226
390.1	16.1	125.84725399365226
390.1	18.1	125.84725399365226
390.1	20.1	125.84725399365226
390.1	22.1	125.84725399365226
390.1	24.1	125.84725399365226
390.1	26.1	125.84725399365226
390.1	28.1	125.84725399365226
390.1	30.1	125.84725399365226
390.1	32.1	125.84725399365226
390.1	34.1	125.84725399365226
390.1	36.1	125.84725399365226
390.1	38.1	125.84725399365226
390.1	40.1	125.84725399365226
390.1	42.1	125.84725399365226
390.1	44.1	125.84725399365226
390.1	46.1	125.84725399365226
390.1	48.1	125.84725399365226
390.1	50.1	125.84725399365227
390.1	52.1	125.84725399365226
390.1	54.1	125.84725399365226
390.1	56.1	125.84725399365227
390.1	58.1	125.84725399365226
390.1	60.1	125.84725399365226
390.1	62.1	125.84725399365226
390.1	64.1	125.84725399365226
390.1	66.1	125.84725399365226
390.1	68.1	125.84725399365226
390.1	70.1	125.84725399365226
390.1	72.1	125.84725399365226
390.1	74.1	125.84725399365226
390.1	76.1	125.84725399365226
390.1	78.1	125.84725399365226
390.1	80.1	125.84725399365226
390.1	82.1	125.84725399365226
390.1	84.1	125.84725399365227
390.1	86.1	125.84725399365226
390.1	88.1	125.84725399365226
390.1	90.1	125.84725399365226
390.1	92.1	125.84725399365226
390.1	94.1	125.84725399365227
390.1	96.1	125.84725399365226
390.1	98.1	125.84725399365226
392.1	0.1	126.3906903125123
392.1	2.1	126.3906903125123
392.1	4.1	126.3906903125123
392.1	6.1	126.3906903125123
392.1	8.1	126.3906903125123
392.1	10.1	126.3906903125123
392.1	12.1	126.3906903125123
392.1	14.1	126.3906903125123
392.1	16.1	126.3906903125123
392.1	18.1	126.3906903125123
392.1	20.1	126.3906903125123
392.1	22.1	126.3906903125123
392.1	24.1	126.3906903125123
392.1	26.1	126.3906903125123
392.1	28.1	126.3906903125123
392.1	30.1	126.3906903125123
392.1	32.1	126.3906903125123
392.1	34.1	126.3906903125123
392.1	36.1	126.3906903125123
392.1	38.1	126.3906903125123
392.1	40.1	126.3906903125123
392.1	42.1	126.3906903125123
392.1	44.1	126.3906903125123
392.1	46.1	126.3906903125123
392.1	48.1	126.3906903125123
392.1	50.1	126.39069031251232
392.1	52.1	126.3906903125123
392.1	54.1	126.3906903125123
392.1	56.1	126.39069031251232
392.1	58.1	126.3906903125123
392.1	60.1	126.3906903125123
392.1	62.1	126.3906903125123
392.1	64.1	126.3906903125123
392.1	66.1	126.3906903125123
392.1	68.1	126.3906903125123
392.1	70.1	126.3906903125123
392.1	72.1	126.3906903125123
392.1	74.1	126.3906903125123
392.1	76.1	126.3906903125123
392.1	78.1	126.3906903125123
392.1	80.1	126.3906903125123
392.1	82.1	126.3906903125123
392.1	84.1	126.39069031251232
392.1	86.1	126.3906903125123
392.1	88.1	126.3906903125123
392.1	90.1	126.3906903125123
392.1	92.1	126.3906903125123
392.1	94.1	126.39069031251232
392.1	96.1	126.3906903125123
392.1	98.1	126.3906903125123
392.1	100.1	126.3906903125123
394.1	0.1	126.93412663137235
394.1	2.1	126.93412663137235
394.1	4.1	126.93412663137235
394.1	6.1	126.93412663137235
394.1	8.1	126.93412663137235
394.1	10.1	126.93412663137235
394.1	12.1	126.93412663137235
394.1	14.1	126.93412663137235
394.1	16.1	126.93412663137235
394.1	18.1	126.93412663137235
394.1	20.1	126.93412663137235
394.1	22.1	126.93412663137235
394.1	24.1	126.93412663137235
394.1	26.1	126.93412663137235
394.1	28.1	126.93412663137235
394.1	30.1	126.93412663137235
394.1	32.1	126.93412663137235
394.1	34.1	126.93412663137235
394.1	36.1	126.93412663137235
394.1	38.1	126.93412663137235
394.1	40.1	126.93412663137235
394.1	42.1	126.93412663137235
394.1	44.1	126.93412663137235
394.1	46.1	126.93412663137235
394.1	48.1	126.93412663137235
394.1	50.1	126.93412663137237
394.1	52.1	126.93412663137235
394.1	54.1	126.93412663137235
394.1	56.1	126.93412663137237
394.1	58.1	126.93412663137235
394.1	60.1	126.93412663137235
394.1	62.1	126.93412663137235
394.1	64.1	126.93412663137235
394.1	66.1	126.93412663137235
394.1	68.1	126.93412663137235
394.1	70.1	126.93412663137235
394.1	72.1	126.93412663137235
394.1	74.1	126.93412663137235
394.1	76.1	126.93412663137235
394.1	78.1	126.93412663137235
394.1	80.1	126.93412663137235
394.1	82.1	126.93412663137235
394.1	84.1	126.93412663137237
394.1	86.1	126.93412663137235
394.1	88.1	126.93412663137235
394.1	90.1	126.93412663137235
394.1	92.1	126.93412663137235
394.1	94.1	126.93412663137237
394.1	96.1	126.93412663137235
394.1	98.1	126.93412663137235
394.1	100.1	126.93412663137235
394.1	102.1	126.93412663137235
396.1	0.1	127.4775629502324
396.1	2.1	127.4775629502324
396.1	4.1	127.4775629502324
396.1	6.1	127.4775629502324
396.1	8.1	127.4775629502324
396.1	10.1	127.4775629502324
396.1	12.1	127.4775629502324
396.1	14.1	127.4775629502324
396.1	16.1	127.4775629502324
396.1	18.1	127.4775629502324
396.1	20.1	127.4775629502324
396.1	22.1	127.4775629502324
396.1	24.1	127.4775629502324
396.1	26.1	127.4775629502324
396.1	28.1	127.4775629502324
396.1	30.1	127.4775629502324
396.1	32.1	127.4775629502324
396.1	34.1	127.4775629502324
396.1	36.1	127.4775629502324
396.1	38.1	127.4775629502324
396.1	40.1	127.4775629502324
396.1	42.1	127.4775629502324
396.1	44.1	127.4775629502324
396.1	46.1	127.4775629502324
396.1	48.1	127.4775629502324
396.1	50.1	127.47756295023241
396.1	52.1	127.4775629502324
396.1	54.1	127.4775629502324
396.1	56.1	127.47756295023241
396.1	58.1	127.4775629502324
396.1	60.1	127.4775629502324
396.1	62.1	127.4775629502324
396.1	64.1	127.4775629502324
396.1	66.1	127.4775629502324
396.1	68.1	127.4775629502324
396.1	70.1	127.4775629502324
396.1	72.1	127.4775629502324
396.1	74.1	127.4775629502324
396.1	76.1	127.4775629502324
396.1	78.1	127.4775629502324
396.1	80.1	127.4775629502324
396.1	82.1	127.4775629502324
396.1	84.1	127.47756295023241
396.1	86.1	127.4775629502324
396.1	88.1	127.4775629502324
396.1	90.1	127.4775629502324
396.1	92.1	127.4775629502324
396.1	94.1	127.47756295023241
396.1	96.1	127.4775629502324
396.1	98.1	127.4775629502324
396.1	100.1	127.4775629502324
396.1	102.1	127.4775629502324
396.1	104.1	127.4775629502324
398.1	0.1	128.02099926909244
398.1	2.1	128.02099926909244
398.1	4.1	128.02099926909244
398.1	6.1	128.02099926909244
398.1	8.1	128.02099926909244
398.1	10.1	128.02099926909244
398.1	12.1	128.02099926909244
398.1	14.1	128.02099926909244
398.1	16.1	128.02099926909244
398.1	18.1	128.02099926909244
398.1	20.1	128.02099926909244
398.1	22.1	128.02099926909244
398.1	24.1	128.02099926909244
398.1	26.1	128.02099926909244
398.1	28.1	128.02099926909244
398.1	30.1	128.02099926909244
398.1	32.1	128.02099926909244
398.1	34.1	128.02099926909244
398.1	36.1	128.02099926909244
398.1	38.1	128.02099926909244
398.1	40.1	128.02099926909244
398.1	42.1	128.02099926909244
398.1	44.1	128.02099926909244
398.1	46.1	128.02099926909244
398.1	48.1	128.02099926909244
398.1	50.1	128.02099926909244
398.1	52.1	128.02099926909244
398.1	54.1	128.02099926909244
398.1	56.1	128.02099926909244
398.1	58.1	128.02099926909244
398.1	60.1	128.02099926909244
398.1	62.1	128.02099926909244
398.1	64.1	128.02099926909244
398.1	66.1	128.02099926909244
398.1	68.1	128.02099926909244
398.1	70.1	128.02099926909244
398.1	72.1	128.02099926909244
398.1	74.1	128.02099926909244
398.1	76.1	128.02099926909244
398.1	78.1	128.02099926909244
398.1	80.1	128.02099926909244
398.1	82.1	128.02099926909244
398.1	84.1	128.02099926909244
398.1	86.1	128.02099926909244
398.1	88.1	128.02099926909244
398.1	90.1	128.02099926909244
398.1	92.1	128.02099926909244
398.1	94.1	128.02099926909244
398.1	96.1	128.02099926909244
398.1	98.1	128.02099926909244
398.1	100.1	128.02099926909244
398.1	102.1	128.02099926909244
398.1	104.1	128.02099926909244
398.1	106.1	128.02099926909244
400.1	0.1	128.5644355879525
400.1	2.1	128.5644355879525
400.1	4.1	128.5644355879525
400.1	6.1	128.5644355879525
400.1	8.1	128.5644355879525
400.1	10.1	128.5644355879525
400.1	12.1	128.5644355879525
400.1	14.1	128.5644355879525
400.1	16.1	128.5644355879525
400.1	18.1	128.5644355879525
400.1	20.1	128.5644355879525
400.1	22.1	128.5644355879525
400.1	24.1	128.5644355879525
400.1	26.1	128.5644355879525
400.1	28.1	128.5644355879525
400.1	30.1	128.5644355879525
400.1	32.1	128.5644355879525
400.1	34.1	128.5644355879525
400.1	36.1	128.5644355879525
400.1	38.1	128.5644355879525
400.1	40.1	128.5644355879525
400.1	42.1	128.5644355879525
400.1	44.1	128.5644355879525
400.1	46.1	128.5644355879525
400.1	48.1	128.5644355879525
400.1	50.1	128.5644355879525
400.1	52.1	128.5644355879525
400.1	54.1	128.5644355879525
400.1	56.1	128.5644355879525
400.1	58.1	128.5644355879525
400.1	60.1	128.5644355879525
400.1	62.1	128.5644355879525
400.1	64.1	128.5644355879525
400.1	66.1	128.5644355879525
400.1	68.1	128.5644355879525
400.1	70.1	128.5644355879525
400.1	72.1	128.5644355879525
400.1	74.1	128.5644355879525
400.1	76.1	128.5644355879525
400.1	78.1	128.5644355879525
400.1	80.1	128.5644355879525
400.1	82.1	128.5644355879525
400.1	84.1	128.5644355879525
400.1	86.1	128.5644355879525
400.1	88.1	128.5644355879525
400.1	90.1	128.5644355879525
400.1	92.1	128.5644355879525
400.1	94.1	128.5644355879525
400.1	96.1	128.5644355879525
400.1	98.1	128.5644355879525
400.1	100.1	128.5644355879525
400.1	102.1	128.5644355879525
400.1	104.1	128.5644355879525
400.1	106.1	128.5644355879525
400.1	108.1	128.5644355879525
402.1	0.1	129.10787190681253
402.1	2.1	129.10787190681253
402.1	4.1	129.10787190681253
402.1	6.1	129.10787190681253
402.1	8.1	129.10787190681253
402.1	10.1	129.10787190681253
402.1	12.1	129.10787190681253
402.1	14.1	129.10787190681253
402.1	16.1	129.10787190681253
402.1	18.1	129.10787190681253
402.1	20.1	129.10787190681253
402.1	22.1	129.10787190681253
402.1	24.1	129.10787190681253
402.1	26.1	129.10787190681253
402.1	28.1	129.10787190681253
402.1	30.1	129.10787190681253
402.1	32.1	129.10787190681253
402.1	34.1	129.10787190681253
402.1	36.1	129.10787190681253
402.1	38.1	129.10787190681253
402.1	40.1	129.10787190681253
402.1	42.1	129.10787190681253
402.1	44.1	129.10787190681253
402.1	46.1	129.10787190681253
402.1	48.1	129.10787190681253
402.1	50.1	129.10787190681253
402.1	52.1	129.10787190681253
402.1	54.1	129.10787190681253
402.1	56.1	129.10787190681253
402.1	58.1	129.10787190681253
402.1	60.1	129.10787190681253
402.1	62.1	129.10787190681253
402.1	64.1	129.10787190681253
402.1	66.1	129.10787190681253
402.1	68.1	129.10787190681253
402.1	70.1	129.10787190681253
402.1	72.1	129.10787190681253
402.1	74.1	129.10787190681253
402.1	76.1	129.10787190681253
402.1	78.1	129.10787190681253
402.1	80.1	129.10787190681253
402.1	82.1	129.10787190681253
402.1	84.1	129.10787190681253
402.1	86.1	129.10787190681253
402.1	88.1	129.10787190681253
402.1	90.1	129.10787190681253
402.1	92.1	129.10787190681253
402.1	94.1	129.10787190681253
402.1	96.1	129.10787190681253
402.1	98.1	129.10787190681253
402.1	100.1	129.10787190681253
402.1	102.1	129.10787190681253
402.1	104.1	129.10787190681253
402.1	106.1	129.10787190681253
402.1	108.1	129.10787190681253
402.1	110.1	129.10787190681253
404.1	0.1	129.65130822567258
404.1	2.1	129.65130822567258
404.1	4.1	129.65130822567258
404.1	6.1	129.65130822567258
404.1	8.1	129.65130822567258
404.1	10.1	129.65130822567258
404.1	12.1	129.65130822567258
404.1	14.1	129.65130822567258
404.1	16.1	129.65130822567258
404.1	18.1	129.65130822567258
404.1	20.1	129.65130822567258
404.1	22.1	129.65130822567258
404.1	24.1	129.65130822567258
404.1	26.1	129.65130822567258
404.1	28.1	129.65130822567258
404.1	30.1	129.65130822567258
404.1	32.1	129.65130822567258
404.1	34.1	129.65130822567258
404.1	36.1	129.65130822567258
404.1	38.1	129.65130822567258
404.1	40.1	129.65130822567258
404.1	42.1	129.65130822567258
404.1	44.1	129.65130822567258
404.1	46.1	129.65130822567258
404.1	48.1	129.65130822567258
404.1	50.1	129.65130822567258
404.1	52.1	129.65130822567258
404.1	54.1	129.65130822567258
404.1	56.1	129.65130822567258
404.1	58.1	129.65130822567258
404.1	60.1	129.65130822567258
404.1	62.1	129.65130822567258
404.1	64.1	129.65130822567258
404.1	66.1	129.65130822567258
404.1	68.1	129.65130822567258
404.1	70.1	129.65130822567258
404.1	72.1	129.65130822567258
404.1	74.1	129.65130822567258
404.1	76.1	129.65130822567258
404.1	78.1	129.65130822567258
404.1	80.1	129.65130822567258
404.1	82.1	129.65130822567258
404.1	84.1	129.65130822567258
404.1	86.1	129.65130822567258
404.1	88.1	129.65130822567258
404.1	90.1	129.65130822567258
404.1	92.1	129.65130822567258
404.1	94.1	129.65130822567258
404.1	96.1	129.65130822567258
404.1	98.1	129.65130822567258
404.1	100.1	129.65130822567258
404.1	102.1	129.65130822567258
404.1	104.1	129.65130822567258
404.1	106.1	129.65130822567258
404.1	108.1	129.65130822567258
404.1	110.1	129.65130822567258
404.1	112.1	129.65130822567258
406.1	0.1	130.19474454453263
406.1	2.1	130.19474454453263
406.1	4.1	130.19474454453263
406.1	6.1	130.19474454453263
406.1	8.1	130.19474454453263
406.1	10.1	130.19474454453263
406.1	12.1	130.19474454453263
406.1	14.1	130.19474454453263
406.1	16.1	130.19474454453263
406.1	18.1	130.19474454453263
406.1	20.1	130.19474454453263
406.1	22.1	130.19474454453263
406.1	24.1	130.19474454453263
406.1	26.1	130.19474454453263
406.1	28.1	130.19474454453263
406.1	30.1	130.19474454453263
406.1	32.1	130.19474454453263
406.1	34.1	130.19474454453263
406.1	36.1	130.19474454453263
406.1	38.1	130.19474454453263
406.1	40.1	130.19474454453263
406.1	42.1	130.19474454453263
406.1	44.1	130.19474454453263
406.1	46.1	130.19474454453263
406.1	48.1	130.19474454453263
406.1	50.1	130.19474454453263
406.1	52.1	130.19474454453263
406.1	54.1	130.19474454453263
406.1	56.1	130.19474454453263
406.1	58.1	130.19474454453263
406.1	60.1	130.19474454453263
406.1	62.1	130.19474454453263
406.1	64.1	130.19474454453263
406.1	66.1	130.19474454453263
406.1	68.1	130.19474454453263
406.1	70.1	130.19474454453263
406.1	72.1	130.19474454453263
406.1	74.1	130.19474454453263
406.1	76.1	130.19474454453263
406.1	78.1	130.19474454453263
406.1	80.1	130.19474454453263
406.1	82.1	130.19474454453263
406.1	84.1	130.19474454453263
406.1	86.1	130.19474454453263
406.1	88.1	130.19474454453263
406.1	90.1	130.19474454453263
406.1	92.1	130.19474454453263
406.1	94.1	130.19474454453263
406.1	96.1	130.19474454453263
406.1	98.1	130.19474454453263
406.1	100.1	130.19474454453263
406.1	102.1	130.19474454453263
406.1	104.1	130.19474454453263
406.1	106.1	130.19474454453263
406.1	108.1	130.19474454453263
406.1	110.1	130.19474454453263
406.1	112.1	130.19474454453263
406.1	114.1	130.19474454453263
408.1	0.1	130.73818086339267
408.1	2.1	130.73818086339267
408.1	4.1	130.73818086339267
408.1	6.1	130.73818086339267
408.1	8.1	130.73818086339267
408.1	10.1	130.73818086339267
408.1	12.1	130.73818086339267
408.1	14.1	130.73818086339267
408.1	16.1	130.73818086339267
408.1	18.1	130.73818086339267
408.1	20.1	130.73818086339267
408.1	22.1	130.73818086339267
408.1	24.1	130.73818086339267
408.1	26.1	130.73818086339267
408.1	28.1	130.73818086339267
408.1	30.1	130.73818086339267
408.1	32.1	130.73818086339267
408.1	34.1	130.73818086339267
408.1	36.1	130.73818086339267
408.1	38.1	130.73818086339267
408.1	40.1	130.73818086339267
408.1	42.1	130.73818086339267
408.1	44.1	130.73818086339267
408.1	46.1	130.73818086339267
408.1	48.1	130.73818086339267
408.1	50.1	130.73818086339267
408.1	52.1	130.73818086339267
408.1	54.1	130.73818086339267
408.1	56.1	130.73818086339267
408.1	58.1	130.73818086339267
408.1	60.1	130.73818086339267
408.1	62.1	130.73818086339267
408.1	64.1	130.73818086339267
408.1	66.1	130.73818086339267
408.1	68.1	130.73818086339267
408.1	70.1	130.73818086339267
408.1	72.1	130.73818086339267
408.1	74.1	130.73818086339267
408.1	76.1	130.73818086339267
408.1	78.1	130.73818086339267
408.1	80.1	130.73818086339267
408.1	82.1	130.73818086339267
408.1	84.1	130.73818086339267
408.1	86.1	130.73818086339267
408.1	88.1	130.73818086339267
408.1	90.1	130.73818086339267
408.1	92.1	130.73818086339267
408.1	94.1	130.73818086339267
408.1	96.1	130.73818086339267
408.1	98.1	130.73818086339267
408.1	100.1	130.73818086339267
408.1	102.1	130.73818086339267
408.1	104.1	130.73818086339267
408.1	106.1	130.73818086339267
408.1	108.1	130.73818086339267
408.1	110.1	130.73818086339267
408.1	112.1	130.73818086339267
408.1	114.1	130.73818086339267
408.1	116.1	130.73818086339267
410.1	0.1	131.28161718225272
410.1	2.1	131.28161718225272
410.1	4.1	131.28161718225272
410.1	6.1	131.28161718225272
410.1	8.1	131.28161718225272
410.1	10.1	131.28161718225272
410.1	12.1	131.28161718225272
410.1	14.1	131.28161718225272
410.1	16.1	131.28161718225272
410.1	18.1	131.28161718225272
410.1	20.1	131.28161718225272
410.1	22.1	131.28161718225272
410.1	24.1	131.28161718225272
410.1	26.1	131.28161718225272
410.1	28.1	131.28161718225272
410.1	30.1	131.28161718225272
410.1	32.1	131.28161718225272
410.1	34.1	131.28161718225272
410.1	36.1	131.28161718225272
410.1	38.1	131.28161718225272
410.1	40.1	131.28161718225272
410.1	42.1	131.28161718225272
410.1	44.1	131.28161718225272
410.1	46.1	131.28161718225272
410.1	48.1	131.28161718225272
410.1	50.1	131.28161718225272
410.1	52.1	131.28161718225272
410.1	54.1	131.28161718225272
410.1	56.1	131.28161718225272
410.1	58.1	131.28161718225272
410.1	60.1	131.28161718225272
410.1	62.1	131.28161718225272
410.1	64.1	131.28161718225272
410.1	66.1	131.28161718225272
410.1	68.1	131.28161718225272
410.1	70.1	131.28161718225272
410.1	72.1	131.28161718225272
410.1	74.1	131.28161718225272
410.1	76.1	131.28161718225272
410.1	78.1	131.28161718225272
410.1	80.1	131.28161718225272
410.1	82.1	131.28161718225272
410.1	84.1	131.28161718225272
410.1	86.1	131.28161718225272
410.1	88.1	131.28161718225272
410.1	90.1	131.28161718225272
410.1	92.1	131.28161718225272
410.1	94.1	131.28161718225272
410.1	96.1	131.28161718225272
410.1	98.1	131.28161718225272
410.1	100.1	131.28161718225272
410.1	102.1	131.28161718225272
410.1	104.1	131.28161718225272
410.1	106.1	131.28161718225272
410.1	108.1	131.28161718225272
410.1	110.1	131.28161718225272
410.1	112.1	131.28161718225272
410.1	114.1	131.28161718225272
410.1	116.1	131.28161718225272
410.1	118.1	131.28161718225272
412.1	0.1	131.82505350111276
412.1	2.1	131.82505350111276
412.1	4.1	131.82505350111276
412.1	6.1	131.82505350111276
412.1	8.1	131.82505350111276
412.1	10.1	131.82505350111276
412.1	12.1	131.82505350111276
412.1	14.1	131.82505350111276
412.1	16.1	131.82505350111276
412.1	18.1	131.82505350111276
412.1	20.1	131.82505350111276
412.1	22.1	131.82505350111276
412.1	24.1	131.82505350111276
412.1	26.1	131.82505350111276
412.1	28.1	131.82505350111276
412.1	30.1	131.82505350111276
412.1	32.1	131.82505350111276
412.1	34.1	131.82505350111276
412.1	36.1	131.82505350111276
412.1	38.1	131.82505350111276
412.1	40.1	131.82505350111276
412.1	42.1	131.82505350111276
412.1	44.1	131.82505350111276
412.1	46.1	131.82505350111276
412.1	48.1	131.82505350111276
412.1	50.1	131.82505350111276
412.1	52.1	131.82505350111276
412.1	54.1	131.82505350111276
412.1	56.1	131.82505350111276
412.1	58.1	131.82505350111276
412.1	60.1	131.82505350111276
412.1	62.1	131.82505350111276
412.1	64.1	131.82505350111276
412.1	66.1	131.82505350111276
412.1	68.1	131.82505350111276
412.1	70.1	131.82505350111276
412.1	72.1	131.82505350111276
412.1	74.1	131.82505350111276
412.1	76.1	131.82505350111276
412.1	78.1	131.82505350111276
412.1	80.1	131.82505350111276
412.1	82.1	131.82505350111276
412.1	84.1	131.82505350111276
412.1	86.1	131.82505350111276
412.1	88.1	131.82505350111276
412.1	90.1	131.82505350111276
412.1	92.1	131.82505350111276
412.1	94.1	131.82505350111276
412.1	96.1	131.82505350111276
412.1	98.1	131.82505350111276
412.1	100.1	131.82505350111276
412.1	102.1	131.82505350111276
412.1	104.1	131.82505350111276
412.1	106.1	131.82505350111276
412.1	108.1	131.82505350111276
412.1	110.1	131.82505350111276
412.1	112.1	131.82505350111276
412.1	114.1	131.82505350111276
412.1	116.1	131.82505350111276
412.1	118.1	131.82505350111276
414.1	0.1	132.3684898199728
414.1	2.1	132.3684898199728
414.1	4.1	132.3684898199728
414.1	6.1	132.3684898199728
414.1	8.1	132.3684898199728
414.1	10.1	132.3684898199728
414.1	12.1	132.3684898199728
414.1	14.1	132.3684898199728
414.1	16.1	132.3684898199728
414.1	18.1	132.3684898199728
414.1	20.1	132.3684898199728
414.1	22.1	132.3684898199728
414.1	24.1	132.3684898199728
414.1	26.1	132.3684898199728
414.1	28.1	132.3684898199728
414.1	30.1	132.3684898199728
414.1	32.1	132.3684898199728
414.1	34.1	132.3684898199728
414.1	36.1	132.3684898199728
414.1	38.1	132.3684898199728
414.1	40.1	132.3684898199728
414.1	42.1	132.3684898199728
414.1	44.1	132.3684898199728
414.1	46.1	132.3684898199728
414.1	48.1	132.3684898199728
414.1	50.1	132.3684898199728
414.1	52.1	132.3684898199728
414.1	54.1	132.3684898199728
414.1	56.1	132.3684898199728
414.1	58.1	132.3684898199728
414.1	60.1	132.3684898199728
414.1	62.1	132.3684898199728
414.1	64.1	132.3684898199728
414.1	66.1	132.3684898199728
414.1	68.1	132.3684898199728
414.1	70.1	132.3684898199728
414.1	72.1	132.3684898199728
414.1	74.1	132.3684898199728
414.1	76.1	132.3684898199728
414.1	78.1	132.3684898199728
414.1	80.1	132.3684898199728
414.1	82.1	132.3684898199728
414.1	84.1	132.3684898199728
414.1	86.1	132.3684898199728
414.1	88.1	132.3684898199728
414.1	90.1	132.3684898199728
414.1	92.1	132.3684898199728
414.1	94.1	132.3684898199728
414.1	96.1	132.3684898199728
414.1	98.1	132.3684898199728
414.1	100.1	132.3684898199728
414.1	102.1	132.3684898199728
414.1	104.1	132.3684898199728
414.1	106.1	132.3684898199728
414.1	108.1	132.3684898199728
414.1	110.1	132.3684898199728
414.1	112.1	132.3684898199728
414.1	114.1	132.3684898199728
414.1	116.1	132.3684898199728
414.1	118.1	132.3684898199728
416.1	0.1	132.91192613883288
416.1	2.1	132.91192613883288
416.1	4.1	132.91192613883288
416.1	6.1	132.91192613883288
416.1	8.1	132.91192613883288
416.1	10.1	132.91192613883288
416.1	12.1	132.91192613883288
416.1	14.1	132.91192613883288
416.1	16.1	132.91192613883288
416.1	18.1	132.91192613883288
416.1	20.1	132.91192613883288
416.1	22.1	132.91192613883288
416.1	24.1	132.91192613883288
416.1	26.1	132.91192613883288
416.1	28.1	132.91192613883288
416.1	30.1	132.91192613883288
416.1	32.1	132.91192613883288
416.1	34.1	132.91192613883288
416.1	36.1	132.91192613883288
416.1	38.1	132.91192613883288
416.1	40.1	132.91192613883288
416.1	42.1	132.91192613883288
416.1	44.1	132.91192613883288
416.1	46.1	132.91192613883288
416.1	48.1	132.91192613883288
416.1	50.1	132.91192613883288
416.1	52.1	132.91192613883288
416.1	54.1	132.91192613883288
416.1	56.1	132.91192613883288
416.1	58.1	132.91192613883288
416.1	60.1	132.91192613883288
416.1	62.1	132.91192613883288
416.1	64.1	132.91192613883288
416.1	66.1	132.91192613883288
416.1	68.1	132.91192613883288
416.1	70.1	132.91192613883288
416.1	72.1	132.91192613883288
416.1	74.1	132.91192613883288
416.1	76.1	132.91192613883288
416.1	78.1	132.91192613883288
416.1	80.1	132.91192613883288
416.1	82.1	132.91192613883288
416.1	84.1	132.91192613883288
416.1	86.1	132.91192613883288
416.1	88.1	132.91192613883288
416.1	90.1	132.91192613883288
416.1	92.1	132.91192613883288
416.1	94.1	132.91192613883288
416.1	96.1	132.91192613883288
416.1	98.1	132.91192613883288
416.1	100.1	132.91192613883288
416.1	102.1	132.91192613883288
416.1	104.1	132.91192613883288
416.1	106.1	132.91192613883288
416.1	108.1	132.91192613883288
416.1	110.1	132.91192613883288
416.1	112.1	132.91192613883288
416.1	114.1	132.91192613883288
416.1	116.1	132.91192613883288
416.1	118.1	132.91192613883288
418.1	0.1	133.45536245769293
418.1	2.1	133.45536245769293
418.1	4.1	133.45536245769293
418.1	6.1	133.45536245769293
418.1	8.1	133.45536245769293
418.1	10.1	133.45536245769293
418.1	12.1	133.45536245769293
418.1	14.1	133.45536245769293
418.1	16.1	133.45536245769293
418.1	18.1	133.45536245769293
418.1	20.1	133.45536245769293
418.1	22.1	133.45536245769293
418.1	24.1	133.45536245769293
418.1	26.1	133.45536245769293
418.1	28.1	133.45536245769293
418.1	30.1	133.45536245769293
418.1	32.1	133.45536245769293
418.1	34.1	133.45536245769293
418.1	36.1	133.45536245769293
418.1	38.1	133.45536245769293
418.1	40.1	133.45536245769293
418.1	42.1	133.45536245769293
418.1	44.1	133.45536245769293
418.1	46.1	133.45536245769293
418.1	48.1	133.45536245769293
418.1	50.1	133.45536245769293
418.1	52.1	133.45536245769293
418.1	54.1	133.45536245769293
418.1	56.1	133.45536245769293
418.1	58.1	133.45536245769293
418.1	60.1	133.45536245769293
418.1	62.1	133.45536245769293
418.1	64.1	133.45536245769293
418.1	66.1	133.45536245769293
418.1	68.1	133.45536245769293
418.1	70.1	133.45536245769293
418.1	72.1	133.45536245769293
418.1	74.1	133.45536245769293
418.1	76.1	133.45536245769293
418.1	78.1	133.45536245769293
418.1	80.1	133.45536245769293
418.1	82.1	133.45536245769293
418.1	84.1	133.45536245769293
418.1	86.1	133.45536245769293
418.1	88.1	133.45536245769293
418.1	90.1	133.45536245769293
418.1	92.1	133.45536245769293
418.1	94.1	133.45536245769293
418.1	96.1	133.45536245769293
418.1	98.1	133.45536245769293
418.1	100.1	133.45536245769293
418.1	102.1	133.45536245769293
418.1	104.1	133.45536245769293
418.1	106.1	133.45536245769293
418.1	108.1	133.45536245769293
418.1	110.1	133.45536245769293
418.1	112.1	133.45536245769293
418.1	114.1	133.45536245769293
418.1	116.1	133.45536245769293
418.1	118.1	133.45536245769293
420.1	0.1	133.99879877655297
420.1	2.1	133.99879877655297
420.1	4.1	133.99879877655297
420.1	6.1	133.99879877655297
420.1	8.1	133.99879877655297
420.1	10.1	133.99879877655297
420.1	12.1	133.99879877655297
420.1	14.1	133.99879877655297
420.1	16.1	133.99879877655297
420.1	18.1	133.99879877655297
420.1	20.1	133.99879877655297
420.1	22.1	133.99879877655297
420.1	24.1	133.99879877655297
420.1	26.1	133.99879877655297
420.1	28.1	133.99879877655297
420.1	30.1	133.99879877655297
420.1	32.1	133.99879877655297
420.1	34.1	133.99879877655297
420.1	36.1	133.99879877655297
420.1	38.1	133.99879877655297
420.1	40.1	133.99879877655297
420.1	42.1	133.99879877655297
420.1	44.1	133.99879877655297
420.1	46.1	133.99879877655297
420.1	48.1	133.99879877655297
420.1	50.1	133.99879877655297
420.1	52.1	133.99879877655297
420.1	54.1	133.99879877655297
420.1	56.1	133.99879877655297
420.1	58.1	133.99879877655297
420.1	60.1	133.99879877655297
420.1	62.1	133.99879877655297
420.1	64.1	133.99879877655297
420.1	66.1	133.99879877655297
420.1	68.1	133.99879877655297
420.1	70.1	133.99879877655297
420.1	72.1	133.99879877655297
420.1	74.1	133.99879877655297
420.1	76.1	133.99879877655297
420.1	78.1	133.99879877655297
420.1	80.1	133.99879877655297
420.1	82.1	133.99879877655297
420.1	84.1	133.99879877655297
420.1	86.1	133.99879877655297
420.1	88.1	133.99879877655297
420.1	90.1	133.99879877655297
420.1	92.1	133.99879877655297
420.1	94.1	133.99879877655297
420.1	96.1	133.99879877655297
420.1	98.1	133.99879877655297
420.1	100.1	133.99879877655297
420.1	102.1	133.99879877655297
420.1	104.1	133.99879877655297
420.1	106.1	133.99879877655297
420.1	108.1	133.99879877655297
420.1	110.1	133.99879877655297
420.1	112.1	133.99879877655297
420.1	114.1	133.99879877655297
420.1	116.1	133.99879877655297
420.1	118.1	133.99879877655297
422.1	0.1	134.54223509541302
422.1	2.1	134.54223509541302
422.1	4.1	134.54223509541302
422.1	6.1	134.54223509541302
422.1	8.1	134.54223509541302
422.1	10.1	134.54223509541302
422.1	12.1	134.54223509541302
422.1	14.1	134.54223509541302
422.1	16.1	134.54223509541302
422.1	18.1	134.54223509541302
422.1	20.1	134.54223509541302
422.1	22.1	134.54223509541302
422.1	24.1	134.54223509541302
422.1	26.1	134.54223509541302
422.1	28.1	134.54223509541302
422.1	30.1	134.54223509541302
422.1	32.1	134.54223509541302
422.1	34.1	134.54223509541302
422.1	36.1	134.54223509541302
422.1	38.1	134.54223509541302
422.1	40.1	134.54223509541302
422.1	42.1	134.54223509541302
422.1	44.1	134.54223509541302
422.1	46.1	134.54223509541302
422.1	48.1	134.54223509541302
422.1	50.1	134.54223509541302
422.1	52.1	134.54223509541302
422.1	54.1	134.54223509541302
422.1	56.1	134.54223509541302
422.1	58.1	134.54223509541302
422.1	60.1	134.54223509541302
422.1	62.1	134.54223509541302
422.1	64.1	134.54223509541302
422.1	66.1	134.54223509541302
422.1	68.1	134.54223509541302
422.1	70.1	134.54223509541302
422.1	72.1	134.54223509541302
422.1	74.1	134.54223509541302
422.1	76.1	134.54223509541302
422.1	78.1	134.54223509541302
422.1	80.1	134.54223509541302
422.1	82.1	134.54223509541302
422.1	84.1	134.54223509541302
422.1	86.1	134.54223509541302
422.1	88.1	134.54223509541302
422.1	90.1	134.54223509541302
422.1	92.1	134.54223509541302
422.1	94.1	134.54223509541302
422.1	96.1	134.54223509541302
422.1	98.1	134.54223509541302
422.1	100.1	134.54223509541302
422.1	102.1	134.54223509541302
422.1	104.1	134.54223509541302
422.1	106.1	134.54223509541302
422.1	108.1	134.54223509541302
422.1	110.1	134.54223509541302
422.1	112.1	134.54223509541302
422.1	114.1	134.54223509541302
422.1	116.1	134.54223509541302
422.1	118.1	134.54223509541302
424.1	0.1	135.08567141427307
424.1	2.1	135.08567141427307
424.1	4.1	135.08567141427307
424.1	6.1	135.08567141427307
424.1	8.1	135.08567141427307
424.1	10.1	135.08567141427307
424.1	12.1	135.08567141427307
424.1	14.1	135.08567141427307
424.1	16.1	135.08567141427307
424.1	18.1	135.08567141427307
424.1	20.1	135.08567141427307
424.1	22.1	135.08567141427307
424.1	24.1	135.08567141427307
424.1	26.1	135.08567141427307
424.1	28.1	135.08567141427307
424.1	30.1	135.08567141427307
424.1	32.1	135.08567141427307
424.1	34.1	135.08567141427307
424.1	36.1	135.08567141427307
424.1	38.1	135.08567141427307
424.1	40.1	135.08567141427307
424.1	42.1	135.08567141427307
424.1	44.1	135.08567141427307
424.1	46.1	135.08567141427307
424.1	48.1	135.08567141427307
424.1	50.1	135.08567141427307
424.1	52.1	135.08567141427307
424.1	54.1	135.08567141427307
424.1	56.1	135.08567141427307
424.1	58.1	135.08567141427307
424.1	60.1	135.08567141427307
424.1	62.1	135.08567141427307
424.1	64.1	135.08567141427307
424.1	66.1	135.08567141427307
424.1	68.1	135.08567141427307
424.1	70.1	135.08567141427307
424.1	72.1	135.08567141427307
424.1	74.1	135.08567141427307
424.1	76.1	135.08567141427307
424.1	78.1	135.08567141427307
424.1	80.1	135.08567141427307
424.1	82.1	135.08567141427307
424.1	84.1	135.08567141427307
424.1	86.1	135.08567141427307
424.1	88.1	135.08567141427307
424.1	90.1	135.08567141427307
424.1	92.1	135.08567141427307
424.1	94.1	135.08567141427307
424.1	96.1	135.08567141427307
424.1	98.1	135.08567141427307
424.1	100.1	135.08567141427307
424.1	102.1	135.08567141427307
424.1	104.1	135.08567141427307
424.1	106.1	135.08567141427307
424.1	108.1	135.08567141427307
424.1	110.1	135.08567141427307
424.1	112.1	135.08567141427307
424.1	114.1	135.08567141427307
424.1	116.1	135.08567141427307
424.1	118.1	135.08567141427307
426.1	0.1	135.6291077331331
426.1	2.1	135.6291077331331
426.1	4.1	135.6291077331331
426.1	6.1	135.6291077331331
426.1	8.1	135.6291077331331
426.1	10.1	135.6291077331331
426.1	12.1	135.6291077331331
426.1	14.1	135.6291077331331
426.1	16.1	135.6291077331331
426.1	18.1	135.6291077331331
426.1	20.1	135.6291077331331
426.1	22.1	135.6291077331331
426.1	24.1	135.6291077331331
426.1	26.1	135.6291077331331
426.1	28.1	135.6291077331331
426.1	30.1	135.6291077331331
426.1	32.1	135.6291077331331
426.1	34.1	135.6291077331331
426.1	36.1	135.6291077331331
426.1	38.1	135.6291077331331
426.1	40.1	135.6291077331331
426.1	42.1	135.6291077331331
426.1	44.1	135.6291077331331
426.1	46.1	135.6291077331331
426.1	48.1	135.6291077331331
426.1	50.1	135.6291077331331
426.1	52.1	135.6291077331331
426.1	54.1	135.6291077331331
426.1	56.1	135.6291077331331
426.1	58.1	135.6291077331331
426.1	60.1	135.6291077331331
426.1	62.1	135.6291077331331
426.1	64.1	135.6291077331331
426.1	66.1	135.6291077331331
426.1	68.1	135.6291077331331
426.1	70.1	135.6291077331331
426.1	72.1	135.6291077331331
426.1	74.1	135.6291077331331
426.1	76.1	135.6291077331331
426.1	78.1	135.6291077331331
426.1	80.1	135.6291077331331
426.1	82.1	135.6291077331331
426.1	84.1	135.6291077331331
426.1	86.1	135.6291077331331
426.1	88.1	135.6291077331331
426.1	90.1	135.6291077331331
426.1	92.1	135.6291077331331
426.1	94.1	135.6291077331331
426.1	96.1	135.6291077331331
426.1	98.1	135.6291077331331
426.1	100.1	135.6291077331331
426.1	102.1	135.6291077331331
426.1	104.1	135.6291077331331
426.1	106.1	135.6291077331331
426.1	108.1	135.6291077331331
426.1	110.1	135.6291077331331
426.1	112.1	135.6291077331331
426.1	114.1	135.6291077331331
426.1	116.1	135.6291077331331
426.1	118.1	135.6291077331331
428.1	0.1	136.17254405199316
428.1	2.1	136.17254405199316
428.1	4.1	136.17254405199316
428.1	6.1	136.17254405199316
428.1	8.1	136.17254405199316
428.1	10.1	136.17254405199316
428.1	12.1	136.17254405199316
428.1	14.1	136.17254405199316
428.1	16.1	136.17254405199316
428.1	18.1	136.17254405199316
428.1	20.1	136.17254405199316
428.1	22.1	136.17254405199316
428.1	24.1	136.17254405199316
428.1	26.1	136.17254405199316
428.1	28.1	136.17254405199316
428.1	30.1	136.17254405199316
428.1	32.1	136.17254405199316
428.1	34.1	136.17254405199316
428.1	36.1	136.17254405199316
428.1	38.1	136.17254405199316
428.1	40.1	136.17254405199316
428.1	42.1	136.17254405199316
428.1	44.1	136.17254405199316
428.1	46.1	136.17254405199316
428.1	48.1	136.17254405199316
428.1	50.1	136.17254405199316
428.1	52.1	136.17254405199316
428.1	54.1	136.17254405199316
428.1	56.1	136.17254405199316
428.1	58.1	136.17254405199316
428.1	60.1	136.17254405199316
428.1	62.1	136.17254405199316
428.1	64.1	136.17254405199316
428.1	66.1	136.17254405199316
428.1	68.1	136.17254405199316
428.1	70.1	136.17254405199316
428.1	72.1	136.17254405199316
428.1	74.1	136.17254405199316
428.1	76.1	136.17254405199316
428.1	78.1	136.17254405199316
428.1	80.1	136.17254405199316
428.1	82.1	136.17254405199316
428.1	84.1	136.17254405199316
428.1	86.1	136.17254405199316
428.1	88.1	136.17254405199316
428.1	90.1	136.17254405199316
428.1	92.1	136.17254405199316
428.1	94.1	136.17254405199316
428.1	96.1	136.17254405199316
428.1	98.1	136.17254405199316
428.1	100.1	136.17254405199316
428.1	102.1	136.17254405199316
428.1	104.1	136.17254405199316
428.1	106.1	136.17254405199316
428.1	108.1	136.17254405199316
428.1	110.1	136.17254405199316
428.1	112.1	136.17254405199316
428.1	114.1	136.17254405199316
428.1	116.1	136.17254405199316
428.1	118.1	136.17254405199316
430.1	0.1	136.7159803708532
430.1	2.1	136.7159803708532
430.1	4.1	136.7159803708532
430.1	6.1	136.7159803708532
430.1	8.1	136.7159803708532
430.1	10.1	136.7159803708532
430.1	12.1	136.7159803708532
430.1	14.1	136.7159803708532
430.1	16.1	136.7159803708532
430.1	18.1	136.7159803708532
430.1	20.1	136.7159803708532
430.1	22.1	136.7159803708532
430.1	24.1	136.7159803708532
430.1	26.1	136.7159803708532
430.1	28.1	136.7159803708532
430.1	30.1	136.7159803708532
430.1	32.1	136.7159803708532
430.1	34.1	136.7159803708532
430.1	36.1	136.7159803708532
430.1	38.1	136.7159803708532
430.1	40.1	136.7159803708532
430.1	42.1	136.7159803708532
430.1	44.1	136.7159803708532
430.1	46.1	136.7159803708532
430.1	48.1	136.7159803708532
430.1	50.1	136.7159803708532
430.1	52.1	136.7159803708532
430.1	54.1	136.7159803708532
430.1	56.1	136.7159803708532
430.1	58.1	136.7159803708532
430.1	60.1	136.7159803708532
430.1	62.1	136.7159803708532
430.1	64.1	136.7159803708532
430.1	66.1	136.7159803708532
430.1	68.1	136.7159803708532
430.1	70.1	136.7159803708532
430.1	72.1	136.7159803708532
430.1	74.1	136.7159803708532
430.1	76.1	136.7159803708532
430.1	78.1	136.7159803708532
430.1	80.1	136.7159803708532
430.1	82.1	136.7159803708532
430.1	84.1	136.7159803708532
430.1	86.1	136.7159803708532
430.1	88.1	136.7159803708532
430.1	90.1	136.7159803708532
430.1	92.1	136.7159803708532
430.1	94.1	136.7159803708532
430.1	96.1	136.7159803708532
430.1	98.1	136.7159803708532
430.1	100.1	136.7159803708532
430.1	102.1	136.7159803708532
430.1	104.1	136.7159803708532
430.1	106.1	136.7159803708532
430.1	108.1	136.7159803708532
430.1	110.1	136.7159803708532
430.1	112.1	136.7159803708532
430.1	114.1	136.7159803708532
430.1	116.1	136.7159803708532
430.1	118.1	136.7159803708532
432.1	0.1	137.25941668971325
432.1	2.1	137.25941668971325
432.1	4.1	137.25941668971325
432.1	6.1	137.25941668971325
432.1	8.1	137.25941668971325
432.1	10.1	137.25941668971325
432.1	12.1	137.25941668971325
432.1	14.1	137.25941668971325
432.1	16.1	137.25941668971325
432.1	18.1	137.25941668971325
432.1	20.1	137.25941668971325
432.1	22.1	137.25941668971325
432.1	24.1	137.25941668971325
432.1	26.1	137.25941668971325
432.1	28.1	137.25941668971325
432.1	30.1	137.25941668971325
432.1	32.1	137.25941668971325
432.1	34.1	137.25941668971325
432.1	36.1	137.25941668971325
432.1	38.1	137.25941668971325
432.1	40.1	137.25941668971325
432.1	42.1	137.25941668971325
432.1	44.1	137.25941668971325
432.1	46.1	137.25941668971325
432.1	48.1	137.25941668971325
432.1	50.1	137.25941668971325
432.1	52.1	137.25941668971325
432.1	54.1	137.25941668971325
432.1	56.1	137.25941668971325
432.1	58.1	137.25941668971325
432.1	60.1	137.25941668971325
432.1	62.1	137.25941668971325
432.1	64.1	137.25941668971325
432.1	66.1	137.25941668971325
432.1	68.1	137.25941668971325
432.1	70.1	137.25941668971325
432.1	72.1	137.25941668971325
432.1	74.1	137.25941668971325
432.1	76.1	137.25941668971325
432.1	78.1	137.25941668971325
432.1	80.1	137.25941668971325
432.1	82.1	137.25941668971325
432.1	84.1	137.25941668971325
432.1	86.1	137.25941668971325
432.1	88.1	137.25941668971325
432.1	90.1	137.25941668971325
432.1	92.1	137.25941668971325
432.1	94.1	137.25941668971325
432.1	96.1	137.25941668971325
432.1	98.1	137.25941668971325
432.1	100.1	137.25941668971325
432.1	102.1	137.25941668971325
432.1	104.1	137.25941668971325
432.1	106.1	137.25941668971325
432.1	108.1	137.25941668971325
432.1	110.1	137.25941668971325
432.1	112.1	137.25941668971325
432.1	114.1	137.25941668971325
432.1	116.1	137.25941668971325
432.1	118.1	137.25941668971325
434.1	0.1	137.8028530085733
434.1	2.1	137.8028530085733
434.1	4.1	137.8028530085733
434.1	6.1	137.8028530085733
434.1	8.1	137.8028530085733
434.1	10.1	137.8028530085733
434.1	12.1	137.8028530085733
434.1	14.1	137.8028530085733
434.1	16.1	137.8028530085733
434.1	18.1	137.8028530085733
434.1	20.1	137.8028530085733
434.1	22.1	137.8028530085733
434.1	24.1	137.8028530085733
434.1	26.1	137.8028530085733
434.1	28.1	137.8028530085733
434.1	30.1	137.8028530085733
434.1	32.1	137.8028530085733
434.1	34.1	137.8028530085733
434.1	36.1	137.8028530085733
434.1	38.1	137.8028530085733
434.1	40.1	137.8028530085733
434.1	42.1	137.8028530085733
434.1	44.1	137.8028530085733
434.1	46.1	137.8028530085733
434.1	48.1	137.8028530085733
434.1	50.1	137.8028530085733
434.1	52.1	137.8028530085733
434.1	54.1	137.8028530085733
434.1	56.1	137.8028530085733
434.1	58.1	137.8028530085733
434.1	60.1	137.8028530085733
434.1	62.1	137.8028530085733
434.1	64.1	137.8028530085733
434.1	66.1	137.8028530085733
434.1	68.1	137.8028530085733
434.1	70.1	137.8028530085733
434.1	72.1	137.8028530085733
434.1	74.1	137.8028530085733
434.1	76.1	137.8028530085733
434.1	78.1	137.8028530085733
434.1	80.1	137.8028530085733
434.1	82.1	137.8028530085733
434.1	84.1	137.8028530085733
434.1	86.1	137.8028530085733
434.1	88.1	137.8028530085733
434.1	90.1	137.8028530085733
434.1	92.1	137.8028530085733
434.1	94.1	137.8028530085733
434.1	96.1	137.8028530085733
434.1	98.1	137.8028530085733
434.1	100.1	137.8028530085733
434.1	102.1	137.8028530085733
434.1	104.1	137.8028530085733
434.1	106.1	137.8028530085733
434.1	108.1	137.8028530085733
434.1	110.1	137.8028530085733
434.1	112.1	137.8028530085733
434.1	114.1	137.8028530085733
434.1	116.1	137.8028530085733
434.1	118.1	137.8028530085733
436.1	0.1	138.34628932743334
436.1	2.1	138.34628932743334
436.1	4.1	138.34628932743334
436.1	6.1	138.34628932743334
436.1	8.1	138.34628932743334
436.1	10.1	138.34628932743334
436.1	12.1	138.34628932743334
436.1	14.1	138.34628932743334
436.1	16.1	138.34628932743334
436.1	18.1	138.34628932743334
436.1	20.1	138.34628932743334
436.1	22.1	138.34628932743334
436.1	24.1	138.34628932743334
436.1	26.1	138.34628932743334
436.1	28.1	138.34628932743334
436.1	30.1	138.34628932743334
436.1	32.1	138.34628932743334
436.1	34.1	138.34628932743334
436.1	36.1	138.34628932743334
436.1	38.1	138.34628932743334
436.1	40.1	138.34628932743334
436.1	42.1	138.34628932743334
436.1	44.1	138.34628932743334
436.1	46.1	138.34628932743334
436.1	48.1	138.34628932743334
436.1	50.1	138.34628932743334
436.1	52.1	138.34628932743334
436.1	54.1	138.34628932743334
436.1	56.1	138.34628932743334
436.1	58.1	138.34628932743334
436.1	60.1	138.34628932743334
436.1	62.1	138.34628932743334
436.1	64.1	138.34628932743334
436.1	66.1	138.34628932743334
436.1	68.1	138.34628932743334
436.1	70.1	138.34628932743334
436.1	72.1	138.34628932743334
436.1	74.1	138.34628932743334
436.1	76.1	138.34628932743334
436.1	78.1	138.34628932743334
436.1	80.1	138.34628932743334
436.1	82.1	138.34628932743334
436.1	84.1	138.34628932743334
436.1	86.1	138.34628932743334
436.1	88.1	138.34628932743334
436.1	90.1	138.34628932743334
436.1	92.1	138.34628932743334
436.1	94.1	138.34628932743334
436.1	96.1	138.34628932743334
436.1	98.1	138.34628932743334
436.1	100.1	138.34628932743334
436.1	102.1	138.34628932743334
436.1	104.1	138.34628932743334
436.1	106.1	138.34628932743334
436.1	108.1	138.34628932743334
436.1	110.1	138.34628932743334
436.1	112.1	138.34628932743334
436.1	114.1	138.34628932743334
436.1	116.1	138.34628932743334
436.1	118.1	138.34628932743334
438.1	0.1	138.88972564629339
438.1	2.1	138.88972564629339
438.1	4.1	138.88972564629339
438.1	6.1	138.88972564629339
438.1	8.1	138.88972564629339
438.1	10.1	138.88972564629339
438.1	12.1	138.88972564629339
438.1	14.1	138.88972564629339
438.1	16.1	138.88972564629339
438.1	18.1	138.88972564629339
438.1	20.1	138.88972564629339
438.1	22.1	138.88972564629339
438.1	24.1	138.88972564629339
438.1	26.1	138.88972564629339
438.1	28.1	138.88972564629339
438.1	30.1	138.88972564629339
438.1	32.1	138.88972564629339
438.1	34.1	138.88972564629339
438.1	36.1	138.88972564629339
438.1	38.1	138.88972564629339
438.1	40.1	138.88972564629339
438.1	42.1	138.88972564629339
438.1	44.1	138.88972564629339
438.1	46.1	138.88972564629339
438.1	48.1	138.88972564629339
438.1	50.1	138.88972564629339
438.1	52.1	138.88972564629339
438.1	54.1	138.88972564629339
438.1	56.1	138.88972564629339
438.1	58.1	138.88972564629339
438.1	60.1	138.88972564629339
438.1	62.1	138.88972564629339
438.1	64.1	138.88972564629339
438.1	66.1	138.88972564629339
438.1	68.1	138.88972564629339
438.1	70.1	138.88972564629339
438.1	72.1	138.88972564629339
438.1	74.1	138.88972564629339
438.1	76.1	138.88972564629339
438.1	78.1	138.88972564629339
438.1	80.1	138.88972564629339
438.1	82.1	138.88972564629339
438.1	84.1	138.88972564629339
438.1	86.1	138.88972564629339
438.1	88.1	138.88972564629339
438.1	90.1	138.88972564629339
438.1	92.1	138.88972564629339
438.1	94.1	138.88972564629339
438.1	96.1	138.88972564629339
438.1	98.1	138.88972564629339
438.1	100.1	138.88972564629339
438.1	102.1	138.88972564629339
438.1	104.1	138.88972564629339
438.1	106.1	138.88972564629339
438.1	108.1	138.88972564629339
438.1	110.1	138.88972564629339
438.1	112.1	138.88972564629339
438.1	114.1	138.88972564629339
438.1	116.1	138.88972564629339
438.1	118.1	138.88972564629339
440.1	0.1	139.43316196515343
440.1	2.1	139.43316196515343
440.1	4.1	139.43316196515343
440.1	6.1	139.43316196515343
440.1	8.1	139.43316196515343
440.1	10.1	139.43316196515343
440.1	12.1	139.43316196515343
440.1	14.1	139.43316196515343
440.1	16.1	139.43316196515343
440.1	18.1	139.43316196515343
440.1	20.1	139.43316196515343
440.1	22.1	139.43316196515343
440.1	24.1	139.43316196515343
440.1	26.1	139.43316196515343
440.1	28.1	139.43316196515343
440.1	30.1	139.43316196515343
440.1	32.1	139.43316196515343
440.1	34.1	139.43316196515343
440.1	36.1	139.43316196515343
440.1	38.1	139.43316196515343
440.1	40.1	139.43316196515343
440.1	42.1	139.43316196515343
440.1	44.1	139.43316196515343
440.1	46.1	139.43316196515343
440.1	48.1	139.43316196515343
440.1	50.1	139.43316196515343
440.1	52.1	139.43316196515343
440.1	54.1	139.43316196515343
440.1	56.1	139.43316196515343
440.1	58.1	139.43316196515343
440.1	60.1	139.43316196515343
440.1	62.1	139.43316196515343
440.1	64.1	139.43316196515343
440.1	66.1	139.43316196515343
440.1	68.1	139.43316196515343
440.1	70.1	139.43316196515343
440.1	72.1	139.43316196515343
440.1	74.1	139.43316196515343
440.1	76.1	139.43316196515343
440.1	78.1	139.43316196515343
440.1	80.1	139.43316196515343
440.1	82.1	139.43316196515343
440.1	84.1	139.43316196515343
440.1	86.1	139.43316196515343
440.1	88.1	139.43316196515343
440.1	90.1	139.43316196515343
440.1	92.1	139.43316196515343
440.1	94.1	139.43316196515343
440.1	96.1	139.43316196515343
440.1	98.1	139.43316196515343
440.1	100.1	139.43316196515343
440.1	102.1	139.43316196515343
440.1	104.1	139.43316196515343
440.1	106.1	139.43316196515343
440.1	108.1	139.43316196515343
440.1	110.1	139.43316196515343
440.1	112.1	139.43316196515343
440.1	114.1	139.43316196515343
440.1	116.1	139.43316196515343
440.1	118.1	139.43316196515343
442.1	0.1	139.97659828401348
442.1	2.1	139.97659828401348
442.1	4.1	139.97659828401348
442.1	6.1	139.97659828401348
442.1	8.1	139.97659828401348
442.1	10.1	139.97659828401348
442.1	12.1	139.97659828401348
442.1	14.1	139.97659828401348
442.1	16.1	139.97659828401348
442.1	18.1	139.97659828401348
442.1	20.1	139.97659828401348
442.1	22.1	139.97659828401348
442.1	24.1	139.97659828401348
442.1	26.1	139.97659828401348
442.1	28.1	139.97659828401348
442.1	30.1	139.97659828401348
442.1	32.1	139.97659828401348
442.1	34.1	139.97659828401348
442.1	36.1	139.97659828401348
442.1	38.1	139.97659828401348
442.1	40.1	139.97659828401348
442.1	42.1	139.97659828401348
442.1	44.1	139.97659828401348
442.1	46.1	139.97659828401348
442.1	48.1	139.97659828401348
442.1	50.1	139.97659828401348
442.1	52.1	139.97659828401348
442.1	54.1	139.97659828401348
442.1	56.1	139.97659828401348
442.1	58.1	139.97659828401348
442.1	60.1	139.97659828401348
442.1	62.1	139.97659828401348
442.1	64.1	139.97659828401348
442.1	66.1	139.97659828401348
442.1	68.1	139.97659828401348
442.1	70.1	139.97659828401348
442.1	72.1	139.97659828401348
442.1	74.1	139.97659828401348
442.1	76.1	139.97659828401348
442.1	78.1	139.97659828401348
442.1	80.1	139.97659828401348
442.1	82.1	139.97659828401348
442.1	84.1	139.97659828401348
442.1	86.1	139.97659828401348
442.1	88.1	139.97659828401348
442.1	90.1	139.97659828401348
442.1	92.1	139.97659828401348
442.1	94.1	139.97659828401348
442.1	96.1	139.97659828401348
442.1	98.1	139.97659828401348
442.1	100.1	139.97659828401348
442.1	102.1	139.97659828401348
442.1	104.1	139.97659828401348
442.1	106.1	139.97659828401348
442.1	108.1	139.97659828401348
442.1	110.1	139.97659828401348
442.1	112.1	139.97659828401348
442.1	114.1	139.97659828401348
442.1	116.1	139.97659828401348
442.1	118.1	139.97659828401348
444.1	0.1	140.52003460287352
444.1	2.1	140.52003460287352
444.1	4.1	140.52003460287352
444.1	6.1	140.52003460287352
444.1	8.1	140.52003460287352
444.1	10.1	140.52003460287352
444.1	12.1	140.52003460287352
444.1	14.1	140.52003460287352
444.1	16.1	140.52003460287352
444.1	18.1	140.52003460287352
444.1	20.1	140.52003460287352
444.1	22.1	140.52003460287352
444.1	24.1	140.52003460287352
444.1	26.1	140.52003460287352
444.1	28.1	140.52003460287352
444.1	30.1	140.52003460287352
444.1	32.1	140.52003460287352
444.1	34.1	140.52003460287352
444.1	36.1	140.52003460287352
444.1	38.1	140.52003460287352
444.1	40.1	140.52003460287352
444.1	42.1	140.52003460287352
444.1	44.1	140.52003460287352
444.1	46.1	140.52003460287352
444.1	48.1	140.52003460287352
444.1	50.1	140.52003460287352
444.1	52.1	140.52003460287352
444.1	54.1	140.52003460287352
444.1	56.1	140.52003460287352
444.1	58.1	140.52003460287352
444.1	60.1	140.52003460287352
444.1	62.1	140.52003460287352
444.1	64.1	140.52003460287352
444.1	66.1	140.52003460287352
444.1	68.1	140.52003460287352
444.1	70.1	140.52003460287352
444.1	72.1	140.52003460287352
444.1	74.1	140.52003460287352
444.1	76.1	140.52003460287352
444.1	78.1	140.52003460287352
444.1	80.1	140.52003460287352
444.1	82.1	140.52003460287352
444.1	84.1	140.52003460287352
444.1	86.1	140.52003460287352
444.1	88.1	140.52003460287352
444.1	90.1	140.52003460287352
444.1	92.1	140.52003460287352
444.1	94.1	140.52003460287352
444.1	96.1	140.52003460287352
444.1	98.1	140.52003460287352
444.1	100.1	140.52003460287352
444.1	102.1	140.52003460287352
444.1	104.1	140.52003460287352
444.1	106.1	140.52003460287352
444.1	108.1	140.52003460287352
444.1	110.1	140.52003460287352
444.1	112.1	140.52003460287352
444.1	114.1	140.52003460287352
444.1	116.1	140.52003460287352
444.1	118.1	140.52003460287352
446.1	0.1	141.06347092173357
446.1	2.1	141.06347092173357
446.1	4.1	141.06347092173357
446.1	6.1	141.06347092173357
446.1	8.1	141.06347092173357
446.1	10.1	141.06347092173357
446.1	12.1	141.06347092173357
446.1	14.1	141.06347092173357
446.1	16.1	141.06347092173357
446.1	18.1	141.06347092173357
446.1	20.1	141.06347092173357
446.1	22.1	141.06347092173357
446.1	24.1	141.06347092173357
446.1	26.1	141.06347092173357
446.1	28.1	141.06347092173357
446.1	30.1	141.06347092173357
446.1	32.1	141.06347092173357
446.1	34.1	141.06347092173357
446.1	36.1	141.06347092173357
446.1	38.1	141.06347092173357
446.1	40.1	141.06347092173357
446.1	42.1	141.06347092173357
446.1	44.1	141.06347092173357
446.1	46.1	141.06347092173357
446.1	48.1	141.06347092173357
446.1	50.1	141.06347092173357
446.1	52.1	141.06347092173357
446.1	54.1	141.06347092173357
446.1	56.1	141.06347092173357
446.1	58.1	141.06347092173357
446.1	60.1	141.06347092173357
446.1	62.1	141.06347092173357
446.1	64.1	141.06347092173357
446.1	66.1	141.06347092173357
446.1	68.1	141.06347092173357
446.1	70.1	141.06347092173357
446.1	72.1	141.06347092173357
446.1	74.1	141.06347092173357
446.1	76.1	141.06347092173357
446.1	78.1	141.06347092173357
446.1	80.1	141.06347092173357
446.1	82.1	141.06347092173357
446.1	84.1	141.06347092173357
446.1	86.1	141.06347092173357
446.1	88.1	141.06347092173357
446.1	90.1	141.06347092173357
446.1	92.1	141.06347092173357
446.1	94.1	141.06347092173357
446.1	96.1	141.06347092173357
446.1	98.1	141.06347092173357
446.1	100.1	141.06347092173357
446.1	102.1	141.06347092173357
446.1	104.1	141.06347092173357
446.1	106.1	141.06347092173357
446.1	108.1	141.06347092173357
446.1	110.1	141.06347092173357
446.1	112.1	141.06347092173357
446.1	114.1	141.06347092173357
446.1	116.1	141.06347092173357
446.1	118.1	141.06347092173357
448.1	0.1	141.6069072405936
448.1	2.1	141.6069072405936
448.1	4.1	141.6069072405936
448.1	6.1	141.6069072405936
448.1	8.1	141.6069072405936
448.1	10.1	141.6069072405936
448.1	12.1	141.6069072405936
448.1	14.1	141.6069072405936
448.1	16.1	141.6069072405936
448.1	18.1	141.6069072405936
448.1	20.1	141.6069072405936
448.1	22.1	141.6069072405936
448.1	24.1	141.6069072405936
448.1	26.1	141.6069072405936
448.1	28.1	141.6069072405936
448.1	30.1	141.6069072405936
448.1	32.1	141.6069072405936
448.1	34.1	141.6069072405936
448.1	36.1	141.6069072405936
448.1	38.1	141.6069072405936
448.1	40.1	141.6069072405936
448.1	42.1	141.6069072405936
448.1	44.1	141.6069072405936
448.1	46.1	141.6069072405936
448.1	48.1	141.6069072405936
448.1	50.1	141.6069072405936
448.1	52.1	141.6069072405936
448.1	54.1	141.6069072405936
448.1	56.1	141.6069072405936
448.1	58.1	141.6069072405936
448.1	60.1	141.6069072405936
448.1	62.1	141.6069072405936
448.1	64.1	141.6069072405936
448.1	66.1	141.6069072405936
448.1	68.1	141.6069072405936
448.1	70.1	141.6069072405936
448.1	72.1	141.6069072405936
448.1	74.1	141.6069072405936
448.1	76.1	141.6069072405936
448.1	78.1	141.6069072405936
448.1	80.1	141.6069072405936
448.1	82.1	141.6069072405936
448.1	84.1	141.6069072405936
448.1	86.1	141.6069072405936
448.1	88.1	141.6069072405936
448.1	90.1	141.6069072405936
448.1	92.1	141.6069072405936
448.1	94.1	141.6069072405936
448.1	96.1	141.6069072405936
448.1	98.1	141.6069072405936
448.1	100.1	141.6069072405936
448.1	102.1	141.6069072405936
448.1	104.1	141.6069072405936
448.1	106.1	141.6069072405936
448.1	108.1	141.6069072405936
448.1	110.1	141.6069072405936
448.1	112.1	141.6069072405936
448.1	114.1	141.6069072405936
448.1	116.1	141.6069072405936
448.1	118.1	141.6069072405936
450.1	0.1	142.1503435594537
450.1	2.1	142.1503435594537
450.1	4.1	142.1503435594537
450.1	6.1	142.1503435594537
450.1	8.1	142.1503435594537
450.1	10.1	142.1503435594537
450.1	12.1	142.1503435594537
450.1	14.1	142.1503435594537
450.1	16.1	142.1503435594537
450.1	18.1	142.1503435594537
450.1	20.1	142.1503435594537
450.1	22.1	142.1503435594537
450.1	24.1	142.1503435594537
450.1	26.1	142.1503435594537
450.1	28.1	142.1503435594537
450.1	30.1	142.1503435594537
450.1	32.1	142.1503435594537
450.1	34.1	142.1503435594537
450.1	36.1	142.1503435594537
450.1	38.1	142.1503435594537
450.1	40.1	142.1503435594537
450.1	42.1	142.1503435594537
450.1	44.1	142.1503435594537
450.1	46.1	142.1503435594537
450.1	48.1	142.1503435594537
450.1	50.1	142.1503435594537
450.1	52.1	142.1503435594537
450.1	54.1	142.1503435594537
450.1	56.1	142.1503435594537
450.1	58.1	142.1503435594537
450.1	60.1	142.1503435594537
450.1	62.1	142.1503435594537
450.1	64.1	142.1503435594537
450.1	66.1	142.1503435594537
450.1	68.1	142.1503435594537
450.1	70.1	142.1503435594537
450.1	72.1	142.1503435594537
450.1	74.1	142.1503435594537
450.1	76.1	142.1503435594537
450.1	78.1	142.1503435594537
450.1	80.1	142.1503435594537
450.1	82.1	142.1503435594537
450.1	84.1	142.1503435594537
450.1	86.1	142.1503435594537
450.1	88.1	142.1503435594537
450.1	90.1	142.1503435594537
450.1	92.1	142.1503435594537
450.1	94.1	142.1503435594537
450.1	96.1	142.1503435594537
450.1	98.1	142.1503435594537
450.1	100.1	142.1503435594537
450.1	102.1	142.1503435594537
450.1	104.1	142.1503435594537
450.1	106.1	142.1503435594537
450.1	108.1	142.1503435594537
450.1	110.1	142.1503435594537
450.1	112.1	142.1503435594537
450.1	114.1	142.1503435594537
450.1	116.1	142.1503435594537
450.1	118.1	142.1503435594537
452.1	0.1	142.69377987831373
452.1	2.1	142.69377987831373
452.1	4.1	142.69377987831373
452.1	6.1	142.69377987831373
452.1	8.1	142.69377987831373
452.1	10.1	142.69377987831373
452.1	12.1	142.69377987831373
452.1	14.1	142.69377987831373
452.1	16.1	142.69377987831373
452.1	18.1	142.69377987831373
452.1	20.1	142.69377987831373
452.1	22.1	142.69377987831373
452.1	24.1	142.69377987831373
452.1	26.1	142.69377987831373
452.1	28.1	142.69377987831373
452.1	30.1	142.69377987831373
452.1	32.1	142.69377987831373
452.1	34.1	142.69377987831373
452.1	36.1	142.69377987831373
452.1	38.1	142.69377987831373
452.1	40.1	142.69377987831373
452.1	42.1	142.69377987831373
452.1	44.1	142.69377987831373
452.1	46.1	142.69377987831373
452.1	48.1	142.69377987831373
452.1	50.1	142.69377987831373
452.1	52.1	142.69377987831373
452.1	54.1	142.69377987831373
452.1	56.1	142.69377987831373
452.1	58.1	142.69377987831373
452.1	60.1	142.69377987831373
452.1	62.1	142.69377987831373
452.1	64.1	142.69377987831373
452.1	66.1	142.69377987831373
452.1	68.1	142.69377987831373
452.1	70.1	142.69377987831373
452.1	72.1	142.69377987831373
452.1	74.1	142.69377987831373
452.1	76.1	142.69377987831373
452.1	78.1	142.69377987831373
452.1	80.1	142.69377987831373
452.1	82.1	142.69377987831373
452.1	84.1	142.69377987831373
452.1	86.1	142.69377987831373
452.1	88.1	142.69377987831373
452.1	90.1	142.69377987831373
452.1	92.1	142.69377987831373
452.1	94.1	142.69377987831373
452.1	96.1	142.69377987831373
452.1	98.1	142.69377987831373
452.1	100.1	142.69377987831373
452.1	102.1	142.69377987831373
452.1	104.1	142.69377987831373
452.1	106.1	142.69377987831373
452.1	108.1	142.69377987831373
452.1	110.1	142.69377987831373
452.1	112.1	142.69377987831373
452.1	114.1	142.69377987831373
452.1	116.1	142.69377987831373
452.1	118.1	142.69377987831373
454.1	0.1	143.23721619717378
454.1	2.1	143.23721619717378
454.1	4.1	143.23721619717378
454.1	6.1	143.23721619717378
454.1	8.1	143.23721619717378
454.1	10.1	143.23721619717378
454.1	12.1	143.23721619717378
454.1	14.1	143.23721619717378
454.1	16.1	143.23721619717378
454.1	18.1	143.23721619717378
454.1	20.1	143.23721619717378
454.1	22.1	143.23721619717378
454.1	24.1	143.23721619717378
454.1	26.1	143.23721619717378
454.1	28.1	143.23721619717378
454.1	30.1	143.23721619717378
454.1	32.1	143.23721619717378
454.1	34.1	143.23721619717378
454.1	36.1	143.23721619717378
454.1	38.1	143.23721619717378
454.1	40.1	143.23721619717378
454.1	42.1	143.23721619717378
454.1	44.1	143.23721619717378
454.1	46.1	143.23721619717378
454.1	48.1	143.23721619717378
454.1	50.1	143.23721619717378
454.1	52.1	143.23721619717378
454.1	54.1	143.23721619717378
454.1	56.1	143.23721619717378
454.1	58.1	143.23721619717378
454.1	60.1	143.23721619717378
454.1	62.1	143.23721619717378
454.1	64.1	143.23721619717378
454.1	66.1	143.23721619717378
454.1	68.1	143.23721619717378
454.1	70.1	143.23721619717378
454.1	72.1	143.23721619717378
454.1	74.1	143.23721619717378
454.1	76.1	143.23721619717378
454.1	78.1	143.23721619717378
454.1	80.1	143.23721619717378
454.1	82.1	143.23721619717378
454.1	84.1	143.23721619717378
454.1	86.1	143.23721619717378
454.1	88.1	143.23721619717378
454.1	90.1	143.23721619717378
454.1	92.1	143.23721619717378
454.1	94.1	143.23721619717378
454.1	96.1	143.23721619717378
454.1	98.1	143.23721619717378
454.1	100.1	143.23721619717378
454.1	102.1	143.23721619717378
454.1	104.1	143.23721619717378
454.1	106.1	143.23721619717378
454.1	108.1	143.23721619717378
454.1	110.1	143.23721619717378
454.1	112.1	143.23721619717378
454.1	114.1	143.23721619717378
454.1	116.1	143.23721619717378
454.1	118.1	143.23721619717378
456.1	0.1	143.78065251603383
456.1	2.1	143.78065251603383
456.1	4.1	143.78065251603383
456.1	6.1	143.78065251603383
456.1	8.1	143.78065251603383
456.1	10.1	143.78065251603383
456.1	12.1	143.78065251603383
456.1	14.1	143.78065251603383
456.1	16.1	143.78065251603383
456.1	18.1	143.78065251603383
456.1	20.1	143.78065251603383
456.1	22.1	143.78065251603383
456.1	24.1	143.78065251603383
456.1	26.1	143.78065251603383
456.1	28.1	143.78065251603383
456.1	30.1	143.78065251603383
456.1	32.1	143.78065251603383
456.1	34.1	143.78065251603383
456.1	36.1	143.78065251603383
456.1	38.1	143.78065251603383
456.1	40.1	143.78065251603383
456.1	42.1	143.78065251603383
456.1	44.1	143.78065251603383
456.1	46.1	143.78065251603383
456.1	48.1	143.78065251603383
456.1	50.1	143.78065251603383
456.1	52.1	143.78065251603383
456.1	54.1	143.78065251603383
456.1	56.1	143.78065251603383
456.1	58.1	143.78065251603383
456.1	60.1	143.78065251603383
456.1	62.1	143.78065251603383
456.1	64.1	143.78065251603383
456.1	66.1	143.78065251603383
456.1	68.1	143.78065251603383
456.1	70.1	143.78065251603383
456.1	72.1	143.78065251603383
456.1	74.1	143.78065251603383
456.1	76.1	143.78065251603383
456.1	78.1	143.78065251603383
456.1	80.1	143.78065251603383
456.1	82.1	143.78065251603383
456.1	84.1	143.78065251603383
456.1	86.1	143.78065251603383
456.1	88.1	143.78065251603383
456.1	90.1	143.78065251603383
456.1	92.1	143.78065251603383
456.1	94.1	143.78065251603383
456.1	96.1	143.78065251603383
456.1	98.1	143.78065251603383
456.1	100.1	143.78065251603383
456.1	102.1	143.78065251603383
456.1	104.1	143.78065251603383
456.1	106.1	143.78065251603383
456.1	108.1	143.78065251603383
456.1	110.1	143.78065251603383
456.1	112.1	143.78065251603383
456.1	114.1	143.78065251603383
456.1	116.1	143.78065251603383
456.1	118.1	143.78065251603383
458.1	0.1	144.32408883489387
458.1	2.1	144.32408883489387
458.1	4.1	144.32408883489387
458.1	6.1	144.32408883489387
458.1	8.1	144.32408883489387
458.1	10.1	144.32408883489387
458.1	12.1	144.32408883489387
458.1	14.1	144.32408883489387
458.1	16.1	144.32408883489387
458.1	18.1	144.32408883489387
458.1	20.1	144.32408883489387
458.1	22.1	144.32408883489387
458.1	24.1	144.32408883489387
458.1	26.1	144.32408883489387
458.1	28.1	144.32408883489387
458.1	30.1	144.32408883489387
458.1	32.1	144.32408883489387
458.1	34.1	144.32408883489387
458.1	36.1	144.32408883489387
458.1	38.1	144.32408883489387
458.1	40.1	144.32408883489387
458.1	42.1	144.32408883489387
458.1	44.1	144.32408883489387
458.1	46.1	144.32408883489387
458.1	48.1	144.32408883489387
458.1	50.1	144.32408883489387
458.1	52.1	144.32408883489387
458.1	54.1	144.32408883489387
458.1	56.1	144.32408883489387
458.1	58.1	144.32408883489387
458.1	60.1	144.32408883489387
458.1	62.1	144.32408883489387
458.1	64.1	144.32408883489387
458.1	66.1	144.32408883489387
458.1	68.1	144.32408883489387
458.1	70.1	144.32408883489387
458.1	72.1	144.32408883489387
458.1	74.1	144.32408883489387
458.1	76.1	144.32408883489387
458.1	78.1	144.32408883489387
458.1	80.1	144.32408883489387
458.1	82.1	144.32408883489387
458.1	84.1	144.32408883489387
458.1	86.1	144.32408883489387
458.1	88.1	144.32408883489387
458.1	90.1	144.32408883489387
458.1	92.1	144.32408883489387
458.1	94.1	144.32408883489387
458.1	96.1	144.32408883489387
458.1	98.1	144.32408883489387
458.1	100.1	144.32408883489387
458.1	102.1	144.32408883489387
458.1	104.1	144.32408883489387
458.1	106.1	144.32408883489387
458.1	108.1	144.32408883489387
458.1	110.1	144.32408883489387
458.1	112.1	144.32408883489387
458.1	114.1	144.32408883489387
458.1	116.1	144.32408883489387
458.1	118.1	144.32408883489387
460.1	0.1	144.86752515375392
460.1	2.1	144.86752515375392
460.1	4.1	144.86752515375392
460.1	6.1	144.86752515375392
460.1	8.1	144.86752515375392
460.1	10.1	144.86752515375392
460.1	12.1	144.86752515375392
460.1	14.1	144.86752515375392
460.1	16.1	144.86752515375392
460.1	18.1	144.86752515375392
460.1	20.1	144.86752515375392
460.1	22.1	144.86752515375392
460.1	24.1	144.86752515375392
460.1	26.1	144.86752515375392
460.1	28.1	144.86752515375392
460.1	30.1	144.86752515375392
460.1	32.1	144.86752515375392
460.1	34.1	144.86752515375392
460.1	36.1	144.86752515375392
460.1	38.1	144.86752515375392
460.1	40.1	144.86752515375392
460.1	42.1	144.86752515375392
460.1	44.1	144.86752515375392
460.1	46.1	144.86752515375392
460.1	48.1	144.86752515375392
460.1	50.1	144.86752515375392
460.1	52.1	144.86752515375392
460.1	54.1	144.86752515375392
460.1	56.1	144.86752515375392
460.1	58.1	144.86752515375392
460.1	60.1	144.86752515375392
460.1	62.1	144.86752515375392
460.1	64.1	144.86752515375392
460.1	66.1	144.86752515375392
460.1	68.1	144.86752515375392
460.1	70.1	144.86752515375392
460.1	72.1	144.86752515375392
460.1	74.1	144.86752515375392
460.1	76.1	144.86752515375392
460.1	78.1	144.86752515375392
460.1	80.1	144.86752515375392
460.1	82.1	144.86752515375392
460.1	84.1	144.86752515375392
460.1	86.1	144.86752515375392
460.1	88.1	144.86752515375392
460.1	90.1	144.86752515375392
460.1	92.1	144.86752515375392
460.1	94.1	144.86752515375392
460.1	96.1	144.86752515375392
460.1	98.1	144.86752515375392
460.1	100.1	144.86752515375392
460.1	102.1	144.86752515375392
460.1	104.1	144.86752515375392
460.1	106.1	144.86752515375392
460.1	108.1	144.86752515375392
460.1	110.1	144.86752515375392
460.1	112.1	144.86752515375392
460.1	114.1	144.86752515375392
460.1	116.1	144.86752515375392
460.1	118.1	144.86752515375392
462.1	0.1	145.41096147261396
462.1	2.1	145.41096147261396
462.1	4.1	145.41096147261396
462.1	6.1	145.41096147261396
462.1	8.1	145.41096147261396
462.1	10.1	145.41096147261396
462.1	12.1	145.41096147261396
462.1	14.1	145.41096147261396
462.1	16.1	145.41096147261396
462.1	18.1	145.41096147261396
462.1	20.1	145.41096147261396
462.1	22.1	145.41096147261396
462.1	24.1	145.41096147261396
462.1	26.1	145.41096147261396
462.1	28.1	145.41096147261396
462.1	30.1	145.41096147261396
462.1	32.1	145.41096147261396
462.1	34.1	145.41096147261396
462.1	36.1	145.41096147261396
462.1	38.1	145.41096147261396
462.1	40.1	145.41096147261396
462.1	42.1	145.41096147261396
462.1	44.1	145.41096147261396
462.1	46.1	145.41096147261396
462.1	48.1	145.41096147261396
462.1	50.1	145.41096147261396
462.1	52.1	145.41096147261396
462.1	54.1	145.41096147261396
462.1	56.1	145.41096147261396
462.1	58.1	145.41096147261396
462.1	60.1	145.41096147261396
462.1	62.1	145.41096147261396
462.1	64.1	145.41096147261396
462.1	66.1	145.41096147261396
462.1	68.1	145.41096147261396
462.1	70.1	145.41096147261396
462.1	72.1	145.41096147261396
462.1	74.1	145.41096147261396
462.1	76.1	145.41096147261396
462.1	78.1	145.41096147261396
462.1	80.1	145.41096147261396
462.1	82.1	145.41096147261396
462.1	84.1	145.41096147261396
462.1	86.1	145.41096147261396
462.1	88.1	145.41096147261396
462.1	90.1	145.41096147261396
462.1	92.1	145.41096147261396
462.1	94.1	145.41096147261396
462.1	96.1	145.41096147261396
462.1	98.1	145.41096147261396
462.1	100.1	145.41096147261396
462.1	102.1	145.41096147261396
462.1	104.1	145.41096147261396
462.1	106.1	145.41096147261396
462.1	108.1	145.41096147261396
462.1	110.1	145.41096147261396
462.1	112.1	145.41096147261396
462.1	114.1	145.41096147261396
462.1	116.1	145.41096147261396
462.1	118.1	145.41096147261396
464.1	0.1	145.954397791474
464.1	2.1	145.954397791474
464.1	4.1	145.954397791474
464.1	6.1	145.954397791474
464.1	8.1	145.954397791474
464.1	10.1	145.954397791474
464.1	12.1	145.954397791474
464.1	14.1	145.954397791474
464.1	16.1	145.954397791474
464.1	18.1	145.954397791474
464.1	20.1	145.954397791474
464.1	22.1	145.954397791474
464.1	24.1	145.954397791474
464.1	26.1	145.954397791474
464.1	28.1	145.954397791474
464.1	30.1	145.954397791474
464.1	32.1	145.954397791474
464.1	34.1	145.954397791474
464.1	36.1	145.954397791474
464.1	38.1	145.954397791474
464.1	40.1	145.954397791474
464.1	42.1	145.954397791474
464.1	44.1	145.954397791474
464.1	46.1	145.954397791474
464.1	48.1	145.954397791474
464.1	50.1	145.954397791474
464.1	52.1	145.954397791474
464.1	54.1	145.954397791474
464.1	56.1	145.954397791474
464.1	58.1	145.954397791474
464.1	60.1	145.954397791474
464.1	62.1	145.954397791474
464.1	64.1	145.954397791474
464.1	66.1	145.954397791474
464.1	68.1	145.954397791474
464.1	70.1	145.954397791474
464.1	72.1	145.954397791474
464.1	74.1	145.954397791474
464.1	76.1	145.954397791474
464.1	78.1	145.954397791474
464.1	80.1	145.954397791474
464.1	82.1	145.954397791474
464.1	84.1	145.954397791474
464.1	86.1	145.954397791474
464.1	88.1	145.954397791474
464.1	90.1	145.954397791474
464.1	92.1	145.954397791474
464.1	94.1	145.954397791474
464.1	96.1	145.954397791474
464.1	98.1	145.954397791474
464.1	100.1	145.954397791474
464.1	102.1	145.954397791474
464.1	104.1	145.954397791474
464.1	106.1	145.954397791474
464.1	108.1	145.954397791474
464.1	110.1	145.954397791474
464.1	112.1	145.954397791474
464.1	114.1	145.954397791474
464.1	116.1	145.954397791474
464.1	118.1	145.954397791474
466.1	0.1	146.49783411033405
466.1	2.1	146.49783411033405
466.1	4.1	146.49783411033405
466.1	6.1	146.49783411033405
466.1	8.1	146.49783411033405
466.1	10.1	146.49783411033405
466.1	12.1	146.49783411033405
466.1	14.1	146.49783411033405
466.1	16.1	146.49783411033405
466.1	18.1	146.49783411033405
466.1	20.1	146.49783411033405
466.1	22.1	146.49783411033405
466.1	24.1	146.49783411033405
466.1	26.1	146.49783411033405
466.1	28.1	146.49783411033405
466.1	30.1	146.49783411033405
466.1	32.1	146.49783411033405
466.1	34.1	146.49783411033405
466.1	36.1	146.49783411033405
466.1	38.1	146.49783411033405
466.1	40.1	146.49783411033405
466.1	42.1	146.49783411033405
466.1	44.1	146.49783411033405
466.1	46.1	146.49783411033405
466.1	48.1	146.49783411033405
466.1	50.1	146.49783411033405
466.1	52.1	146.49783411033405
466.1	54.1	146.49783411033405
466.1	56.1	146.49783411033405
466.1	58.1	146.49783411033405
466.1	60.1	146.49783411033405
466.1	62.1	146.49783411033405
466.1	64.1	146.49783411033405
466.1	66.1	146.49783411033405
466.1	68.1	146.49783411033405
466.1	70.1	146.49783411033405
466.1	72.1	146.49783411033405
466.1	74.1	146.49783411033405
466.1	76.1	146.49783411033405
466.1	78.1	146.49783411033405
466.1	80.1	146.49783411033405
466.1	82.1	146.49783411033405
466.1	84.1	146.49783411033405
466.1	86.1	146.49783411033405
466.1	88.1	146.49783411033405
466.1	90.1	146.49783411033405
466.1	92.1	146.49783411033405
466.1	94.1	146.49783411033405
466.1	96.1	146.49783411033405
466.1	98.1	146.49783411033405
466.1	100.1	146.49783411033405
466.1	102.1	146.49783411033405
466.1	104.1	146.49783411033405
466.1	106.1	146.49783411033405
466.1	108.1	146.49783411033405
466.1	110.1	146.49783411033405
466.1	112.1	146.49783411033405
466.1	114.1	146.49783411033405
466.1	116.1	146.49783411033405
466.1	118.1	146.49783411033405
468.1	0.1	147.0412704291941
468.1	2.1	147.0412704291941
468.1	4.1	147.0412704291941
468.1	6.1	147.0412704291941
468.1	8.1	147.0412704291941
468.1	10.1	147.0412704291941
468.1	12.1	147.0412704291941
468.1	14.1	147.0412704291941
468.1	16.1	147.0412704291941
468.1	18.1	147.0412704291941
468.1	20.1	147.0412704291941
468.1	22.1	147.0412704291941
468.1	24.1	147.0412704291941
468.1	26.1	147.0412704291941
468.1	28.1	147.0412704291941
468.1	30.1	147.0412704291941
468.1	32.1	147.0412704291941
468.1	34.1	147.0412704291941
468.1	36.1	147.0412704291941
468.1	38.1	147.0412704291941
468.1	40.1	147.0412704291941
468.1	42.1	147.0412704291941
468.1	44.1	147.0412704291941
468.1	46.1	147.0412704291941
468.1	48.1	147.0412704291941
468.1	50.1	147.0412704291941
468.1	52.1	147.0412704291941
468.1	54.1	147.0412704291941
468.1	56.1	147.0412704291941
468.1	58.1	147.0412704291941
468.1	60.1	147.0412704291941
468.1	62.1	147.0412704291941
468.1	64.1	147.0412704291941
468.1	66.1	147.0412704291941
468.1	68.1	147.0412704291941
468.1	70.1	147.0412704291941
468.1	72.1	147.0412704291941
468.1	74.1	147.0412704291941
468.1	76.1	147.0412704291941
468.1	78.1	147.0412704291941
468.1	80.1	147.0412704291941
468.1	82.1	147.0412704291941
468.1	84.1	147.0412704291941
468.1	86.1	147.0412704291941
468.1	88.1	147.0412704291941
468.1	90.1	147.0412704291941
468.1	92.1	147.0412704291941
468.1	94.1	147.0412704291941
468.1	96.1	147.0412704291941
468.1	98.1	147.0412704291941
468.1	100.1	147.0412704291941
468.1	102.1	147.0412704291941
468.1	104.1	147.0412704291941
468.1	106.1	147.0412704291941
468.1	108.1	147.0412704291941
468.1	110.1	147.0412704291941
468.1	112.1	147.0412704291941
468.1	114.1	147.0412704291941
468.1	116.1	147.0412704291941
468.1	118.1	147.0412704291941
470.1	0.1	147.58470674805415
470.1	2.1	147.58470674805415
470.1	4.1	147.58470674805415
470.1	6.1	147.58470674805415
470.1	8.1	147.58470674805415
470.1	10.1	147.58470674805415
470.1	12.1	147.58470674805415
470.1	14.1	147.58470674805415
470.1	16.1	147.58470674805415
470.1	18.1	147.58470674805415
470.1	20.1	147.58470674805415
470.1	22.1	147.58470674805415
470.1	24.1	147.58470674805415
470.1	26.1	147.58470674805415
470.1	28.1	147.58470674805415
470.1	30.1	147.58470674805415
470.1	32.1	147.58470674805415
470.1	34.1	147.58470674805415
470.1	36.1	147.58470674805415
470.1	38.1	147.58470674805415
470.1	40.1	147.58470674805415
470.1	42.1	147.58470674805415
470.1	44.1	147.58470674805415
470.1	46.1	147.58470674805415
470.1	48.1	147.58470674805415
470.1	50.1	147.58470674805415
470.1	52.1	147.58470674805415
470.1	54.1	147.58470674805415
470.1	56.1	147.58470674805415
470.1	58.1	147.58470674805415
470.1	60.1	147.58470674805415
470.1	62.1	147.58470674805415
470.1	64.1	147.58470674805415
470.1	66.1	147.58470674805415
470.1	68.1	147.58470674805415
470.1	70.1	147.58470674805415
470.1	72.1	147.58470674805415
470.1	74.1	147.58470674805415
470.1	76.1	147.58470674805415
470.1	78.1	147.58470674805415
470.1	80.1	147.58470674805415
470.1	82.1	147.58470674805415
470.1	84.1	147.58470674805415
470.1	86.1	147.58470674805415
470.1	88.1	147.58470674805415
470.1	90.1	147.58470674805415
470.1	92.1	147.58470674805415
470.1	94.1	147.58470674805415
470.1	96.1	147.58470674805415
470.1	98.1	147.58470674805415
470.1	100.1	147.58470674805415
470.1	102.1	147.58470674805415
470.1	104.1	147.58470674805415
470.1	106.1	147.58470674805415
470.1	108.1	147.58470674805415
470.1	110.1	147.58470674805415
470.1	112.1	147.58470674805415
470.1	114.1	147.58470674805415
470.1	116.1	147.58470674805415
470.1	118.1	147.58470674805415
472.1	0.1	148.1281430669142
472.1	2.1	148.1281430669142
472.1	4.1	148.1281430669142
472.1	6.1	148.1281430669142
472.1	8.1	148.1281430669142
472.1	10.1	148.1281430669142
472.1	12.1	148.1281430669142
472.1	14.1	148.1281430669142
472.1	16.1	148.1281430669142
472.1	18.1	148.1281430669142
472.1	20.1	148.1281430669142
472.1	22.1	148.1281430669142
472.1	24.1	148.1281430669142
472.1	26.1	148.1281430669142
472.1	28.1	148.1281430669142
472.1	30.1	148.1281430669142
472.1	32.1	148.1281430669142
472.1	34.1	148.1281430669142
472.1	36.1	148.1281430669142
472.1	38.1	148.1281430669142
472.1	40.1	148.1281430669142
472.1	42.1	148.1281430669142
472.1	44.1	148.1281430669142
472.1	46.1	148.1281430669142
472.1	48.1	148.1281430669142
472.1	50.1	148.1281430669142
472.1	52.1	148.1281430669142
472.1	54.1	148.1281430669142
472.1	56.1	148.1281430669142
472.1	58.1	148.1281430669142
472.1	60.1	148.1281430669142
472.1	62.1	148.1281430669142
472.1	64.1	148.1281430669142
472.1	66.1	148.1281430669142
472.1	68.1	148.1281430669142
472.1	70.1	148.1281430669142
472.1	72.1	148.1281430669142
472.1	74.1	148.1281430669142
472.1	76.1	148.1281430669142
472.1	78.1	148.1281430669142
472.1	80.1	148.1281430669142
472.1	82.1	148.1281430669142
472.1	84.1	148.1281430669142
472.1	86.1	148.1281430669142
472.1	88.1	148.1281430669142
472.1	90.1	148.1281430669142
472.1	92.1	148.1281430669142
472.1	94.1	148.1281430669142
472.1	96.1	148.1281430669142
472.1	98.1	148.1281430669142
472.1	100.1	148.1281430669142
472.1	102.1	148.1281430669142
472.1	104.1	148.1281430669142
472.1	106.1	148.1281430669142
472.1	108.1	148.1281430669142
472.1	110.1	148.1281430669142
472.1	112.1	148.1281430669142
472.1	114.1	148.1281430669142
472.1	116.1	148.1281430669142
472.1	118.1	148.1281430669142
474.1	0.1	148.67157938577424
474.1	2.1	148.67157938577424
474.1	4.1	148.67157938577424
474.1	6.1	148.67157938577424
474.1	8.1	148.67157938577424
474.1	10.1	148.67157938577424
474.1	12.1	148.67157938577424
474.1	14.1	148.67157938577424
474.1	16.1	148.67157938577424
474.1	18.1	148.67157938577424
474.1	20.1	148.67157938577424
474.1	22.1	148.67157938577424
474.1	24.1	148.67157938577424
474.1	26.1	148.67157938577424
474.1	28.1	148.67157938577424
474.1	30.1	148.67157938577424
474.1	32.1	148.67157938577424
474.1	34.1	148.67157938577424
474.1	36.1	148.67157938577424
474.1	38.1	148.67157938577424
474.1	40.1	148.67157938577424
474.1	42.1	148.67157938577424
474.1	44.1	148.67157938577424
474.1	46.1	148.67157938577424
474.1	48.1	148.67157938577424
474.1	50.1	148.67157938577424
474.1	52.1	148.67157938577424
474.1	54.1	148.67157938577424
474.1	56.1	148.67157938577424
474.1	58.1	148.67157938577424
474.1	60.1	148.67157938577424
474.1	62.1	148.67157938577424
474.1	64.1	148.67157938577424
474.1	66.1	148.67157938577424
474.1	68.1	148.67157938577424
474.1	70.1	148.67157938577424
474.1	72.1	148.67157938577424
474.1	74.1	148.67157938577424
474.1	76.1	148.67157938577424
474.1	78.1	148.67157938577424
474.1	80.1	148.67157938577424
474.1	82.1	148.67157938577424
474.1	84.1	148.67157938577424
474.1	86.1	148.67157938577424
474.1	88.1	148.67157938577424
474.1	90.1	148.67157938577424
474.1	92.1	148.67157938577424
474.1	94.1	148.67157938577424
474.1	96.1	148.67157938577424
474.1	98.1	148.67157938577424
474.1	100.1	148.67157938577424
474.1	102.1	148.67157938577424
474.1	104.1	148.67157938577424
474.1	106.1	148.67157938577424
474.1	108.1	148.67157938577424
474.1	110.1	148.67157938577424
474.1	112.1	148.67157938577424
474.1	114.1	148.67157938577424
474.1	116.1	148.67157938577424
474.1	118.1	148.67157938577424
476.1	0.1	149.21501570463428
476.1	2.1	149.21501570463428
476.1	4.1	149.21501570463428
476.1	6.1	149.21501570463428
476.1	8.1	149.21501570463428
476.1	10.1	149.21501570463428
476.1	12.1	149.21501570463428
476.1	14.1	149.21501570463428
476.1	16.1	149.21501570463428
476.1	18.1	149.21501570463428
476.1	20.1	149.21501570463428
476.1	22.1	149.21501570463428
476.1	24.1	149.21501570463428
476.1	26.1	149.21501570463428
476.1	28.1	149.21501570463428
476.1	30.1	149.21501570463428
476.1	32.1	149.21501570463428
476.1	34.1	149.21501570463428
476.1	36.1	149.21501570463428
476.1	38.1	149.21501570463428
476.1	40.1	149.21501570463428
476.1	42.1	149.21501570463428
476.1	44.1	149.21501570463428
476.1	46.1	149.21501570463428
476.1	48.1	149.21501570463428
476.1	50.1	149.21501570463428
476.1	52.1	149.21501570463428
476.1	54.1	149.21501570463428
476.1	56.1	149.21501570463428
476.1	58.1	149.21501570463428
476.1	60.1	149.21501570463428
476.1	62.1	149.21501570463428
476.1	64.1	149.21501570463428
476.1	66.1	149.21501570463428
476.1	68.1	149.21501570463428
476.1	70.1	149.21501570463428
476.1	72.1	149.21501570463428
476.1	74.1	149.21501570463428
476.1	76.1	149.21501570463428
476.1	78.1	149.21501570463428
476.1	80.1	149.21501570463428
476.1	82.1	149.21501570463428
476.1	84.1	149.21501570463428
476.1	86.1	149.21501570463428
476.1	88.1	149.21501570463428
476.1	90.1	149.21501570463428
476.1	92.1	149.21501570463428
476.1	94.1	149.21501570463428
476.1	96.1	149.21501570463428
476.1	98.1	149.21501570463428
476.1	100.1	149.21501570463428
476.1	102.1	149.21501570463428
476.1	104.1	149.21501570463428
476.1	106.1	149.21501570463428
476.1	108.1	149.21501570463428
476.1	110.1	149.21501570463428
476.1	112.1	149.21501570463428
476.1	114.1	149.21501570463428
476.1	116.1	149.21501570463428
476.1	118.1	149.21501570463428
478.1	0.1	149.75845202349433
478.1	2.1	149.75845202349433
478.1	4.1	149.75845202349433
478.1	6.1	149.75845202349433
478.1	8.1	149.75845202349433
478.1	10.1	149.75845202349433
478.1	12.1	149.75845202349433
478.1	14.1	149.75845202349433
478.1	16.1	149.75845202349433
478.1	18.1	149.75845202349433
478.1	20.1	149.75845202349433
478.1	22.1	149.75845202349433
478.1	24.1	149.75845202349433
478.1	26.1	149.75845202349433
478.1	28.1	149.75845202349433
478.1	30.1	149.75845202349433
478.1	32.1	149.75845202349433
478.1	34.1	149.75845202349433
478.1	36.1	149.75845202349433
478.1	38.1	149.75845202349433
478.1	40.1	149.75845202349433
478.1	42.1	149.75845202349433
478.1	44.1	149.75845202349433
478.1	46.1	149.75845202349433
478.1	48.1	149.75845202349433
478.1	50.1	149.75845202349433
478.1	52.1	149.75845202349433
478.1	54.1	149.75845202349433
478.1	56.1	149.75845202349433
478.1	58.1	149.75845202349433
478.1	60.1	149.75845202349433
478.1	62.1	149.75845202349433
478.1	64.1	149.75845202349433
478.1	66.1	149.75845202349433
478.1	68.1	149.75845202349433
478.1	70.1	149.75845202349433
478.1	72.1	149.75845202349433
478.1	74.1	149.75845202349433
478.1	76.1	149.75845202349433
478.1	78.1	149.75845202349433
478.1	80.1	149.75845202349433
478.1	82.1	149.75845202349433
478.1	84.1	149.75845202349433
478.1	86.1	149.75845202349433
478.1	88.1	149.75845202349433
478.1	90.1	149.75845202349433
478.1	92.1	149.75845202349433
478.1	94.1	149.75845202349433
478.1	96.1	149.75845202349433
478.1	98.1	149.75845202349433
478.1	100.1	149.75845202349433
478.1	102.1	149.75845202349433
478.1	104.1	149.75845202349433
478.1	106.1	149.75845202349433
478.1	108.1	149.75845202349433
478.1	110.1	149.75845202349433
478.1	112.1	149.75845202349433
478.1	114.1	149.75845202349433
478.1	116.1	149.75845202349433
478.1	118.1	149.75845202349433
480.1	0.1	150.30188834235437
480.1	2.1	150.30188834235437
480.1	4.1	150.30188834235437
480.1	6.1	150.30188834235437
480.1	8.1	150.30188834235437
480.1	10.1	150.30188834235437
480.1	12.1	150.30188834235437
480.1	14.1	150.30188834235437
480.1	16.1	150.30188834235437
480.1	18.1	150.30188834235437
480.1	20.1	150.30188834235437
480.1	22.1	150.30188834235437
480.1	24.1	150.30188834235437
480.1	26.1	150.30188834235437
480.1	28.1	150.30188834235437
480.1	30.1	150.30188834235437
480.1	32.1	150.30188834235437
480.1	34.1	150.30188834235437
480.1	36.1	150.30188834235437
480.1	38.1	150.30188834235437
480.1	40.1	150.30188834235437
480.1	42.1	150.30188834235437
480.1	44.1	150.30188834235437
480.1	46.1	150.30188834235437
480.1	48.1	150.30188834235437
480.1	50.1	150.30188834235437
480.1	52.1	150.30188834235437
480.1	54.1	150.30188834235437
480.1	56.1	150.30188834235437
480.1	58.1	150.30188834235437
480.1	60.1	150.30188834235437
480.1	62.1	150.30188834235437
480.1	64.1	150.30188834235437
480.1	66.1	150.30188834235437
480.1	68.1	150.30188834235437
480.1	70.1	150.30188834235437
480.1	72.1	150.30188834235437
480.1	74.1	150.30188834235437
480.1	76.1	150.30188834235437
480.1	78.1	150.30188834235437
480.1	80.1	150.30188834235437
480.1	82.1	150.30188834235437
480.1	84.1	150.30188834235437
480.1	86.1	150.30188834235437
480.1	88.1	150.30188834235437
480.1	90.1	150.30188834235437
480.1	92.1	150.30188834235437
480.1	94.1	150.30188834235437
480.1	96.1	150.30188834235437
480.1	98.1	150.30188834235437
480.1	100.1	150.30188834235437
480.1	102.1	150.30188834235437
480.1	104.1	150.30188834235437
480.1	106.1	150.30188834235437
480.1	108.1	150.30188834235437
480.1	110.1	150.30188834235437
480.1	112.1	150.30188834235437
480.1	114.1	150.30188834235437
480.1	116.1	150.30188834235437
480.1	118.1	150.30188834235437
482.1	0.1	150.84532466121442
482.1	2.1	150.84532466121442
482.1	4.1	150.84532466121442
482.1	6.1	150.84532466121442
482.1	8.1	150.84532466121442
482.1	10.1	150.84532466121442
482.1	12.1	150.84532466121442
482.1	14.1	150.84532466121442
482.1	16.1	150.84532466121442
482.1	18.1	150.84532466121442
482.1	20.1	150.84532466121442
482.1	22.1	150.84532466121442
482.1	24.1	150.84532466121442
482.1	26.1	150.84532466121442
482.1	28.1	150.84532466121442
482.1	30.1	150.84532466121442
482.1	32.1	150.84532466121442
482.1	34.1	150.84532466121442
482.1	36.1	150.84532466121442
482.1	38.1	150.84532466121442
482.1	40.1	150.84532466121442
482.1	42.1	150.84532466121442
482.1	44.1	150.84532466121442
482.1	46.1	150.84532466121442
482.1	48.1	150.84532466121442
482.1	50.1	150.84532466121442
482.1	52.1	150.84532466121442
482.1	54.1	150.84532466121442
482.1	56.1	150.84532466121442
482.1	58.1	150.84532466121442
482.1	60.1	150.84532466121442
482.1	62.1	150.84532466121442
482.1	64.1	150.84532466121442
482.1	66.1	150.84532466121442
482.1	68.1	150.84532466121442
482.1	70.1	150.84532466121442
482.1	72.1	150.84532466121442
482.1	74.1	150.84532466121442
482.1	76.1	150.84532466121442
482.1	78.1	150.84532466121442
482.1	80.1	150.84532466121442
482.1	82.1	150.84532466121442
482.1	84.1	150.84532466121442
482.1	86.1	150.84532466121442
482.1	88.1	150.84532466121442
482.1	90.1	150.84532466121442
482.1	92.1	150.84532466121442
482.1	94.1	150.84532466121442
482.1	96.1	150.84532466121442
482.1	98.1	150.84532466121442
482.1	100.1	150.84532466121442
482.1	102.1	150.84532466121442
482.1	104.1	150.84532466121442
482.1	106.1	150.84532466121442
482.1	108.1	150.84532466121442
482.1	110.1	150.84532466121442
482.1	112.1	150.84532466121442
482.1	114.1	150.84532466121442
482.1	116.1	150.84532466121442
482.1	118.1	150.84532466121442
484.1	0.1	151.38876098007447
484.1	2.1	151.38876098007447
484.1	4.1	151.38876098007447
484.1	6.1	151.38876098007447
484.1	8.1	151.38876098007447
484.1	10.1	151.38876098007447
484.1	12.1	151.38876098007447
484.1	14.1	151.38876098007447
484.1	16.1	151.38876098007447
484.1	18.1	151.38876098007447
484.1	20.1	151.38876098007447
484.1	22.1	151.38876098007447
484.1	24.1	151.38876098007447
484.1	26.1	151.38876098007447
484.1	28.1	151.38876098007447
484.1	30.1	151.38876098007447
484.1	32.1	151.38876098007447
484.1	34.1	151.38876098007447
484.1	36.1	151.38876098007447
484.1	38.1	151.38876098007447
484.1	40.1	151.38876098007447
484.1	42.1	151.38876098007447
484.1	44.1	151.38876098007447
484.1	46.1	151.38876098007447
484.1	48.1	151.38876098007447
484.1	50.1	151.38876098007447
484.1	52.1	151.38876098007447
484.1	54.1	151.38876098007447
484.1	56.1	151.38876098007447
484.1	58.1	151.38876098007447
484.1	60.1	151.38876098007447
484.1	62.1	151.38876098007447
484.1	64.1	151.38876098007447
484.1	66.1	151.38876098007447
484.1	68.1	151.38876098007447
484.1	70.1	151.38876098007447
484.1	72.1	151.38876098007447
484.1	74.1	151.38876098007447
484.1	76.1	151.38876098007447
484.1	78.1	151.38876098007447
484.1	80.1	151.38876098007447
484.1	82.1	151.38876098007447
484.1	84.1	151.38876098007447
484.1	86.1	151.38876098007447
484.1	88.1	151.38876098007447
484.1	90.1	151.38876098007447
484.1	92.1	151.38876098007447
484.1	94.1	151.38876098007447
484.1	96.1	151.38876098007447
484.1	98.1	151.38876098007447
484.1	100.1	151.38876098007447
484.1	102.1	151.38876098007447
484.1	104.1	151.38876098007447
484.1	106.1	151.38876098007447
484.1	108.1	151.38876098007447
484.1	110.1	151.38876098007447
484.1	112.1	151.38876098007447
484.1	114.1	151.38876098007447
484.1	116.1	151.38876098007447
484.1	118.1	151.38876098007447
486.1	0.1	151.9321972989345
486.1	2.1	151.9321972989345
486.1	4.1	151.9321972989345
486.1	6.1	151.9321972989345
486.1	8.1	151.9321972989345
486.1	10.1	151.9321972989345
486.1	12.1	151.9321972989345
486.1	14.1	151.9321972989345
486.1	16.1	151.9321972989345
486.1	18.1	151.9321972989345
486.1	20.1	151.9321972989345
486.1	22.1	151.9321972989345
486.1	24.1	151.9321972989345
486.1	26.1	151.9321972989345
486.1	28.1	151.9321972989345
486.1	30.1	151.9321972989345
486.1	32.1	151.9321972989345
486.1	34.1	151.9321972989345
486.1	36.1	151.9321972989345
486.1	38.1	151.9321972989345
486.1	40.1	151.9321972989345
486.1	42.1	151.9321972989345
486.1	44.1	151.9321972989345
486.1	46.1	151.9321972989345
486.1	48.1	151.9321972989345
486.1	50.1	151.9321972989345
486.1	52.1	151.9321972989345
486.1	54.1	151.9321972989345
486.1	56.1	151.9321972989345
486.1	58.1	151.9321972989345
486.1	60.1	151.9321972989345
486.1	62.1	151.9321972989345
486.1	64.1	151.9321972989345
486.1	66.1	151.9321972989345
486.1	68.1	151.9321972989345
486.1	70.1	151.9321972989345
486.1	72.1	151.9321972989345
486.1	74.1	151.9321972989345
486.1	76.1	151.9321972989345
486.1	78.1	151.9321972989345
486.1	80.1	151.9321972989345
486.1	82.1	151.9321972989345
486.1	84.1	151.9321972989345
486.1	86.1	151.9321972989345
486.1	88.1	151.9321972989345
486.1	90.1	151.9321972989345
486.1	92.1	151.9321972989345
486.1	94.1	151.9321972989345
486.1	96.1	151.9321972989345
486.1	98.1	151.9321972989345
486.1	100.1	151.9321972989345
486.1	102.1	151.9321972989345
486.1	104.1	151.9321972989345
486.1	106.1	151.9321972989345
486.1	108.1	151.9321972989345
486.1	110.1	151.9321972989345
486.1	112.1	151.9321972989345
486.1	114.1	151.9321972989345
486.1	116.1	151.9321972989345
486.1	118.1	151.9321972989345
488.1	0.1	152.47563361779456
488.1	2.1	152.47563361779456
488.1	4.1	152.47563361779456
488.1	6.1	152.47563361779456
488.1	8.1	152.47563361779456
488.1	10.1	152.47563361779456
488.1	12.1	152.47563361779456
488.1	14.1	152.47563361779456
488.1	16.1	152.47563361779456
488.1	18.1	152.47563361779456
488.1	20.1	152.47563361779456
488.1	22.1	152.47563361779456
488.1	24.1	152.47563361779456
488.1	26.1	152.47563361779456
488.1	28.1	152.47563361779456
488.1	30.1	152.47563361779456
488.1	32.1	152.47563361779456
488.1	34.1	152.47563361779456
488.1	36.1	152.47563361779456
488.1	38.1	152.47563361779456
488.1	40.1	152.47563361779456
488.1	42.1	152.47563361779456
488.1	44.1	152.47563361779456
488.1	46.1	152.47563361779456
488.1	48.1	152.47563361779456
488.1	50.1	152.47563361779456
488.1	52.1	152.47563361779456
488.1	54.1	152.47563361779456
488.1	56.1	152.47563361779456
488.1	58.1	152.47563361779456
488.1	60.1	152.47563361779456
488.1	62.1	152.47563361779456
488.1	64.1	152.47563361779456
488.1	66.1	152.47563361779456
488.1	68.1	152.47563361779456
488.1	70.1	152.47563361779456
488.1	72.1	152.47563361779456
488.1	74.1	152.47563361779456
488.1	76.1	152.47563361779456
488.1	78.1	152.47563361779456
488.1	80.1	152.47563361779456
488.1	82.1	152.47563361779456
488.1	84.1	152.47563361779456
488.1	86.1	152.47563361779456
488.1	88.1	152.47563361779456
488.1	90.1	152.47563361779456
488.1	92.1	152.47563361779456
488.1	94.1	152.47563361779456
488.1	96.1	152.47563361779456
488.1	98.1	152.47563361779456
488.1	100.1	152.47563361779456
488.1	102.1	152.47563361779456
488.1	104.1	152.47563361779456
488.1	106.1	152.47563361779456
488.1	108.1	152.47563361779456
488.1	110.1	152.47563361779456
488.1	112.1	152.47563361779456
488.1	114.1	152.47563361779456
488.1	116.1	152.47563361779456
488.1	118.1	152.47563361779456
490.1	0.1	153.0190699366546
490.1	2.1	153.0190699366546
490.1	4.1	153.0190699366546
490.1	6.1	153.0190699366546
490.1	8.1	153.0190699366546
490.1	10.1	153.0190699366546
490.1	12.1	153.0190699366546
490.1	14.1	153.0190699366546
490.1	16.1	153.0190699366546
490.1	18.1	153.0190699366546
490.1	20.1	153.0190699366546
490.1	22.1	153.0190699366546
490.1	24.1	153.0190699366546
490.1	26.1	153.0190699366546
490.1	28.1	153.0190699366546
490.1	30.1	153.0190699366546
490.1	32.1	153.0190699366546
490.1	34.1	153.0190699366546
490.1	36.1	153.0190699366546
490.1	38.1	153.0190699366546
490.1	40.1	153.0190699366546
490.1	42.1	153.0190699366546
490.1	44.1	153.0190699366546
490.1	46.1	153.0190699366546
490.1	48.1	153.0190699366546
490.1	50.1	153.0190699366546
490.1	52.1	153.0190699366546
490.1	54.1	153.0190699366546
490.1	56.1	153.0190699366546
490.1	58.1	153.0190699366546
490.1	60.1	153.0190699366546
490.1	62.1	153.0190699366546
490.1	64.1	153.0190699366546
490.1	66.1	153.0190699366546
490.1	68.1	153.0190699366546
490.1	70.1	153.0190699366546
490.1	72.1	153.0190699366546
490.1	74.1	153.0190699366546
490.1	76.1	153.0190699366546
490.1	78.1	153.0190699366546
490.1	80.1	153.0190699366546
490.1	82.1	153.0190699366546
490.1	84.1	153.0190699366546
490.1	86.1	153.0190699366546
490.1	88.1	153.0190699366546
490.1	90.1	153.0190699366546
490.1	92.1	153.0190699366546
490.1	94.1	153.0190699366546
490.1	96.1	153.0190699366546
490.1	98.1	153.0190699366546
490.1	100.1	153.0190699366546
490.1	102.1	153.0190699366546
490.1	104.1	153.0190699366546
490.1	106.1	153.0190699366546
490.1	108.1	153.0190699366546
490.1	110.1	153.0190699366546
490.1	112.1	153.0190699366546
490.1	114.1	153.0190699366546
490.1	116.1	153.0190699366546
490.1	118.1	153.0190699366546
492.1	0.1	153.56250625551465
492.1	2.1	153.56250625551465
492.1	4.1	153.56250625551465
492.1	6.1	153.56250625551465
492.1	8.1	153.56250625551465
492.1	10.1	153.56250625551465
492.1	12.1	153.56250625551465
492.1	14.1	153.56250625551465
492.1	16.1	153.56250625551465
492.1	18.1	153.56250625551465
492.1	20.1	153.56250625551465
492.1	22.1	153.56250625551465
492.1	24.1	153.56250625551465
492.1	26.1	153.56250625551465
492.1	28.1	153.56250625551465
492.1	30.1	153.56250625551465
492.1	32.1	153.56250625551465
492.1	34.1	153.56250625551465
492.1	36.1	153.56250625551465
492.1	38.1	153.56250625551465
492.1	40.1	153.56250625551465
492.1	42.1	153.56250625551465
492.1	44.1	153.56250625551465
492.1	46.1	153.56250625551465
492.1	48.1	153.56250625551465
492.1	50.1	153.56250625551465
492.1	52.1	153.56250625551465
492.1	54.1	153.56250625551465
492.1	56.1	153.56250625551465
492.1	58.1	153.56250625551465
492.1	60.1	153.56250625551465
492.1	62.1	153.56250625551465
492.1	64.1	153.56250625551465
492.1	66.1	153.56250625551465
492.1	68.1	153.56250625551465
492.1	70.1	153.56250625551465
492.1	72.1	153.56250625551465
492.1	74.1	153.56250625551465
492.1	76.1	153.56250625551465
492.1	78.1	153.56250625551465
492.1	80.1	153.56250625551465
492.1	82.1	153.56250625551465
492.1	84.1	153.56250625551465
492.1	86.1	153.56250625551465
492.1	88.1	153.56250625551465
492.1	90.1	153.56250625551465
492.1	92.1	153.56250625551465
492.1	94.1	153.56250625551465
492.1	96.1	153.56250625551465
492.1	98.1	153.56250625551465
492.1	100.1	153.56250625551465
492.1	102.1	153.56250625551465
492.1	104.1	153.56250625551465
492.1	106.1	153.56250625551465
492.1	108.1	153.56250625551465
492.1	110.1	153.56250625551465
492.1	112.1	153.56250625551465
492.1	114.1	153.56250625551465
492.1	116.1	153.56250625551465
492.1	118.1	153.56250625551465
494.1	0.1	154.10594257437472
494.1	2.1	154.10594257437472
494.1	4.1	154.10594257437472
494.1	6.1	154.10594257437472
494.1	8.1	154.10594257437472
494.1	10.1	154.10594257437472
494.1	12.1	154.10594257437472
494.1	14.1	154.10594257437472
494.1	16.1	154.10594257437472
494.1	18.1	154.10594257437472
494.1	20.1	154.10594257437472
494.1	22.1	154.10594257437472
494.1	24.1	154.10594257437472
494.1	26.1	154.10594257437472
494.1	28.1	154.10594257437472
494.1	30.1	154.10594257437472
494.1	32.1	154.10594257437472
494.1	34.1	154.10594257437472
494.1	36.1	154.10594257437472
494.1	38.1	154.10594257437472
494.1	40.1	154.10594257437472
494.1	42.1	154.10594257437472
494.1	44.1	154.10594257437472
494.1	46.1	154.10594257437472
494.1	48.1	154.10594257437472
494.1	50.1	154.10594257437472
494.1	52.1	154.10594257437472
494.1	54.1	154.10594257437472
494.1	56.1	154.10594257437472
494.1	58.1	154.10594257437472
494.1	60.1	154.10594257437472
494.1	62.1	154.10594257437472
494.1	64.1	154.10594257437472
494.1	66.1	154.10594257437472
494.1	68.1	154.10594257437472
494.1	70.1	154.10594257437472
494.1	72.1	154.10594257437472
494.1	74.1	154.10594257437472
494.1	76.1	154.10594257437472
494.1	78.1	154.10594257437472
494.1	80.1	154.10594257437472
494.1	82.1	154.10594257437472
494.1	84.1	154.10594257437472
494.1	86.1	154.10594257437472
494.1	88.1	154.10594257437472
494.1	90.1	154.10594257437472
494.1	92.1	154.10594257437472
494.1	94.1	154.10594257437472
494.1	96.1	154.10594257437472
494.1	98.1	154.10594257437472
494.1	100.1	154.10594257437472
494.1	102.1	154.10594257437472
494.1	104.1	154.10594257437472
494.1	106.1	154.10594257437472
494.1	108.1	154.10594257437472
494.1	110.1	154.10594257437472
494.1	112.1	154.10594257437472
494.1	114.1	154.10594257437472
494.1	116.1	154.10594257437472
494.1	118.1	154.10594257437472
496.1	0.1	154.64937889323477
496.1	2.1	154.64937889323477
496.1	4.1	154.64937889323477
496.1	6.1	154.64937889323477
496.1	8.1	154.64937889323477
496.1	10.1	154.64937889323477
496.1	12.1	154.64937889323477
496.1	14.1	154.64937889323477
496.1	16.1	154.64937889323477
496.1	18.1	154.64937889323477
496.1	20.1	154.64937889323477
496.1	22.1	154.64937889323477
496.1	24.1	154.64937889323477
496.1	26.1	154.64937889323477
496.1	28.1	154.64937889323477
496.1	30.1	154.64937889323477
496.1	32.1	154.64937889323477
496.1	34.1	154.64937889323477
496.1	36.1	154.64937889323477
496.1	38.1	154.64937889323477
496.1	40.1	154.64937889323477
496.1	42.1	154.64937889323477
496.1	44.1	154.64937889323477
496.1	46.1	154.64937889323477
496.1	48.1	154.64937889323477
496.1	50.1	154.64937889323477
496.1	52.1	154.64937889323477
496.1	54.1	154.64937889323477
496.1	56.1	154.64937889323477
496.1	58.1	154.64937889323477
496.1	60.1	154.64937889323477
496.1	62.1	154.64937889323477
496.1	64.1	154.64937889323477
496.1	66.1	154.64937889323477
496.1	68.1	154.64937889323477
496.1	70.1	154.64937889323477
496.1	72.1	154.64937889323477
496.1	74.1	154.64937889323477
496.1	76.1	154.64937889323477
496.1	78.1	154.64937889323477
496.1	80.1	154.64937889323477
496.1	82.1	154.64937889323477
496.1	84.1	154.64937889323477
496.1	86.1	154.64937889323477
496.1	88.1	154.64937889323477
496.1	90.1	154.64937889323477
496.1	92.1	154.64937889323477
496.1	94.1	154.64937889323477
496.1	96.1	154.64937889323477
496.1	98.1	154.64937889323477
496.1	100.1	154.64937889323477
496.1	102.1	154.64937889323477
496.1	104.1	154.64937889323477
496.1	106.1	154.64937889323477
496.1	108.1	154.64937889323477
496.1	110.1	154.64937889323477
496.1	112.1	154.64937889323477
496.1	114.1	154.64937889323477
496.1	116.1	154.64937889323477
496.1	118.1	154.64937889323477
498.1	0.1	155.1928152120948
498.1	2.1	155.1928152120948
498.1	4.1	155.1928152120948
498.1	6.1	155.1928152120948
498.1	8.1	155.1928152120948
498.1	10.1	155.1928152120948
498.1	12.1	155.1928152120948
498.1	14.1	155.1928152120948
498.1	16.1	155.1928152120948
498.1	18.1	155.1928152120948
498.1	20.1	155.1928152120948
498.1	22.1	155.1928152120948
498.1	24.1	155.1928152120948
498.1	26.1	155.1928152120948
498.1	28.1	155.1928152120948
498.1	30.1	155.1928152120948
498.1	32.1	155.1928152120948
498.1	34.1	155.1928152120948
498.1	36.1	155.1928152120948
498.1	38.1	155.1928152120948
498.1	40.1	155.1928152120948
498.1	42.1	155.1928152120948
498.1	44.1	155.1928152120948
498.1	46.1	155.1928152120948
498.1	48.1	155.1928152120948
498.1	50.1	155.1928152120948
498.1	52.1	155.1928152120948
498.1	54.1	155.1928152120948
498.1	56.1	155.1928152120948
498.1	58.1	155.1928152120948
498.1	60.1	155.1928152120948
498.1	62.1	155.1928152120948
498.1	64.1	155.1928152120948
498.1	66.1	155.1928152120948
498.1	68.1	155.1928152120948
498.1	70.1	155.1928152120948
498.1	72.1	155.1928152120948
498.1	74.1	155.1928152120948
498.1	76.1	155.1928152120948
498.1	78.1	155.1928152120948
498.1	80.1	155.1928152120948
498.1	82.1	155.1928152120948
498.1	84.1	155.1928152120948
498.1	86.1	155.1928152120948
498.1	88.1	155.1928152120948
498.1	90.1	155.1928152120948
498.1	92.1	155.1928152120948
498.1	94.1	155.1928152120948
498.1	96.1	155.1928152120948
498.1	98.1	155.1928152120948
498.1	100.1	155.1928152120948
498.1	102.1	155.1928152120948
498.1	104.1	155.1928152120948
498.1	106.1	155.1928152120948
498.1	108.1	155.1928152120948
498.1	110.1	155.1928152120948
498.1	112.1	155.1928152120948
498.1	114.1	155.1928152120948
498.1	116.1	155.1928152120948
498.1	118.1	155.1928152120948
500.1	0.1	155.73625153095486
500.1	2.1	155.73625153095486
500.1	4.1	155.73625153095486
500.1	6.1	155.73625153095486
500.1	8.1	155.73625153095486
500.1	10.1	155.73625153095486
500.1	12.1	155.73625153095486
500.1	14.1	155.73625153095486
500.1	16.1	155.73625153095486
500.1	18.1	155.73625153095486
500.1	20.1	155.73625153095486
500.1	22.1	155.73625153095486
500.1	24.1	155.73625153095486
500.1	26.1	155.73625153095486
500.1	28.1	155.73625153095486
500.1	30.1	155.73625153095486
500.1	32.1	155.73625153095486
500.1	34.1	155.73625153095486
500.1	36.1	155.73625153095486
500.1	38.1	155.73625153095486
500.1	40.1	155.73625153095486
500.1	42.1	155.73625153095486
500.1	44.1	155.73625153095486
500.1	46.1	155.73625153095486
500.1	48.1	155.73625153095486
500.1	50.1	155.73625153095486
500.1	52.1	155.73625153095486
500.1	54.1	155.73625153095486
500.1	56.1	155.73625153095486
500.1	58.1	155.73625153095486
500.1	60.1	155.73625153095486
500.1	62.1	155.73625153095486
500.1	64.1	155.73625153095486
500.1	66.1	155.73625153095486
500.1	68.1	155.73625153095486
500.1	70.1	155.73625153095486
500.1	72.1	155.73625153095486
500.1	74.1	155.73625153095486
500.1	76.1	155.73625153095486
500.1	78.1	155.73625153095486
500.1	80.1	155.73625153095486
500.1	82.1	155.73625153095486
500.1	84.1	155.73625153095486
500.1	86.1	155.73625153095486
500.1	88.1	155.73625153095486
500.1	90.1	155.73625153095486
500.1	92.1	155.73625153095486
500.1	94.1	155.73625153095486
500.1	96.1	155.73625153095486
500.1	98.1	155.73625153095486
500.1	100.1	155.73625153095486
500.1	102.1	155.73625153095486
500.1	104.1	155.73625153095486
500.1	106.1	155.73625153095486
500.1	108.1	155.73625153095486
500.1	110.1	155.73625153095486
500.1	112.1	155.73625153095486
500.1	114.1	155.73625153095486
500.1	116.1	155.73625153095486
500.1	118.1	155.73625153095486
502.1	0.1	156.2796878498149
502.1	2.1	156.2796878498149
502.1	4.1	156.2796878498149
502.1	6.1	156.2796878498149
502.1	8.1	156.2796878498149
502.1	10.1	156.2796878498149
502.1	12.1	156.2796878498149
502.1	14.1	156.2796878498149
502.1	16.1	156.2796878498149
502.1	18.1	156.2796878498149
502.1	20.1	156.2796878498149
502.1	22.1	156.2796878498149
502.1	24.1	156.2796878498149
502.1	26.1	156.2796878498149
502.1	28.1	156.2796878498149
502.1	30.1	156.2796878498149
502.1	32.1	156.2796878498149
502.1	34.1	156.2796878498149
502.1	36.1	156.2796878498149
502.1	38.1	156.2796878498149
502.1	40.1	156.2796878498149
502.1	42.1	156.2796878498149
502.1	44.1	156.2796878498149
502.1	46.1	156.2796878498149
502.1	48.1	156.2796878498149
502.1	50.1	156.2796878498149
502.1	52.1	156.2796878498149
502.1	54.1	156.2796878498149
502.1	56.1	156.2796878498149
502.1	58.1	156.2796878498149
502.1	60.1	156.2796878498149
502.1	62.1	156.2796878498149
502.1	64.1	156.2796878498149
502.1	66.1	156.2796878498149
502.1	68.1	156.2796878498149
502.1	70.1	156.2796878498149
502.1	72.1	156.2796878498149
502.1	74.1	156.2796878498149
502.1	76.1	156.2796878498149
502.1	78.1	156.2796878498149
502.1	80.1	156.2796878498149
502.1	82.1	156.2796878498149
502.1	84.1	156.2796878498149
502.1	86.1	156.2796878498149
502.1	88.1	156.2796878498149
502.1	90.1	156.2796878498149
502.1	92.1	156.2796878498149
502.1	94.1	156.2796878498149
502.1	96.1	156.2796878498149
502.1	98.1	156.2796878498149
502.1	100.1	156.2796878498149
502.1	102.1	156.2796878498149
502.1	104.1	156.2796878498149
502.1	106.1	156.2796878498149
502.1	108.1	156.2796878498149
502.1	110.1	156.2796878498149
502.1	112.1	156.2796878498149
502.1	114.1	156.2796878498149
502.1	116.1	156.2796878498149
502.1	118.1	156.2796878498149
504.1	0.1	156.82312416867495
504.1	2.1	156.82312416867495
504.1	4.1	156.82312416867495
504.1	6.1	156.82312416867495
504.1	8.1	156.82312416867495
504.1	10.1	156.82312416867495
504.1	12.1	156.82312416867495
504.1	14.1	156.82312416867495
504.1	16.1	156.82312416867495
504.1	18.1	156.82312416867495
504.1	20.1	156.82312416867495
504.1	22.1	156.82312416867495
504.1	24.1	156.82312416867495
504.1	26.1	156.82312416867495
504.1	28.1	156.82312416867495
504.1	30.1	156.82312416867495
504.1	32.1	156.82312416867495
504.1	34.1	156.82312416867495
504.1	36.1	156.82312416867495
504.1	38.1	156.82312416867495
504.1	40.1	156.82312416867495
504.1	42.1	156.82312416867495
504.1	44.1	156.82312416867495
504.1	46.1	156.82312416867495
504.1	48.1	156.82312416867495
504.1	50.1	156.82312416867495
504.1	52.1	156.82312416867495
504.1	54.1	156.82312416867495
504.1	56.1	156.82312416867495
504.1	58.1	156.82312416867495
504.1	60.1	156.82312416867495
504.1	62.1	156.82312416867495
504.1	64.1	156.82312416867495
504.1	66.1	156.82312416867495
504.1	68.1	156.82312416867495
504.1	70.1	156.82312416867495
504.1	72.1	156.82312416867495
504.1	74.1	156.82312416867495
504.1	76.1	156.82312416867495
504.1	78.1	156.82312416867495
504.1	80.1	156.82312416867495
504.1	82.1	156.82312416867495
504.1	84.1	156.82312416867495
504.1	86.1	156.82312416867495
504.1	88.1	156.82312416867495
504.1	90.1	156.82312416867495
504.1	92.1	156.82312416867495
504.1	94.1	156.82312416867495
504.1	96.1	156.82312416867495
504.1	98.1	156.82312416867495
504.1	100.1	156.82312416867495
504.1	102.1	156.82312416867495
504.1	104.1	156.82312416867495
504.1	106.1	156.82312416867495
504.1	108.1	156.82312416867495
504.1	110.1	156.82312416867495
504.1	112.1	156.82312416867495
504.1	114.1	156.82312416867495
504.1	116.1	156.82312416867495
504.1	118.1	156.82312416867495
506.1	0.1	157.366560487535
506.1	2.1	157.366560487535
506.1	4.1	157.366560487535
506.1	6.1	157.366560487535
506.1	8.1	157.366560487535
506.1	10.1	157.366560487535
506.1	12.1	157.366560487535
506.1	14.1	157.366560487535
506.1	16.1	157.366560487535
506.1	18.1	157.366560487535
506.1	20.1	157.366560487535
506.1	22.1	157.366560487535
506.1	24.1	157.366560487535
506.1	26.1	157.366560487535
506.1	28.1	157.366560487535
506.1	30.1	157.366560487535
506.1	32.1	157.366560487535
506.1	34.1	157.366560487535
506.1	36.1	157.366560487535
506.1	38.1	157.366560487535
506.1	40.1	157.366560487535
506.1	42.1	157.366560487535
506.1	44.1	157.366560487535
506.1	46.1	157.366560487535
506.1	48.1	157.366560487535
506.1	50.1	157.366560487535
506.1	52.1	157.366560487535
506.1	54.1	157.366560487535
506.1	56.1	157.366560487535
506.1	58.1	157.366560487535
506.1	60.1	157.366560487535
506.1	62.1	157.366560487535
506.1	64.1	157.366560487535
506.1	66.1	157.366560487535
506.1	68.1	157.366560487535
506.1	70.1	157.366560487535
506.1	72.1	157.366560487535
506.1	74.1	157.366560487535
506.1	76.1	157.366560487535
506.1	78.1	157.366560487535
506.1	80.1	157.366560487535
506.1	82.1	157.366560487535
506.1	84.1	157.366560487535
506.1	86.1	157.366560487535
506.1	88.1	157.366560487535
506.1	90.1	157.366560487535
506.1	92.1	157.366560487535
506.1	94.1	157.366560487535
506.1	96.1	157.366560487535
506.1	98.1	157.366560487535
506.1	100.1	157.366560487535
506.1	102.1	157.366560487535
506.1	104.1	157.366560487535
506.1	106.1	157.366560487535
506.1	108.1	157.366560487535
506.1	110.1	157.366560487535
506.1	112.1	157.366560487535
506.1	114.1	157.366560487535
506.1	116.1	157.366560487535
506.1	118.1	157.366560487535
508.1	0.1	157.90999680639504
508.1	2.1	157.90999680639504
508.1	4.1	157.90999680639504
508.1	6.1	157.90999680639504
508.1	8.1	157.90999680639504
508.1	10.1	157.90999680639504
508.1	12.1	157.90999680639504
508.1	14.1	157.90999680639504
508.1	16.1	157.90999680639504
508.1	18.1	157.90999680639504
508.1	20.1	157.90999680639504
508.1	22.1	157.90999680639504
508.1	24.1	157.90999680639504
508.1	26.1	157.90999680639504
508.1	28.1	157.90999680639504
508.1	30.1	157.90999680639504
508.1	32.1	157.90999680639504
508.1	34.1	157.90999680639504
508.1	36.1	157.90999680639504
508.1	38.1	157.90999680639504
508.1	40.1	157.90999680639504
508.1	42.1	157.90999680639504
508.1	44.1	157.90999680639504
508.1	46.1	157.90999680639504
508.1	48.1	157.90999680639504
508.1	50.1	157.90999680639504
508.1	52.1	157.90999680639504
508.1	54.1	157.90999680639504
508.1	56.1	157.90999680639504
508.1	58.1	157.90999680639504
508.1	60.1	157.90999680639504
508.1	62.1	157.90999680639504
508.1	64.1	157.90999680639504
508.1	66.1	157.90999680639504
508.1	68.1	157.90999680639504
508.1	70.1	157.90999680639504
508.1	72.1	157.90999680639504
508.1	74.1	157.90999680639504
508.1	76.1	157.90999680639504
508.1	78.1	157.90999680639504
508.1	80.1	157.90999680639504
508.1	82.1	157.90999680639504
508.1	84.1	157.90999680639504
508.1	86.1	157.90999680639504
508.1	88.1	157.90999680639504
508.1	90.1	157.90999680639504
508.1	92.1	157.90999680639504
508.1	94.1	157.90999680639504
508.1	96.1	157.90999680639504
508.1	98.1	157.90999680639504
508.1	100.1	157.90999680639504
508.1	102.1	157.90999680639504
508.1	104.1	157.90999680639504
508.1	106.1	157.90999680639504
508.1	108.1	157.90999680639504
508.1	110.1	157.90999680639504
508.1	112.1	157.90999680639504
508.1	114.1	157.90999680639504
508.1	116.1	157.90999680639504
508.1	118.1	157.90999680639504
510.1	0.1	158.4534331252551
510.1	2.1	158.4534331252551
510.1	4.1	158.4534331252551
510.1	6.1	158.4534331252551
510.1	8.1	158.4534331252551
510.1	10.1	158.4534331252551
510.1	12.1	158.4534331252551
510.1	14.1	158.4534331252551
510.1	16.1	158.4534331252551
510.1	18.1	158.4534331252551
510.1	20.1	158.4534331252551
510.1	22.1	158.4534331252551
510.1	24.1	158.4534331252551
510.1	26.1	158.4534331252551
510.1	28.1	158.4534331252551
510.1	30.1	158.4534331252551
510.1	32.1	158.4534331252551
510.1	34.1	158.4534331252551
510.1	36.1	158.4534331252551
510.1	38.1	158.4534331252551
510.1	40.1	158.4534331252551
510.1	42.1	158.4534331252551
510.1	44.1	158.4534331252551
510.1	46.1	158.4534331252551
510.1	48.1	158.4534331252551
510.1	50.1	158.4534331252551
510.1	52.1	158.4534331252551
510.1	54.1	158.4534331252551
510.1	56.1	158.4534331252551
510.1	58.1	158.4534331252551
510.1	60.1	158.4534331252551
510.1	62.1	158.4534331252551
510.1	64.1	158.4534331252551
510.1	66.1	158.4534331252551
510.1	68.1	158.4534331252551
510.1	70.1	158.4534331252551
510.1	72.1	158.4534331252551
510.1	74.1	158.4534331252551
510.1	76.1	158.4534331252551
510.1	78.1	158.4534331252551
510.1	80.1	158.4534331252551
510.1	82.1	158.4534331252551
510.1	84.1	158.4534331252551
510.1	86.1	158.4534331252551
510.1	88.1	158.4534331252551
510.1	90.1	158.4534331252551
510.1	92.1	158.4534331252551
510.1	94.1	158.4534331252551
510.1	96.1	158.4534331252551
510.1	98.1	158.4534331252551
510.1	100.1	158.4534331252551
510.1	102.1	158.4534331252551
510.1	104.1	158.4534331252551
510.1	106.1	158.4534331252551
510.1	108.1	158.4534331252551
510.1	110.1	158.4534331252551
510.1	112.1	158.4534331252551
510.1	114.1	158.4534331252551
510.1	116.1	158.4534331252551
510.1	118.1	158.4534331252551
512.1	0.1	158.99686944411513
512.1	2.1	158.99686944411513
512.1	4.1	158.99686944411513
512.1	6.1	158.99686944411513
512.1	8.1	158.99686944411513
512.1	10.1	158.99686944411513
512.1	12.1	158.99686944411513
512.1	14.1	158.99686944411513
512.1	16.1	158.99686944411513
512.1	18.1	158.99686944411513
512.1	20.1	158.99686944411513
512.1	22.1	158.99686944411513
512.1	24.1	158.99686944411513
512.1	26.1	158.99686944411513
512.1	28.1	158.99686944411513
512.1	30.1	158.99686944411513
512.1	32.1	158.99686944411513
512.1	34.1	158.99686944411513
512.1	36.1	158.99686944411513
512.1	38.1	158.99686944411513
512.1	40.1	158.99686944411513
512.1	42.1	158.99686944411513
512.1	44.1	158.99686944411513
512.1	46.1	158.99686944411513
512.1	48.1	158.99686944411513
512.1	50.1	158.99686944411513
512.1	52.1	158.99686944411513
512.1	54.1	158.99686944411513
512.1	56.1	158.99686944411513
512.1	58.1	158.99686944411513
512.1	60.1	158.99686944411513
512.1	62.1	158.99686944411513
512.1	64.1	158.99686944411513
512.1	66.1	158.99686944411513
512.1	68.1	158.99686944411513
512.1	70.1	158.99686944411513
512.1	72.1	158.99686944411513
512.1	74.1	158.99686944411513
512.1	76.1	158.99686944411513
512.1	78.1	158.99686944411513
512.1	80.1	158.99686944411513
512.1	82.1	158.99686944411513
512.1	84.1	158.99686944411513
512.1	86.1	158.99686944411513
512.1	88.1	158.99686944411513
512.1	90.1	158.99686944411513
512.1	92.1	158.99686944411513
512.1	94.1	158.99686944411513
512.1	96.1	158.99686944411513
512.1	98.1	158.99686944411513
512.1	100.1	158.99686944411513
512.1	102.1	158.99686944411513
512.1	104.1	158.99686944411513
512.1	106.1	158.99686944411513
512.1	108.1	158.99686944411513
512.1	110.1	158.99686944411513
512.1	112.1	158.99686944411513
512.1	114.1	158.99686944411513
512.1	116.1	158.99686944411513
512.1	118.1	158.99686944411513
514.1	0.1	159.54030576297518
514.1	2.1	159.54030576297518
514.1	4.1	159.54030576297518
514.1	6.1	159.54030576297518
514.1	8.1	159.54030576297518
514.1	10.1	159.54030576297518
514.1	12.1	159.54030576297518
514.1	14.1	159.54030576297518
514.1	16.1	159.54030576297518
514.1	18.1	159.54030576297518
514.1	20.1	159.54030576297518
514.1	22.1	159.54030576297518
514.1	24.1	159.54030576297518
514.1	26.1	159.54030576297518
514.1	28.1	159.54030576297518
514.1	30.1	159.54030576297518
514.1	32.1	159.54030576297518
514.1	34.1	159.54030576297518
514.1	36.1	159.54030576297518
514.1	38.1	159.54030576297518
514.1	40.1	159.54030576297518
514.1	42.1	159.54030576297518
514.1	44.1	159.54030576297518
514.1	46.1	159.54030576297518
514.1	48.1	159.54030576297518
514.1	50.1	159.54030576297518
514.1	52.1	159.54030576297518
514.1	54.1	159.54030576297518
514.1	56.1	159.54030576297518
514.1	58.1	159.54030576297518
514.1	60.1	159.54030576297518
514.1	62.1	159.54030576297518
514.1	64.1	159.54030576297518
514.1	66.1	159.54030576297518
514.1	68.1	159.54030576297518
514.1	70.1	159.54030576297518
514.1	72.1	159.54030576297518
514.1	74.1	159.54030576297518
514.1	76.1	159.54030576297518
514.1	78.1	159.54030576297518
514.1	80.1	159.54030576297518
514.1	82.1	159.54030576297518
514.1	84.1	159.54030576297518
514.1	86.1	159.54030576297518
514.1	88.1	159.54030576297518
514.1	90.1	159.54030576297518
514.1	92.1	159.54030576297518
514.1	94.1	159.54030576297518
514.1	96.1	159.54030576297518
514.1	98.1	159.54030576297518
514.1	100.1	159.54030576297518
514.1	102.1	159.54030576297518
514.1	104.1	159.54030576297518
514.1	106.1	159.54030576297518
514.1	108.1	159.54030576297518
514.1	110.1	159.54030576297518
514.1	112.1	159.54030576297518
514.1	114.1	159.54030576297518
514.1	116.1	159.54030576297518
514.1	118.1	159.54030576297518
516.1	0.1	160.08374208183523
516.1	2.1	160.08374208183523
516.1	4.1	160.08374208183523
516.1	6.1	160.08374208183523
516.1	8.1	160.08374208183523
516.1	10.1	160.08374208183523
516.1	12.1	160.08374208183523
516.1	14.1	160.08374208183523
516.1	16.1	160.08374208183523
516.1	18.1	160.08374208183523
516.1	20.1	160.08374208183523
516.1	22.1	160.08374208183523
516.1	24.1	160.08374208183523
516.1	26.1	160.08374208183523
516.1	28.1	160.08374208183523
516.1	30.1	160.08374208183523
516.1	32.1	160.08374208183523
516.1	34.1	160.08374208183523
516.1	36.1	160.08374208183523
516.1	38.1	160.08374208183523
516.1	40.1	160.08374208183523
516.1	42.1	160.08374208183523
516.1	44.1	160.08374208183523
516.1	46.1	160.08374208183523
516.1	48.1	160.08374208183523
516.1	50.1	160.08374208183523
516.1	52.1	160.08374208183523
516.1	54.1	160.08374208183523
516.1	56.1	160.08374208183523
516.1	58.1	160.08374208183523
516.1	60.1	160.08374208183523
516.1	62.1	160.08374208183523
516.1	64.1	160.08374208183523
516.1	66.1	160.08374208183523
516.1	68.1	160.08374208183523
516.1	70.1	160.08374208183523
516.1	72.1	160.08374208183523
516.1	74.1	160.08374208183523
516.1	76.1	160.08374208183523
516.1	78.1	160.08374208183523
516.1	80.1	160.08374208183523
516.1	82.1	160.08374208183523
516.1	84.1	160.08374208183523
516.1	86.1	160.08374208183523
516.1	88.1	160.08374208183523
516.1	90.1	160.08374208183523
516.1	92.1	160.08374208183523
516.1	94.1	160.08374208183523
516.1	96.1	160.08374208183523
516.1	98.1	160.08374208183523
516.1	100.1	160.08374208183523
516.1	102.1	160.08374208183523
516.1	104.1	160.08374208183523
516.1	106.1	160.08374208183523
516.1	108.1	160.08374208183523
516.1	110.1	160.08374208183523
516.1	112.1	160.08374208183523
516.1	114.1	160.08374208183523
516.1	116.1	160.08374208183523
516.1	118.1	160.08374208183523
518.1	0.1	160.62717840069527
518.1	2.1	160.62717840069527
518.1	4.1	160.62717840069527
518.1	6.1	160.62717840069527
518.1	8.1	160.62717840069527
518.1	10.1	160.62717840069527
518.1	12.1	160.62717840069527
518.1	14.1	160.62717840069527
518.1	16.1	160.62717840069527
518.1	18.1	160.62717840069527
518.1	20.1	160.62717840069527
518.1	22.1	160.62717840069527
518.1	24.1	160.62717840069527
518.1	26.1	160.62717840069527
518.1	28.1	160.62717840069527
518.1	30.1	160.62717840069527
518.1	32.1	160.62717840069527
518.1	34.1	160.62717840069527
518.1	36.1	160.62717840069527
518.1	38.1	160.62717840069527
518.1	40.1	160.62717840069527
518.1	42.1	160.62717840069527
518.1	44.1	160.62717840069527
518.1	46.1	160.62717840069527
518.1	48.1	160.62717840069527
518.1	50.1	160.62717840069527
518.1	52.1	160.62717840069527
518.1	54.1	160.62717840069527
518.1	56.1	160.62717840069527
518.1	58.1	160.62717840069527
518.1	60.1	160.62717840069527
518.1	62.1	160.62717840069527
518.1	64.1	160.62717840069527
518.1	66.1	160.62717840069527
518.1	68.1	160.62717840069527
518.1	70.1	160.62717840069527
518.1	72.1	160.62717840069527
518.1	74.1	160.62717840069527
518.1	76.1	160.62717840069527
518.1	78.1	160.62717840069527
518.1	80.1	160.62717840069527
518.1	82.1	160.62717840069527
518.1	84.1	160.62717840069527
518.1	86.1	160.62717840069527
518.1	88.1	160.62717840069527
518.1	90.1	160.62717840069527
518.1	92.1	160.62717840069527
518.1	94.1	160.62717840069527
518.1	96.1	160.62717840069527
518.1	98.1	160.62717840069527
518.1	100.1	160.62717840069527
518.1	102.1	160.62717840069527
518.1	104.1	160.62717840069527
518.1	106.1	160.62717840069527
518.1	108.1	160.62717840069527
518.1	110.1	160.62717840069527
518.1	112.1	160.62717840069527
518.1	114.1	160.62717840069527
518.1	116.1	160.62717840069527
518.1	118.1	160.62717840069527