0.1	0.1	-0.046446463051859996
0.1	1.1	0.13005241162059278
0.1	2.1	0.180843286214574
0.1	3.1	0.23326240288194608
0.1	4.1	0.2849038659500015
0.1	5.1	0.3356490748972877
0.1	6.1	0.3855877490064523
0.1	7.1	0.4348206944226215
0.1	8.1	0.4834329896483076
0.1	9.1	0.5314929527541413
0.1	10.1	0.5790551436152352
0.1	11.1	0.6261634059987172
0.1	12.1	0.6728532899250156
0.1	13.1	0.7191538738269554
0.1	14.1	0.7650891189564821
0.1	15.1	0.8106788791216568
0.1	16.1	0.8559396596071878
0.1	17.1	0.900885192928528
0.1	18.1	0.9455268794235534
0.1	19.1	0.9898741267258775
0.1	20.1	1.033934612391186
0.1	21.1	1.077714487099147
0.1	22.1	1.1212185310098703
0.1	23.1	1.1644502723796362
0.1	24.1	1.2074120750016422
0.1	25.1	1.2501051991369672
0.1	26.1	1.2925298391329056
0.1	27.1	1.3346851397439512
0.1	28.1	1.3765691921666605
0.1	29.1	1.4181790098882145
0.1	30.1	1.4595104835565136
0.1	31.1	1.5005583131368687
0.1	32.1	1.5413159145510344
0.1	33.1	1.581775296707511
0.1	34.1	1.621926903209592
0.1	35.1	1.6617594109065483
0.1	36.1	1.7012594745999952
0.1	37.1	1.740411403286075
0.1	38.1	1.77919674777998
0.1	39.1	1.817593771617282
0.1	40.1	1.8555767654594408
0.1	41.1	1.8931151477325758
0.1	42.1	1.930172267352021
0.1	43.1	1.9667037820034483
0.1	44.1	2.0026554166211588
0.1	45.1	2.037959791124553
0.1	46.1	2.0725318048215886
0.1	47.1	2.1062616970997503
0.1	48.1	2.139004197323645
0.1	49.1	2.1705607318072535
0.1	50.1	2.200648469082112
0.1	51.1	2.228842266663123
0.1	52.1	2.254454516474083
0.1	53.1	2.2762506161871823
0.1	54.1	2.2916329972137235
0.1	55.1	2.293637035817625
0.1	56.1	2.2858232770109512
0.1	57.1	2.2610261304676142
0.1	58.1	2.2165825772471885
0.1	59.1	2.1519731173502588
0.1	60.1	2.0723274826977627
1.1	0.1	0.1441954954888313
1.1	1.1	0.18704559819604277
1.1	2.1	0.23766587239373244
1.1	3.1	0.28853220317831896
1.1	4.1	0.3388555258763347
1.1	5.1	0.38853628158044107
1.1	6.1	0.43760124593478283
1.1	7.1	0.4861005628974067
1.1	8.1	0.534083903395788
1.1	9.1	0.5815949682311198
1.1	10.1	0.6286708564420984
1.1	11.1	0.6753427182668575
1.1	12.1	0.7216366516156508
1.1	13.1	0.7675745395113047
1.1	14.1	0.8131747554784708
1.1	15.1	0.8584527353719746
1.1	16.1	0.9034214339471741
1.1	17.1	0.9480916872817048
1.1	18.1	0.9924724997785819
1.1	19.1	1.036571270971817
1.1	20.1	1.0803939740383817
1.1	21.1	1.1239452951427795
1.1	22.1	1.1672287405167228
1.1	23.1	1.2102467164198196
1.1	24.1	1.253000585733425
1.1	25.1	1.295490703813718
1.1	26.1	1.337716435291293
1.1	27.1	1.379676152686043
1.1	28.1	1.4213672169501517
1.1	29.1	1.4627859393056206
1.1	30.1	1.503927522952869
1.1	31.1	1.5447859823348795
1.1	32.1	1.5853540365763683
1.1	33.1	1.625622972387713
1.1	34.1	1.6655824700035924
1.1	35.1	1.7052203834386788
1.1	36.1	1.7445224632276553
1.1	37.1	1.7834720054857829
1.1	38.1	1.8220494049845017
1.1	39.1	1.8602315810532366
1.1	40.1	1.8979912320020078
1.1	41.1	1.9352958539583762
1.1	42.1	1.972106429385253
1.1	43.1	2.008375641877843
1.1	44.1	2.0440453941152277
1.1	45.1	2.0790432706578446
1.1	46.1	2.1132773487611867
1.1	47.1	2.1466283196138463
1.1	48.1	2.17893702229156
1.1	49.1	2.2099837010029613
1.1	50.1	2.2394512542144667
1.1	51.1	2.26685467165822
1.1	52.1	2.29139033635997
1.1	53.1	2.311563313915311
1.1	54.1	2.3240518218181965
1.1	55.1	2.3196721740087525
1.1	56.1	2.311695452275558
1.1	57.1	2.2808052273132753
1.1	58.1	2.2307030393013974
1.1	59.1	2.163035051012983
1.1	60.1	2.078046959782016
2.1	0.1	0.19446719275143384
2.1	1.1	0.24256678783071753
2.1	2.1	0.2924411610766692
2.1	3.1	0.34224685845918906
2.1	4.1	0.39161800301790717
2.1	5.1	0.4404833607238584
2.1	6.1	0.48884861371072946
2.1	7.1	0.5367403519251231
2.1	8.1	0.584189109884629
2.1	9.1	0.6312239367253509
2.1	10.1	0.6778707948194092
2.1	11.1	0.7241522999200877
2.1	12.1	0.7700879231308903
2.1	13.1	0.8156943271167043
2.1	14.1	0.8609857134736816
2.1	15.1	0.9059741376008952
2.1	16.1	0.9506697788495777
2.1	17.1	0.9950811659089855
2.1	18.1	1.0392153616611577
2.1	19.1	1.08307811275949
2.1	20.1	1.1266739689219791
2.1	21.1	1.1700063762126787
2.1	22.1	1.2130777477609271
2.1	23.1	1.255889514570789
2.1	24.1	1.2984421583428014
2.1	25.1	1.34073522756593
2.1	26.1	1.3827673375212088
2.1	27.1	1.4245361542437731
2.1	28.1	1.4660383618858828
2.1	29.1	1.507269612274214
2.1	30.1	1.5482244547174093
2.1	31.1	1.5888962432408222
2.1	32.1	1.6292770173340245
2.1	33.1	1.6693573508965482
2.1	34.1	1.7091261622226273
2.1	35.1	1.7485704753800502
2.1	36.1	1.7876751199212375
2.1	37.1	1.8264223510780024
2.1	38.1	1.8647913657592194
2.1	39.1	1.902757679727627
2.1	40.1	1.9402923165595194
2.1	41.1	1.9773607365440216
2.1	42.1	2.0139213987116764
2.1	43.1	2.049923793178011
2.1	44.1	2.0853056884313648
2.1	45.1	2.119989179653533
2.1	46.1	2.1538748411471254
2.1	47.1	2.18683275577814
2.1	48.1	2.218688142884615
2.1	49.1	2.249197072627332
2.1	50.1	2.2780025936831825
2.1	51.1	2.30454834459475
2.1	52.1	2.327887688506063
2.1	53.1	2.346188800143933
2.1	54.1	2.3551295517009274
2.1	55.1	2.348908871741236
2.1	56.1	2.335850500417319
2.1	57.1	2.300141245731284
2.1	58.1	2.244861122117853
2.1	59.1	2.1737450279376636
2.1	60.1	2.081677536436024
3.1	0.1	0.24806851820333564
3.1	1.1	0.29667129435761624
3.1	2.1	0.34584359707390444
3.1	3.1	0.39484497784889183
3.1	4.1	0.4434748682316309
3.1	5.1	0.491682596463887
3.1	6.1	0.5394663090343368
3.1	7.1	0.5868406481892606
3.1	8.1	0.6338250988233142
3.1	9.1	0.6804395343577105
3.1	10.1	0.7267025218039082
3.1	11.1	0.7726307474227917
3.1	12.1	0.8182389077786217
3.1	13.1	0.8635397893762271
3.1	14.1	0.9085444160288384
3.1	15.1	0.9532622107223824
3.1	16.1	0.9977011490899473
3.1	17.1	1.0418678954777998
3.1	18.1	1.0857679189024823
3.1	19.1	1.1294055889723356
3.1	20.1	1.1727842529337251
3.1	21.1	1.2159062952849315
3.1	22.1	1.2587731813039882
3.1	23.1	1.3013854855648213
3.1	24.1	1.3437429061637558
3.1	25.1	1.3858442649852123
3.1	26.1	1.4276874939115085
3.1	27.1	1.4692696064205737
3.1	28.1	1.5105866534993078
3.1	29.1	1.5516336622016609
3.1	30.1	1.5924045544606709
3.1	31.1	1.632892042869513
3.1	32.1	1.673087499004457
3.1	33.1	1.7129807883684856
3.1	34.1	1.7525600640388974
3.1	35.1	1.7918115083867951
3.1	36.1	1.8307190084748355
3.1	37.1	1.8692637454359564
3.1	38.1	1.9074236705201568
3.1	39.1	1.9451728293475983
3.1	40.1	1.9824804792403066
3.1	41.1	2.019309919012899
3.1	42.1	2.055616910603966
3.1	43.1	2.0913475073459677
3.1	44.1	2.126434995954196
3.1	45.1	2.160795472862023
3.1	46.1	2.1943212386246462
3.1	47.1	2.226870553948047
3.1	48.1	2.258251009577835
3.1	49.1	2.2881909623684966
3.1	50.1	2.316286853356256
3.1	51.1	2.3418966198113598
3.1	52.1	2.3638953773701217
3.1	53.1	2.380008617453301
3.1	54.1	2.38451870035052
3.1	55.1	2.3770718649591744
3.1	56.1	2.3580100351607536
3.1	57.1	2.3178422652357997
3.1	58.1	2.2579857177086913
3.1	59.1	2.183445437719199
3.1	60.1	2.0827526792977666
4.1	0.1	0.30127165926919286
4.1	1.1	0.3496695079361308
4.1	2.1	0.39823079266606265
4.1	3.1	0.44658441562955414
4.1	4.1	0.49460844788317915
4.1	5.1	0.5422660897693818
4.1	6.1	0.5895528645116611
4.1	7.1	0.6364769332942003
4.1	8.1	0.6830510491452677
4.1	9.1	0.7292890897623416
4.1	10.1	0.7752045393984911
4.1	11.1	0.8208098456842254
4.1	12.1	0.8661161814028057
4.1	13.1	0.9111333947704824
4.1	14.1	0.9558700448284408
4.1	15.1	1.0003334714139687
4.1	16.1	1.0445298748027596
4.1	17.1	1.08846439285638
4.1	18.1	1.1321411699344848
4.1	19.1	1.1755634150687249
4.1	20.1	1.218733448485729
4.1	21.1	1.2616527362900534
4.1	22.1	1.3043219133768043
4.1	23.1	1.3467407946469732
4.1	24.1	1.3889083744541042
4.1	25.1	1.430822813971278
4.1	26.1	1.4724814158536745
4.1	27.1	1.5138805851858306
4.1	28.1	1.5550157752317608
4.1	29.1	1.595881415925717
4.1	30.1	1.6364708223132822
4.1	31.1	1.6767760792213577
4.1	32.1	1.7167878972221555
4.1	33.1	1.7564954333466387
4.1	34.1	1.7958860678313282
4.1	35.1	1.8349451252042774
4.1	36.1	1.8736555238638213
4.1	37.1	1.9119973324148685
4.1	38.1	1.9499472025235527
4.1	39.1	1.9874776355293688
4.1	40.1	2.0245560212201186
4.1	41.1	2.061143358173553
4.1	42.1	2.0971925192249037
4.1	43.1	2.1326458509772075
4.1	44.1	2.1674317705938755
4.1	45.1	2.2014598031944628
4.1	46.1	2.234613100751317
4.1	47.1	2.2667367072717926
4.1	48.1	2.2976182414220707
4.1	49.1	2.3269541367729913
4.1	50.1	2.3542859823417954
4.1	51.1	2.3788679062762155
4.1	52.1	2.3993502237835442
4.1	53.1	2.412867380586953
4.1	54.1	2.4117744613523286
4.1	55.1	2.403992967002868
4.1	56.1	2.377949053999155
4.1	57.1	2.3338426864626607
4.1	58.1	2.2700330609660315
4.1	59.1	2.191921712807531
4.1	60.1	2.0809355177030433
5.1	0.1	0.3537522845149109
5.1	1.1	0.40179081283131385
5.1	2.1	0.4498215827001696
5.1	3.1	0.49763264532512413
5.1	4.1	0.5451443460056449
5.1	5.1	0.5923292614635591
5.1	6.1	0.6391821817284619
5.1	7.1	0.6857075573360154
5.1	8.1	0.7319138516971073
5.1	9.1	0.777810879950658
5.1	10.1	0.8234085270735776
5.1	11.1	0.868716133702183
5.1	12.1	0.9137422153976924
5.1	13.1	0.9584943509001999
5.1	14.1	1.0029791555363579
5.1	15.1	1.0472022959057974
5.1	16.1	1.0911685224693626
5.1	17.1	1.1348817074578268
5.1	18.1	1.178344881309427
5.1	19.1	1.2215602639749445
5.1	20.1	1.2645292891104054
5.1	21.1	1.3072526200501624
5.1	22.1	1.3497301568627356
5.1	23.1	1.3919610339265356
5.1	24.1	1.433943607424365
5.1	25.1	1.4756754319969367
5.1	26.1	1.5171532255395894
5.1	27.1	1.5583728207764231
5.1	28.1	1.5993291017909042
5.1	29.1	1.640015923106644
5.1	30.1	1.680426008156273
5.1	31.1	1.7205508229904414
5.1	32.1	1.7603804197761501
5.1	33.1	1.799903242887894
5.1	34.1	1.8391058880216349
5.1	35.1	1.8779728014856834
5.1	36.1	1.91648590222903
5.1	37.1	1.954624102617257
5.1	38.1	1.9923626944547863
5.1	39.1	2.029672552666018
5.1	40.1	2.066519087728681
5.1	41.1	2.102860844898634
5.1	42.1	2.1386475956144153
5.1	43.1	2.173817680005777
5.1	44.1	2.2082942124152836
5.1	45.1	2.2419795016663473
5.1	46.1	2.274746555418564
5.1	47.1	2.306425593036792
5.1	48.1	2.336781514622758
5.1	49.1	2.365473792856392
5.1	50.1	2.3919790280652036
5.1	51.1	2.415424448762617
5.1	52.1	2.4341731890001714
5.1	53.1	2.444558292574447
5.1	54.1	2.43891269440855
5.1	55.1	2.4294682701206765
5.1	56.1	2.3978173573909385
5.1	57.1	2.3481999655215957
5.1	58.1	2.281086429668392
5.1	59.1	2.1986672270291887
6.1	0.1	0.40554249359054034
6.1	1.1	0.45319701679794105
6.1	2.1	0.5007622736988764
6.1	3.1	0.5481061030853382
6.1	4.1	0.5951735845730576
6.1	5.1	0.6419437504126425
6.1	6.1	0.6884113920841042
6.1	7.1	0.7345787373137888
6.1	8.1	0.7804514085818782
6.1	9.1	0.8260363798913215
6.1	10.1	0.871340919282212
6.1	11.1	0.916372038158152
6.1	12.1	0.961136208910996
6.1	13.1	1.0056392270431143
6.1	14.1	1.0498861513560824
6.1	15.1	1.0938812856004994
6.1	16.1	1.1376281809871995
6.1	17.1	1.1811296477685707
6.1	18.1	1.2243877690367377
6.1	19.1	1.2674039126825347
6.1	20.1	1.3101787390410418
6.1	21.1	1.3527122026235343
6.1	22.1	1.395003546785051
6.1	23.1	1.437051290360773
6.1	24.1	1.4788532053116343
6.1	25.1	1.5204062842968558
6.1	26.1	1.5617066968588755
6.1	27.1	1.6027497325664068
6.1	28.1	1.6435297290014035
6.1	29.1	1.6840399818682097
6.1	30.1	1.7242726337042664
6.1	31.1	1.76421853661578
6.1	32.1	1.803867083052757
6.1	33.1	1.8432059967355272
6.1	34.1	1.8822210732423763
6.1	35.1	1.9208958561560048
6.1	36.1	1.9592112295753015
6.1	37.1	1.997144900500903
6.1	38.1	2.0346707339483467
6.1	39.1	2.0717578877714575
6.1	40.1	2.108369670005216
6.1	41.1	2.144462003794559
6.1	42.1	2.1799813243823367
6.1	43.1	2.214861632235343
6.1	44.1	2.2490202539454622
6.1	45.1	2.282351553769878
6.1	46.1	2.3147172582728137
6.1	47.1	2.3459309009958855
6.1	48.1	2.375731428826413
6.1	49.1	2.40373528720666
6.1	50.1	2.4293415195480517
6.1	51.1	2.4515206770836833
6.1	52.1	2.468263920665886
6.1	53.1	2.4748046131193204
6.1	54.1	2.467754182273671
6.1	55.1	2.4532602564323853
6.1	56.1	2.417143752440808
6.1	57.1	2.362305192476136
6.1	58.1	2.292014157957256
6.1	59.1	2.203604931099212
7.1	0.1	0.4567225921624336
7.1	1.1	0.5040051025932204
7.1	2.1	0.5511568012717394
7.1	3.1	0.5980898464410999
7.1	4.1	0.6447647253640217
7.1	5.1	0.6911650114472366
7.1	6.1	0.7372857649924887
7.1	7.1	0.7831278284174817
7.1	8.1	0.8286948776363761
7.1	9.1	0.8739918431285698
7.1	10.1	0.9190240446459683
7.1	11.1	0.9637967114929861
7.1	12.1	1.008314716759889
7.1	13.1	1.052582432335678
7.1	14.1	1.0966036525347773
7.1	15.1	1.1403815563694446
7.1	16.1	1.1839186908680586
7.1	17.1	1.2272169648936835
7.1	18.1	1.270277647011376
7.1	19.1	1.3131013633526287
7.1	20.1	1.3556880928303996
7.1	21.1	1.3980371578630513
7.1	22.1	1.4401472091963643
7.1	23.1	1.4820162035997362
7.1	24.1	1.5236413732293481
7.1	25.1	1.5650191853362923
7.1	26.1	1.6061452907671954
7.1	27.1	1.6470144593577014
7.1	28.1	1.6876204998395297
7.1	29.1	1.727956161238911
7.1	30.1	1.7680130118892505
7.1	31.1	1.807781291040957
7.1	32.1	1.8472497265198198
7.1	33.1	1.886405309805303
7.1	34.1	1.925233017039551
7.1	35.1	1.9637154604879994
7.1	36.1	2.00183244932056
7.1	37.1	2.039560430439178
7.1	38.1	2.076871768124269
7.1	39.1	2.1137338033620456
7.1	40.1	2.150107606258143
7.1	41.1	2.18594629176445
7.1	42.1	2.2211926990631885
7.1	43.1	2.2557761180987486
7.1	44.1	2.289607543911742
7.1	45.1	2.322572571777489
7.1	46.1	2.3545203451155774
7.1	47.1	2.3852455484543227
7.1	48.1	2.414457345843784
7.1	49.1	2.4417218004686436
7.1	50.1	2.4663446747583353
7.1	51.1	2.487100977010556
7.1	52.1	2.50149303914344
7.1	53.1	2.5032439654332643
7.1	54.1	2.4955223840675136
7.1	55.1	2.4751205013162734
7.1	56.1	2.4349185966536906
7.1	57.1	2.3756828868200452
7.1	58.1	2.302074461304447
7.1	59.1	2.2065143620799668
8.1	0.1	0.507369675502158
8.1	1.1	0.5543023427956832
8.1	2.1	0.6010823537380726
8.1	3.1	0.6476483889138831
8.1	4.1	0.6939710091798457
8.1	5.1	0.7400370491878568
8.1	6.1	0.7858419115377316
8.1	7.1	0.8313855434009901
8.1	8.1	0.8766702454270602
8.1	9.1	0.9216994405149874
8.1	10.1	0.9664769663508884
8.1	11.1	1.011006663017167
8.1	12.1	1.0552921308725858
8.1	13.1	1.0993365882808321
8.1	14.1	1.1431427883030616
8.1	15.1	1.1867129700254702
8.1	16.1	1.2300488297186543
8.1	17.1	1.2731515026239613
8.1	18.1	1.3160215495042473
8.1	19.1	1.358658944108388
8.1	20.1	1.4010630589060447
8.1	21.1	1.4432326471555985
8.1	22.1	1.4851658197517092
8.1	23.1	1.5268600154636627
8.1	24.1	1.5683119631806641
8.1	25.1	1.60951763465588
8.1	26.1	1.6504721859978775
8.1	27.1	1.691169885791011
8.1	28.1	1.7316040272158062
8.1	29.1	1.7717668208512594
8.1	30.1	1.81164926391852
8.1	31.1	1.8512409804884158
8.1	32.1	1.8905300255044595
8.1	33.1	1.9295026431929276
8.1	34.1	1.9681429672812238
8.1	35.1	2.006432646031174
8.1	36.1	2.0443503688103712
8.1	37.1	2.081871261825384
8.1	38.1	2.1189661072106474
8.1	39.1	2.1556003194227418
8.1	40.1	2.1917325816495956
8.1	41.1	2.2273129954505
8.1	42.1	2.2622805160678685
8.1	43.1	2.2965593094960943
8.1	44.1	2.3300534281066767
8.1	45.1	2.3626387623692926
8.1	46.1	2.394150376025093
8.1	47.1	2.4243615793308484
8.1	48.1	2.4529471940061853
8.1	49.1	2.4794139183275448
8.1	50.1	2.5029543703196273
8.1	51.1	2.522096641139543
8.1	52.1	2.533691348721999
8.1	53.1	2.5294498569424886
8.1	54.1	2.522055232868791
8.1	55.1	2.494863719283099
8.1	56.1	2.4510774341147807
8.1	57.1	2.388011714781657
8.1	58.1	2.3110677686702004
8.1	59.1	2.206965384641738
9.1	0.1	0.557549145415689
9.1	1.1	0.6041557374539038
9.1	2.1	0.6505982380430073
9.1	3.1	0.6968321265246424
9.1	4.1	0.7428348084206859
9.1	5.1	0.7885955046677258
9.1	6.1	0.8341099541248105
9.1	7.1	0.8793775049083529
9.1	8.1	0.9243994582502679
9.1	9.1	0.9691780986856292
9.1	10.1	1.0137161138858066
9.1	11.1	1.0580162420086594
9.1	12.1	1.1020810547688338
9.1	13.1	1.1459128226515494
9.1	14.1	1.1895134301638055
9.1	15.1	1.2328843214232534
9.1	16.1	1.276026463725248
9.1	17.1	1.318940321154664
9.1	18.1	1.3616258330141195
9.1	19.1	1.4040823935030093
9.1	20.1	1.4463088300967117
9.1	21.1	1.4883033786754813
9.1	22.1	1.5300636537764425
9.1	23.1	1.5715866124715843
9.1	24.1	1.6128685103557718
9.1	25.1	1.653904847983998
9.1	26.1	1.6946903058313896
9.1	27.1	1.735218665453424
9.1	28.1	1.7754827139735778
9.1	29.1	1.8154741282809623
9.1	30.1	1.8551833343199182
9.1	31.1	1.8945993355062334
9.1	32.1	1.9337095024772633
9.1	33.1	1.9724993138789562
9.1	34.1	2.0109520344176746
9.1	35.1	2.049048311513309
9.1	36.1	2.086765664894776
9.1	37.1	2.12407783329713
9.1	38.1	2.1609539273078715
9.1	39.1	2.1973573144913736
9.1	40.1	2.233244127311427
9.1	41.1	2.2685612275252747
9.1	42.1	2.303243367144089
9.1	43.1	2.337209126524557
9.1	44.1	2.3703549270093465
9.1	45.1	2.4025458888434743
9.1	46.1	2.4336012696451292
9.1	47.1	2.4632700436725723
9.1	48.1	2.491187229301607
9.1	49.1	2.5167891034686947
9.1	50.1	2.5391297863937945
9.1	51.1	2.556421651171157
9.1	52.1	2.5646355407584482
9.1	53.1	2.557996270443901
9.1	54.1	2.547159618863881
9.1	55.1	2.5148280601951885
9.1	56.1	2.465655469122459
9.1	57.1	2.3993467428937567
9.1	58.1	2.3187201026430904
10.1	0.1	0.6073149868846579
10.1	1.1	0.6536180047032014
10.1	2.1	0.6997512651252374
10.1	3.1	0.7456813739302945
10.1	4.1	0.7913905352669433
10.1	5.1	0.836869745091401
10.1	6.1	0.8821150423347841
10.1	7.1	0.927125360013246
10.1	8.1	0.9719012536415859
10.1	9.1	1.0164441293962823
10.1	10.1	1.0607557659164626
10.1	11.1	1.1048380129643034
10.1	12.1	1.1486925986388372
10.1	13.1	1.192321004066487
10.1	14.1	1.2357243802496212
10.1	15.1	1.2789034911082031
10.1	16.1	1.3218586724207584
10.1	17.1	1.3645897998669603
10.1	18.1	1.407096261552998
10.1	19.1	1.449376931762076
10.1	20.1	1.491430143512363
10.1	21.1	1.5332536580015033
10.1	22.1	1.5748446292776361
10.1	23.1	1.6161995625650964
10.1	24.1	1.657314264623444
10.1	25.1	1.6981837843462821
10.1	26.1	1.7388023415112308
10.1	27.1	1.7791632411604132
10.1	28.1	1.819258770493404
10.1	29.1	1.8590800743458562
10.1	30.1	1.898617004237897
10.1	31.1	1.9378579345052387
10.1	32.1	1.9767895370234276
10.1	33.1	2.015396503280745
10.1	34.1	2.0536611987166564
10.1	35.1	2.091563228815713
10.1	36.1	2.1290788886486354
10.1	37.1	2.166180456143124
10.1	38.1	2.2028352723376803
10.1	39.1	2.2390045258821867
10.1	40.1	2.2746416183857034
10.1	41.1	2.3096899217841034
10.1	42.1	2.3440796302320335
10.1	43.1	2.3777232218707414
10.1	44.1	2.410508709713142
10.1	45.1	2.4422892270042147
10.1	46.1	2.4728662257109724
10.1	47.1	2.5019608531469215
10.1	48.1	2.5291617416695527
10.1	49.1	2.553821023658517
10.1	50.1	2.57482160255168
10.1	51.1	2.589966805597089
10.1	52.1	2.5940326417850796
10.1	53.1	2.586461202062356
10.1	54.1	2.57061606105554
10.1	55.1	2.5341457162371435
10.1	56.1	2.4797028648407977
10.1	57.1	2.410214462460364
10.1	58.1	2.32467909957908
11.1	0.1	0.6567116783941775
11.1	1.1	0.7027315011989897
11.1	2.1	0.7485791990650218
11.1	3.1	0.7942290180644888
11.1	4.1	0.8396666146967373
11.1	5.1	0.884884324149792
11.1	6.1	0.9298784405763904
11.1	7.1	0.9746475987908929
11.1	8.1	1.0191917837543367
11.1	9.1	1.0635117099781644
11.1	10.1	1.1076084249122344
11.1	11.1	1.1514830509433207
11.1	12.1	1.1951366145971862
11.1	13.1	1.2385699311892653
11.1	14.1	1.2817835248471037
11.1	15.1	1.3247775709273968
11.1	16.1	1.3675518522485475
11.1	17.1	1.4101057233231127
11.1	18.1	1.4524380785246804
11.1	19.1	1.4945473212301787
11.1	20.1	1.5364313316644753
11.1	21.1	1.5780874315753561
11.1	22.1	1.6195123440658659
11.1	23.1	1.6607021469559
11.1	24.1	1.701652217961052
11.1	25.1	1.7423571697726803
11.1	26.1	1.7828107727935922
11.1	27.1	1.8230058628100723
11.1	28.1	1.8629342302297314
11.1	29.1	1.9025864866336444
11.1	30.1	1.9419519032030017
11.1	31.1	1.9810182139711658
11.1	32.1	2.0197713746542605
11.1	33.1	2.058195264778734
11.1	34.1	2.096271316578786
11.1	35.1	2.1339780481077693
11.1	36.1	2.171290469303192
11.1	37.1	2.2081793169426875
11.1	38.1	2.2446100552087125
11.1	39.1	2.2805415490580474
11.1	40.1	2.315924271068908
11.1	41.1	2.350697826972308
11.1	42.1	2.3847874585732582
11.1	43.1	2.418098962586776
11.1	44.1	2.450511063614377
11.1	45.1	2.4818635136179754
11.1	46.1	2.511937633404041
11.1	47.1	2.54042260677695
11.1	48.1	2.5668526910619254
11.1	49.1	2.5904786878627872
11.1	50.1	2.6099695670521523
11.1	51.1	2.622591581321492
11.1	52.1	2.6215167566790876
11.1	53.1	2.6138548641251265
11.1	54.1	2.5922036803210577
11.1	55.1	2.5519872605245
11.1	56.1	2.4933153045080387
11.1	57.1	2.420578334361097
11.1	58.1	2.328909539753762
12.1	0.1	0.7057761011283513
12.1	1.1	0.7515308694974848
12.1	2.1	0.7971130620908461
12.1	3.1	0.8425023295216376
12.1	4.1	0.8876868663117443
12.1	5.1	0.9326600303635627
12.1	6.1	0.977418326668194
12.1	7.1	1.0219601675652727
12.1	8.1	1.0662850908387096
12.1	9.1	1.1103932557246916
12.1	10.1	1.1542851117054187
12.1	11.1	1.197961176801941
12.1	12.1	1.2414218862498392
12.1	13.1	1.284667486799523
12.1	14.1	1.3276979606198382
12.1	15.1	1.37051296820952
12.1	16.1	1.413111803146398
12.1	17.1	1.455493353691797
12.1	18.1	1.4976560676708703
12.1	19.1	1.5395979179433608
12.1	20.1	1.5813163663319334
12.1	21.1	1.6228083241902962
12.1	22.1	1.6640701079336553
12.1	23.1	1.7050973878555444
12.1	24.1	1.745885128434974
12.1	25.1	1.7864275180988305
12.1	26.1	1.8267178860363873
12.1	27.1	1.8667486031424647
12.1	28.1	1.9065109634542947
12.1	29.1	1.9459950414856764
12.1	30.1	1.9851895195635119
12.1	31.1	2.0240814775088825
12.1	32.1	2.062656134589751
12.1	33.1	2.1008965303255067
12.1	34.1	2.1387831260223202
12.1	35.1	2.1762933022128235
12.1	36.1	2.2134007174447565
12.1	37.1	2.2500744794774685
12.1	38.1	2.2862780582196067
12.1	39.1	2.3219678361491467
12.1	40.1	2.35709113862494
12.1	41.1	2.3915834992608977
12.1	42.1	2.425364767898456
12.1	43.1	2.458333408912932
12.1	44.1	2.4903578591996323
12.1	45.1	2.5212628860745823
12.1	46.1	2.5508069625121403
12.1	47.1	2.5786423795199367
12.1	48.1	2.60423925268993
12.1	49.1	2.6267253234431767
12.1	50.1	2.64449918687097
12.1	51.1	2.6541132088018697
12.1	52.1	2.647889411490004
12.1	53.1	2.640021559973189
12.1	54.1	2.611771566586547
12.1	55.1	2.5682901088111985
12.1	56.1	2.5059117078894104
12.1	57.1	2.42999088416931
12.1	58.1	2.3311636728898506
13.1	0.1	0.7545391143619938
13.1	1.1	0.8000448782623969
13.1	2.1	0.8453787297429136
13.1	3.1	0.8905242383353219
13.1	4.1	0.9354714986128929
13.1	5.1	0.9802146573692787
13.1	6.1	1.0247503900787913
13.1	7.1	1.069076936444854
13.1	8.1	1.113193475524059
13.1	9.1	1.1570997124621833
13.1	10.1	1.2007955999092197
13.1	11.1	1.2442811465884611
13.1	12.1	1.287556282939457
13.1	13.1	1.330620764366133
13.1	14.1	1.3734740992173493
13.1	15.1	1.4161154928018034
13.1	16.1	1.458543801418554
13.1	17.1	1.5007574921189688
13.1	18.1	1.54275460503913
13.1	19.1	1.5845327158589202
13.1	20.1	1.6260888963824842
13.1	21.1	1.6674196714732799
13.1	22.1	1.708520970662711
13.1	23.1	1.7493880727104623
13.1	24.1	1.7900155412373102
13.1	25.1	1.830397149274878
13.1	26.1	1.8705257901667753
13.1	27.1	1.9103933716838062
13.1	28.1	1.949990689437961
13.1	29.1	1.9893072746293587
13.1	30.1	2.028331209739714
13.1	31.1	2.0670489038525757
13.1	32.1	2.105444816623751
13.1	33.1	2.1435011162300905
13.1	34.1	2.1811972514129954
13.1	35.1	2.218509410265778
13.1	36.1	2.2554098275259484
13.1	37.1	2.291865885944986
13.1	38.1	2.3278389327106743
13.1	39.1	2.3632826936046354
13.1	40.1	2.398141106317037
13.1	41.1	2.4323452932621463
13.1	42.1	2.4658092214822904
13.1	43.1	2.4984232897397454
13.1	44.1	2.53004450912719
13.1	45.1	2.560480811569659
13.1	46.1	2.5894646335773484
13.1	47.1	2.6166054640613168
13.1	48.1	2.641297243679502
13.1	49.1	2.6625169004723572
13.1	50.1	2.6783171876705087
13.1	51.1	2.684293526647276
13.1	52.1	2.676936861473331
13.1	53.1	2.6647789528304915
13.1	54.1	2.631837527661732
13.1	55.1	2.583073257839287
13.1	56.1	2.51752670613017
13.1	57.1	2.4382934769199816
13.1	58.1	2.331106805419267
14.1	0.1	0.8030267875812178
14.1	1.1	0.8482977349212757
14.1	2.1	0.8933980675652917
14.1	3.1	0.9383142566797434
14.1	4.1	0.9830378412272506
14.1	5.1	1.0275635814660735
14.1	6.1	1.071888288081109
14.1	7.1	1.1160100613532693
14.1	8.1	1.159927786021347
14.1	9.1	1.2036407892420575
14.1	10.1	1.2471486045281663
14.1	11.1	1.2904508055414894
14.1	12.1	1.3335468863736866
14.1	13.1	1.3764361728749295
14.1	14.1	1.4191177546128961
14.1	15.1	1.4615904302771219
14.1	16.1	1.5038526614481986
14.1	17.1	1.5459025310285546
14.1	18.1	1.587737703528525
14.1	19.1	1.629355384972259
14.1	20.1	1.6707522805289712
14.1	21.1	1.7119245481457668
14.1	22.1	1.7528677464937394
14.1	23.1	1.7935767754570164
14.1	24.1	1.8340458071993118
14.1	25.1	1.8742682055269424
14.1	26.1	1.9142364308120032
14.1	27.1	1.9539419271115122
14.1	28.1	1.9933749872673396
14.1	29.1	2.0325245906229794
14.1	30.1	2.0713782064376973
14.1	31.1	2.1099215539563008
14.1	32.1	2.1481383071670885
14.1	33.1	2.1860097281962867
14.1	34.1	2.22351420750294
14.1	35.1	2.2606266807124844
14.1	36.1	2.2973178797255556
14.1	37.1	2.333553357494534
14.1	38.1	2.3692921979654464
14.1	39.1	2.404485278951908
14.1	40.1	2.439072885192737
14.1	41.1	2.472981351451391
14.1	42.1	2.5061182128098083
14.1	43.1	2.53836497421879
14.1	44.1	2.569565920621917
14.1	45.1	2.5995100037198435
14.1	46.1	2.627899862176935
14.1	47.1	2.6542950531914413
14.1	48.1	2.677998393292576
14.1	49.1	2.697800170780825
14.1	50.1	2.711305290573883
14.1	51.1	2.712828960811311
14.1	52.1	2.705042739362964
14.1	53.1	2.687924828665127
14.1	54.1	2.651147212508153
14.1	55.1	2.5970595237803065
14.1	56.1	2.528356089996821
14.1	57.1	2.4451370686758045
15.1	0.1	0.8512613502077354
15.1	1.1	0.8963100437094341
15.1	2.1	0.9411897614982773
15.1	3.1	0.9858891615802003
15.1	4.1	1.030400895140728
15.1	5.1	1.0747202024132474
15.1	6.1	1.1188439990636585
15.1	7.1	1.1627702682861765
15.1	8.1	1.2064976480550549
15.1	9.1	1.2500251454723632
15.1	10.1	1.2933519352336615
15.1	11.1	1.336477214441331
15.1	12.1	1.3794000954359775
15.1	13.1	1.4221195242973832
15.1	14.1	1.4646342165212294
15.1	15.1	1.5069426038957563
15.1	16.1	1.549042788261426
15.1	17.1	1.5909324989309548
15.1	18.1	1.6326090512608662
15.1	19.1	1.6740693043149777
15.1	20.1	1.7153096158178835
15.1	21.1	1.7563257927071647
15.1	22.1	1.7971130355819929
15.1	23.1	1.8376658752239639
15.1	24.1	1.8779780991325734
15.1	25.1	1.9180426656609668
15.1	26.1	1.9578516028337811
15.1	27.1	1.9973958882400478
15.1	28.1	2.0366653054631016
15.1	29.1	2.075648271252671
15.1	30.1	2.114331625939705
15.1	31.1	2.1527003772627884
15.1	32.1	2.1907373845501166
15.1	33.1	2.228422965682082
15.1	34.1	2.2657344028324897
15.1	35.1	2.3026453136919525
15.1	36.1	2.339124841184585
15.1	37.1	2.375136594097378
15.1	38.1	2.4106372393537816
15.1	39.1	2.4455745966260904
15.1	40.1	2.4798850046383527
15.1	41.1	2.5134895918327538
15.1	42.1	2.5462888455473425
15.1	43.1	2.5781544389296402
15.1	44.1	2.608916439984443
15.1	45.1	2.6383423240054564
15.1	46.1	2.666100471120236
15.1	47.1	2.691691846046272
15.1	48.1	2.714309404711156
15.1	49.1	2.7325100357872287
15.1	50.1	2.7433118413088096
15.1	51.1	2.7393657665234143
15.1	52.1	2.732080824239621
15.1	53.1	2.709263498875116
15.1	54.1	2.6690493025669055
15.1	55.1	2.610889208700849
15.1	56.1	2.5389839948492647
15.1	57.1	2.4504117507688057
16.1	0.1	0.8992619236596313
16.1	1.1	0.9440995192212766
16.1	2.1	0.9887699376448333
16.1	3.1	1.0332635101352696
16.1	4.1	1.0775737535497452
16.1	5.1	1.1216962851905221
16.1	6.1	1.1656281000416953
16.1	7.1	1.2093670793078934
16.1	8.1	1.2529116497306776
16.1	9.1	1.296260542934826
16.1	10.1	1.3394126220658036
16.1	11.1	1.3823667541401832
16.1	12.1	1.425121713595538
16.1	13.1	1.467676107080669
16.1	14.1	1.5100283125072762
16.1	15.1	1.552176427355885
16.1	16.1	1.5941182225402657
16.1	17.1	1.635851099003739
16.1	18.1	1.6773720447855212
16.1	19.1	1.7186775906432292
16.1	20.1	1.7597637625037659
16.1	21.1	1.8006260290720342
16.1	22.1	1.8412592428726189
16.1	23.1	1.8816575728389924
16.1	24.1	1.921814426292474
16.1	25.1	1.961722357753208
16.1	26.1	2.001372961469589
16.1	27.1	2.040756743797533
16.1	28.1	2.0798629705424236
16.1	29.1	2.118679483001024
16.1	30.1	2.1571924745713305
16.1	31.1	2.195386217234427
16.1	32.1	2.233242723654362
16.1	33.1	2.270741325637052
16.1	34.1	2.3078581425398244
16.1	35.1	2.3445654028342657
16.1	36.1	2.3808305666381973
16.1	37.1	2.4166151737549177
16.1	38.1	2.451873305698534
16.1	39.1	2.4865494928192993
16.1	40.1	2.5205758035998485
16.1	41.1	2.553867693653387
16.1	42.1	2.586317910449463
16.1	43.1	2.617787229886524
16.1	44.1	2.648089787742041
16.1	45.1	2.676968664771417
16.1	46.1	2.7040526625394325
16.1	47.1	2.7287735558902577
16.1	48.1	2.750190736408985
16.1	49.1	2.7665659866156758
16.1	50.1	2.7741412627732207
16.1	51.1	2.7670427540347444
16.1	52.1	2.757901949256831
16.1	53.1	2.7286737378553094
16.1	54.1	2.6854835002746413
16.1	55.1	2.6237377228159424
16.1	56.1	2.5487486659158844
16.1	57.1	2.454003117719989
17.1	0.1	0.9470450890591815
17.1	1.1	0.9916815275111152
17.1	2.1	1.0361526335449407
17.1	3.1	1.0804500351313393
17.1	4.1	1.124567928826007
17.1	5.1	1.168502228712116
17.1	6.1	1.212249987386067
17.1	7.1	1.2558089942683013
17.1	8.1	1.2991774916906143
17.1	9.1	1.3423539704194494
17.1	10.1	1.3853370193883794
17.1	11.1	1.4281252127022226
17.1	12.1	1.4707170223160977
17.1	13.1	1.513110748289945
17.1	14.1	1.555304460838416
17.1	15.1	1.5972959499469503
17.1	16.1	1.6390826793635747
17.1	17.1	1.6806617424648447
17.1	18.1	1.7220298179372926
17.1	19.1	1.7631831234787336
17.1	20.1	1.8041173658480643
17.1	21.1	1.8448276856014303
17.1	22.1	1.8853085947578
17.1	23.1	1.9255539054383375
17.1	24.1	1.9655566472119648
17.1	25.1	2.005308970434077
17.1	26.1	2.044802032253779
17.1	27.1	2.0840258611381017
17.1	28.1	2.122969194647398
17.1	29.1	2.161619283689821
17.1	30.1	2.199961654431626
17.1	31.1	2.237979816218359
17.1	32.1	2.275654899932748
17.1	33.1	2.3129652056657948
17.1	34.1	2.349885630615426
17.1	35.1	2.3863869364996995
17.1	36.1	2.422434798455858
17.1	37.1	2.457988551040401
17.1	38.1	2.4929995058377235
17.1	39.1	2.527408649285185
17.1	40.1	2.561143420344787
17.1	41.1	2.59411308093214
17.1	42.1	2.6262018587598965
17.1	43.1	2.657258418515851
17.1	44.1	2.6870789826244508
17.1	45.1	2.715378809658014
17.1	46.1	2.7417407394416595
17.1	47.1	2.765514289381956
17.1	48.1	2.7855950030800445
17.1	49.1	2.799867280784438
17.1	50.1	2.803543385179993
17.1	51.1	2.7957468412855797
17.1	52.1	2.782334413853455
17.1	53.1	2.748845918811778
17.1	54.1	2.7004569515370616
17.1	55.1	2.635624918183374
17.1	56.1	2.557524294799694
17.1	57.1	2.455674081864819
18.1	0.1	0.9946253312737536
18.1	1.1	1.0390695030509651
18.1	2.1	1.083350162458835
18.1	3.1	1.127459953498645
18.1	4.1	1.171393610098753
18.1	5.1	1.2151472797786937
18.1	6.1	1.2587180543898655
18.1	7.1	1.302103638420732
18.1	8.1	1.3453021102141534
18.1	9.1	1.3883117467757218
18.1	10.1	1.4311308925242894
18.1	11.1	1.4737578585607463
18.1	12.1	1.5161908431064832
18.1	13.1	1.5584278664690037
18.1	14.1	1.6004667157076575
18.1	15.1	1.642304895396802
18.1	16.1	1.6839395817068226
18.1	17.1	1.7253675775671236
18.1	18.1	1.7665852670177975
18.1	19.1	1.8075885670479142
18.1	20.1	1.8483728752886708
18.1	21.1	1.8889330118953818
18.1	22.1	1.9292631538189635
18.1	23.1	1.9693567594312442
18.1	24.1	2.009206481115591
18.1	25.1	2.048804062940952
18.1	26.1	2.0881402198658656
18.1	27.1	2.127204494014029
18.1	28.1	2.1659850823439264
18.1	29.1	2.2044686283849524
18.1	30.1	2.2426399684600846
18.1	31.1	2.2804818197073673
18.1	32.1	2.3179743928690235
18.1	33.1	2.3550949066576865
18.1	34.1	2.3918169716313127
18.1	35.1	2.4281097984777764
18.1	36.1	2.4639371660949974
18.1	37.1	2.4992560549616156
18.1	38.1	2.53401480434358
18.1	39.1	2.568150576018721
18.1	40.1	2.6015857806146245
18.1	41.1	2.634222903522984
18.1	42.1	2.6659367715754025
18.1	43.1	2.69656255054739
18.1	44.1	2.725876252111499
18.1	45.1	2.753561266213002
18.1	46.1	2.7791467630454108
18.1	47.1	2.8018837565180106
18.1	48.1	2.820464857344712
18.1	49.1	2.83228647768757
18.1	50.1	2.831212175436094
18.1	51.1	2.8235101191483998
18.1	52.1	2.805192416396334
18.1	53.1	2.7681483033427945
18.1	54.1	2.714379899670667
18.1	55.1	2.6466038355145782
18.1	56.1	2.565134435963379
18.1	57.1	2.455195900173024
19.1	0.1	1.0420153895356867
19.1	1.1	1.0862752746693
19.1	2.1	1.1303733990685652
19.1	3.1	1.1743032101072133
19.1	4.1	1.218059868722576
19.1	5.1	1.2616397053679074
19.1	6.1	1.30503983558907
19.1	7.1	1.348257883464935
19.1	8.1	1.3912917789988595
19.1	9.1	1.4341396067826233
19.1	10.1	1.4767994904724517
19.1	11.1	1.5192695023386713
19.1	12.1	1.5615475902867781
19.1	13.1	1.603631516855807
19.1	14.1	1.645518806127981
19.1	15.1	1.6872066954524765
19.1	16.1	1.7286920895376332
19.1	17.1	1.769971514891765
19.1	18.1	1.8110410728520203
19.1	19.1	1.8518963895707883
19.1	20.1	1.8925325613517976
19.1	21.1	1.9329440936537803
19.1	22.1	1.9731248319092896
19.1	23.1	2.0130678820321593
19.1	24.1	2.0527655180919826
19.1	25.1	2.092209074089681
19.1	26.1	2.1313888160321577
19.1	27.1	2.1702937895140795
19.1	28.1	2.2089116366809733
19.1	29.1	2.247228374639282
19.1	30.1	2.2852281249041004
19.1	31.1	2.3228927800493606
19.1	32.1	2.360201588919331
19.1	33.1	2.3971306349163433
19.1	34.1	2.4336521719685624
19.1	35.1	2.4697337681586036
19.1	36.1	2.5053371849665567
19.1	37.1	2.5404168861236798
19.1	38.1	2.57491801634848
19.1	39.1	2.6087736027138075
19.1	40.1	2.6419005839872423
19.1	41.1	2.674194015379337
19.1	42.1	2.7055183245334717
19.1	43.1	2.73569358652749
19.1	44.1	2.7644729267425707
19.1	45.1	2.791503063965235
19.1	46.1	2.8162501278246292
19.1	47.1	2.837846255493233
19.1	48.1	2.8547301622867316
19.1	49.1	2.863661119724459
19.1	50.1	2.8568487348864764
19.1	51.1	2.850210404371778
19.1	52.1	2.8263032069910707
19.1	53.1	2.7861055890706434
19.1	54.1	2.7284104989496014
19.1	55.1	2.6573084544187715
19.1	56.1	2.5712579092499066
20.1	0.1	1.0892265369709138
20.1	1.1	1.1333093236473066
20.1	2.1	1.177232006472291
20.1	3.1	1.2209886728210964
20.1	4.1	1.264574824025207
20.1	5.1	1.3079869328070703
20.1	6.1	1.3512221251652992
20.1	7.1	1.3942779476513834
20.1	8.1	1.4371521939759284
20.1	9.1	1.4798427732166908
20.1	10.1	1.522347607345619
20.1	11.1	1.5646645494070557
20.1	12.1	1.6067913161112524
20.1	13.1	1.6487254302594432
20.1	14.1	1.6904641695444174
20.1	15.1	1.7320045190380053
20.1	16.1	1.7733431251906595
20.1	17.1	1.8144762494977225
20.1	18.1	1.855399720176501
20.1	19.1	1.8961088802754906
20.1	20.1	1.9365985306171687
20.1	21.1	1.9768628658641518
20.1	22.1	2.0168954017922225
20.1	23.1	2.0566888915413637
20.1	24.1	2.096235228176721
20.1	25.1	2.135525330292862
20.1	26.1	2.1745490065889115
20.1	27.1	2.213294794259619
20.1	28.1	2.2517497645875926
20.1	29.1	2.289899287138756
20.1	30.1	2.3277267412415577
20.1	31.1	2.3652131596505614
20.1	32.1	2.4023367839720433
20.1	33.1	2.4390725038160217
20.1	34.1	2.475391140560764
20.1	35.1	2.5112585201828095
20.1	36.1	2.5466342547039793
20.1	37.1	2.5814701131623363
20.1	38.1	2.61570780141534
20.1	39.1	2.649275868881551
20.1	40.1	2.682085288235251
20.1	41.1	2.714022949620669
20.1	42.1	2.7449417470524144
20.1	43.1	2.7746448323692126
20.1	44.1	2.802859314662453
20.1	45.1	2.829189509293154
20.1	46.1	2.8530270301783762
20.1	47.1	2.8733593559584634
20.1	48.1	2.8883042048148497
20.1	49.1	2.8937842748283686
20.1	50.1	2.886062055496432
20.1	51.1	2.875705141380932
20.1	52.1	2.8455711470244127
20.1	53.1	2.802659977702151
20.1	54.1	2.7414953077534103
20.1	55.1	2.6673773752717627
20.1	56.1	2.5759063596736445
21.1	0.1	1.1362688055510501
21.1	1.1	1.1801809904886909
21.1	2.1	1.2239346186460416
21.1	3.1	1.2675242902795694
21.1	4.1	1.3109457783798644
21.1	5.1	1.3541956648852527
21.1	6.1	1.3972710749203407
21.1	7.1	1.4401694792214748
21.1	8.1	1.4828885444989264
21.1	9.1	1.5254260177389851
21.1	10.1	1.5677796345969013
21.1	11.1	1.6099470448222897
21.1	12.1	1.65192574955733
21.1	13.1	1.6937130466493315
21.1	14.1	1.7353059810120548
21.1	15.1	1.776701297677656
21.1	16.1	1.8178953955834902
21.1	17.1	1.8588842803878043
21.1	18.1	1.899663514738819
21.1	19.1	1.9402281644527801
21.1	20.1	1.9805727389979633
21.1	21.1	2.0206911245346237
21.1	22.1	2.060576507519005
21.1	23.1	2.1002212865280074
21.1	24.1	2.139616969475511
21.1	25.1	2.178754052734789
21.1	26.1	2.217621877800156
21.1	27.1	2.2562084599374166
21.1	28.1	2.29450028167454
21.1	29.1	2.3324820418080274
21.1	30.1	2.3701363476054977
21.1	31.1	2.4074433337107766
21.1	32.1	2.4443801853560108
21.1	33.1	2.4809205350065864
21.1	34.1	2.5170336891655354
21.1	35.1	2.5526836235705104
21.1	36.1	2.587827656820214
21.1	37.1	2.6224146684088954
21.1	38.1	2.6563826563762727
21.1	39.1	2.689655312489434
21.1	40.1	2.722137091425216
21.1	41.1	2.753705889924714
21.1	42.1	2.784201775189578
21.1	43.1	2.8134088579843897
21.1	44.1	2.8410245519523256
21.1	45.1	2.8666038858264504
21.1	46.1	2.889449798404382
21.1	47.1	2.90837217575505
21.1	48.1	2.9210786535533906
21.1	49.1	2.922398061935531
21.1	50.1	2.9144372222160935
21.1	51.1	2.8998330404834953
21.1	52.1	2.865853366512709
21.1	53.1	2.8178099359307978
21.1	54.1	2.753643504253489
21.1	55.1	2.676549794357797
21.1	56.1	2.578920891048418
22.1	0.1	1.1831511687555187
22.1	1.1	1.226898642330061
22.1	2.1	1.2704889886590505
22.1	3.1	1.313917220803925
22.1	4.1	1.3571793283018927
22.1	5.1	1.4002719751953165
22.1	6.1	1.4431922759863998
22.1	7.1	1.4859376264625255
22.1	8.1	1.5285055734947826
22.1	9.1	1.570893712653077
22.1	10.1	1.6130996056692242
22.1	11.1	1.6551207119499525
22.1	12.1	1.6969543298329244
22.1	13.1	1.7385975443077646
22.1	14.1	1.7800471786318603
22.1	15.1	1.8212997477499113
22.1	16.1	1.8623514117377526
22.1	17.1	1.9031979276743451
22.1	18.1	1.9438345984256915
22.1	19.1	1.984256216814638
22.1	20.1	2.0244570035562273
22.1	21.1	2.0644305371572482
22.1	22.1	2.104169673701111
22.1	23.1	2.143666454047186
22.1	24.1	2.1829119954391083
22.1	25.1	2.221896363797638
22.1	26.1	2.2606084220104803
22.1	27.1	2.2990356482373198
22.1	28.1	2.337163916498173
22.1	29.1	2.3749772294241276
22.1	30.1	2.412457389751093
22.1	31.1	2.4495835925231897
22.1	32.1	2.486331913421937
22.1	33.1	2.522674659183564
22.1	34.1	2.5585795321710147
22.1	35.1	2.594008540323925
22.1	36.1	2.6289165517300974
22.1	37.1	2.6632493427379402
22.1	38.1	2.696940907047831
22.1	39.1	2.72990965695544
22.1	40.1	2.762052911455043
22.1	41.1	2.793238637674108
22.1	42.1	2.8232925969818004
22.1	43.1	2.851977401573631
22.1	44.1	2.8789564230885345
22.1	45.1	2.9037270856365103
22.1	46.1	2.92548604032335
22.1	47.1	2.9428231087199896
22.1	48.1	2.9529170163162637
22.1	49.1	2.9492048960254778
22.1	50.1	2.9418733924138474
22.1	51.1	2.922423808326466
22.1	52.1	2.885149040332315
22.1	53.1	2.831668118831393
22.1	54.1	2.7648906557509387
22.1	55.1	2.6847056591487712
22.1	56.1	2.5800869816343055
23.1	0.1	1.2298816911571262
23.1	1.1	1.2734698097951278
23.1	2.1	1.31690211022429
23.1	3.1	1.3601739386715834
23.1	4.1	1.4032814566004648
23.1	5.1	1.4462213877217485
23.1	6.1	1.488990827466741
23.1	7.1	1.5315870969191698
23.1	8.1	1.5740076286034463
23.1	9.1	1.6162498751551562
23.1	10.1	1.6583112343698985
23.1	11.1	1.7001889858260517
23.1	12.1	1.7418802354539336
23.1	13.1	1.7833818652395939
23.1	14.1	1.824690485812127
23.1	15.1	1.8658023900390548
23.1	16.1	1.9067135059910107
23.1	17.1	1.9474193477643416
23.1	18.1	1.9879149626861707
23.1	19.1	2.0281948733798356
23.1	20.1	2.0682530130408625
23.1	21.1	2.108082652059328
23.1	22.1	2.1476763138108166
23.1	23.1	2.1870256770039838
23.1	24.1	2.2261214613859246
23.1	25.1	2.2649532928204756
23.1	26.1	2.303509542702211
23.1	27.1	2.341777135253764
23.1	28.1	2.3797413143365125
23.1	29.1	2.417385358779933
23.1	30.1	2.4546902315992454
23.1	31.1	2.4916341433658533
23.1	32.1	2.528192002716751
23.1	33.1	2.564334716435005
23.1	34.1	2.6000282859392168
23.1	35.1	2.6352326234924024
23.1	36.1	2.6698999751078647
23.1	37.1	2.7039727795378683
23.1	38.1	2.737380698713526
23.1	39.1	2.7700363963006454
23.1	40.1	2.8018293626696047
23.1	41.1	2.8326165741710945
23.1	42.1	2.8622077888810997
23.1	43.1	2.8903412565517015
23.1	44.1	2.91664114428947
23.1	45.1	2.9405371517684404
23.1	46.1	2.9610975493566287
23.1	47.1	2.9766368159403194
23.1	48.1	2.9836467707446093
23.1	49.1	2.9760600131911246
23.1	50.1	2.9682525620299582
23.1	51.1	2.9433255110892764
23.1	52.1	2.9031568432650374
23.1	53.1	2.8458845838670555
23.1	54.1	2.775562933193811
23.1	55.1	2.6916065871419246
23.1	56.1	2.5792464258981265
24.1	0.1	1.2764676519009048
24.1	1.1	1.3199012998588457
24.1	2.1	1.363180318251978
24.1	3.1	1.406300322458893
24.1	4.1	1.4492576094101968
24.1	5.1	1.4920489437577016
24.1	6.1	1.5346713944837007
24.1	7.1	1.577122207750475
24.1	8.1	1.6193987059065902
24.1	9.1	1.6614982053674854
24.1	10.1	1.7034179480158618
24.1	11.1	1.7451550421056632
24.1	12.1	1.7867064095859055
24.1	13.1	1.8280687374081486
24.1	14.1	1.8692384308242227
24.1	15.1	1.910211566971998
24.1	16.1	1.950983847221408
24.1	17.1	1.9915505468325274
24.1	18.1	2.0319064604746933
24.1	19.1	2.072045842075328
24.1	20.1	2.1119623373074385
24.1	21.1	2.151648906777431
24.1	22.1	2.1910977376241627
24.1	23.1	2.230300140761625
24.1	24.1	2.2692464303550706
24.1	25.1	2.3079257812616443
24.1	26.1	2.3463260590170893
24.1	27.1	2.3844336154022034
24.1	28.1	2.422233040520568
24.1	29.1	2.459706859433348
24.1	30.1	2.4968351573859593
24.1	31.1	2.5335951120073514
24.1	32.1	2.569960402766347
24.1	33.1	2.6059004561723924
24.1	34.1	2.6413794676831714
24.1	35.1	2.6763551146825963
24.1	36.1	2.7107768335413516
24.1	37.1	2.744583467732075
24.1	38.1	2.777699985244159
24.1	39.1	2.8100327782278947
24.1	40.1	2.841462729126056
24.1	41.1	2.8718346170927713
24.1	42.1	2.9009402415839203
24.1	43.1	2.9284901373168033
24.1	44.1	2.954063100420953
24.1	45.1	2.9770087062873474
24.1	46.1	2.996238888782588
24.1	47.1	3.0097202513261343
24.1	48.1	3.013051937894073
24.1	49.1	3.00495795712276
24.1	50.1	2.9934388019757643
24.1	51.1	2.962464531979761
24.1	52.1	2.9198215582000224
24.1	53.1	2.8591902102700844
24.1	54.1	2.7859007680292076
24.1	55.1	2.6971220464182455
25.1	0.1	1.3229156473966577
25.1	1.1	1.3661992896814927
25.1	2.1	1.4093293726979697
25.1	3.1	1.4523017290373523
25.1	4.1	1.4951127610440123
25.1	5.1	1.5377592585438289
25.1	6.1	1.5802382575733704
25.1	7.1	1.6225469288038559
25.1	8.1	1.6646824875198336
25.1	9.1	1.7066421191916268
25.1	10.1	1.748422916195104
25.1	11.1	1.790021822291266
25.1	12.1	1.8314355822188522
25.1	13.1	1.8726606942668855
25.1	14.1	1.913693364041596
25.1	15.1	1.9545294578638424
25.1	16.1	1.9951644543551523
25.1	17.1	2.0355933928087384
25.1	18.1	2.075810816904355
25.1	19.1	2.115810712214126
25.1	20.1	2.1555864357558407
25.1	21.1	2.1951306355695936
25.1	22.1	2.2344351579046147
25.1	23.1	2.273490939077597
25.1	24.1	2.3122878783614214
25.1	25.1	2.350814687325661
25.1	26.1	2.3890587097945737
25.1	27.1	2.427005704894682
25.1	28.1	2.4646395833581347
25.1	29.1	2.5019420840729243
25.1	30.1	2.5388923734420095
25.1	31.1	2.5754665438448034
25.1	32.1	2.6116369784779323
25.1	33.1	2.6473715366484725
25.1	34.1	2.6826324938698094
25.1	35.1	2.7173751409901983
25.1	36.1	2.7515458994355613
25.1	37.1	2.7850797337647246
25.1	38.1	2.817896516703112
25.1	39.1	2.8498957848516984
25.1	40.1	2.8809489339974923
25.1	41.1	2.9108871701854118
25.1	42.1	2.9394820731556837
25.1	43.1	2.966412519078133
25.1	44.1	2.991204523352667
25.1	45.1	3.0131122293359502
25.1	46.1	3.030855546151425
25.1	47.1	3.0419574974332346
25.1	48.1	3.0408729118931452
25.1	49.1	3.0330178408134354
25.1	50.1	3.017280939761925
25.1	51.1	2.982859982639241
25.1	52.1	2.935135302271345
25.1	53.1	2.8715864846775445
25.1	54.1	2.795414951788974
25.1	55.1	2.7011978541021118
26.1	0.1	1.3692316773232622
26.1	1.1	1.4123694052033653
26.1	2.1	1.4553545289955703
26.1	3.1	1.4981830559874063
26.1	4.1	1.5408514689529924
26.1	5.1	1.583356569503583
26.1	6.1	1.6256953549590472
26.1	7.1	1.667864919656989
26.1	8.1	1.7098623740713275
26.1	9.1	1.7516847768193606
26.1	10.1	1.7933290758326552
26.1	11.1	1.8347920558080848
26.1	12.1	1.8760702896444255
26.1	13.1	1.9171600919762262
26.1	14.1	1.9580574731864713
26.1	15.1	1.9987580924434345
26.1	16.1	2.039257208384442
26.1	17.1	2.0795496260712074
26.1	18.1	2.119629638772305
26.1	19.1	2.159490962986852
26.1	20.1	2.199126664902337
26.1	21.1	2.238529076165027
26.1	22.1	2.2776896964122315
26.1	23.1	2.3165990794402367
26.1	24.1	2.3552466991147663
26.1	25.1	2.3936207901077022
26.1	26.1	2.4317081571720185
26.1	27.1	2.46949394481291
26.1	28.1	2.5069613566821287
26.1	29.1	2.544091310526118
26.1	30.1	2.5808620096232886
26.1	31.1	2.6172484046884996
26.1	32.1	2.6532215101692724
26.1	33.1	2.688747524060645
26.1	34.1	2.723786678135487
26.1	35.1	2.758291711322953
26.1	36.1	2.792205805108409
26.1	37.1	2.8254597324493207
26.1	38.1	2.8579678252565066
26.1	39.1	2.889622110753986
26.1	40.1	2.920283504503013
26.1	41.1	2.9497680649808338
26.1	42.1	2.9778245268494317
26.1	43.1	3.0040954456624096
26.1	44.1	3.0280450959449037
26.1	45.1	3.048813142927447
26.1	46.1	3.0648815158002254
26.1	47.1	3.0732033743223046
26.1	48.1	3.066834220558314
26.1	49.1	3.0601415101258995
26.1	50.1	3.0396232641205767
26.1	51.1	3.002149466693617
26.1	52.1	2.949170085707537
26.1	53.1	2.8830959374400495
26.1	54.1	2.804007922572912
26.1	55.1	2.703692207256392
27.1	0.1	1.4154212171290286
27.1	1.1	1.4584167874284317
27.1	2.1	1.5012605976178608
27.1	3.1	1.5439487945833499
27.1	4.1	1.5864779205868
27.1	5.1	1.628844777557199
27.1	6.1	1.6710463189240519
27.1	7.1	1.7130795616319745
27.1	8.1	1.7549415128935515
27.1	9.1	1.7966291075833274
27.1	10.1	1.8381391531250846
27.1	11.1	1.8794682793941377
27.1	12.1	1.9206128916245204
27.1	13.1	1.9615691246303166
27.1	14.1	2.0023327968561935
27.1	15.1	2.042899362887423
27.1	16.1	2.0832638630884674
27.1	17.1	2.123420869008692
27.1	18.1	2.1633644230954396
27.1	19.1	2.203087971084497
27.1	20.1	2.242584285186325
27.1	21.1	2.281845375837041
27.1	22.1	2.3208623893117237
27.1	23.1	2.359625487868724
27.1	24.1	2.3981237082569633
27.1	25.1	2.4363447933018003
27.1	26.1	2.474274989786021
27.1	27.1	2.5118988038119974
27.1	28.1	2.549198702051014
27.1	29.1	2.5861547434323047
27.1	30.1	2.622744120408478
27.1	31.1	2.6589405812038116
27.1	32.1	2.6947136932284073
27.1	33.1	2.7300278912343323
27.1	34.1	2.7648412286957806
27.1	35.1	2.799103712077395
27.1	36.1	2.8327550360104814
27.1	37.1	2.8657214365601935
27.1	38.1	2.8979112091761907
27.1	39.1	2.929208137979825
27.1	40.1	2.959461531629602
27.1	41.1	2.9884704930491424
27.1	42.1	3.01595785037572
27.1	43.1	3.041524297526029
27.1	44.1	3.0645614608596334
27.1	45.1	3.084070637375418
27.1	46.1	3.0982361329294137
27.1	47.1	3.1032765501319384
27.1	48.1	3.095145324288128
27.1	49.1	3.086215236043765
27.1	50.1	3.0603326781057683
27.1	51.1	3.020203673321141
27.1	52.1	2.9633163353522205
27.1	53.1	2.8937689434175704
27.1	54.1	2.8115657359737796
27.1	55.1	2.704422738264496
28.1	0.1	1.4614892795233057
28.1	1.1	1.5043461486816985
28.1	2.1	1.547051994763108
28.1	3.1	1.5896030750431893
28.1	4.1	1.6319959735747194
28.1	5.1	1.6742274826961245
28.1	6.1	1.7162945072639724
28.1	7.1	1.7581939855936737
28.1	8.1	1.7999228226013246
28.1	9.1	1.8414778317060707
28.1	10.1	1.8828556828083107
28.1	11.1	1.9240528541926731
28.1	12.1	1.9650655865756077
28.1	13.1	2.0058898377658076
28.1	14.1	2.0465212365582057
28.1	15.1	2.086955034556131
28.1	16.1	2.1271860546211805
28.1	17.1	2.1672086345904447
28.1	18.1	2.207016564774775
28.1	19.1	2.2466030175534843
28.1	20.1	2.285960467098248
28.1	21.1	2.325080596873334
28.1	22.1	2.363954192043061
28.1	23.1	2.4025710132311087
28.1	24.1	2.4409196471640042
28.1	25.1	2.478987328512895
28.1	26.1	2.5167597256090795
28.1	27.1	2.5542206804835397
28.1	28.1	2.5913518906248485
28.1	29.1	2.6281325155990585
28.1	30.1	2.6645386856772393
28.1	31.1	2.7005428810176153
28.1	32.1	2.7361131374037315
28.1	33.1	2.7712120158764413
28.1	34.1	2.8057952452256147
28.1	35.1	2.8398099021238052
28.1	36.1	2.873191922988224
28.1	37.1	2.905862625026113
28.1	38.1	2.9377237146857698
28.1	39.1	2.9686499075145005
28.1	40.1	2.9984776237606976
28.1	41.1	3.0269869269655363
28.1	42.1	3.053871152557262
28.1	43.1	3.0786825099680555
28.1	44.1	3.1007266066822727
28.1	45.1	3.118836157514601
28.1	46.1	3.1308199703121113
28.1	47.1	3.1319553309658077
28.1	48.1	3.123740013904066
28.1	49.1	3.111109675682979
28.1	50.1	3.0794630589299494
28.1	51.1	3.0369699647841544
28.1	52.1	2.9768280174521453
28.1	53.1	2.9043350226475564
28.1	54.1	2.8178093506624866
28.1	55.1	2.703268425831932
29.1	0.1	1.5074404669304253
29.1	1.1	1.5501618206394203
29.1	2.1	1.5927327857364373
29.1	3.1	1.6351497053875805
29.1	4.1	1.6774091903610413
29.1	5.1	1.719508014767512
29.1	6.1	1.7614430306110214
29.1	7.1	1.8032110961931693
29.1	8.1	1.8448090146072804
29.1	9.1	1.8862334794078466
29.1	10.1	1.9274810251439185
29.1	11.1	1.9685479808700548
29.1	12.1	2.0094304250404518
29.1	13.1	2.0501241403817034
29.1	14.1	2.0906245674473465
29.1	15.1	2.130926755595462
29.1	16.1	2.171025310105455
29.1	17.1	2.2109143340630686
29.1	18.1	2.2505873634902493
29.1	19.1	2.2900372939701774
29.1	20.1	2.329256296703485
29.1	21.1	2.3682357215079444
29.1	22.1	2.406965983709952
29.1	23.1	2.4454364311279995
29.1	24.1	2.483635186353856
29.1	25.1	2.521548958207677
29.1	26.1	2.5591628144511596
29.1	27.1	2.5964599054027304
29.1	28.1	2.6334211247369432
29.1	29.1	2.6700246890568957
29.1	30.1	2.7062456111789803
29.1	31.1	2.7420550324932043
29.1	32.1	2.777419365720726
29.1	33.1	2.8122991783846283
29.1	34.1	2.8466477151798406
29.1	35.1	2.880408907045077
29.1	36.1	2.9135146334958315
29.1	37.1	2.9458808695609133
29.1	38.1	2.977402115355147
29.1	39.1	3.007943086695331
29.1	40.1	3.0373258531407195
29.1	41.1	3.065309027744525
29.1	42.1	3.0915522322382216
29.1	43.1	3.1155512285845326
29.1	44.1	3.136509094829785
29.1	45.1	3.1530514401506213
29.1	46.1	3.1625096885646733
29.1	47.1	3.158986215700547
29.1	48.1	3.151497512822766
29.1	49.1	3.1346834289878074
29.1	50.1	3.0998658620595307
29.1	51.1	3.052435833489002
29.1	52.1	2.9894587831670596
29.1	53.1	2.914149947115278
29.1	54.1	2.82276339266432
30.1	0.1	1.5532790164749861
30.1	1.1	1.5958677955610672
30.1	2.1	1.638306722280477
30.1	3.1	1.6805922049832016
30.1	4.1	1.7227208682069641
30.1	5.1	1.7646894602374068
30.1	6.1	1.8064947762760455
30.1	7.1	1.8481335930978184
30.1	8.1	1.8896026120290796
30.1	9.1	1.930898407754712
30.1	10.1	1.9720173809449306
30.1	11.1	2.0129557130296596
30.1	12.1	2.0537093216758224
30.1	13.1	2.0942738156639362
30.1	14.1	2.134644447929925
30.1	15.1	2.1748160655448947
30.1	16.1	2.214783055353205
30.1	17.1	2.254539283876577
30.1	18.1	2.2940780299136994
30.1	19.1	2.333391908010251
30.1	20.1	2.372472780627143
30.1	21.1	2.411311656370826
30.1	22.1	2.449898571034421
30.1	23.1	2.488222447383413
30.1	24.1	2.5262709285357356
30.1	25.1	2.564030178334638
30.1	26.1	2.6014846401518334
30.1	27.1	2.638616742880706
30.1	28.1	2.675406539177912
30.1	29.1	2.7118312558246767
30.1	30.1	2.747864728699236
30.1	31.1	2.7834766841745195
30.1	32.1	2.818631813017972
30.1	33.1	2.8532885591934285
30.1	34.1	2.8873975095178817
30.1	35.1	2.9208992125652853
30.1	36.1	2.953721161644893
30.1	37.1	2.985773519537458
30.1	38.1	3.0169428886955765
30.1	39.1	3.0470829319046997
30.1	40.1	3.075999693874687
30.1	41.1	3.1034275359570547
30.1	42.1	3.128987372936472
30.1	43.1	3.1521088850763066
30.1	44.1	3.1718720787152033
30.1	45.1	3.186645966500516
30.1	46.1	3.1931521045197293
30.1	47.1	3.1850558170510634
30.1	48.1	3.1783224688191867
30.1	49.1	3.156794439593586
30.1	50.1	3.119149618898334
30.1	51.1	3.0666561058442783
30.1	52.1	3.0012214481369774
30.1	53.1	2.9231190221827563
30.1	54.1	2.8263159102947766
31.1	0.1	1.5990088387566035
31.1	1.1	1.6414677618670048
31.1	2.1	1.6837772748604378
31.1	3.1	1.7259338336375045
31.1	4.1	1.7679340652982531
31.1	5.1	1.8097746855590613
31.1	6.1	1.8514524291372727
31.1	7.1	1.8929639896542043
31.1	8.1	1.9343059663648154
31.1	9.1	1.9754748155647184
31.1	10.1	2.0164668049097596
31.1	11.1	2.05727796914942
31.1	12.1	2.0979040659494523
31.1	13.1	2.138340530579099
31.1	14.1	2.178582428274815
31.1	15.1	2.2186244030714346
31.1	16.1	2.258460621814165
31.1	17.1	2.298084711927836
31.1	18.1	2.337489691315896
31.1	19.1	2.376667888478326
31.1	20.1	2.415610850556176
31.1	21.1	2.454309236503769
31.1	22.1	2.492752691919544
31.1	23.1	2.530929701179039
31.1	24.1	2.568827411331898
31.1	25.1	2.606431420639791
31.1	26.1	2.643725522485162
31.1	27.1	2.680691392440141
31.1	28.1	2.7173082022059876
31.1	29.1	2.753552138395075
31.1	30.1	2.7893957959278852
31.1	31.1	2.82480740389741
31.1	32.1	2.8597498240913573
31.1	33.1	2.8941792356333873
31.1	34.1	2.9280433777889576
31.1	35.1	2.961279157092617
31.1	36.1	2.993809316962104
31.1	37.1	3.0255376848777407
31.1	38.1	3.0563421895432326
31.1	39.1	3.086064245760154
31.1	40.1	3.114491949875262
31.1	41.1	3.1413321430603522
31.1	42.1	3.1661610949226793
31.1	43.1	3.188330671288972
31.1	44.1	3.2067720509683904
31.1	45.1	3.2195336758836017
31.1	46.1	3.2225589605209253
31.1	47.1	3.214113908148121
31.1	48.1	3.20410548380528
31.1	49.1	3.1773266174582275
31.1	50.1	3.137246594111151
31.1	51.1	3.0807100976923896
31.1	52.1	3.012151406637527
31.1	53.1	2.931149615152312
31.1	54.1	2.828339022353619
32.1	0.1	1.644633551429912
32.1	1.1	1.686965134984586
32.1	2.1	1.7291476607166507
32.1	3.1	1.7711776169487405
32.1	4.1	1.8130516235618372
32.1	5.1	1.8547663576601499
32.1	6.1	1.896318490012058
32.1	7.1	1.9377046293539122
32.1	8.1	1.978921272250264
32.1	9.1	2.0199647566383416
32.1	10.1	2.0608312174904353
32.1	11.1	2.1015165432354164
32.1	12.1	2.142016331710281
32.1	13.1	2.182325844477479
32.1	14.1	2.222439958351565
32.1	15.1	2.2623531129324967
32.1	16.1	2.302059252841874
32.1	17.1	2.3415517631976845
32.1	18.1	2.380823396633471
32.1	19.1	2.4198661898547673
32.1	20.1	2.458671367308059
32.1	21.1	2.4972292289852294
32.1	22.1	2.535529018657133
32.1	23.1	2.57355876786361
32.1	24.1	2.6113051096990914
32.1	25.1	2.648753054701031
32.1	26.1	2.6858857187963667
32.1	27.1	2.7226839900293336
32.1	28.1	2.7591261162948495
32.1	29.1	2.795187189946916
32.1	30.1	2.830838496030695
32.1	31.1	2.866046677562498
32.1	32.1	2.9007726514314744
32.1	33.1	2.934970178274006
32.1	34.1	2.96858394252644
32.1	35.1	3.001546923288568
32.1	36.1	3.033776711703518
32.1	37.1	3.065170216692118
32.1	38.1	3.0955958197420532
32.1	39.1	3.124881327857129
32.1	40.1	3.1527946708101395
32.1	41.1	3.1790113385911574
32.1	42.1	3.2030558540418492
32.1	43.1	3.224187882399737
32.1	44.1	3.241157234976406
32.1	45.1	3.2516088171019
32.1	46.1	3.250507349943563
32.1	47.1	3.242416833514774
32.1	48.1	3.228723714962043
32.1	49.1	3.1965137648226842
32.1	50.1	3.154106674773387
32.1	51.1	3.094413974479433
32.1	52.1	3.022691598562602
32.1	53.1	2.938081052941014
32.1	54.1	2.8286970490961325
33.1	0.1	1.6901565084153627
33.1	1.1	1.73236308421208
33.1	2.1	1.7744208683465272
33.1	3.1	1.816326368486632
33.1	4.1	1.8580761886866244
33.1	5.1	1.8996669619728448
33.1	6.1	1.9410952918733906
33.1	7.1	1.9823577004104056
33.1	8.1	2.023450580560622
33.1	9.1	2.064370151537024
33.1	10.1	2.1051124154861616
33.1	11.1	2.1456731143548113
33.1	12.1	2.1860476857717863
33.1	13.1	2.226231216825324
33.1	14.1	2.2662183945985865
33.1	15.1	2.3060034522564674
33.1	16.1	2.3455801093534236
33.1	17.1	2.384941504847891
33.1	18.1	2.424080121052992
33.1	19.1	2.462987696409231
33.1	20.1	2.501655124508974
33.1	21.1	2.5400723362013253
33.1	22.1	2.5782281608125444
33.1	23.1	2.6161101614650737
33.1	24.1	2.653704438073316
33.1	25.1	2.6909953897010355
33.1	26.1	2.727965425386605
33.1	27.1	2.7645946089874416
33.1	28.1	2.8008602186277396
33.1	29.1	2.836736194288701
33.1	30.1	2.8721924369229717
33.1	31.1	2.907193907561091
33.1	32.1	2.941699452535113
33.1	33.1	2.9756602467154893
33.1	34.1	3.0090176928910246
33.1	35.1	3.041700528560747
33.1	36.1	3.0736207465483636
33.1	37.1	3.1046676853534185
33.1	38.1	3.1346991935432613
33.1	39.1	3.163527917922073
33.1	40.1	3.190899053649903
33.1	41.1	3.216452227739797
33.1	42.1	3.2396516734730687
33.1	43.1	3.259647090964427
33.1	44.1	3.2749655151413695
33.1	45.1	3.282740997396739
33.1	46.1	3.276759553847576
33.1	47.1	3.269884163462579
33.1	48.1	3.2520451532833867
33.1	49.1	3.216871085746751
33.1	50.1	3.169714014418683
33.1	51.1	3.1072656354976056
33.1	52.1	3.0327757695318245
33.1	53.1	2.9437752778886623
33.1	54.1	2.8272692767220002
34.1	0.1	1.7355808254159015
34.1	1.1	1.7776645562131368
34.1	2.1	1.819599678958418
34.1	3.1	1.8613827092769115
34.1	4.1	1.903010227757657
34.1	5.1	1.9444788183585398
34.1	6.1	1.9857850142127653
34.1	7.1	2.0269252487052087
34.1	8.1	2.067895810077699
34.1	9.1	2.108692798099035
34.1	10.1	2.149312081524363
34.1	11.1	2.189749255187274
34.1	12.1	2.2299995956280134
34.1	13.1	2.270058014169304
34.1	14.1	2.3099190063102335
34.1	15.1	2.3495765962176636
34.1	16.1	2.3890242749493638
34.1	17.1	2.4282549308354753
34.1	18.1	2.467260770162101
34.1	19.1	2.506033225924309
34.1	20.1	2.5445628519191605
34.1	21.1	2.5828391987955763
34.1	22.1	2.620850667814819
34.1	23.1	2.6585843369297972
34.1	24.1	2.6960257522584894
34.1	25.1	2.7331586759558832
34.1	26.1	2.769964778659651
34.1	27.1	2.8064232607712043
34.1	28.1	2.8425103813443577
34.1	29.1	2.8781988655352593
34.1	30.1	2.9134571502414364
34.1	31.1	2.9482484108422526
34.1	32.1	2.982529286767344
34.1	33.1	3.01624818478789
34.1	34.1	3.049342977492325
34.1	35.1	3.0817378143597476
34.1	36.1	3.1133385944654752
34.1	37.1	3.144026355635121
34.1	38.1	3.1736472980252826
34.1	39.1	3.201997129988543
34.1	40.1	3.2287953268429908
34.1	41.1	3.2536403123542095
34.1	42.1	3.2759256905049408
34.1	43.1	3.294669101588994
34.1	44.1	3.308121782726646
34.1	45.1	3.3127701086008785
34.1	46.1	3.304197208633603
34.1	47.1	3.29642343325664
34.1	48.1	3.2739404849647373
34.1	49.1	3.2361495279366177
34.1	50.1	3.1841098890127704
34.1	51.1	3.1192706679864153
34.1	52.1	3.042075089450627
34.1	53.1	2.948211180449788
35.1	0.1	1.7809094022948309
35.1	1.1	1.8228722956457868
35.1	2.1	1.864686685344644
35.1	3.1	1.9063490849812643
35.1	4.1	1.947856044843458
35.1	5.1	1.98920409522072
35.1	6.1	2.0303896958021346
35.1	7.1	2.071409189320689
35.1	8.1	2.112258757909345
35.1	9.1	2.152934380853232
35.1	10.1	2.1934317925673876
35.1	11.1	2.2337464397139404
35.1	12.1	2.273873436404983
35.1	13.1	2.313807516421891
35.1	14.1	2.3535429813195425
35.1	15.1	2.393073643172239
35.1	16.1	2.4323927605515165
35.1	17.1	2.471492966094581
35.1	18.1	2.5103661837113473
35.1	19.1	2.54900353306721
35.1	20.1	2.5873952184383833
35.1	21.1	2.6255303983260307
35.1	22.1	2.6633970312768454
35.1	23.1	2.7009816921099765
35.1	24.1	2.7382693510769025
35.1	25.1	2.7752431062141087
35.1	26.1	2.8118838560420305
35.1	27.1	2.8481698954513197
35.1	28.1	2.884076411544876
35.1	29.1	2.919574847517136
35.1	30.1	2.9546320900077334
35.1	31.1	2.989209416605721
35.1	32.1	3.0232611117459096
35.1	33.1	3.0567326151090586
35.1	34.1	3.089557996307
35.1	35.1	3.121656434141008
35.1	36.1	3.1529271825100222
35.1	37.1	3.1832421584749704
35.1	38.1	3.2124346476989505
35.1	39.1	3.2402813759032827
35.1	40.1	3.2664726134141118
35.1	41.1	3.290559226511917
35.1	42.1	3.311851594973341
35.1	43.1	3.329207621049969
35.1	44.1	3.3405345815708705
35.1	45.1	3.3415035884328352
35.1	46.1	3.3329741246739095
35.1	47.1	3.3219295969503344
35.1	48.1	3.294308945989744
35.1	49.1	3.2542860442667387
35.1	50.1	3.1980697229657173
35.1	51.1	3.1304529987940692
35.1	52.1	3.050512648120348
35.1	53.1	2.9512857792530056
36.1	0.1	1.8261449427741856
36.1	1.1	1.8679888633429633
36.1	2.1	1.9096843085445843
36.1	3.1	1.9512277810983925
36.1	4.1	1.992615794820374
36.1	5.1	2.033844822052058
36.1	6.1	2.0749112460677033
36.1	7.1	2.115811316843138
36.1	8.1	2.156541108819622
36.1	9.1	2.1970964794675436
36.1	10.1	2.237473027563067
36.1	11.1	2.277666050146098
36.1	12.1	2.3176704971359534
36.1	13.1	2.3574809225443634
36.1	14.1	2.3970914311432128
36.1	15.1	2.4364956193128897
36.1	16.1	2.475686508609048
36.1	17.1	2.514656470329747
36.1	18.1	2.5533971390249257
36.1	19.1	2.5918993124427714
36.1	20.1	2.630152834820493
36.1	21.1	2.6681464596548694
36.1	22.1	2.7058676870671996
36.1	23.1	2.743302569517711
36.1	24.1	2.780435477796927
36.1	25.1	2.8172488167387217
36.1	26.1	2.8537226766861172
36.1	27.1	2.889834401984647
36.1	28.1	2.925558051053295
36.1	29.1	2.960863712920006
36.1	30.1	2.9957166309741656
36.1	31.1	3.0300760636016904
36.1	32.1	3.0638937792144
36.1	33.1	3.097112032944802
36.1	34.1	3.129660791598418
36.1	35.1	3.16145383982973
36.1	36.1	3.1923831712662794
36.1	37.1	3.2223106588435604
36.1	38.1	3.2510552322923765
36.1	39.1	3.2783722760865506
36.1	40.1	3.3039187683478763
36.1	41.1	3.3271904153018257
36.1	42.1	3.347398928889151
36.1	43.1	3.3632075615258583
36.1	44.1	3.3720920272946517
36.1	45.1	3.3687230852308385
36.1	46.1	3.3609961935518182
36.1	47.1	3.3462861883423907
36.1	48.1	3.313560734733625
36.1	49.1	3.271232959850622
36.1	50.1	3.2119529058286407
36.1	51.1	3.1409789445235528
36.1	52.1	3.058001061353436
36.1	53.1	2.952892484669971
37.1	0.1	1.871289971835571
37.1	1.1	1.9130166523914447
37.1	2.1	1.9545948126070243
37.1	3.1	1.9960209364586061
37.1	4.1	2.0372914956721067
37.1	5.1	2.0784029006230456
37.1	6.1	2.119351455255522
37.1	7.1	2.160133314592115
37.1	8.1	2.2007444436048513
37.1	9.1	2.2411805763492474
37.1	10.1	2.2814371743405983
37.1	11.1	2.3215093831816307
37.1	12.1	2.3613919864370083
37.1	13.1	2.401079355693906
37.1	14.1	2.4405653956467126
37.1	15.1	2.479843482892829
37.1	16.1	2.5189063969168144
37.1	17.1	2.5577462414590033
37.1	18.1	2.596354354093865
37.1	19.1	2.634721201357043
37.1	20.1	2.6728362561225154
37.1	21.1	2.7106878530925393
37.1	22.1	2.7482630171526314
37.1	23.1	2.7855472578618343
37.1	24.1	2.8225243213513007
37.1	25.1	2.8591758881827305
37.1	26.1	2.8954812019637544
37.1	27.1	2.93141660826648
37.1	28.1	2.9669549759403773
37.1	29.1	3.002064962149088
37.1	30.1	3.0367100666393743
37.1	31.1	3.0708473970145196
37.1	32.1	3.1044260303649005
37.1	33.1	3.137384799305523
37.1	34.1	3.169649237727642
37.1	35.1	3.2011272666001873
37.1	36.1	3.231702931602219
37.1	37.1	3.2612270190982833
37.1	38.1	3.289502456499534
37.1	39.1	3.31626055498919
37.1	40.1	3.341120184417469
37.1	41.1	3.363512742191264
37.1	42.1	3.38253220758891
37.1	43.1	3.3966028789402265
37.1	44.1	3.4026572946343148
37.1	45.1	3.394217972075966
37.1	46.1	3.3881849376392106
37.1	47.1	3.369370183526577
37.1	48.1	3.3338757232319725
37.1	49.1	3.286972053527412
37.1	50.1	3.22501224656277
37.1	51.1	3.151307527908262
37.1	52.1	3.0643470013686875
37.1	53.1	2.9529220839691472
38.1	0.1	1.9163468511426696
38.1	1.1	1.9579579023992673
38.1	2.1	1.9994203177108723
38.1	3.1	2.0407305552408572
38.1	4.1	2.081885039465284
38.1	5.1	2.1228801149876144
38.1	6.1	2.163712003541714
38.1	7.1	2.204376762909018
38.1	8.1	2.2448702466311126
38.1	9.1	2.2851880634975346
38.1	10.1	2.325325535839181
38.1	11.1	2.3652776556653405
38.1	12.1	2.4050390376492694
38.1	13.1	2.444603867892663
38.1	14.1	2.483965847280002
38.1	15.1	2.5231181280631274
38.1	16.1	2.5620532420845525
38.1	17.1	2.600763018740508
38.1	18.1	2.6392384903811266
38.1	19.1	2.6774697823171616
38.1	20.1	2.7154459839106595
38.1	21.1	2.753154996315788
38.1	22.1	2.7905833512277516
38.1	23.1	2.8277159933814393
38.1	24.1	2.86453601735734
38.1	25.1	2.9010243462668686
38.1	26.1	2.9371593357562347
38.1	27.1	2.972916280965329
38.1	28.1	3.00826679580435
38.1	29.1	3.043178021911138
38.1	30.1	3.077611606918582
38.1	31.1	3.1115223649031147
38.1	32.1	3.1448564905643246
38.1	33.1	3.177549133203267
38.1	34.1	3.2095210297279517
38.1	35.1	3.2406737157492023
38.1	36.1	3.270882518341894
38.1	37.1	3.2999859570824457
38.1	38.1	3.3277690702158673
38.1	39.1	3.3539359180794333
38.1	40.1	3.378061559066144
38.1	41.1	3.399502006082443
38.1	42.1	3.4172098112355345
38.1	43.1	3.4293138458394865
38.1	44.1	3.4320648978306183
38.1	45.1	3.423228004550011
38.1	46.1	3.41445084038397
38.1	47.1	3.3910641253037204
38.1	48.1	3.3531492203075826
38.1	49.1	3.301533866476216
38.1	50.1	3.2372479670889334
38.1	51.1	3.1609016515798376
38.1	52.1	3.069532743765017
39.1	0.1	1.9613177927534553
39.1	1.1	2.0028147121953523
39.1	2.1	2.0441628118623902
39.1	3.1	2.085358517705513
39.1	4.1	2.1263982021712007
39.1	5.1	2.1672781404548487
39.1	6.1	2.2079944692176836
39.1	7.1	2.2485431466186685
39.1	8.1	2.288919912632477
39.1	9.1	2.3291202486949625
39.1	10.1	2.3691393357449564
39.1	11.1	2.4089720097191036
39.1	12.1	2.4486127135053914
39.1	13.1	2.4880554442691456
39.1	14.1	2.527293694928009
39.1	15.1	2.566320388362092
39.1	16.1	2.6051278026907787
39.1	17.1	2.6437074856124014
39.1	18.1	2.6820501553645815
39.1	19.1	2.720145585290192
39.1	20.1	2.7579824682429375
39.1	21.1	2.795548256076573
39.1	22.1	2.8328289681464147
39.1	23.1	2.8698089609881388
39.1	24.1	2.906470648948693
39.1	25.1	2.942794162266561
39.1	26.1	2.9787569245447605
39.1	27.1	3.014333125140869
39.1	28.1	3.0494930528055977
39.1	29.1	3.0842022435041443
39.1	30.1	3.118420375449727
39.1	31.1	3.152099814166021
39.1	32.1	3.18518366343135
39.1	33.1	3.21760310298121
39.1	34.1	3.249273670494649
39.1	35.1	3.2800899354063238
39.1	36.1	3.309917640389765
39.1	37.1	3.338581698081921
39.1	38.1	3.3658470874594726
39.1	39.1	3.3913869064176105
39.1	40.1	3.4147256129383323
39.1	41.1	3.4351303436061027
39.1	42.1	3.4513825820442596
39.1	43.1	3.461243700356062
39.1	44.1	3.4601214220641676
39.1	45.1	3.451733559708036
39.1	46.1	3.4396931993883535
39.1	47.1	3.4112810397432756
39.1	48.1	3.371322399665008
39.1	49.1	3.3153986171885292
39.1	50.1	3.2486752274755433
39.1	51.1	3.1696963300444145
39.1	52.1	3.073490651808646
40.1	0.1	2.006204871348219
40.1	1.1	2.047589051167091
40.1	2.1	2.0888241613534646
40.1	3.1	2.1299065898067813
40.1	4.1	2.170832652478435
40.1	5.1	2.211598551654035
40.1	6.1	2.252200336061926
40.1	7.1	2.2926338617616433
40.1	8.1	2.3328947528555095
40.1	9.1	2.3729783611126476
40.1	10.1	2.4128797236017947
40.1	11.1	2.452593517399266
40.1	12.1	2.4921140103706305
40.1	13.1	2.5314350069160967
40.1	14.1	2.5705497874145284
40.1	15.1	2.609451039890616
40.1	16.1	2.648130782151184
40.1	17.1	2.6865802722719896
40.1	18.1	2.7247899048407493
40.1	19.1	2.762749089740894
40.1	20.1	2.800446109445732
40.1	21.1	2.8378679497167587
40.1	22.1	2.8750000971673533
40.1	23.1	2.9118262952273763
40.1	24.1	2.94832824742661
40.1	25.1	2.984485253313583
40.1	26.1	3.0202737573039222
40.1	27.1	3.0556667836439786
40.1	28.1	3.0906332204494995
40.1	29.1	3.125136900802239
40.1	30.1	3.1591354065132644
40.1	31.1	3.1925784859939825
40.1	32.1	3.225405924202652
40.1	33.1	3.2575446166139375
40.1	34.1	3.2889044564179155
40.1	35.1	3.3193723987789445
40.1	36.1	3.3488036267544317
40.1	37.1	3.377007919570695
40.1	38.1	3.4037276917699684
40.1	39.1	3.4286007238876945
40.1	40.1	3.451092748047088
40.1	41.1	3.470365485063218
40.1	42.1	3.4849920493163293
40.1	43.1	3.492274781119542
40.1	44.1	3.4866201112026984
40.1	45.1	3.4794851410811405
40.1	46.1	3.4638017718254233
40.1	47.1	3.4306043445965937
40.1	48.1	3.3883499191157376
40.1	49.1	3.3294491943347793
40.1	50.1	3.259328601163798
40.1	51.1	3.1776189098239276
40.1	52.1	3.0761289742511906
41.1	0.1	2.0510100351649414
41.1	1.1	2.0922827694103185
41.1	2.1	2.1334061201376664
41.1	3.1	2.1743764318243897
41.1	4.1	2.215189959719944
41.1	5.1	2.2558428298020567
41.1	6.1	2.2963309999943102
41.1	7.1	2.3366502216816176
41.1	8.1	2.376796000624003
41.1	9.1	2.416763556394118
41.1	10.1	2.456547779452897
41.1	11.1	2.4961431849313
41.1	12.1	2.535543862102439
41.1	13.1	2.574743418403453
41.1	14.1	2.61373491669354
41.1	15.1	2.652510804203392
41.1	16.1	2.6910628313278
41.1	17.1	2.7293819580173384
41.1	18.1	2.767458245009474
41.1	19.1	2.8052807264660196
41.1	20.1	2.8428372596995355
41.1	21.1	2.880114346501601
41.1	22.1	2.9170969190249685
41.1	23.1	2.9537680810675275
41.1	24.1	2.9901087927372316
41.1	25.1	3.026097482516381
41.1	26.1	3.0617095651991746
41.1	27.1	3.0969168362960495
41.1	28.1	3.1316867021094654
41.1	29.1	3.165981187920598
41.1	30.1	3.199755641539508
41.1	31.1	3.2329570107668624
41.1	32.1	3.2655215123177257
41.1	33.1	3.297371410861031
41.1	34.1	3.328410461258347
41.1	35.1	3.3585172795778018
41.1	36.1	3.3875353878141756
41.1	37.1	3.4152576874534284
41.1	38.1	3.441401125366142
41.1	39.1	3.4655630308864165
41.1	40.1	3.4871406301786605
41.1	41.1	3.505169823500242
41.1	42.1	3.517968197880127
41.1	43.1	3.5222647547002923
41.1	44.1	3.5132250760425654
41.1	45.1	3.5064062937427605
41.1	46.1	3.4866620982725465
41.1	47.1	3.4508798345553853
41.1	48.1	3.404211909170051
41.1	49.1	3.3427036002195782
41.1	50.1	3.2697564708827924
41.1	51.1	3.1845625305958527
41.1	52.1	3.0773700617529642
42.1	0.1	2.0957351158049593
42.1	1.1	2.136897606840217
42.1	2.1	2.177910338257788
42.1	3.1	2.218769606133871
42.1	4.1	2.259471601020591
42.1	5.1	2.3000123692668417
42.1	6.1	2.340387775095556
42.1	7.1	2.3805934625405696
42.1	8.1	2.420624816388099
42.1	9.1	2.4604769212742923
42.1	10.1	2.5001445180629207
42.1	11.1	2.5396219565654943
42.1	12.1	2.5789031435671275
42.1	13.1	2.617981484980354
42.1	14.1	2.656849820757841
42.1	15.1	2.695500350942315
42.1	16.1	2.7339245509021097
42.1	17.1	2.7721130733716137
42.1	18.1	2.810055634357385
42.1	19.1	2.847740879240672
42.1	20.1	2.885156224447267
42.1	21.1	2.9222876687833974
42.1	22.1	2.959119566834627
42.1	23.1	2.9956343545241206
42.1	24.1	3.031812213779997
42.1	25.1	3.067630658901649
42.1	26.1	3.1030640210877776
42.1	27.1	3.1380827988429854
42.1	28.1	3.172652829280029
42.1	29.1	3.2067342165421144
42.1	30.1	3.2402799251730863
42.1	31.1	3.2732339023452224
42.1	32.1	3.3055285231408464
42.1	33.1	3.3370810391380736
42.1	34.1	3.3677885180316207
42.1	35.1	3.3975204242051067
42.1	36.1	3.426107371038884
42.1	37.1	3.4533233822365537
42.1	38.1	3.4788565586980296
42.1	39.1	3.502257696640149
42.1	40.1	3.522843675762328
42.1	41.1	3.539499245843635
42.1	42.1	3.5502267138476387
42.1	43.1	3.551044846691657
42.1	44.1	3.5421555745862405
42.1	45.1	3.5324104879138942
42.1	46.1	3.5081677266919935
42.1	47.1	3.4701487188028532
42.1	48.1	3.4189303724305797
42.1	49.1	3.3551580907392546
42.1	50.1	3.279617318698071
42.1	51.1	3.190393562024926
42.1	52.1	3.0771073354313643
43.1	0.1	2.1403818370480643
43.1	1.1	2.181435201390072
43.1	2.1	2.222338369439342
43.1	3.1	2.2630875842178937
43.1	4.1	2.3036789677562832
43.1	5.1	2.344108483507741
43.1	6.1	2.3843718990634373
43.1	7.1	2.4244647483250756
43.1	8.1	2.464382292313614
43.1	9.1	2.5041194777828473
43.1	10.1	2.543670892764108
43.1	11.1	2.5830307180920347
43.1	12.1	2.6221926738474672
43.1	13.1	2.6611499594960866
43.1	14.1	2.6998951862913794
43.1	15.1	2.7384203002353655
43.1	16.1	2.7767164935325925
43.1	17.1	2.8147741020081973
43.1	18.1	2.8525824853558843
43.1	19.1	2.8901298862903992
43.1	20.1	2.9274032636368736
43.1	21.1	2.9643880930051254
43.1	22.1	3.0010681268404413
43.1	23.1	3.037425103125155
43.1	24.1	3.073438388550973
43.1	25.1	3.1090845371783384
43.1	26.1	3.1443367388211554
43.1	27.1	3.17916412167751
43.1	28.1	3.2135308595475283
43.1	29.1	3.247395012884417
43.1	30.1	3.280707000859326
43.1	31.1	3.31340755169935
43.1	32.1	3.3454248987263475
43.1	33.1	3.376670857947695
43.1	34.1	3.4070351986294134
43.1	35.1	3.4363773202115286
43.1	36.1	3.4645135102266957
43.1	37.1	3.491196613215176
43.1	38.1	3.51608193621049
43.1	39.1	3.5386665002194486
43.1	40.1	3.558172417848273
43.1	41.1	3.5733016640253465
43.1	42.1	3.581665730221942
43.1	43.1	3.5784251334026402
43.1	44.1	3.570399115347336
43.1	45.1	3.557401330780902
43.1	46.1	3.528244075484199
43.1	47.1	3.488355984175774
43.1	48.1	3.432699788928177
43.1	49.1	3.3668211315598375
43.1	50.1	3.2887303582088236
43.1	51.1	3.195106529980929
44.1	0.1	2.184951822796312
44.1	1.1	2.2258970964068125
44.1	2.1	2.2666916779484234
44.1	3.1	2.307331753006866
44.1	4.1	2.347813371403436
44.1	5.1	2.388132410462817
44.1	6.1	2.4282845381678295
44.1	7.1	2.4682651753987095
44.1	8.1	2.508069456460255
44.1	9.1	2.54769218707505
44.1	10.1	2.5871277989645174
44.1	11.1	2.6263703000492002
44.1	12.1	2.665413219171045
44.1	13.1	2.7042495440663497
44.1	14.1	2.7428716510886093
44.1	15.1	2.781271224881536
44.1	16.1	2.819439165814863
44.1	17.1	2.8573654824924994
44.1	18.1	2.895039165987575
44.1	19.1	2.9324480416010466
44.1	20.1	2.9695785928084875
44.1	21.1	3.0064157505525984
44.1	22.1	3.042942639012224
44.1	23.1	3.079140266222296
44.1	24.1	3.1149871441236603
44.1	25.1	3.1504588173239996
44.1	26.1	3.1855272723451034
44.1	27.1	3.2201601883215294
44.1	28.1	3.2543199742634124
44.1	29.1	3.2879625142822637
44.1	30.1	3.321035505912018
44.1	31.1	3.353476219810023
44.1	32.1	3.385208417519116
44.1	33.1	3.416138011688104
44.1	34.1	3.446146790856993
44.1	35.1	3.475083060436563
44.1	36.1	3.5027471671218997
44.1	37.1	3.5288681183327646
44.1	38.1	3.5530637930932993
44.1	39.1	3.5747687676172246
44.1	40.1	3.5930927188625708
44.1	41.1	3.6065151764915764
44.1	42.1	3.6121623648820576
44.1	43.1	3.6042186479290725
44.1	44.1	3.5978900776539384
44.1	45.1	3.581274626391112
44.1	46.1	3.547644921591298
44.1	47.1	3.5054585063404358
44.1	48.1	3.4469067917549805
44.1	49.1	3.3777172089093224
44.1	50.1	3.297034107551139
44.1	51.1	3.198623636069218
45.1	0.1	2.229446604249143
45.1	1.1	2.2702847473371133
45.1	2.1	2.3109716447987747
45.1	3.1	2.3515034206250753
45.1	4.1	2.3918760488469695
45.1	5.1	2.4320853174438595
45.1	6.1	2.4721267917586554
45.1	7.1	2.511995776648567
45.1	8.1	2.5516872765913545
45.1	9.1	2.5911959529278614
45.1	10.1	2.6305160773518703
45.1	11.1	2.66964148065436
45.1	12.1	2.708565495585688
45.1	13.1	2.7472808925081407
45.1	14.1	2.7857798062614805
45.1	15.1	2.8240536523400497
45.1	16.1	2.8620930300604517
45.1	17.1	2.899887609854569
45.1	18.1	2.9374260011134123
45.1	19.1	2.974695596076967
45.1	20.1	3.01168238403504
45.1	21.1	3.0483707284623662
45.1	22.1	3.0847430974971486
45.1	23.1	3.1207797351515425
45.1	24.1	3.156458256468636
45.1	25.1	3.191753143992015
45.1	26.1	3.226635114592719
45.1	27.1	3.261070313658312
45.1	28.1	3.2950192759025168
45.1	29.1	3.3284355653564384
45.1	30.1	3.361263966016027
45.1	31.1	3.393438029765563
45.1	32.1	3.424876682865648
45.1	33.1	3.4554794156269604
45.1	34.1	3.485119272512156
45.1	35.1	3.513632302135627
45.1	36.1	3.5408010640442233
45.1	37.1	3.566327646830427
45.1	38.1	3.5897870364624955
45.1	39.1	3.610540928788554
45.1	40.1	3.627564789492019
45.1	41.1	3.6390657968578513
45.1	42.1	3.6415700560298148
45.1	43.1	3.6323096744393206
45.1	44.1	3.6245540839081003
45.1	45.1	3.6039240525544702
45.1	46.1	3.5678834718315873
45.1	47.1	3.5214353166043053
45.1	48.1	3.4603443622600434
45.1	49.1	3.388131252268029
45.1	50.1	3.304460431017974
45.1	51.1	3.2008641602676753
46.1	0.1	2.2738676263983826
46.1	1.1	2.3145995277850866
46.1	2.1	2.355179573381508
46.1	3.1	2.395603821608472
46.1	4.1	2.4358681672060944
46.1	5.1	2.4759683055920476
46.1	6.1	2.515899696373945
46.1	7.1	2.5556575252679377
46.1	8.1	2.595236663652487
46.1	9.1	2.6346316249345074
46.1	10.1	2.6738365168225275
46.1	11.1	2.7128449884839965
46.1	12.1	2.7516501714052466
46.1	13.1	2.7902446125639138
46.1	14.1	2.8286201982523766
46.1	15.1	2.866768066540035
46.1	16.1	2.9046785059084868
46.1	17.1	2.942340837004983
46.1	18.1	2.979743273691411
46.1	19.1	3.0168727585568194
46.1	20.1	3.0537147667240556
46.1	21.1	3.0902530699915203
46.1	22.1	3.12646945093055
46.1	23.1	3.16234335324588
46.1	24.1	3.1978514501122235
46.1	25.1	3.232967105736951
46.1	26.1	3.267659696163328
46.1	27.1	3.301893741902152
46.1	28.1	3.3356277850857454
46.1	29.1	3.368812913735915
46.1	30.1	3.4013907891113884
46.1	31.1	3.4332909579685276
46.1	32.1	3.4644271101916733
46.1	33.1	3.4946917367934525
46.1	34.1	3.5239482820633974
46.1	35.1	3.552019220261967
46.1	36.1	3.5786672058669655
46.1	37.1	3.603563821121845
46.1	38.1	3.6262346827166523
46.1	39.1	3.645955974145055
46.1	40.1	3.6615419640786775
46.1	41.1	3.6708647328259394
46.1	42.1	3.6697194323375526
46.1	43.1	3.660986648198574
46.1	44.1	3.6503076101929524
46.1	45.1	3.6252533508723888
46.1	46.1	3.5871480431318847
46.1	47.1	3.5363016027603495
46.1	48.1	3.4730058441763516
46.1	49.1	3.398236069086933
46.1	50.1	3.310878254853822
46.1	51.1	3.2017844428448172
47.1	0.1	2.318216253919815
47.1	1.1	2.3588427350117973
47.1	2.1	2.3993166945812368
47.1	3.1	2.4396341216516335
47.1	4.1	2.4797908282295587
47.1	5.1	2.519782413940548
47.1	6.1	2.559604229489339
47.1	7.1	2.5992513382120066
47.1	8.1	2.6387184749518355
47.1	9.1	2.6780000014268266
47.1	10.1	2.717089857161665
47.1	11.1	2.755981504925941
47.1	12.1	2.7946678694463314
47.1	13.1	2.8331412679333177
47.1	14.1	2.8713933306692194
47.1	15.1	2.9094149095250037
47.1	16.1	2.9471959717828984
47.1	17.1	2.9847254760050466
47.1	18.1	3.0219912258564365
47.1	19.1	3.058979696695046
47.1	20.1	3.095675828287236
47.1	21.1	3.1320627750544707
47.1	22.1	3.1681216026092636
47.1	23.1	3.2038309157013676
47.1	24.1	3.2391663976332215
47.1	25.1	3.274100234053933
47.1	26.1	3.3086003837789923
47.1	27.1	3.342629644290951
47.1	28.1	3.376144437243346
47.1	29.1	3.409093205295218
47.1	30.1	3.4414142585978045
47.1	31.1	3.473032824352497
47.1	32.1	3.5038569126798498
47.1	33.1	3.5337713725000532
47.1	34.1	3.562629085404913
47.1	35.1	3.5902374539061817
47.1	36.1	3.616336789317607
47.1	37.1	3.640563973469082
47.1	38.1	3.662387540637236
47.1	39.1	3.6809827845091885
47.1	40.1	3.694969175584848
47.1	41.1	3.7018053473033827
47.1	42.1	3.696429303394834
47.1	43.1	3.6889770873219514
47.1	44.1	3.6750585179486785
47.1	45.1	3.645199064193443
47.1	46.1	3.605387078291437
47.1	47.1	3.550125640743191
47.1	48.1	3.4848945993008726
47.1	49.1	3.407636616152862
47.1	50.1	3.3162448016126462
47.1	51.1	3.2012602536163266
48.1	0.1	2.3624937765279554
48.1	1.1	2.403015594937683
48.1	2.1	2.443384171434121
48.1	3.1	2.483595421934062
48.1	4.1	2.52364507230549
48.1	5.1	2.563528623124542
48.1	6.1	2.603241312945321
48.1	7.1	2.6427780793590196
48.1	8.1	2.6821335170712968
48.1	9.1	2.721301832151226
48.1	10.1	2.760276791497692
48.1	11.1	2.799051666424369
48.1	12.1	2.8376191690743076
48.1	13.1	2.8759713801287763
48.1	14.1	2.91409966595716
48.1	15.1	2.951994582944882
48.1	16.1	2.9896457662063534
48.1	17.1	3.0270417992010605
48.1	18.1	3.064170059869451
48.1	19.1	3.1010165377160264
48.1	20.1	3.13756561468344
48.1	21.1	3.173799800530821
48.1	22.1	3.2096994105299452
48.1	23.1	3.245242169297081
48.1	24.1	3.28040271899559
48.1	25.1	3.3151520022265637
48.1	26.1	3.349456478508421
48.1	27.1	3.3832771164846633
48.1	28.1	3.416568078891419
48.1	29.1	3.4492749788633894
48.1	30.1	3.4813325257896044
48.1	31.1	3.5126612814944744
48.1	32.1	3.543163085254535
48.1	33.1	3.5727144261561326
48.1	34.1	3.6011565380691186
48.1	35.1	3.6282800446934105
48.1	36.1	3.6538000971204743
48.1	37.1	3.6773139519428906
48.1	38.1	3.6982238270318932
48.1	39.1	3.7155853019563976
48.1	40.1	3.7277810737266566
48.1	41.1	3.7317603301350135
48.1	42.1	3.7222342143507765
48.1	43.1	3.716216832305603
48.1	44.1	3.6987084639837957
48.1	45.1	3.664682751791301
48.1	46.1	3.6225595524677843
48.1	47.1	3.5643292454058337
48.1	48.1	3.496027235129548
48.1	49.1	3.416280083231791
48.1	50.1	3.3205183160224925
49.1	0.1	2.4067014138520686
49.1	1.1	2.4471192667011232
49.1	2.1	2.4873831033763385
49.1	3.1	2.5274887630697287
49.1	4.1	2.5674318821254447
49.1	5.1	2.6072078587742884
49.1	6.1	2.6468118160841043
49.1	7.1	2.686238562405529
49.1	8.1	2.725482548533911
49.1	9.1	2.764537820721142
49.1	10.1	2.8033979685513795
49.1	11.1	2.8420560665358
49.1	12.1	2.88050460807481
49.1	13.1	2.9187354301693715
49.1	14.1	2.956739626919689
49.1	15.1	2.9945074494069104
49.1	16.1	3.032028188980832
49.1	17.1	3.069290040231251
49.1	18.1	3.1062799389435223
49.1	19.1	3.1429833690469335
49.1	20.1	3.179384130839756
49.1	21.1	3.2154640604475477
49.1	22.1	3.2512026872938664
49.1	23.1	3.2865768119683274
49.1	24.1	3.3215599807138045
49.1	25.1	3.3561218239764345
49.1	26.1	3.3902272137461726
49.1	27.1	3.4238351756499377
49.1	28.1	3.4568974634903276
49.1	29.1	3.489356660354807
49.1	30.1	3.5211436015411066
49.1	31.1	3.5521738024910468
49.1	32.1	3.582342386649501
49.1	33.1	3.611516679976813
49.1	34.1	3.6395250421599026
49.1	35.1	3.6661393656885024
49.1	36.1	3.69104637393223
49.1	37.1	3.71379788876493
49.1	38.1	3.733718698219435
49.1	39.1	3.749721501696439
49.1	40.1	3.7598997535385084
49.1	41.1	3.7605805755109687
49.1	42.1	3.7512958373847565
49.1	43.1	3.7426336230422033
49.1	44.1	3.7211588358828815
49.1	45.1	3.6848866805150853
49.1	46.1	3.638643813822837
49.1	47.1	3.577938839398456
49.1	48.1	3.506438741129543
49.1	49.1	3.4241086867868353
49.1	50.1	3.3236290368235495
50.1	0.1	2.45084031988416
50.1	1.1	2.4911548468197524
50.1	2.1	2.531314530125423
50.1	3.1	2.5713151287183607
50.1	4.1	2.611152186037421
50.1	5.1	2.6508209946225505
50.1	6.1	2.6903165586243505
50.1	7.1	2.729633553520995
50.1	8.1	2.7687662822502874
50.1	9.1	2.8077086268663085
50.1	10.1	2.846453994697829
50.1	11.1	2.884995257812318
50.1	12.1	2.9233246843652316
50.1	13.1	2.961433860125894
50.1	14.1	2.9993135981005694
50.1	15.1	3.036953833695473
50.1	16.1	3.0743435022436354
50.1	17.1	3.111470394912923
50.1	18.1	3.1483209879529603
50.1	19.1	3.1848802388344253
50.1	20.1	3.221131340954449
50.1	21.1	3.2570554260378124
50.1	22.1	3.2926311998787745
50.1	23.1	3.3278344922315317
50.1	24.1	3.362637694846405
50.1	25.1	3.3970090519058176
50.1	26.1	3.4309117529330373
50.1	27.1	3.46430275720828
50.1	28.1	3.4971312468492433
50.1	29.1	3.5293365562650476
50.1	30.1	3.560845346950628
50.1	31.1	3.5915676674462302
50.1	32.1	3.621391319297662
50.1	33.1	3.6501735641199957
50.1	34.1	3.677728497127009
50.1	35.1	3.7038070390506475
50.1	36.1	3.7280636803061875
50.1	37.1	3.749997922369069
50.1	38.1	3.7688436763075615
50.1	39.1	3.7833421185603835
50.1	40.1	3.7912321444226693
50.1	41.1	3.788099449378287
50.1	42.1	3.779727385193371
50.1	43.1	3.7681469434781194
50.1	44.1	3.7423228005801232
50.1	45.1	3.7041472104250452
50.1	46.1	3.6536495963273468
50.1	47.1	3.5907959056425014
50.1	48.1	3.516768705143509
50.1	49.1	3.431051593283406
50.1	50.1	3.3255199666673065
51.1	0.1	2.494911587043375
51.1	1.1	2.535123372995368
51.1	2.1	2.575179435231779
51.1	3.1	2.6150754488923535
51.1	4.1	2.65480686111851
51.1	5.1	2.6943688553540435
51.1	6.1	2.7337563132986196
51.1	7.1	2.772963773784135
51.1	8.1	2.81198538776413
51.1	9.1	2.8508148684968506
51.1	10.1	2.889445435857452
51.1	11.1	2.9278697535264664
51.1	12.1	2.966079857559087
51.1	13.1	3.0040670745285354
51.1	14.1	3.0418219270367453
51.1	15.1	3.079334023869779
51.1	16.1	3.1165919314065866
51.1	17.1	3.1535830220164693
51.1	18.1	3.190293294031069
51.1	19.1	3.2267071563494665
51.1	20.1	3.262807168684833
51.1	21.1	3.298573725677944
51.1	22.1	3.3339846692775255
51.1	23.1	3.369014808458187
51.1	24.1	3.4036353178120353
51.1	25.1	3.4378129757234666
51.1	26.1	3.4715091870012067
51.1	27.1	3.5046787112218825
51.1	28.1	3.5372679820360333
51.1	29.1	3.5692128464669337
51.1	30.1	3.6004354630379143
51.1	31.1	3.6308399483952165
51.1	32.1	3.66030610673824
51.1	33.1	3.6886801216997496
51.1	34.1	3.7157602433274226
51.1	35.1	3.741273840295692
51.1	36.1	3.764838720020853
51.1	37.1	3.7858938622907092
51.1	38.1	3.8035659439869187
51.1	39.1	3.8163890795135837
51.1	40.1	3.821667334077778
51.1	41.1	3.814150565788553
51.1	42.1	3.8074732316402997
51.1	43.1	3.792668836205885
51.1	44.1	3.7621468782345957
51.1	45.1	3.722415926106382
51.1	46.1	3.6676326709222122
51.1	47.1	3.6028999244222106
51.1	48.1	3.5264316746360946
51.1	49.1	3.43698992858874
51.1	50.1	3.3261458802520196
52.1	0.1	2.5389162498958475
52.1	1.1	2.5790258275983367
52.1	2.1	2.618978749333189
52.1	3.1	2.6587706029891605
52.1	4.1	2.698396735994229
52.1	5.1	2.7378522192213697
52.1	6.1	2.7771318082756253
52.1	7.1	2.816229901420903
52.1	8.1	2.8551404933147397
52.1	9.1	2.893857123598265
52.1	10.1	2.9323728192303427
52.1	11.1	2.970680029250677
52.1	12.1	3.008770550394731
52.1	13.1	3.0466354416474357
52.1	14.1	3.0842649253912544
52.1	15.1	3.1216482722473033
52.1	16.1	3.158773665985257
52.1	17.1	3.195628043932002
52.1	18.1	3.2321969070611978
52.1	19.1	3.2684640922838217
52.1	20.1	3.3044114972222594
52.1	21.1	3.3400187447032703
52.1	22.1	3.3752627700023043
52.1	23.1	3.41011730799422
52.1	24.1	3.444552249020954
52.1	25.1	3.4785328202417505
52.1	26.1	3.512018531525433
52.1	27.1	3.5449617983875594
52.1	28.1	3.5773061137460775
52.1	29.1	3.608983576232738
52.1	30.1	3.6399114792741196
52.1	31.1	3.6699874924604323
52.1	32.1	3.699082668184901
52.1	33.1	3.727030969022029
52.1	34.1	3.7536129971058587
52.1	35.1	3.7785295865469477
52.1	36.1	3.8013566349718078
52.1	37.1	3.8214627831926995
52.1	38.1	3.837847475678048
52.1	39.1	3.8487936050376446
52.1	40.1	3.8510746499672894
52.1	41.1	3.841365767296922
52.1	42.1	3.8344707245503886
52.1	43.1	3.8161066038985214
52.1	44.1	3.781718086417436
52.1	45.1	3.739653784227667
52.1	46.1	3.681719731937039
52.1	47.1	3.6142613558683117
52.1	48.1	3.53538170546369
52.1	49.1	3.441921969332286
52.1	50.1	3.3253867219870914
53.1	0.1	2.582855288564379
53.1	1.1	2.622863140863184
53.1	2.1	2.6627133531413008
53.1	3.1	2.702401422575558
53.1	4.1	2.741922593428513
53.1	5.1	2.7812718204491342
53.1	6.1	2.820443729386885
53.1	7.1	2.8594325738617656
53.1	8.1	2.8982321877323978
53.1	9.1	2.936835931971592
53.1	10.1	2.975236634886879
53.1	11.1	3.0134265243027487
53.1	12.1	3.0513971500387043
53.1	13.1	3.0891392946551934
53.1	14.1	3.1266428699741873
53.1	15.1	3.1638967962800106
53.1	16.1	3.2008888603242283
53.1	17.1	3.2376055472336214
53.1	18.1	3.274031840065053
53.1	19.1	3.310150978941019
53.1	20.1	3.345944169255765
53.1	21.1	3.381390225102755
53.1	22.1	3.4164651294523685
53.1	23.1	3.451141486120059
53.1	24.1	3.485387829313644
53.1	25.1	3.5191677431314745
53.1	26.1	3.552438723558683
53.1	27.1	3.5851506856052167
53.1	28.1	3.6172439720771514
53.1	29.1	3.6486466473978987
53.1	30.1	3.6792707408252454
53.1	31.1	3.7090069030035986
53.1	32.1	3.7377165898364266
53.1	33.1	3.7652202502648273
53.1	34.1	3.7912787758632924
53.1	35.1	3.8155630055589334
53.1	36.1	3.8376007603924536
53.1	37.1	3.8566785308687908
53.1	38.1	3.8716439671674316
53.1	39.1	3.880473988417568
53.1	40.1	3.879304572283868
53.1	41.1	3.8701895709215597
53.1	42.1	3.8606497484685334
53.1	43.1	3.8383689213151495
53.1	44.1	3.8018895004309194
53.1	45.1	3.7558387652930776
53.1	46.1	3.6954909712588417
53.1	47.1	3.624904698792539
53.1	48.1	3.543569056101505
53.1	49.1	3.4457870954967653
54.1	0.1	2.626729631858299
54.1	1.1	2.666636193823317
54.1	2.1	2.7063840801857135
54.1	3.1	2.7459686939471664
54.1	4.1	2.785385172705607
54.1	5.1	2.8246283514455057
54.1	6.1	2.8636927221752075
54.1	7.1	2.902572389634016
54.1	8.1	2.941261022180835
54.1	9.1	2.9797517968315375
54.1	10.1	3.018037337226024
54.1	11.1	3.0561096430676193
54.1	12.1	3.093960009272846
54.1	13.1	3.1315789326794605
54.1	14.1	3.168956003658815
54.1	15.1	3.2060797793295257
54.1	16.1	3.2429376342236345
54.1	17.1	3.2795155831455878
54.1	18.1	3.3157980694915308
54.1	19.1	3.35176771032392
54.1	20.1	3.387404986825131
54.1	21.1	3.422687865091572
54.1	22.1	3.457591327142338
54.1	23.1	3.492086784845568
54.1	24.1	3.5261413391966703
54.1	25.1	3.5597168324186956
54.1	26.1	3.59276861812779
54.1	27.1	3.6252439410826955
54.1	28.1	3.657079765650223
54.1	29.1	3.688199808569443
54.1	30.1	3.7185103943487587
54.1	31.1	3.7478945184986987
54.1	32.1	3.776203092437219
54.1	33.1	3.8032415856742725
54.1	34.1	3.8287488112576598
54.1	35.1	3.8523615815516434
54.1	36.1	3.873552331365174
54.1	37.1	3.891511118889726
54.1	38.1	3.904903522655536
54.1	39.1	3.911333190737916
54.1	40.1	3.906197186561166
54.1	41.1	3.8983834367759087
54.1	42.1	3.8859327823420107
54.1	43.1	3.8593776572976055
54.1	44.1	3.8211462356414247
54.1	45.1	3.770976230005632
54.1	46.1	3.7085327213248416
54.1	47.1	3.635223802661157
54.1	48.1	3.5509398455171346
54.1	49.1	3.44852324437421
55.1	0.1	2.670540160150365
55.1	1.1	2.7103458210096685
55.1	2.1	2.7499917193383956
55.1	3.1	2.7894731604839693
55.1	4.1	2.8287851718227475
55.1	5.1	2.8679224648383705
55.1	6.1	2.9068793937805397
55.1	7.1	2.9456499101031812
55.1	8.1	2.984227511759449
55.1	9.1	3.0226051862739807
55.1	10.1	3.060775346311581
55.1	11.1	3.098729756204628
55.1	12.1	3.136459447573361
55.1	13.1	3.173954621752846
55.1	14.1	3.211204536199227
55.1	15.1	3.248197371346718
55.1	16.1	3.284920073471541
55.1	17.1	3.321358167914049
55.1	18.1	3.3574955354086855
55.1	19.1	3.393314142120362
55.1	20.1	3.428793711063492
55.1	21.1	3.4639113185599966
55.1	22.1	3.4986408937871447
55.1	23.1	3.5329525915328457
55.1	24.1	3.5668119968643603
55.1	25.1	3.6001791037056
55.1	26.1	3.6330069843613093
55.1	27.1	3.665240028933652
55.1	28.1	3.6968115740076297
55.1	29.1	3.727640644268167
55.1	30.1	3.7576273721581805
55.1	31.1	3.7866463888049187
55.1	32.1	3.8145369945057355
55.1	33.1	3.8410880121644837
55.1	34.1	3.8660134482784594
55.1	35.1	3.888911372956404
55.1	36.1	3.9091901293292777
55.1	37.1	3.9259259897935554
55.1	38.1	3.9375650629766246
55.1	39.1	3.9412567055414423
55.1	40.1	3.931607645180562
55.1	41.1	3.925892822270704
55.1	42.1	3.910235962244935
55.1	43.1	3.879088273508308
55.1	44.1	3.8394427409999463
55.1	45.1	3.7851116306982786
55.1	46.1	3.7208415221768663
55.1	47.1	3.64512840657786
55.1	48.1	3.5574072370031646
55.1	49.1	3.450103719714864
56.1	0.1	2.7142877080245156
56.1	1.1	2.7539928129352513
56.1	2.1	2.7935370171386134
56.1	3.1	2.832915524820311
56.1	4.1	2.8721232495104747
56.1	5.1	2.91115477535139
56.1	6.1	2.9500043146770687
56.1	7.1	2.9886656610760722
56.1	8.1	3.0271321369766273
56.1	9.1	3.0653965346230727
56.1	10.1	3.103451049095577
56.1	11.1	3.1412872017484696
56.1	12.1	3.1788957520891286
56.1	13.1	3.2162665956665744
56.1	14.1	3.253388644955062
56.1	15.1	3.290249689460446
56.1	16.1	3.32683623028608
56.1	17.1	3.3631332830873126
56.1	18.1	3.3991241416008546
56.1	19.1	3.4347900915877134
56.1	20.1	3.4701100618288727
56.1	21.1	3.5050601943961968
56.1	22.1	3.5396133102387717
56.1	23.1	3.5737382373386404
56.1	24.1	3.607398955993183
56.1	25.1	3.640553497095066
56.1	26.1	3.6731525012180337
56.1	27.1	3.7051373032192925
56.1	28.1	3.7364373392105135
56.1	29.1	3.7669665628772573
56.1	30.1	3.7966183745412825
56.1	31.1	3.8252582484639355
56.1	32.1	3.852712670541223
56.1	33.1	3.878751914984031
56.1	34.1	3.903062027437118
56.1	35.1	3.9251967959999385
56.1	36.1	3.9444900545086217
56.1	37.1	3.9598831098901486
56.1	38.1	3.969556444381015
56.1	39.1	3.970111870487144
56.1	40.1	3.9604033317066407
56.1	41.1	3.9526566189963557
56.1	42.1	3.9334720211322076
56.1	43.1	3.898751146984333
56.1	44.1	3.8567418395837545
56.1	45.1	3.799081093161923
56.1	46.1	3.732423042985384
56.1	47.1	3.654357948576214
56.1	48.1	3.5629182058276814
56.1	49.1	3.45046270132053
57.1	0.1	2.7579730667156475
57.1	1.1	2.797577918385164
57.1	2.1	2.8370206799363515
57.1	3.1	2.876296450845806
57.1	4.1	2.9154000270955676
57.1	5.1	2.9543258615336043
57.1	6.1	2.993068020273957
57.1	7.1	3.031620134276714
57.1	8.1	3.0699753451043144
57.1	9.1	3.108126243667071
57.1	10.1	3.14606480053699
57.1	11.1	3.183782286111174
57.1	12.1	3.221269178525789
57.1	13.1	3.2585150567336054
57.1	14.1	3.2955084755282797
57.1	15.1	3.332236818479622
57.1	16.1	3.368686123670658
57.1	17.1	3.4048408757071233
57.1	18.1	3.4406837555723615
57.1	19.1	3.476195337336578
57.1	20.1	3.511353717223409
57.1	21.1	3.5461340556796994
57.1	22.1	3.580508006268917
57.1	23.1	3.6144429954667765
57.1	24.1	3.6479013032938075
57.1	25.1	3.6808388737957665
57.1	26.1	3.7132037527804567
57.1	27.1	3.7449340013781174
57.1	28.1	3.775954856546351
57.1	29.1	3.806174783250969
57.1	30.1	3.835479849983067
57.1	31.1	3.8637254865807886
57.1	32.1	3.890724003388804
57.1	33.1	3.9162249488354797
57.1	34.1	3.939882746692608
57.1	35.1	3.961200366583996
57.1	36.1	3.9794246068284176
57.1	37.1	3.993335863282538
57.1	38.1	4.000792352002499
57.1	39.1	3.9977513540201914
57.1	40.1	3.9889964016821082
57.1	41.1	3.9786068716878913
57.1	42.1	3.9555565071126555
57.1	43.1	3.918891966619719
57.1	44.1	3.873021383269737
57.1	45.1	3.813004341139915
57.1	46.1	3.7432947128439675
57.1	47.1	3.662869059823693
57.1	48.1	3.567443855922644
57.1	49.1	3.4494914153744056
58.1	0.1	2.8015969863602597
58.1	1.1	2.841101846529487
58.1	2.1	2.880443375870257
58.1	3.1	2.919616565551863
58.1	4.1	2.958616090220039
58.1	5.1	2.9974362673548205
58.1	6.1	3.0360710123908388
58.1	7.1	3.074513788705234
58.1	8.1	3.1127575514229346
58.1	9.1	3.1507946837911365
58.1	10.1	3.188616924623186
58.1	11.1	3.226215284991694
58.1	12.1	3.263579951941377
58.1	13.1	3.3007001764662864
58.1	14.1	3.3375641423162987
58.1	15.1	3.3741588113121814
58.1	16.1	3.41046973968504
58.1	17.1	3.4464808584128255
58.1	18.1	3.48217420845867
58.1	19.1	3.517529619013257
58.1	20.1	3.55252431299827
58.1	21.1	3.5871324187414824
58.1	22.1	3.6213243591906545
58.1	23.1	3.6550660792195773
58.1	24.1	3.6883180558037907
58.1	25.1	3.721034012381636
58.1	26.1	3.753159223072738
58.1	27.1	3.7846282369802013
58.1	28.1	3.8153617642446433
58.1	29.1	3.845262319814671
58.1	30.1	3.8742079730040304
58.1	31.1	3.9020431127693898
58.1	32.1	3.9285643297846002
58.1	33.1	3.9534979464939557
58.1	34.1	3.9764624989558657
58.1	35.1	3.9969023910901877
58.1	36.1	4.013962254029978
58.1	37.1	4.026229712053293
58.1	38.1	4.031172217294841
58.1	39.1	4.024026549864849
58.1	40.1	4.016959998532054
58.1	41.1	4.003669028605412
58.1	42.1	3.9764193128235763
58.1	43.1	3.9381451319017517
58.1	44.1	3.8882832218636754
58.1	45.1	3.8262204520458347
58.1	46.1	3.753608342220391
58.1	47.1	3.6706152282282303
58.1	48.1	3.5709295310737788
59.1	0.1	2.84516017807478
59.1	1.1	2.884565268874635
59.1	2.1	2.9238057366944306
59.1	3.1	2.962876460736964
59.1	4.1	3.0017719904281988
59.1	5.1	3.0404865036777418
59.1	6.1	3.0790137606180408
59.1	7.1	3.1173470518887365
59.1	8.1	3.1554791403648474
59.1	9.1	3.1934021950144214
59.1	10.1	3.2311077153006558
59.1	11.1	3.2685864441989487
59.1	12.1	3.3058282674587054
59.1	13.1	3.342822096173007
59.1	14.1	3.3795557289852813
59.1	15.1	3.416015689303991
59.1	16.1	3.4521870316345478
59.1	17.1	3.4880531094597926
59.1	18.1	3.5235952948453044
59.1	19.1	3.5587926368800016
59.1	20.1	3.5936214418416337
59.1	21.1	3.628054752085754
59.1	22.1	3.662061692311
59.1	23.1	3.6956066398356553
59.1	24.1	3.7286481579015733
59.1	25.1	3.7611376046760983
59.1	26.1	3.793017290357376
59.1	27.1	3.8242179917338293
59.1	28.1	3.854655532084078
59.1	29.1	3.8842259659615284
59.1	30.1	3.912798619275957
59.1	31.1	3.9402057185499366
59.1	32.1	3.9662263779095848
59.1	33.1	3.9905608125498664
59.1	34.1	4.012786680049189
59.1	35.1	4.032280594491903
59.1	36.1	4.0480666616446435
59.1	37.1	4.05850060352936
59.1	38.1	4.0605788328565975
59.1	39.1	4.050401368900758
59.1	40.1	4.0442407012939405
59.1	41.1	4.027763219898047
59.1	42.1	3.996023907612438
59.1	43.1	3.956467710293437
59.1	44.1	3.9025642633550115
59.1	45.1	3.8387237521405226
59.1	46.1	3.7637370549151647
59.1	47.1	3.6775466693928087
59.1	48.1	3.573320486378614
60.1	0.1	2.888663315876622
60.1	1.1	2.9279688210670587
60.1	2.1	2.9671083594668946
60.1	3.1	3.006076694582474
60.1	4.1	3.0448682466325625
60.1	5.1	3.0834770496166617
60.1	6.1	3.1218967035704606
60.1	7.1	3.1601203210322817
60.1	8.1	3.1981404665636597
60.1	9.1	3.2359490879380752
60.1	10.1	3.2735374373209587
60.1	11.1	3.310895980393578
60.1	12.1	3.3480142908990556
60.1	13.1	3.3848809274778047
60.1	14.1	3.421483288866837
60.1	15.1	3.4578074425002776
60.1	16.1	3.493837920179174
60.1	17.1	3.5295574726530035
60.1	18.1	3.564946772494335
60.1	19.1	3.599984051291459
60.1	20.1	3.634644652546321
60.1	21.1	3.668900475167589
60.1	22.1	3.7027192732050893
60.1	23.1	3.73606376409977
60.1	24.1	3.7688904780199333
60.1	25.1	3.801148251227623
60.1	26.1	3.832776220858694
60.1	27.1	3.8637011066622993
60.1	28.1	3.8938334487573134
60.1	29.1	3.9230622755203575
60.1	30.1	3.9512473376200647
60.1	31.1	3.9782074334722517
60.1	32.1	4.003702195544892
60.1	33.1	4.027402399379833
60.1	34.1	4.048838960793117
60.1	35.1	4.067309671447863
60.1	36.1	4.081695756157451
60.1	37.1	4.090073149219103
60.1	38.1	4.08887925421144
60.1	39.1	4.079352297876414
60.1	40.1	4.0707789729007615
60.1	41.1	4.050807387980461
60.1	42.1	4.015782129561884
60.1	43.1	3.973824280594269
60.1	44.1	3.9164158711543577
60.1	45.1	3.8505161828657877
60.1	46.1	3.773223633788247
60.1	47.1	3.683572355704353
60.1	48.1	3.5746256905521623
61.1	0.1	2.932107038461414
61.1	1.1	2.9713131045618
61.1	2.1	3.0103518081112397
61.1	3.1	3.049217793109544
61.1	4.1	3.0879053464682853
61.1	5.1	3.1264083537915703
61.1	6.1	3.1647202500431586
61.1	7.1	3.2028339640772643
61.1	8.1	3.2407418558159913
61.1	9.1	3.2784356446100857
61.1	10.1	3.3159063270071654
61.1	11.1	3.3531440817530633
61.1	12.1	3.3901381593412556
61.1	13.1	3.4268767527663537
61.1	14.1	3.463346845280937
61.1	15.1	3.49953402983167
61.1	16.1	3.535422293363917
61.1	17.1	3.570993757196146
61.1	18.1	3.606228361977668
61.1	19.1	3.641103482065112
61.1	20.1	3.6755934490529363
61.1	21.1	3.7096689570195913
61.1	22.1	3.7432963118013474
61.1	23.1	3.7764364717085193
61.1	24.1	3.8090438050342557
61.1	25.1	3.841064456338843
61.1	26.1	3.8724341618543408
61.1	27.1	3.9030752723571336
61.1	28.1	3.9328926078395363
61.1	29.1	3.9617675420331255
61.1	30.1	3.9895493184238275
61.1	31.1	4.016041875102248
61.1	32.1	4.040983067131959
61.1	33.1	4.06401036180389
61.1	34.1	4.0846010154033605
61.1	35.1	4.10196074291453
61.1	36.1	4.114800592248526
61.1	37.1	4.120858709969034
61.1	38.1	4.115931416931771
61.1	39.1	4.107721425687571
61.1	40.1	4.096509023478871
61.1	41.1	4.072723552221882
61.1	42.1	4.035894110035005
61.1	43.1	3.9901927466552687
61.1	44.1	3.930482196820114
61.1	45.1	3.8616095554134664
61.1	46.1	3.782029847791965
61.1	47.1	3.6886814915440995
61.1	48.1	3.5747417059986613
62.1	0.1	2.9754919508484936
62.1	1.1	3.014598688167072
62.1	2.1	3.0535366148617777
62.1	3.1	3.0923002515266083
62.1	4.1	3.130883747544814
62.1	5.1	3.1692808354856052
62.1	6.1	3.20748478007589
62.1	7.1	3.245488320673765
62.1	8.1	3.2832836059616257
62.1	9.1	3.3208621193122685
62.1	10.1	3.358214592945517
62.1	11.1	3.3953309085643824
62.1	12.1	3.4321999816097097
62.1	13.1	3.4688096255613226
62.1	14.1	3.5051463917874064
62.1	15.1	3.541195379226517
62.1	16.1	3.576940006571212
62.1	17.1	3.6123617374561716
62.1	18.1	3.647439746215873
62.1	19.1	3.682150507742874
62.1	20.1	3.716467289363582
62.1	21.1	3.750359514719716
62.1	22.1	3.783791958265556
62.1	23.1	3.816723712373576
62.1	24.1	3.8491068442978316
62.1	25.1	3.880884622606556
62.1	26.1	3.9119891340680395
62.1	27.1	3.942338018200637
62.1	28.1	3.971829892183621
62.1	29.1	4.000337775537793
62.1	30.1	4.027699357930742
62.1	31.1	4.0537020918425215
62.1	32.1	4.078059417685179
62.1	33.1	4.10037098608595
62.1	34.1	4.120052196554442
62.1	35.1	4.1362006974454015
62.1	36.1	4.147324002312751
62.1	37.1	4.150753774260271
62.1	38.1	4.141603116057173
62.1	39.1	4.13546185661421
62.1	40.1	4.1213592339430765
62.1	41.1	4.09344899577118
62.1	42.1	4.055143910761961
62.1	43.1	4.005572138943951
62.1	44.1	3.9438629522048725
62.1	45.1	3.8720280265493474
62.1	46.1	3.790115032831269
62.1	47.1	3.692827101302748
62.1	48.1	3.573578070746161
63.1	0.1	3.01881862590551
63.1	1.1	3.0578261094749375
63.1	2.1	3.096663281601496
63.1	3.1	3.13532453547603
63.1	4.1	3.173803878602606
63.1	5.1	3.212094885713022
63.1	6.1	3.250190645933105
63.1	7.1	3.2880837030727594
63.1	8.1	3.325765987687363
63.1	9.1	3.363228739274169
63.1	10.1	3.4004624166065356
63.1	11.1	3.4374565937478634
63.1	12.1	3.4741998386945214
63.1	13.1	3.510679570829673
63.1	14.1	3.546881892367936
63.1	15.1	3.5827913876507416
63.1	16.1	3.6183908823958912
63.1	17.1	3.6536611526427487
63.1	18.1	3.6885805699207124
63.1	19.1	3.723124664740348
63.1	20.1	3.7572655843203844
63.1	21.1	3.790971411691278
63.1	22.1	3.824205300670189
63.1	23.1	3.8569243626418515
63.1	24.1	3.8890782132928745
63.1	25.1	3.9206070449244095
63.1	26.1	3.951439023287748
63.1	27.1	3.981486700435252
63.1	28.1	4.010641956537316
63.1	29.1	4.038768676501565
63.1	30.1	4.065691817758798
63.1	31.1	4.091180497355958
63.1	32.1	4.114920701066565
63.1	33.1	4.136468987943137
63.1	34.1	4.155169145269624
63.1	35.1	4.1699913933204105
63.1	36.1	4.179199032043463
63.1	37.1	4.179639563069394
63.1	38.1	4.169484364851973
63.1	39.1	4.162521322696183
63.1	40.1	4.145253619866607
63.1	41.1	4.112954354802223
63.1	42.1	4.0734909990896
63.1	43.1	4.019992267048148
63.1	44.1	3.956550811736053
63.1	45.1	3.8822659533408936
63.1	46.1	3.7974360625255237
63.1	47.1	3.6959602584721187
64.1	0.1	3.0620876057619038
64.1	1.1	3.1009958761871363
64.1	2.1	3.139732281101182
64.1	3.1	3.1782910821875747
64.1	4.1	3.216666140581969
64.1	5.1	3.2548508682041253
64.1	6.1	3.292838173005269
64.1	7.1	3.3306203969435244
64.1	8.1	3.3681892452593574
64.1	9.1	3.405535705318154
64.1	10.1	3.4426499528993375
64.1	11.1	3.479521243315505
64.1	12.1	3.5161377841064323
64.1	13.1	3.5524865852240612
64.1	14.1	3.588553281540175
64.1	15.1	3.624321921076084
64.1	16.1	3.659774710442694
64.1	17.1	3.6948917064015694
64.1	18.1	3.7296504389390095
64.1	19.1	3.7640254463795677
64.1	20.1	3.797987696242138
64.1	21.1	3.8315038558249066
64.1	22.1	3.864535362433596
64.1	23.1	3.897037222409378
64.1	24.1	3.928956436861979
64.1	25.1	3.960229903893691
64.1	26.1	3.9907815711229264
64.1	27.1	4.0205184889392305
64.1	28.1	4.049325208145773
64.1	29.1	4.077055606489369
64.1	30.1	4.1035205788847
64.1	31.1	4.128468795114446
64.1	32.1	4.151555269591527
64.1	33.1	4.17228727300812
64.1	34.1	4.189925321238862
64.1	35.1	4.203288696355065
64.1	36.1	4.2103472319189565
64.1	37.1	4.20738491072285
64.1	38.1	4.1982176489760885
64.1	39.1	4.18884187774586
64.1	40.1	4.168115109934323
64.1	41.1	4.132811208324124
64.1	42.1	4.090901604158183
64.1	43.1	4.033726341172796
64.1	44.1	3.968544823637479
64.1	45.1	3.891990594014117
64.1	46.1	3.8039362719184373
64.1	47.1	3.69803915331035
65.1	0.1	3.1052994031200587
65.1	1.1	3.1441084673442496
65.1	2.1	3.1827440581672586
65.1	3.1	3.2212003015456907
65.1	4.1	3.259470907610389
65.1	5.1	3.297549120312986
65.1	6.1	3.3354276606368187
65.1	7.1	3.373098662121013
65.1	8.1	3.410553597188247
65.1	9.1	3.4477831924395073
65.1	10.1	3.4847773306624936
65.1	11.1	3.5215249367666126
65.1	12.1	3.5580138441689386
65.1	13.1	3.5942306372601553
65.1	14.1	3.6301604644050807
65.1	15.1	3.665786814377197
65.1	16.1	3.70109124704592
65.1	17.1	3.7360530663200224
65.1	18.1	3.770648919494899
65.1	19.1	3.804852301800323
65.1	20.1	3.8386329374114614
65.1	21.1	3.8719559974109434
65.1	22.1	3.904781099511734
65.1	23.1	3.9370610111028443
65.1	24.1	3.9687399419802483
65.1	25.1	3.9997512585804644
65.1	26.1	4.030014364802552
65.1	27.1	4.059430352547182
65.1	28.1	4.087875785064808
65.1	29.1	4.1151935550804835
65.1	30.1	4.141178989187452
65.1	31.1	4.165557891292958
65.1	32.1	4.187950221268342
65.1	33.1	4.207806651697092
65.1	34.1	4.224290436370364
65.1	35.1	4.236041331760064
65.1	36.1	4.240677026751032
65.1	37.1	4.233856549392531
65.1	38.1	4.226369350991495
65.1	39.1	4.214359893342241
65.1	40.1	4.189871806590809
65.1	41.1	4.152895958122046
65.1	42.1	4.10735381754192
65.1	43.1	4.047927476088322
65.1	44.1	3.97985233907473
65.1	45.1	3.9010680331087197
65.1	46.1	3.809564857335027
65.1	47.1	3.6990944215482426
66.1	0.1	3.1484545024720725
66.1	1.1	3.1871643344655425
66.1	2.1	3.2256990307051554
66.1	3.1	3.2640525770768396
66.1	4.1	3.302218527914112
66.1	5.1	3.3401899538531947
66.1	6.1	3.3779593828855057
66.1	7.1	3.415518733287508
66.1	8.1	3.4528592368309123
66.1	9.1	3.489971350324918
66.1	10.1	3.5268446530943884
66.1	11.1	3.5634677274232285
66.1	12.1	3.5998280182495552
66.1	13.1	3.635911667431304
66.1	14.1	3.6717033166283737
66.1	15.1	3.707185871157689
66.1	16.1	3.742340214910407
66.1	17.1	3.7771448633432274
66.1	18.1	3.81157553732691
66.1	19.1	3.845604634744395
66.1	20.1	3.8792005684037862
66.1	21.1	3.9123269268692313
66.1	22.1	3.944941397322972
66.1	23.1	3.9769943634994234
66.1	24.1	4.008427052023238
66.1	25.1	4.039169038548997
66.1	26.1	4.06913482590156
66.1	27.1	4.098219042729615
66.1	28.1	4.126289531865505
66.1	29.1	4.153177102460259
66.1	30.1	4.17865980347112
66.1	31.1	4.202437793859195
66.1	32.1	4.224091220153011
66.1	33.1	4.24300549864385
66.1	34.1	4.258229771717722
66.1	35.1	4.268189543341904
66.1	36.1	4.270082715486825
66.1	37.1	4.259420327828209
66.1	38.1	4.253893428171869
66.1	39.1	4.239006637107511
66.1	40.1	4.210467793892073
66.1	41.1	4.172142582439385
66.1	42.1	4.122844407407231
66.1	43.1	4.061463768392168
66.1	44.1	3.9904911708428097
66.1	45.1	3.9094623282108176
66.1	46.1	3.8142962101393505
66.1	47.1	3.6989884765746748
67.1	0.1	3.19155336122932
67.1	1.1	3.230163902606175
67.1	2.1	3.268597590704371
67.1	3.1	3.3068482668625716
67.1	4.1	3.3449093246591652
67.1	5.1	3.3827736558663983
67.1	6.1	3.420433589217444
67.1	7.1	3.457880820592435
67.1	8.1	3.4951063329323375
67.1	9.1	3.532100303812427
67.1	10.1	3.568851998125684
67.1	11.1	3.6053496427075378
67.1	12.1	3.6415802789319236
67.1	13.1	3.677529588261686
67.1	14.1	3.7131816843565604
67.1	15.1	3.7485188635048354
67.1	16.1	3.7835213026725807
67.1	17.1	3.8181666910979466
67.1	18.1	3.8524297767157285
67.1	19.1	3.8862818022062093
67.1	20.1	3.9196897962483943
67.1	21.1	3.9526156722617283
67.1	22.1	3.9850150673841447
67.1	23.1	4.016835825151959
67.1	24.1	4.048015980480082
67.1	25.1	4.078481035091947
67.1	26.1	4.108140197867252
67.1	27.1	4.1368810754169205
67.1	28.1	4.164561972357653
67.1	29.1	4.191000377010636
67.1	30.1	4.215955114675406
67.1	31.1	4.239097495255012
67.1	32.1	4.259962284294549
67.1	33.1	4.27785934476748
67.1	34.1	4.2917033562909035
67.1	35.1	4.299663593368154
67.1	36.1	4.298445332590597
67.1	37.1	4.288482356432641
67.1	38.1	4.2807387907619034
67.1	39.1	4.262709894320626
67.1	40.1	4.229880118373409
67.1	41.1	4.190512753456215
67.1	42.1	4.13739726828236
67.1	43.1	4.074326676268449
67.1	44.1	4.000722021710744
67.1	45.1	3.917135648084249
67.1	46.1	3.818086459501846
68.1	0.1	3.234596410771301
68.1	1.1	3.273107571337803
68.1	2.1	3.3114401051507985
68.1	3.1	3.349587704383465
68.1	4.1	3.387543596726538
68.1	5.1	3.425300489327896
68.1	6.1	3.462850505141731
68.1	7.1	3.5001851102138057
68.1	8.1	3.5372950301106387
68.1	9.1	3.5741701532954817
68.1	10.1	3.610799418736156
68.1	11.1	3.6471706843630436
68.1	12.1	3.6832705721300867
68.1	13.1	3.719084284298746
68.1	14.1	3.754595384067698
68.1	15.1	3.7897855316723064
68.1	16.1	3.8246341643799258
68.1	17.1	3.8591181051213543
68.1	18.1	3.89321107939778
68.1	19.1	3.926883112942531
68.1	20.1	3.9600997724104747
68.1	21.1	3.9928211965715312
68.1	22.1	4.025000843633352
68.1	23.1	4.056583847382397
68.1	24.1	4.0875048240545855
68.1	25.1	4.117684891566845
68.1	26.1	4.147027532198393
68.1	27.1	4.175412710719577
68.1	28.1	4.202688278896423
68.1	29.1	4.228657007098958
68.1	30.1	4.253056274725509
68.1	31.1	4.275524835508546
68.1	32.1	4.295545534520888
68.1	33.1	4.312340387722505
68.1	34.1	4.324664987638266
68.1	35.1	4.330382229561543
68.1	36.1	4.325637908739221
68.1	37.1	4.317004000512424
68.1	38.1	4.3068490957240355
68.1	39.1	4.285397356748917
68.1	40.1	4.249838538520694
68.1	41.1	4.207974251028098
68.1	42.1	4.15107280983818
68.1	43.1	4.0865130108417205
68.1	44.1	4.010668469408994
68.1	45.1	3.924048393210704
68.1	46.1	3.8208921477663
69.1	0.1	3.277584057419654
69.1	1.1	3.31599571565802
69.1	2.1	3.354226916871369
69.1	3.1	3.392271199298576
69.1	4.1	3.430121619425738
69.1	5.1	3.467770693793174
69.1	6.1	3.5052103327881423
69.1	7.1	3.5424317648644155
69.1	8.1	3.5794254492880206
69.1	9.1	3.6161809750734877
69.1	10.1	3.6526869432178786
69.1	11.1	3.6889308286210833
69.1	12.1	3.7248988171460025
69.1	13.1	3.7605756120453946
69.1	14.1	3.7959442023566967
69.1	15.1	3.830985583689878
69.1	16.1	3.8656784188867426
69.1	17.1	3.899998621991106
69.1	18.1	3.9339188433591157
69.1	19.1	3.9674078258328715
69.1	20.1	4.000429590581837
69.1	21.1	4.032942394729959
69.1	22.1	4.064897378412034
69.1	23.1	4.096236781801723
69.1	24.1	4.1268915550895136
69.1	25.1	4.15677809273583
69.1	26.1	4.185793673107829
69.1	27.1	4.213809930256633
69.1	28.1	4.240663237761366
69.1	29.1	4.266140066114698
69.1	30.1	4.289953803159095
69.1	31.1	4.311706341933028
69.1	32.1	4.33082089584636
69.1	33.1	4.346416904176688
69.1	34.1	4.357061082667093
69.1	35.1	4.360251447623506
69.1	36.1	4.351539888558188
69.1	37.1	4.344944535096274
69.1	38.1	4.332162864118959
69.1	39.1	4.307002837151443
69.1	40.1	4.269897535301059
69.1	41.1	4.224505455641214
69.1	42.1	4.165342833821417
69.1	43.1	4.098026586617569
69.1	44.1	4.019996931836049
69.1	45.1	3.9301458785960675
69.1	46.1	3.82270442843283
70.1	0.1	3.3205166833426727
70.1	1.1	3.3588286868336064
70.1	2.1	3.3969583453155745
70.1	3.1	3.4348990381646
70.1	4.1	3.472643645150611
70.1	5.1	3.510184485988857
70.1	6.1	3.547513251431031
70.1	7.1	3.584620924245594
70.1	8.1	3.6214976880700944
70.1	9.1	3.658132821650932
70.1	10.1	3.694514575386427
70.1	11.1	3.7306300263139165
70.1	12.1	3.7664649066710503
70.1	13.1	3.8020033998321745
70.1	14.1	3.8372278956546557
70.1	15.1	3.8721186948987385
70.1	16.1	3.9066536491636388
70.1	17.1	3.940807718352584
70.1	18.1	3.974552421503287
70.1	19.1	4.007855148081222
70.1	20.1	4.040678284266412
70.1	21.1	4.072978090371137
70.1	22.1	4.104703238075483
70.1	23.1	4.135792874309379
70.1	24.1	4.16617401324073
70.1	25.1	4.195757952990993
70.1	26.1	4.22443524047386
70.1	27.1	4.252068411757654
70.1	28.1	4.278481210006865
70.1	29.1	4.303442009622335
70.1	30.1	4.326637281285017
70.1	31.1	4.3476270407343565
70.1	32.1	4.365765741562569
70.1	33.1	4.38005254566027
70.1	34.1	4.38882937156977
70.1	35.1	4.389164294342724
70.1	36.1	4.378543749160019
70.1	37.1	4.372258796883158
70.1	38.1	4.3566141965541085
70.1	39.1	4.327476672951726
70.1	40.1	4.289141156000861
70.1	41.1	4.240101323655413
70.1	42.1	4.179026149591215
70.1	43.1	4.108880095212115
70.1	44.1	4.028675337208527
70.1	45.1	3.9354008267005285
70.1	46.1	3.823517049634461
71.1	0.1	3.3633946473951513
71.1	1.1	3.401606813182059
71.1	2.1	3.4396346872780286
71.1	3.1	3.4774714850985613
71.1	4.1	3.5151099039808646
71.1	5.1	3.552542060351237
71.1	6.1	3.5897594179622674
71.1	7.1	3.6267527054509965
71.1	8.1	3.6635118210757285
71.1	9.1	3.7000257219868646
71.1	10.1	3.736282294741535
71.1	11.1	3.7722682029353884
71.1	12.1	3.8079687067320327
71.1	13.1	3.843367447629288
71.1	14.1	3.8784461898814007
71.1	15.1	3.913184507410591
71.1	16.1	3.9475594015177196
71.1	17.1	3.981544829838569
71.1	18.1	4.015111120186094
71.1	19.1	4.048224233248611
71.1	20.1	4.080844824145042
71.1	21.1	4.112927032291081
71.1	22.1	4.144416898197184
71.1	23.1	4.175250258519094
71.1	24.1	4.205349896317896
71.1	25.1	4.234621603330815
71.1	26.1	4.262948610855603
71.1	27.1	4.290183500547743
71.1	28.1	4.316136087075271
71.1	29.1	4.340554603278831
71.1	30.1	4.363095229160526
71.1	31.1	4.383270234838549
71.1	32.1	4.400354468150693
71.1	33.1	4.413205499923813
71.1	34.1	4.419897505330495
71.1	35.1	4.417003271236991
71.1	36.1	4.407399857500786
71.1	37.1	4.398896893858817
71.1	38.1	4.380134527118483
71.1	39.1	4.3468016409594945
71.1	40.1	4.307533103080229
71.1	41.1	4.254780806972379
71.1	42.1	4.192055069232309
71.1	43.1	4.119111112295768
71.1	44.1	4.036670138484223
71.1	45.1	3.939777037667173
71.1	46.1	3.8232076199033487
72.1	0.1	3.406218285897959
72.1	1.1	3.444330400795496
72.1	2.1	3.482256217565821
72.1	3.1	3.519988782387475
72.1	4.1	3.5575206042324576
72.1	5.1	3.5948435895152073
72.1	6.1	3.6319489673157404
72.1	7.1	3.6688272033226585
72.1	8.1	3.7054679002192996
72.1	9.1	3.741859681696301
72.1	10.1	3.7779900565783495
72.1	11.1	3.813845258649884
72.1	12.1	3.8494100565818803
72.1	13.1	3.8846675267980784
72.1	14.1	3.9195987800300216
72.1	15.1	3.9541826294883626
72.1	16.1	3.988395184719918
72.1	17.1	4.022209349875946
72.1	18.1	4.055594197609217
72.1	19.1	4.088514179104704
72.1	20.1	4.120928115202251
72.1	21.1	4.152787890585508
72.1	22.1	4.184036738328129
72.1	23.1	4.214606948551253
72.1	24.1	4.244416750197053
72.1	25.1	4.273365976933513
72.1	26.1	4.301329896312347
72.1	27.1	4.328150177459167
72.1	28.1	4.353621240334268
72.1	29.1	4.377468839897154
72.1	30.1	4.399314962102831
72.1	31.1	4.418617241039852
72.1	32.1	4.434557987182134
72.1	33.1	4.445827504535363
72.1	34.1	4.4501817724541395
72.1	35.1	4.443648362815577
72.1	36.1	4.435715635031817
72.1	37.1	4.424804091868358
72.1	38.1	4.402656089408396
72.1	39.1	4.366864258977495
72.1	40.1	4.325042613398035
72.1	41.1	4.268595197397171
72.1	42.1	4.2044246836069314
72.1	43.1	4.129265260782666
72.1	44.1	4.043946455537253
72.1	45.1	3.9432350277680603
73.1	0.1	3.4489879133613512
73.1	1.1	3.4869997342106154
73.1	2.1	3.5248231896140774
73.1	3.1	3.562451151048104
73.1	4.1	3.5998759329596925
73.1	5.1	3.637089224756157
73.1	6.1	3.6740820128456857
73.1	7.1	3.7108444907612768
73.1	8.1	3.7473659549470155
73.1	9.1	3.783634683204834
73.1	10.1	3.8196377920502282
73.1	11.1	3.8553610682500725
73.1	12.1	3.8907887685350273
73.1	13.1	3.9259033797812877
73.1	14.1	3.9606853296819127
73.1	15.1	3.9951126348459205
73.1	16.1	4.029160469035417
73.1	17.1	4.0628006283733535
73.1	18.1	4.096000862063761
73.1	19.1	4.128724025285338
73.1	20.1	4.160926993595611
73.1	21.1	4.192559252437561
73.1	22.1	4.223561036267343
73.1	23.1	4.253860831124004
73.1	24.1	4.283371957697275
73.1	25.1	4.311987793150228
73.1	26.1	4.339574920725372
73.1	27.1	4.3659630226345465
73.1	28.1	4.390929463543844
73.1	29.1	4.41417484371274
73.1	30.1	4.4352824227567265
73.1	31.1	4.453647078152576
73.1	32.1	4.468343118744147
73.1	33.1	4.477862714342922
73.1	34.1	4.479586378927581
73.1	35.1	4.468995920092111
73.1	36.1	4.463451017909217
73.1	37.1	4.449921042471233
73.1	38.1	4.42411805015351
73.1	39.1	4.3868988633727195
73.1	40.1	4.341648430830835
73.1	41.1	4.282730668759894
73.1	42.1	4.216136007445636
73.1	43.1	4.138827418345806
73.1	44.1	4.050466657866949
73.1	45.1	3.9457365286861483
74.1	0.1	3.4917038231556226
74.1	1.1	3.529615077028106
74.1	2.1	3.567335836052824
74.1	3.1	3.6048587913396535
74.1	4.1	3.6421760564115613
74.1	5.1	3.6792790963871265
74.1	6.1	3.716158646660861
74.1	7.1	3.752804618992432
74.1	8.1	3.7892059924287156
74.1	9.1	3.825350685857553
74.1	10.1	3.8612254081837514
74.1	11.1	3.8968154810636704
74.1	12.1	3.932104627747153
74.1	13.1	3.9670747197310843
74.1	14.1	4.001705470450441
74.1	15.1	4.0359740618637545
74.1	16.1	4.069854685152514
74.1	17.1	4.103317970282928
74.1	18.1	4.1363302700136755
74.1	19.1	4.168852750741288
74.1	20.1	4.200840223246114
74.1	21.1	4.232239617523114
74.1	22.1	4.26298796179444
74.1	23.1	4.293009656866412
74.1	24.1	4.322212726298322
74.1	25.1	4.350483539714229
74.1	26.1	4.377679193271688
74.1	27.1	4.403616174592478
74.1	28.1	4.428052907069583
74.1	29.1	4.450661759515145
74.1	30.1	4.470981983901532
74.1	31.1	4.488336096251236
74.1	32.1	4.50167187049115
74.1	33.1	4.509246460398252
74.1	34.1	4.508004254677282
74.1	35.1	4.49758553006017
74.1	36.1	4.490561744296297
74.1	37.1	4.474184619120847
74.1	38.1	4.44447649274425
74.1	39.1	4.406139639520031
74.1	40.1	4.357344065590259
74.1	41.1	4.296553063805887
74.1	42.1	4.2271976017747726
74.1	43.1	4.147768729266668
74.1	44.1	4.0561926072387395
74.1	45.1	3.947310645387774
75.1	0.1	3.5343662881324285
75.1	1.1	3.5721766724845256
75.1	2.1	3.609794369227966
75.1	3.1	3.647211883231941
75.1	4.1	3.6844211204446733
75.1	5.1	3.721413314113265
75.1	6.1	3.7581789399163426
75.1	7.1	3.794707617790284
75.1	8.1	3.8309879977063495
75.1	9.1	3.8670076259831094
75.1	10.1	3.9027527878464343
75.1	11.1	3.938208320809231
75.1	12.1	3.9733573919387113
75.1	13.1	4.008181230073589
75.1	14.1	4.042658801350985
75.1	15.1	4.076766412717124
75.1	16.1	4.11047722300472
75.1	17.1	4.1437606340284665
75.1	18.1	4.176581524007899
75.1	19.1	4.208899270961952
75.1	20.1	4.240666492125398
75.1	21.1	4.2718273929974275
75.1	22.1	4.302315569808708
75.1	23.1	4.332051030766552
75.1	24.1	4.360936074558623
75.1	25.1	4.388849452930929
75.1	26.1	4.415637878641073
75.1	27.1	4.441103283814073
75.1	28.1	4.464983002431018
75.1	29.1	4.4869176238278285
75.1	30.1	4.506396216178864
75.1	31.1	4.522657535407463
75.1	32.1	4.534500588952357
75.1	33.1	4.539904016467975
75.1	34.1	4.535321292820188
75.1	35.1	4.52624106559914
75.1	36.1	4.516999134272332
75.1	37.1	4.497529780273829
75.1	38.1	4.4637193131323745
75.1	39.1	4.424552163491827
75.1	40.1	4.3721443292688775
75.1	41.1	4.30973945203636
75.1	42.1	4.2376273568356
75.1	43.1	4.156059165760351
75.1	44.1	4.0610947301555145
75.1	45.1	3.9478995646299757
76.1	0.1	3.5769755611997733
76.1	1.1	3.6146847439794603
76.1	2.1	3.6521989816789158
76.1	3.1	3.689510586831377
76.1	4.1	3.7266112508948166
76.1	5.1	3.7634919673454195
76.1	6.1	3.800142943064535
76.1	7.1	3.83655349566001
76.1	8.1	3.8727119338001357
76.1	9.1	3.9086054169136073
76.1	10.1	3.9442197896673887
76.1	11.1	3.9795393854007406
76.1	12.1	4.014546791061428
76.1	13.1	4.0492225640082795
76.1	14.1	4.083544888094772
76.1	15.1	4.117489152412687
76.1	16.1	4.1510274304801875
76.1	17.1	4.184127829791443
76.1	18.1	4.216753670408752
76.1	19.1	4.248862434955717
76.1	20.1	4.280404408212817
76.1	21.1	4.311320888022493
76.1	22.1	4.341541792812122
76.1	23.1	4.370982401655603
76.1	24.1	4.399538817072332
76.1	25.1	4.427081495576721
76.1	26.1	4.453445763518836
76.1	27.1	4.47841745997383
76.1	28.1	4.501710375497735
76.1	29.1	4.52292921473863
76.1	30.1	4.541505613748914
76.1	31.1	4.556581000837524
76.1	32.1	4.5667789787873065
76.1	33.1	4.569749651352203
76.1	34.1	4.56142748746793
76.1	35.1	4.554356532750439
76.1	36.1	4.542710062441434
76.1	37.1	4.519893083591581
76.1	38.1	4.483888494211278
76.1	39.1	4.442107041315687
76.1	40.1	4.386092757070706
76.1	41.1	4.322283611937257
76.1	42.1	4.2477877210513455
76.1	43.1	4.163667676412785
76.1	44.1	4.065137103607948
76.1	45.1	3.947402957617225
77.1	0.1	3.619531875853402
77.1	1.1	3.657139495560463
77.1	2.1	3.694549846575195
77.1	3.1	3.731755042766827
77.1	4.1	3.768746553909032
77.1	5.1	3.8055151254744923
77.1	6.1	3.84205068606675
77.1	7.1	3.8783422399801073
77.1	8.1	3.9143777417732037
77.1	9.1	3.950143948960748
77.1	10.1	3.9856262479109703
77.1	11.1	4.020808446700542
77.1	12.1	4.055672526906668
77.1	13.1	4.090198343940363
77.1	14.1	4.124363262303453
77.1	15.1	4.158141707729105
77.1	16.1	4.191504612011887
77.1	17.1	4.224418717645338
77.1	18.1	4.256845696922715
77.1	19.1	4.288741021966682
77.1	20.1	4.320052495092183
77.1	21.1	4.350718307789355
77.1	22.1	4.3806644326654665
77.1	23.1	4.409801050615233
77.1	24.1	4.438017547780358
77.1	25.1	4.46517533219128
77.1	26.1	4.491097218774692
77.1	27.1	4.515551211775958
77.1	28.1	4.538224746311778
77.1	29.1	4.5586818762847425
77.1	30.1	4.5762882695519265
77.1	31.1	4.590071840631097
77.1	32.1	4.598449008302883
77.1	33.1	4.598686565663113
77.1	34.1	4.587585215719525
77.1	35.1	4.58189255087489
77.1	36.1	4.567637285802601
77.1	37.1	4.541218710416356
77.1	38.1	4.503899961860147
77.1	39.1	4.458783434047154
77.1	40.1	4.400093148957602
77.1	41.1	4.334184347249087
77.1	42.1	4.2575685263803456
77.1	43.1	4.170562434602009
77.1	44.1	4.068284445395986
78.1	0.1	3.6620354466670872
78.1	1.1	3.6995411123680775
78.1	2.1	3.73684711811408
78.1	3.1	3.773945372537237
78.1	4.1	3.8108271162398584
78.1	5.1	3.8474828381079966
78.1	6.1	3.8839021785665637
78.1	7.1	3.9200738171054845
78.1	8.1	3.9559853407553263
78.1	9.1	3.991623089348514
78.1	10.1	4.026971972303255
78.1	11.1	4.062015250219905
78.1	12.1	4.09673427265429
78.1	13.1	4.131108160843862
78.1	14.1	4.165113420641
78.1	15.1	4.1987234660565536
78.1	16.1	4.231908027041201
78.1	17.1	4.264632405527654
78.1	18.1	4.296856529918169
78.1	19.1	4.328533737905104
78.1	20.1	4.35960918715439
78.1	21.1	4.390017746983994
78.1	22.1	4.419681151537424
78.1	23.1	4.448504078179722
78.1	24.1	4.476368621422268
78.1	25.1	4.503126301396751
78.1	26.1	4.528586156700253
78.1	27.1	4.552496378161811
78.1	28.1	4.574514813110751
78.1	29.1	4.594159312463259
78.1	30.1	4.61071949043115
78.1	31.1	4.623090413415576
78.1	32.1	4.62944376935872
78.1	33.1	4.626608914664671
78.1	34.1	4.6165497767333505
78.1	35.1	4.608805777571119
78.1	36.1	4.591720385309922
78.1	37.1	4.561468020726123
78.1	38.1	4.523138040209536
78.1	39.1	4.474573703513224
78.1	40.1	4.414047217844392
78.1	41.1	4.345446890411448
78.1	42.1	4.266754520497906
78.1	43.1	4.176713751805734
78.1	44.1	4.070503385352635
79.1	0.1	3.7044864697440825
79.1	1.1	3.7418897610430197
79.1	2.1	3.77909093188119
79.1	3.1	3.8160816788227137
79.1	4.1	3.852853005503211
79.1	5.1	3.8893951352700578
79.1	6.1	3.925697410025955
79.1	7.1	3.9617481724320776
79.1	8.1	3.9975346279261923
79.1	9.1	4.033042682102443
79.1	10.1	4.068256747810964
79.1	11.1	4.103159514766293
79.1	12.1	4.137731672360342
79.1	13.1	4.171951573552794
79.1	14.1	4.205794823859035
79.1	15.1	4.239233774129474
79.1	16.1	4.272236888346752
79.1	17.1	4.304767947037814
79.1	18.1	4.336785031512935
79.1	19.1	4.36823921146627
79.1	20.1	4.399072824368053
79.1	21.1	4.429217182638839
79.1	22.1	4.458589461955688
79.1	23.1	4.487088390185813
79.1	24.1	4.514588132883257
79.1	25.1	4.540929384816746
79.1	26.1	4.565905982520624
79.1	27.1	4.589244049418517
79.1	28.1	4.610568117638612
79.1	29.1	4.629343344962506
79.1	30.1	4.644771341038123
79.1	31.1	4.65559123876314
79.1	32.1	4.659686462679978
79.1	33.1	4.653408167634364
79.1	34.1	4.645009890476366
79.1	35.1	4.635048754638263
79.1	36.1	4.614897717195813
79.1	37.1	4.58063348061653
79.1	38.1	4.541570037937273
79.1	39.1	4.489489185514687
79.1	40.1	4.427383025909801
79.1	41.1	4.356084468038973
79.1	42.1	4.275318605841174
79.1	43.1	4.182090627518746
79.1	44.1	4.071864933757893
80.1	0.1	3.7468851231317846
80.1	1.1	3.7841855900973944
80.1	2.1	3.821281405175708
80.1	3.1	3.8581640457605686
80.1	4.1	3.8948242704012332
80.1	5.1	3.9312520275659657
80.1	6.1	3.967436349825081
80.1	7.1	4.003365230423567
80.1	8.1	4.039025478458471
80.1	9.1	4.074402547895384
80.1	10.1	4.10948033437224
80.1	11.1	4.144240932036163
80.1	12.1	4.178664340381645
80.1	13.1	4.212728107977489
80.1	14.1	4.2464068957512024
80.1	15.1	4.279671936646259
80.1	16.1	4.3124903602293525
80.1	17.1	4.344824339047838
80.1	18.1	4.3766299964125075
80.1	19.1	4.407855989909591
80.1	20.1	4.438441646575686
80.1	21.1	4.468314466304528
80.1	22.1	4.497386715856774
80.1	23.1	4.525550682101904
80.1	24.1	4.552671894151985
80.1	25.1	4.57857917209617
80.1	26.1	4.603049539265427
80.1	27.1	4.625784476434812
80.1	28.1	4.646370888246305
80.1	29.1	4.664213627598346
80.1	30.1	4.678412104575346
80.1	31.1	4.687522037439682
80.1	32.1	4.689089883103778
80.1	33.1	4.67898761177479
80.1	34.1	4.672930398684941
80.1	35.1	4.660569960095586
80.1	36.1	4.637109950144399
80.1	37.1	4.600911356225929
80.1	38.1	4.559167848121507
80.1	39.1	4.503566799679889
80.1	40.1	4.440093361717759
80.1	41.1	4.366241636453681
80.1	42.1	4.283232884528678
80.1	43.1	4.18665959414998
80.1	44.1	4.072247016268152
81.1	0.1	3.7892315672015067
81.1	1.1	3.8264287302516657
81.1	2.1	3.863418637301774
81.1	3.1	3.9001925391876613
81.1	4.1	3.936740940911241
81.1	5.1	3.973053506312205
81.1	6.1	4.009118947326382
81.1	7.1	4.044924894600631
81.1	8.1	4.080457745420761
81.1	9.1	4.11570248384943
81.1	10.1	4.150642466578495
81.1	11.1	4.185259166151847
81.1	12.1	4.2195318607350085
81.1	13.1	4.2534372562426634
81.1	14.1	4.286949022011714
81.1	15.1	4.320037214768815
81.1	16.1	4.352667556543039
81.1	17.1	4.384800519111217
81.1	18.1	4.416390148477717
81.1	19.1	4.44738253446638
81.1	20.1	4.477713787267739
81.1	21.1	4.507307315468048
81.1	22.1	4.536070092516884
81.1	23.1	4.5638874216432
81.1	24.1	4.590615408559811
81.1	25.1	4.616069821437556
81.1	26.1	4.640009044916552
81.1	27.1	4.66210696600801
81.1	28.1	4.681907856589005
81.1	29.1	4.6987473092377705
81.1	30.1	4.711605648824451
81.1	31.1	4.718822700495156
81.1	32.1	4.717557165245879
81.1	33.1	4.706666331472186
81.1	34.1	4.700272622815139
81.1	35.1	4.68531422610071
81.1	36.1	4.65830595796989
81.1	37.1	4.620900848298701
81.1	38.1	4.575911086736788
81.1	39.1	4.517432235389061
81.1	40.1	4.452175289174789
81.1	41.1	4.376227878468312
81.1	42.1	4.290468889648416
81.1	43.1	4.190388166862543
81.1	44.1	4.071577676142117
82.1	0.1	3.83152594499503
82.1	1.1	3.8686192947389024
82.1	2.1	3.905502709827403
82.1	3.1	3.9421672068502476
82.1	4.1	3.9786030284417584
82.1	5.1	4.014799543632738
82.1	6.1	4.050745131903549
82.1	7.1	4.086427047492969
82.1	8.1	4.121831259640346
82.1	9.1	4.156942263293527
82.1	10.1	4.191742853306308
82.1	11.1	4.226213853140858
82.1	12.1	4.260333786388493
82.1	13.1	4.294078475743459
82.1	14.1	4.327420548992591
82.1	15.1	4.360328824494235
82.1	16.1	4.392767538560945
82.1	17.1	4.424695362653827
82.1	18.1	4.456064136998153
82.1	19.1	4.48681721534104
82.1	20.1	4.516887266780819
82.1	21.1	4.546193304133587
82.1	22.1	4.5746365852296345
82.1	23.1	4.602094829450374
82.1	24.1	4.628413841918696
82.1	25.1	4.65339501496783
82.1	26.1	4.676776020548051
82.1	27.1	4.6981997596949485
82.1	28.1	4.717162042912429
82.1	29.1	4.73291863581759
82.1	30.1	4.744310689119296
82.1	31.1	4.749424292243684
82.1	32.1	4.744985240716106
82.1	33.1	4.735440321357537
82.1	34.1	4.726994154114305
82.1	35.1	4.709223771632314
82.1	36.1	4.678451943660744
82.1	37.1	4.6401363645326805
82.1	38.1	4.591791210392963
82.1	39.1	4.5315110782232475
82.1	40.1	4.463631361606852
82.1	41.1	4.385642711851481
82.1	42.1	4.296999095387019
82.1	43.1	4.193245066784032
83.1	0.1	3.873768382539489
83.1	1.1	3.9107573795776958
83.1	2.1	3.9475336868121773
83.1	3.1	3.984088078582366
83.1	4.1	4.020410525956533
83.1	5.1	4.056490092522196
83.1	6.1	4.092314812935765
83.1	7.1	4.127871550554221
83.1	8.1	4.163145829525519
83.1	9.1	4.198121635476099
83.1	10.1	4.232781177298131
83.1	11.1	4.267104600355631
83.1	12.1	4.301069638481814
83.1	13.1	4.334651188115237
83.1	14.1	4.367820782353562
83.1	15.1	4.400545934889899
83.1	16.1	4.432789312663664
83.1	17.1	4.464507679928921
83.1	18.1	4.49565053264494
83.1	19.1	4.52615830626617
83.1	20.1	4.555959984859701
83.1	21.1	4.584969852471263
83.1	22.1	4.6130829865772025
83.1	23.1	4.640168857575085
83.1	24.1	4.666061990111901
83.1	25.1	4.690547908128114
83.1	26.1	4.713341207931336
83.1	27.1	4.734049893208159
83.1	28.1	4.752114503990522
83.1	29.1	4.766698481181118
83.1	30.1	4.77647994896426
83.1	31.1	4.779248322776284
83.1	32.1	4.771273571849408
83.1	33.1	4.763709979398268
83.1	34.1	4.753048761434075
83.1	35.1	4.732240223146154
83.1	36.1	4.697544450365044
83.1	37.1	4.658586818963266
83.1	38.1	4.606816631518822
83.1	39.1	4.544988741187549
83.1	40.1	4.474470991968564
83.1	41.1	4.394461508518686
83.1	42.1	4.302806777667943
83.1	43.1	4.1952178190506055
84.1	0.1	3.9159589891319846
84.1	1.1	3.952843063814989
84.1	2.1	3.9895116150047625
84.1	3.1	4.025955166453679
84.1	4.1	4.062163408067197
84.1	5.1	4.098125086876474
84.1	6.1	4.133827879767455
84.1	7.1	4.169258244039721
84.1	8.1	4.204401240847047
84.1	9.1	4.23924032523178
84.1	10.1	4.273757094690346
84.1	11.1	4.307930985831474
84.1	12.1	4.341738905472575
84.1	13.1	4.3751547781123845
84.1	14.1	4.408148985597893
84.1	15.1	4.44068766618245
84.1	16.1	4.472731827836306
84.1	17.1	4.504236212716221
84.1	18.1	4.5351478230734354
84.1	19.1	4.565403978567294
84.1	20.1	4.594929712514925
84.1	21.1	4.62363421542593
84.1	22.1	4.651405872119231
84.1	23.1	4.678105165475742
84.1	24.1	4.703554242617046
84.1	25.1	4.727521072134105
84.1	26.1	4.749694474788093
84.1	27.1	4.769643032775508
84.1	28.1	4.786744036760163
84.1	29.1	4.800053796396028
84.1	30.1	4.808059239588361
84.1	31.1	4.8082067741290375
84.1	32.1	4.7966116987905165
84.1	33.1	4.791440686763619
84.1	34.1	4.778386516236013
84.1	35.1	4.754308152984593
84.1	36.1	4.717932946044918
84.1	37.1	4.676225315079357
84.1	38.1	4.621018613292496
84.1	39.1	4.5578572782047955
84.1	40.1	4.484711934748011
84.1	41.1	4.402659003361264
84.1	42.1	4.307852769980157
84.1	43.1	4.196373377125718
85.1	0.1	3.9580978575951646
85.1	1.1	3.994876409739922
85.1	2.1	4.031436524011242
85.1	3.1	4.067768464887567
85.1	4.1	4.103861631095224
85.1	5.1	4.1397044414911
85.1	6.1	4.175284201633676
85.1	7.1	4.210586946846904
85.1	8.1	4.245597256478204
85.1	9.1	4.280298032601224
85.1	10.1	4.314670234486978
85.1	11.1	4.348692557580194
85.1	12.1	4.382341042204675
85.1	13.1	4.415588592390899
85.1	14.1	4.448404378486698
85.1	15.1	4.480753087690023
85.1	16.1	4.512593972959049
85.1	17.1	4.543879630742931
85.1	18.1	4.5745544081429514
85.1	19.1	4.604552294687501
85.1	20.1	4.633794083098995
85.1	21.1	4.662183470163396
85.1	22.1	4.689601582297706
85.1	23.1	4.715899093179816
85.1	24.1	4.740884541352298
85.1	25.1	4.764306428381198
85.1	26.1	4.785824705525219
85.1	27.1	4.804963284199237
85.1	28.1	4.821026829675796
85.1	29.1	4.832946969033276
85.1	30.1	4.838986522565919
85.1	31.1	4.836203815807744
85.1	32.1	4.825672702825126
85.1	33.1	4.818594482922594
85.1	34.1	4.802954291110956
85.1	35.1	4.775380822476953
85.1	36.1	4.7379015384826335
85.1	37.1	4.693031949060149
85.1	38.1	4.634749703505564
85.1	39.1	4.570112390980117
85.1	40.1	4.494811997432298
85.1	41.1	4.41020950601847
85.1	42.1	4.312107161603799
85.1	43.1	4.196563680672381
86.1	0.1	4.000185064504911
86.1	1.1	4.036857463069692
86.1	2.1	4.073308426435058
86.1	3.1	4.109527950750108
86.1	4.1	4.145505133103614
86.1	5.1	4.181228052027641
86.1	6.1	4.216683627551111
86.1	7.1	4.251857456317999
86.1	8.1	4.286733616092627
86.1	9.1	4.321294432402696
86.1	10.1	4.35552019797708
86.1	11.1	4.389388832816516
86.1	12.1	4.422875468894799
86.1	13.1	4.455951938188965
86.1	14.1	4.488586135323518
86.1	15.1	4.5207412155860105
86.1	16.1	4.552374573874249
86.1	17.1	4.583436527801948
86.1	18.1	4.613868594716749
86.1	19.1	4.6436012011160805
86.1	20.1	4.672550582513951
86.1	21.1	4.700614502214086
86.1	22.1	4.727666202325792
86.1	23.1	4.753545631213537
86.1	24.1	4.77804633413116
86.1	25.1	4.800895173460998
86.1	26.1	4.821719674871299
86.1	27.1	4.839992969569455
86.1	28.1	4.854936052958239
86.1	29.1	4.865335089589776
86.1	30.1	4.869191104331504
86.1	31.1	4.8631409082068835
86.1	32.1	4.854260745735419
86.1	33.1	4.845129903523454
86.1	34.1	4.826696870405196
86.1	35.1	4.795428877595515
86.1	36.1	4.757134618298174
86.1	37.1	4.708997471366593
86.1	38.1	4.648946891951731
86.1	39.1	4.58175448009245
86.1	40.1	4.504441749031045
86.1	41.1	4.417087208161915
86.1	42.1	4.315540769764966
86.1	43.1	4.19573444554302
87.1	0.1	4.042220670391139
87.1	1.1	4.078786253108285
87.1	2.1	4.115127317989325
87.1	3.1	4.151233583410524
87.1	4.1	4.187093833898667
87.1	5.1	4.222695794948248
87.1	6.1	4.258025986174523
87.1	7.1	4.293069548004535
87.1	8.1	4.32781003581904
87.1	9.1	4.362229173753949
87.1	10.1	4.396306558093622
87.1	11.1	4.430019297114118
87.1	12.1	4.463341570032428
87.1	13.1	4.496244081899076
87.1	14.1	4.528693383100062
87.1	15.1	4.560651010481367
87.1	16.1	4.59207239021138
87.1	17.1	4.622905417539783
87.1	18.1	4.653088591001151
87.1	19.1	4.682548520658199
87.1	20.1	4.711196538451485
87.1	21.1	4.738923990154239
87.1	22.1	4.765595539793017
87.1	23.1	4.791039386834289
87.1	24.1	4.815032521885777
87.1	25.1	4.837277693207941
87.1	26.1	4.857365901343226
87.1	27.1	4.874712365726536
87.1	28.1	4.888441378604969
87.1	29.1	4.897169135607187
87.1	30.1	4.898593272688353
87.1	31.1	4.888928108882168
87.1	32.1	4.882344739683064
87.1	33.1	4.871001945916677
87.1	34.1	4.849559023288424
87.1	35.1	4.814452495697162
87.1	36.1	4.775602589763144
87.1	37.1	4.724127831905588
87.1	38.1	4.662559310805098
87.1	39.1	4.592789842275947
87.1	40.1	4.513498762246509
87.1	41.1	4.4232781182640695
87.1	42.1	4.318126112435599
88.1	0.1	4.084204719912605
88.1	1.1	4.120662792878848
88.1	2.1	4.156893177582088
88.1	3.1	4.192885304773506
88.1	4.1	4.228627635002087
88.1	5.1	4.264107527418347
88.1	6.1	4.299311085618375
88.1	7.1	4.334222975392988
88.1	8.1	4.3688262078517734
88.1	9.1	4.403101879542726
88.1	10.1	4.437028858711346
88.1	11.1	4.47058340348772
88.1	12.1	4.50373869318837
88.1	13.1	4.536464247524625
88.1	14.1	4.568725199493062
88.1	15.1	4.600481374811096
88.1	16.1	4.631686111948977
88.1	17.1	4.662284728883479
88.1	18.1	4.692212500377639
88.1	19.1	4.72139194397461
88.1	20.1	4.749729108553292
88.1	21.1	4.777108388641456
88.1	22.1	4.803385099677629
88.1	23.1	4.828374546023602
88.1	24.1	4.851835398669206
88.1	25.1	4.873443463898889
88.1	26.1	4.892748476897848
88.1	27.1	4.9090993976816995
88.1	28.1	4.921508421980359
88.1	29.1	4.9283931120850735
88.1	30.1	4.927104980845041
88.1	31.1	4.915728330499463
88.1	32.1	4.909890621321529
88.1	33.1	4.896162260951732
88.1	34.1	4.871489024797515
88.1	35.1	4.834953355024058
88.1	36.1	4.79327969533297
88.1	37.1	4.738449445955253
88.1	38.1	4.675578481657956
88.1	39.1	4.603231985219378
88.1	40.1	4.521959996800936
88.1	41.1	4.428758307395258
88.1	42.1	4.319891241249054
89.1	0.1	4.126137242006504
89.1	1.1	4.162487079230366
89.1	2.1	4.198605967375043
89.1	3.1	4.234483039283766
89.1	4.1	4.270106419593546
89.1	5.1	4.305463087177347
89.1	6.1	4.340538713243184
89.1	7.1	4.375317469590774
89.1	8.1	4.409781800015746
89.1	9.1	4.443912145843891
89.1	10.1	4.477686613880826
89.1	11.1	4.511080571397264
89.1	12.1	4.54406614772622
89.1	13.1	4.576611615013134
89.1	14.1	4.608680610701137
89.1	15.1	4.640231150009004
89.1	16.1	4.67121435569044
89.1	17.1	4.7015728010723326
89.1	18.1	4.73123831467618
89.1	19.1	4.7601290203111875
89.1	20.1	4.788145267363793
89.1	21.1	4.8151639095943795
89.1	22.1	4.841030056407999
89.1	23.1	4.865544830606766
89.1	24.1	4.888446583268802
89.1	25.1	4.909380938377086
89.1	26.1	4.927850868465836
89.1	27.1	4.943129279420178
89.1	28.1	4.954098100371464
89.1	29.1	4.958943242285964
89.1	30.1	4.954632697034433
89.1	31.1	4.944607841026337
89.1	32.1	4.936861161283284
89.1	33.1	4.920559723186932
89.1	34.1	4.892444235765108
89.1	35.1	4.854902046675909
89.1	36.1	4.8101465270176735
89.1	37.1	4.752047162713653
89.1	38.1	4.687999047164991
89.1	39.1	4.613326535629617
89.1	40.1	4.529802088221858
89.1	41.1	4.433490665535903
89.1	42.1	4.320841186731635
90.1	0.1	4.168018250013584
90.1	1.1	4.204259092919175
90.1	2.1	4.240265632816136
90.1	3.1	4.276026693903015
90.1	4.1	4.311530052423695
90.1	5.1	4.346762292377134
90.1	6.1	4.38170863540605
90.1	7.1	4.416352738971611
90.1	8.1	4.45067645528445
90.1	9.1	4.484659541281072
90.1	10.1	4.51827930699562
90.1	11.1	4.551510185669832
90.1	12.1	4.584323203410649
90.1	13.1	4.6166853184574705
90.1	14.1	4.648558589109424
90.1	15.1	4.679899113453104
90.1	16.1	4.710655660627984
90.1	17.1	4.74076787825609
90.1	18.1	4.77016390683155
90.1	19.1	4.798757147327462
90.1	20.1	4.826441791929508
90.1	21.1	4.853086501274745
90.1	22.1	4.878525222557391
90.1	23.1	4.9025434497562275
90.1	24.1	4.924856941050698
90.1	25.1	4.945077414457013
90.1	26.1	4.9626546863356245
90.1	27.1	4.976774094081334
90.1	28.1	4.986165912608563
90.1	29.1	4.988747408668634
90.1	30.1	4.9810843454974645
90.1	31.1	4.973014402388996
90.1	32.1	4.963215847190597
90.1	33.1	4.944141607333398
90.1	34.1	4.912399376436414
90.1	35.1	4.874132806740857
90.1	36.1	4.826193292427301
90.1	37.1	4.766356706472163
90.1	38.1	4.699819682235271
90.1	39.1	4.62315885895847
90.1	40.1	4.537001620143097
90.1	41.1	4.437448029346276
90.1	42.1	4.320853194704139
91.1	0.1	4.209847741779332
91.1	1.1	4.245978798665818
91.1	2.1	4.281872102646325
91.1	3.1	4.31751615805953
91.1	4.1	4.35289837969756
91.1	5.1	4.388004941387974
91.1	6.1	4.422820597174659
91.1	7.1	4.457328468779131
91.1	8.1	4.49150979124922
91.1	9.1	4.525343606330328
91.1	10.1	4.55880638988907
91.1	11.1	4.59187159533447
91.1	12.1	4.624509088905743
91.1	13.1	4.656684444155553
91.1	14.1	4.688358050768399
91.1	15.1	4.719483975162114
91.1	16.1	4.750008484166104
91.1	17.1	4.7798681036168436
91.1	18.1	4.808987022857171
91.1	19.1	4.837273559921273
91.1	20.1	4.864615245878459
91.1	21.1	4.890871824993104
91.1	22.1	4.915865013688549
91.1	23.1	4.939363045006594
91.1	24.1	4.961056494402966
91.1	25.1	4.980518882482421
91.1	26.1	4.9971394135919684
91.1	27.1	5.0100023059283965
91.1	28.1	5.017661162358394
91.1	29.1	5.017725237892577
91.1	30.1	5.006383298402656
91.1	31.1	5.000917358826904
91.1	32.1	4.988910902835323
91.1	33.1	4.966855698648352
91.1	34.1	4.931370415374365
91.1	35.1	4.8926174253255486
91.1	36.1	4.841423864691362
91.1	37.1	4.780097225930512
91.1	38.1	4.711044139571477
91.1	39.1	4.632439577057963
91.1	40.1	4.543535499857708
91.1	41.1	4.4406043732382985
91.1	42.1	4.319875514107488
92.1	0.1	4.25162569973179
92.1	1.1	4.287646145187578
92.1	2.1	4.323425288880744
92.1	3.1	4.358951303570306
92.1	4.1	4.394211228928097
92.1	5.1	4.429190812571341
92.1	6.1	4.463874322003909
92.1	7.1	4.498244320687412
92.1	8.1	4.532281399537898
92.1	9.1	4.565963852563161
92.1	10.1	4.599267281856955
92.1	11.1	4.632164112364602
92.1	12.1	4.664622990155945
92.1	13.1	4.696608028518014
92.1	14.1	4.728077852671922
92.1	15.1	4.758984374221415
92.1	16.1	4.7892711971726
92.1	17.1	4.818871512966604
92.1	18.1	4.8477052730625205
92.1	19.1	4.875675317932553
92.1	20.1	4.902661961788896
92.1	21.1	4.928515229116334
92.1	22.1	4.953043408784348
92.1	23.1	4.975995627755485
92.1	24.1	4.997034319846155
92.1	25.1	5.015689848354225
92.1	26.1	5.031282090103654
92.1	27.1	5.0427781987152756
92.1	28.1	5.0485261844196
92.1	29.1	5.045789565850809
92.1	30.1	5.03477284693173
92.1	31.1	5.028283216320541
92.1	32.1	5.013899540824141
92.1	33.1	4.988653780826642
92.1	34.1	4.951972665980402
92.1	35.1	4.910331217298274
92.1	36.1	4.85586049477669
92.1	37.1	4.793259870767812
92.1	38.1	4.721682411824463
92.1	39.1	4.641147550400001
92.1	40.1	4.549411059996313
92.1	41.1	4.44293580099301
93.1	0.1	4.29335209093638
93.1	1.1	4.329261065206999
93.1	2.1	4.364925086764372
93.1	3.1	4.400331984535712
93.1	4.1	4.435468408759593
93.1	5.1	4.470319664019048
93.1	6.1	4.504869511374171
93.1	7.1	4.539099932316973
93.1	8.1	4.572990845180747
93.1	9.1	4.606519761825841
93.1	10.1	4.639661368601774
93.1	11.1	4.672387010322175
93.1	12.1	4.704664048641406
93.1	13.1	4.736455055812256
93.1	14.1	4.767716789817935
93.1	15.1	4.798398874914338
93.1	16.1	4.828442078821594
93.1	17.1	4.857776027766713
93.1	18.1	4.886316122430664
93.1	19.1	4.913959292593274
93.1	20.1	4.940578021628509
93.1	21.1	4.966011720004334
93.1	22.1	4.990053905605997
93.1	23.1	5.012432508042187
93.1	24.1	5.0327784295280145
93.1	25.1	5.050573127725718
93.1	26.1	5.0650569440759785
93.1	27.1	5.075061240742944
93.1	28.1	5.078695703212132
93.1	29.1	5.072850581221027
93.1	30.1	5.063475038203212
93.1	31.1	5.055075487246469
93.1	32.1	5.038132596112238
93.1	33.1	5.009497042742895
93.1	34.1	4.971902385793122
93.1	35.1	4.927255278647874
93.1	36.1	4.8695488117693015
93.1	37.1	4.80583846829923
93.1	38.1	4.731776445979253
93.1	39.1	4.649261386730525
93.1	40.1	4.554579792643339
93.1	41.1	4.444514778956214
94.1	0.1	4.335026867128143
94.1	1.1	4.370823475436593
94.1	2.1	4.406371374702254
94.1	3.1	4.441658037206516
94.1	4.1	4.476669708760493
94.1	5.1	4.51139123325795
94.1	6.1	4.545805844390023
94.1	7.1	4.579894916704529
94.1	8.1	4.61363766592123
94.1	9.1	4.6470107853517435
94.1	10.1	4.679988001094064
94.1	11.1	4.7125395228971
94.1	12.1	4.744631359498714
94.1	13.1	4.776224455730094
94.1	14.1	4.80727359203346
94.1	15.1	4.837725962532087
94.1	16.1	4.867519310988681
94.1	17.1	4.896579447508548
94.1	18.1	4.924816880061447
94.1	19.1	4.952122151571757
94.1	20.1	4.978359235012513
94.1	21.1	5.003355929443627
94.1	22.1	5.0268894702081015
94.1	23.1	5.048664213180068
94.1	24.1	5.068275634408958
94.1	25.1	5.085149606405728
94.1	26.1	5.098434964279129
94.1	27.1	5.106805389193632
94.1	28.1	5.108096581217869
94.1	29.1	5.098824757709794
94.1	30.1	5.091704433429994
94.1	31.1	5.081254615862639
94.1	32.1	5.061559757157392
94.1	33.1	5.029363939339114
94.1	34.1	4.991130934590798
94.1	35.1	4.943379408303233
94.1	36.1	4.883742388361284
94.1	37.1	4.817830314736882
94.1	38.1	4.741800299392435
94.1	39.1	4.6567596818929555
94.1	40.1	4.559014868518877
94.1	41.1	4.44527284370708
95.1	0.1	4.376649964721593
95.1	1.1	4.412333276539844
95.1	2.1	4.447764014164203
95.1	3.1	4.482929279822974
95.1	4.1	4.517814899185127
95.1	5.1	4.552405236919353
95.1	6.1	4.5866829773381825
95.1	7.1	4.620628861724648
95.1	8.1	4.654221371469041
95.1	9.1	4.687436342803007
95.1	10.1	4.720246494345653
95.1	11.1	4.752620842334904
95.1	12.1	4.784523969497058
95.1	13.1	4.815915100764904
95.1	14.1	4.846746920543595
95.1	15.1	4.8769640388324715
95.1	16.1	4.906500972153767
95.1	17.1	4.935279441387381
95.1	18.1	4.963204687573273
95.1	19.1	4.990160342438119
95.1	20.1	5.016001114990728
95.1	21.1	5.040542078075473
95.1	22.1	5.0635424797071185
95.1	23.1	5.084680394563583
95.1	24.1	5.103511385974065
95.1	25.1	5.11939796137705
95.1	26.1	5.131383407374783
95.1	27.1	5.137958370845206
95.1	28.1	5.136648443377651
95.1	29.1	5.124774386001938
95.1	30.1	5.119430822529643
95.1	31.1	5.106778047199084
95.1	32.1	5.084131700256944
95.1	33.1	5.048421489132297
95.1	34.1	5.009631393418411
95.1	35.1	4.9587057265156735
95.1	36.1	4.897604772396721
95.1	37.1	4.8292370883768365
95.1	38.1	4.751291840553496
95.1	39.1	4.663621346890292
95.1	40.1	4.562691769282534
95.1	41.1	4.445118664787348
96.1	0.1	4.418221304798432
96.1	1.1	4.4537903530685625
96.1	2.1	4.489102849563863
96.1	3.1	4.5241455124256245
96.1	4.1	4.558903730703659
96.1	5.1	4.593361370372087
96.1	6.1	4.627500543203115
96.1	7.1	4.661301329461218
96.1	8.1	4.694741442692451
96.1	9.1	4.727795821237513
96.1	10.1	4.760436126089247
96.1	11.1	4.792630117744795
96.1	12.1	4.824340874858867
96.1	13.1	4.855525803382652
96.1	14.1	4.886135364261942
96.1	15.1	4.916111417114303
96.1	16.1	4.945385030761628
96.1	17.1	4.973873539192569
96.1	18.1	5.0014765063418505
96.1	19.1	5.028070074352398
96.1	20.1	5.053498851028984
96.1	21.1	5.077563934233326
96.1	22.1	5.100004657242684
96.1	23.1	5.120469720671211
96.1	24.1	5.1384695927806145
96.1	25.1	5.153294336353073
96.1	26.1	5.163865238463944
96.1	27.1	5.168461022908726
96.1	28.1	5.164266048416761
96.1	29.1	5.15374847612788
96.1	30.1	5.146621292583609
96.1	31.1	5.131600534877409
96.1	32.1	5.105803531016517
96.1	33.1	5.068990954166647
96.1	34.1	5.027380087581841
96.1	35.1	4.973252899542638
96.1	36.1	4.910904130914743
96.1	37.1	4.840065874503133
96.1	38.1	4.760231569913782
96.1	39.1	4.669840408706635
96.1	40.1	4.565587475688777
97.1	0.1	4.459740793073205
97.1	1.1	4.495194573376535
97.1	2.1	4.530387708111865
97.1	3.1	4.565306516637327
97.1	4.1	4.599935934099518
97.1	5.1	4.634259307318134
97.1	6.1	4.6682581511387164
97.1	7.1	4.701911855526404
97.1	8.1	4.735197330746789
97.1	9.1	4.768088573996718
97.1	10.1	4.80055613535824
97.1	11.1	4.8325664532795924
97.1	12.1	4.864081018912884
97.1	13.1	4.895055312969597
97.1	14.1	4.925437435777491
97.1	15.1	4.955166316870429
97.1	16.1	4.98416933798428
97.1	17.1	5.01235912132726
97.1	18.1	5.039629103437549
97.1	19.1	5.065847297747834
97.1	20.1	5.090847278797698
97.1	21.1	5.114414767506906
97.1	22.1	5.136266997885773
97.1	23.1	5.156019753936826
97.1	24.1	5.173132407585382
97.1	25.1	5.186811965701013
97.1	26.1	5.1958385111882555
97.1	27.1	5.198246863542575
97.1	28.1	5.190864872020887
97.1	29.1	5.182277385079753
97.1	30.1	5.17324010591204
97.1	31.1	5.15567483014546
97.1	32.1	5.126540010931854
97.1	33.1	5.088902567555347
97.1	34.1	5.044358619426255
97.1	35.1	4.9870606755913105
97.1	36.1	4.923633672055235
97.1	37.1	4.850330275320278
97.1	38.1	4.768599785980768
97.1	39.1	4.675409146699987
97.1	40.1	4.567681464895616
98.1	0.1	4.501208319836961
98.1	1.1	4.536545789509354
98.1	2.1	4.571618399642793
98.1	3.1	4.60641205541596
98.1	4.1	4.640911219933398
98.1	5.1	4.6750986993494825
98.1	6.1	4.708955385894205
98.1	7.1	4.742459948324554
98.1	8.1	4.775588456135515
98.1	9.1	4.808313919509517
98.1	10.1	4.8406057209599895
98.1	11.1	4.872428906178105
98.1	12.1	4.903743289566341
98.1	13.1	4.9345023125376
98.1	14.1	4.964651567010125
98.1	15.1	4.9941268579780616
98.1	16.1	5.022851619822217
98.1	17.1	5.0507334078594734
98.1	18.1	5.077659036103672
98.1	19.1	5.103487681747803
98.1	20.1	5.128040846318829
98.1	21.1	5.15108729623506
98.1	22.1	5.172319684029248
98.1	23.1	5.19131680876197
98.1	24.1	5.207479980236296
98.1	25.1	5.219920741303054
98.1	26.1	5.227255710212029
98.1	27.1	5.227242214522902
98.1	28.1	5.216372127018573
98.1	29.1	5.210333787488679
98.1	30.1	5.199248665412219
98.1	31.1	5.178952957609557
98.1	32.1	5.146323017098265
98.1	33.1	5.108129006132634
98.1	34.1	5.0605564895628605
98.1	35.1	5.001105640607481
98.1	36.1	4.935789595615721
98.1	37.1	4.860371546589619
98.1	38.1	4.776376798176202
98.1	39.1	4.68028167532598
98.1	40.1	4.569093626944462
99.1	0.1	4.542623759878862
99.1	1.1	4.5778438370702235
99.1	2.1	4.61279471641551
99.1	3.1	4.647461872777105
99.1	4.1	4.681829278172838
99.1	5.1	4.715879175464764
99.1	6.1	4.74959180719219
99.1	7.1	4.782945088258232
99.1	8.1	4.81591420770002
99.1	9.1	4.8484711400067635
99.1	10.1	4.8805840398351545
99.1	11.1	4.912216484659594
99.1	12.1	4.943326516581592
99.1	13.1	4.97386541516592
99.1	14.1	5.003776104503843
99.1	15.1	5.032991054380166
99.1	16.1	5.061429468473739
99.1	17.1	5.088993446493221
99.1	18.1	5.115562634595448
99.1	19.1	5.140986589015199
99.1	20.1	5.165073575950111
99.1	21.1	5.187573627993802
99.1	22.1	5.208151988540343
99.1	23.1	5.2263457874922645
99.1	24.1	5.241490171047448
99.1	25.1	5.25258671931981
99.1	26.1	5.258063110332531
99.1	27.1	5.255367460277042
99.1	28.1	5.243853597477238
99.1	29.1	5.237887930884632
99.1	30.1	5.2246056293376055
99.1	31.1	5.2013883617087915
99.1	32.1	5.1654701763810635
99.1	33.1	5.12664455543509
99.1	34.1	5.075974338143198
99.1	35.1	5.015084047089975
99.1	36.1	4.947371891237831
99.1	37.1	4.870062383927777
99.1	38.1	4.783543212155325
99.1	39.1	4.684434965575508
99.1	40.1	4.569672215925886
100.1	0.1	4.583986972385683
100.1	1.1	4.619088535061462
100.1	2.1	4.653916432886367
100.1	3.1	4.688455693485935
100.1	4.1	4.722689777786201
100.1	5.1	4.75660034154404
100.1	6.1	4.7901669490566725
100.1	7.1	4.8233667268732905
100.1	8.1	4.856173941533918
100.1	9.1	4.888559480140634
100.1	10.1	4.920490205295006
100.1	11.1	4.951928145658952
100.1	12.1	4.9828294686409915
100.1	13.1	5.0131431601561
100.1	14.1	5.04280930432325
100.1	15.1	5.071756807206074
100.1	16.1	5.099900332892535
100.1	17.1	5.127136099333338
100.1	18.1	5.153335983173663
100.1	19.1	5.178339047686842
100.1	20.1	5.201939021600258
100.1	21.1	5.223865191986168
100.1	22.1	5.243752163657335
100.1	23.1	5.261089990695657
100.1	24.1	5.275138219175775
100.1	25.1	5.284771569318363
100.1	26.1	5.2882002642362576
100.1	27.1	5.282540447596162
100.1	28.1	5.272658253310421
100.1	29.1	5.264907493289759
100.1	30.1	5.249267268896872
100.1	31.1	5.222939290727474
100.1	32.1	5.186008288115139
100.1	33.1	5.1444264934999415
100.1	34.1	5.0906277395393715
100.1	35.1	5.028513745248023
100.1	36.1	4.958385241212492
100.1	37.1	4.879220551407239
100.1	38.1	4.790080305328293
100.1	39.1	4.687847035496659
100.1	40.1	4.569362755394086
101.1	0.1	4.625297800818967
101.1	1.1	4.660279685701342
101.1	2.1	4.694983305454689
101.1	3.1	4.7293932227174
101.1	4.1	4.763492366299787
101.1	5.1	4.79726177977997
101.1	6.1	4.83068031908852
101.1	7.1	4.8637242859396
101.1	8.1	4.896366979817165
101.1	9.1	4.928578145502395
101.1	10.1	4.960323285127765
101.1	11.1	4.991562792390031
101.1	12.1	5.022250850182136
101.1	13.1	5.052334008873972
101.1	14.1	5.081749326514881
101.1	15.1	5.110421897273229
101.1	16.1	5.138261508443368
101.1	17.1	5.165158028300263
101.1	18.1	5.1909748990165525
101.1	19.1	5.215539719991213
101.1	20.1	5.238630220468839
101.1	21.1	5.259952662052747
101.1	22.1	5.2791073132713935
101.1	23.1	5.295530897588577
101.1	24.1	5.308396360896883
101.1	25.1	5.316431979402541
101.1	26.1	5.317599834008921
101.1	27.1	5.308683628314548
101.1	28.1	5.301017786895385
101.1	29.1	5.291357492966354
101.1	30.1	5.273188205504307
101.1	31.1	5.243573838809415
101.1	32.1	5.205902602624881
101.1	33.1	5.1614569269762
101.1	34.1	5.104551317343442
101.1	35.1	5.0413874820836595
101.1	36.1	4.968840010389117
101.1	37.1	4.88782781142902
101.1	38.1	4.796008064960707
101.1	39.1	4.690497717812373
102.1	0.1	4.666556072769647
102.1	1.1	4.701417074215808
102.1	2.1	4.735995072179826
102.1	3.1	4.770274145683703
102.1	4.1	4.804236669316652
102.1	5.1	4.83786304806335
102.1	6.1	4.871131397685679
102.1	7.1	4.90401715646372
102.1	8.1	4.936492609564935
102.1	9.1	4.968526301031576
102.1	10.1	5.000082299564193
102.1	11.1	5.031119271723326
102.1	12.1	5.0615892979836525
102.1	13.1	5.091436340249942
102.1	14.1	5.120594229090447
102.1	15.1	5.148983976904719
102.1	16.1	5.176510125553918
102.1	17.1	5.203055679030958
102.1	18.1	5.228474908778476
102.1	19.1	5.252582867084355
102.1	20.1	5.275139638486808
102.1	21.1	5.295825868802476
102.1	22.1	5.3142032458508055
102.1	23.1	5.329647912022048
102.1	24.1	5.341233394205377
102.1	25.1	5.347519052328744
102.1	26.1	5.346188159381369
102.1	27.1	5.33380681293397
102.1	28.1	5.328905234941843
102.1	29.1	5.317200291035869
102.1	30.1	5.296322721886406
102.1	31.1	5.263277017686149
102.1	32.1	5.225127025256748
102.1	33.1	5.177725148998324
102.1	34.1	5.118448018408999
102.1	35.1	5.05370059094194
102.1	36.1	4.978877438190547
102.1	37.1	4.895865948855762
102.1	38.1	4.801282658046097
102.1	39.1	4.692399307805852
103.1	0.1	4.7077615997897775
103.1	1.1	4.7425004686045575
103.1	2.1	4.776951452468997
103.1	3.1	4.811098127227918
103.1	4.1	4.84492228999553
103.1	5.1	4.8784036793208685
103.1	6.1	4.911519637205164
103.1	7.1	4.944244697629437
103.1	8.1	4.976550081285662
103.1	9.1	5.008403069308822
103.1	10.1	5.039766219091674
103.1	11.1	5.070596371362765
103.1	12.1	5.100843377479673
103.1	13.1	5.130448445905446
103.1	14.1	5.159341961484004
103.1	15.1	5.187440560989117
103.1	16.1	5.214643137247172
103.1	17.1	5.2408252630789365
103.1	18.1	5.2658312224829205
103.1	19.1	5.289462309564364
103.1	20.1	5.311459108495538
103.1	21.1	5.331473699108791
103.1	22.1	5.349024304847
103.1	23.1	5.363418069185387
103.1	24.1	5.373614189850456
103.1	25.1	5.377977766821189
103.1	26.1	5.373887248092734
103.1	27.1	5.362866146978774
103.1	28.1	5.356291312957724
103.1	29.1	5.342395748459832
103.1	30.1	5.318626910334929
103.1	31.1	5.282516631394075
103.1	32.1	5.243656967124593
103.1	33.1	5.193230549984787
103.1	34.1	5.132536973779039
103.1	35.1	5.065451689996973
103.1	36.1	4.988757183343517
103.1	37.1	4.903317020435419
103.1	38.1	4.805873485757357
103.1	39.1	4.693632306850034
104.1	0.1	4.748914177200993
104.1	1.1	4.783529619380858
104.1	2.1	4.8178521467350155
104.1	3.1	4.851864811382487
104.1	4.1	4.885548808488112
104.1	5.1	4.918883180802664
104.1	6.1	4.951844461063561
104.1	7.1	4.984406235661757
104.1	8.1	5.0165386075421585
104.1	9.1	5.048207528723999
104.1	10.1	5.0793739621049525
104.1	11.1	5.109992816804815
104.1	12.1	5.140011578778664
104.1	13.1	5.169368524869855
104.1	14.1	5.1979903574292905
104.1	15.1	5.2257890171997525
104.1	16.1	5.252657305423228
104.1	17.1	5.2784627381994405
104.1	18.1	5.303038704389596
104.1	19.1	5.326171383037611
104.1	20.1	5.347579760040478
104.1	21.1	5.3668839809244355
104.1	22.1	5.383553172991586
104.1	23.1	5.396815698334052
104.1	24.1	5.405499156531344
104.1	25.1	5.407746648302198
104.1	26.1	5.40061931612057
104.1	27.1	5.391505035870445
104.1	28.1	5.383144297940655
104.1	29.1	5.366901628309927
104.1	30.1	5.340061990209397
104.1	31.1	5.303024730371383
104.1	32.1	5.261470605259771
104.1	33.1	5.207986032620076
104.1	34.1	5.146091007233182
104.1	35.1	5.07664347722025
104.1	36.1	4.998121859694178
104.1	37.1	4.910163679829473
104.1	38.1	4.809759672302839
104.1	39.1	4.694042654308361
105.1	0.1	4.7900135838792215
105.1	1.1	4.824504259284405
105.1	2.1	4.858696836022872
105.1	3.1	4.892573820891196
105.1	4.1	4.926115781332782
105.1	5.1	4.959301033317102
105.1	6.1	4.992105262772498
105.1	7.1	5.024501062609453
105.1	8.1	5.056457361409143
105.1	9.1	5.0879387115102785
105.1	10.1	5.118904392380519
105.1	11.1	5.149307268061331
105.1	12.1	5.17909231235973
105.1	13.1	5.208194677847952
105.1	14.1	5.236537127196897
105.1	15.1	5.26402655527987
105.1	16.1	5.290549185741289
105.1	17.1	5.315963786474597
105.1	18.1	5.34009184041955
105.1	19.1	5.3627028880075525
105.1	20.1	5.383491939466947
105.1	21.1	5.402043351039464
105.1	22.1	5.417770646496885
105.1	23.1	5.429812037802215
105.1	24.1	5.436843682590335
105.1	25.1	5.436757914531236
105.1	26.1	5.426315570773918
105.1	27.1	5.419698977745582
105.1	28.1	5.409429968064354
105.1	29.1	5.390674374475
105.1	30.1	5.360599163127677
105.1	31.1	5.322902500722134
105.1	32.1	5.278550545187155
105.1	33.1	5.222021746450868
105.1	34.1	5.15910253202322
105.1	35.1	5.0872836108119674
105.1	36.1	5.006954508510362
105.1	37.1	4.916401587545732
105.1	38.1	4.8129216591422495
105.1	39.1	4.693587761270435
106.1	0.1	4.831059582015115
106.1	1.1	4.865424102966389
106.1	2.1	4.899485181604075
106.1	3.1	4.933224756693068
106.1	4.1	4.966622740802661
106.1	5.1	4.999656690409869
106.1	6.1	5.032301404905184
106.1	7.1	5.064528435040903
106.1	8.1	5.096305474819851
106.1	9.1	5.127595601634037
106.1	10.1	5.158356316360316
106.1	11.1	5.188538316125632
106.1	12.1	5.218083904416425
106.1	13.1	5.2469249009934895
106.1	14.1	5.274979849123537
106.1	15.1	5.302150215287846
106.1	16.1	5.328315110931891
106.1	17.1	5.353323789997073
106.1	18.1	5.376984701656964
106.1	19.1	5.399049033237273
106.1	20.1	5.419185118787137
106.1	21.1	5.436937103047149
106.1	22.1	5.451655374896686
106.1	23.1	5.462374801026673
106.1	24.1	5.467597603405795
106.1	25.1	5.46493856386517
106.1	26.1	5.452917710231223
106.1	27.1	5.4474213816460955
106.1	28.1	5.435111640065699
106.1	29.1	5.413670449815688
106.1	30.1	5.380226311066891
106.1	31.1	5.34212499550356
106.1	32.1	5.294885947345597
106.1	33.1	5.235770943517486
106.1	34.1	5.1715662026120315
106.1	35.1	5.097385650855473
106.1	36.1	5.015238197747565
106.1	37.1	4.922046982776173
106.1	38.1	4.815341975150344
107.1	0.1	4.872051916849542
107.1	1.1	4.906288846645923
107.1	2.1	4.940216824537481
107.1	3.1	4.9738171973664835
107.1	4.1	5.0070691942056875
107.1	5.1	5.039949577484291
107.1	6.1	5.0724322179897605
107.1	7.1	5.104487572647382
107.1	8.1	5.136082036793743
107.1	9.1	5.167177132529416
107.1	10.1	5.197728480228944
107.1	11.1	5.22768447915908
107.1	12.1	5.256984591814844
107.1	13.1	5.285557079139034
107.1	14.1	5.313315960357143
107.1	15.1	5.340156854682578
107.1	16.1	5.365951172345367
107.1	17.1	5.3905378037885034
107.1	18.1	5.4137109033700614
107.1	19.1	5.435201371597046
107.1	20.1	5.454647791537179
107.1	21.1	5.471549012406907
107.1	22.1	5.485183562269881
107.1	23.1	5.4944676975180125
107.1	24.1	5.497704791593209
107.1	25.1	5.49221319127139
107.1	26.1	5.481814840994772
107.1	27.1	5.474643439948494
107.1	28.1	5.460150364886922
107.1	29.1	5.435848477161743
107.1	30.1	5.39956099543788
107.1	31.1	5.360668679223956
107.1	32.1	5.310475147476393
107.1	33.1	5.249965318087873
107.1	34.1	5.183479526818034
107.1	35.1	5.107381514243147
107.1	36.1	5.0229562405936266
107.1	37.1	4.927041015973194
107.1	38.1	4.817079701544495
108.1	0.1	4.912990316383457
108.1	1.1	4.947098167736784
108.1	2.1	4.980891385195256
108.1	3.1	5.014350698531664
108.1	4.1	5.047454623134192
108.1	5.1	5.080179090859444
108.1	6.1	5.112496999324852
108.1	7.1	5.1443776567474755
108.1	8.1	5.17578609153654
108.1	9.1	5.206682184665258
108.1	10.1	5.2370195667669925
108.1	11.1	5.266744198373036
108.1	12.1	5.295792516628911
108.1	13.1	5.324088978426351
108.1	14.1	5.351542746731874
108.1	15.1	5.37804313411298
108.1	16.1	5.403453199514779
108.1	17.1	5.427600525579807
108.1	18.1	5.45026355890433
108.1	19.1	5.471150727245563
108.1	20.1	5.4898673535607365
108.1	21.1	5.505861135135336
108.1	22.1	5.518328626163111
108.1	23.1	5.526049922787445
108.1	24.1	5.527103050252072
108.1	25.1	5.518509763184655
108.1	26.1	5.510291516887791
108.1	27.1	5.501334034979757
108.1	28.1	5.484505369797144
108.1	29.1	5.457172482994775
108.1	30.1	5.420040338133578
108.1	31.1	5.378512577853971
108.1	32.1	5.32532873581428
108.1	33.1	5.2636380337700075
108.1	34.1	5.194843566002517
108.1	35.1	5.116941940445142
108.1	36.1	5.030092477779789
108.1	37.1	4.931363930039976
108.1	38.1	4.8181347674226345
109.1	0.1	4.953874491061329
109.1	1.1	4.987851724443381
109.1	2.1	5.021508462752439
109.1	3.1	5.054824792209459
109.1	4.1	5.087778482661211
109.1	5.1	5.1203445967623455
109.1	6.1	5.152495011712254
109.1	7.1	5.18419782868569
109.1	8.1	5.215416636402967
109.1	9.1	5.2461095829309405
109.1	10.1	5.276228191961204
109.1	11.1	5.305715833578217
109.1	12.1	5.334505720211569
109.1	13.1	5.3625182382748005
109.1	14.1	5.389657331675985
109.1	15.1	5.415805501756912
109.1	16.1	5.4408167374792455
109.1	17.1	5.464506262023074
109.1	18.1	5.486635227697241
109.1	19.1	5.506887112805434
109.1	20.1	5.524829966345299
109.1	21.1	5.539853576379166
109.1	22.1	5.5510608121699265
109.1	23.1	5.557075649780732
109.1	24.1	5.555724629245134
109.1	25.1	5.543770069077259
109.1	26.1	5.5383235335332515
109.1	27.1	5.5274597069281715
109.1	28.1	5.508134872307674
109.1	29.1	5.477616565348014
109.1	30.1	5.439902270727376
109.1	31.1	5.395639787821681
109.1	32.1	5.339472948635853
109.1	33.1	5.27678127275272
109.1	34.1	5.2056637168413165
109.1	35.1	5.125987729550811
109.1	36.1	5.036631637208651
109.1	37.1	4.934996919221427
109.1	38.1	4.818387072449737
110.1	0.1	4.994704133427243
110.1	1.1	5.028549155324731
110.1	2.1	5.06206763463849
110.1	3.1	5.095238986134233
110.1	4.1	5.128040200480553
110.1	5.1	5.160445430250158
110.1	6.1	5.192425482101209
110.1	7.1	5.223947188117658
110.1	8.1	5.25497261971168
110.1	9.1	5.285458093826255
110.1	10.1	5.315352901350266
110.1	11.1	5.3445976583705335
110.1	12.1	5.37312213675573
110.1	13.1	5.400842362617498
110.1	14.1	5.427656664042885
110.1	15.1	5.453440176033344
110.1	16.1	5.478037021576275
110.1	17.1	5.501248890837956
110.1	18.1	5.522817856542393
110.1	19.1	5.5423996349782545
110.1	20.1	5.559520400209867
110.1	21.1	5.573504225043635
110.1	22.1	5.5833467656975735
110.1	23.1	5.5874935874148255
110.1	24.1	5.583497908884736
110.1	25.1	5.5719640544353854
110.1	26.1	5.5658846813534835
110.1	27.1	5.552984723555228
110.1	28.1	5.5309974378731
110.1	29.1	5.497171233391919
110.1	30.1	5.459122920101967
110.1	31.1	5.412039398402304
110.1	32.1	5.353075717196932
110.1	33.1	5.289389163770569
110.1	34.1	5.215950558078658
110.1	35.1	5.134503075395022
110.1	36.1	5.042599670191425
110.1	37.1	4.937922732682435
110.1	38.1	4.817795666618753
111.1	0.1	5.0354789177526875
111.1	1.1	5.06919007882509
111.1	2.1	5.102568455948961
111.1	3.1	5.135592763018408
111.1	4.1	5.168239175987338
111.1	5.1	5.200480894057995
111.1	6.1	5.232287600138279
111.1	7.1	5.263624791173659
111.1	8.1	5.294452938400797
111.1	9.1	5.324726422438965
111.1	10.1	5.354392166082667
111.1	11.1	5.383387854918865
111.1	12.1	5.411639586293401
111.1	13.1	5.439058710326205
111.1	14.1	5.465537504741084
111.1	15.1	5.49094312648682
111.1	16.1	5.515108949368162
111.1	17.1	5.537821818317496
111.1	18.1	5.558802713090282
111.1	19.1	5.577676386801551
111.1	20.1	5.593921854322328
111.1	21.1	5.60678845097183
111.1	22.1	5.615149069436131
111.1	23.1	5.617246729163751
111.1	24.1	5.6103511287754655
111.1	25.1	5.600702328243791
111.1	26.1	5.592946637099762
111.1	27.1	5.577871311111581
111.1	28.1	5.553054105803848
111.1	29.1	5.516603398113697
111.1	30.1	5.47767973800768
111.1	31.1	5.427708856217177
111.1	32.1	5.367370701458069
111.1	33.1	5.301458319494138
111.1	34.1	5.225940070995367
111.1	35.1	5.1424723900075096
111.1	36.1	5.047966438059503
111.1	37.1	4.940126439955662
112.1	0.1	5.076198499634944
112.1	1.1	5.1097740927697854
112.1	2.1	5.143010458815377
112.1	3.1	5.17588557976602
112.1	4.1	5.208374779295448
112.1	5.1	5.240450257367505
112.1	6.1	5.272080516616205
112.1	7.1	5.3032296484913415
112.1	8.1	5.333856435511324
112.1	9.1	5.363913209192
112.1	10.1	5.393344378660559
112.1	11.1	5.4220845083164555
112.1	12.1	5.45005576707522
112.1	13.1	5.477164484735888
112.1	14.1	5.503296412022064
112.1	15.1	5.528310052614538
112.1	16.1	5.552027049317073
112.1	17.1	5.57421793152765
112.1	18.1	5.5945803104106036
112.1	19.1	5.612704324481767
112.1	20.1	5.628015750257634
112.1	21.1	5.639678762252002
112.1	22.1	5.646425767938
112.1	23.1	5.646272511469574
112.1	24.1	5.636219464295551
112.1	25.1	5.629020237358179
112.1	26.1	5.61947889322013
112.1	27.1	5.6020801317788065
112.1	28.1	5.574271553348535
112.1	29.1	5.537055163811912
112.1	30.1	5.495552552711006
112.1	31.1	5.442656746972811
112.1	32.1	5.3811567782964165
112.1	33.1	5.312988453671598
112.1	34.1	5.235686483689788
112.1	35.1	5.149880549651849
112.1	36.1	5.052692863908783
112.1	37.1	4.941717000390248
113.1	0.1	5.1168625155648755
113.1	1.1	5.150300773824625
113.1	2.1	5.183393151731128
113.1	3.1	5.216116866632404
113.1	4.1	5.248446350188009
113.1	5.1	5.280352754490962
113.1	6.1	5.311803341814574
113.1	7.1	5.342760723107712
113.1	8.1	5.37318189748451
113.1	9.1	5.4030170263403825
113.1	10.1	5.432207848340755
113.1	11.1	5.460685600453076
113.1	12.1	5.48836824726563
113.1	13.1	5.5151567221684275
113.1	14.1	5.540929725265848
113.1	15.1	5.565536360373212
113.1	16.1	5.588785445764633
113.1	17.1	5.610429544429355
113.1	18.1	5.630140321255202
113.1	19.1	5.647469126452093
113.1	20.1	5.661781495678421
113.1	21.1	5.672144422683337
113.1	22.1	5.677129923686332
113.1	23.1	5.674503759397228
113.1	24.1	5.661967448281628
113.1	25.1	5.656893883693457
113.1	26.1	5.64544875230914
113.1	27.1	5.6255711270371505
113.1	28.1	5.594626577310519
113.1	29.1	5.556901920769567
113.1	30.1	5.512724941681154
113.1	31.1	5.456905878049489
113.1	32.1	5.394425981571631
113.1	33.1	5.323983074731584
113.1	34.1	5.244934353639886
113.1	35.1	5.156713206079225
113.1	36.1	5.056760968079684
113.1	37.1	4.942604468311329
114.1	0.1	5.1574705824628095
114.1	1.1	5.190769676917154
114.1	2.1	5.223716018831064
114.1	3.1	5.256286026326883
114.1	4.1	5.288453196996699
114.1	5.1	5.32018758346516
114.1	6.1	5.351455143724431
114.1	7.1	5.382216928199478
114.1	8.1	5.41242805125776
114.1	9.1	5.442036374195868
114.1	10.1	5.470980796160727
114.1	11.1	5.49918900336023
114.1	12.1	5.5265744558808825
114.1	13.1	5.553032279341823
114.1	14.1	5.578433547081849
114.1	15.1	5.6026171360643895
114.1	16.1	5.625377819703639
114.1	17.1	5.646448337029905
114.1	18.1	5.665471480451103
114.1	19.1	5.68195503201898
114.1	20.1	5.69519621487662
114.1	21.1	5.704151034295991
114.1	22.1	5.707209288876204
114.1	23.1	5.701871039372126
114.1	24.1	5.690948447615607
114.1	25.1	5.684297446962006
114.1	26.1	5.6708214267782315
114.1	27.1	5.6483048881826505
114.1	28.1	5.614112090665461
114.1	29.1	5.576120802002853
114.1	30.1	5.529185973602596
114.1	31.1	5.470496411263053
114.1	32.1	5.4071720394429805
114.1	33.1	5.334450244787279
114.1	34.1	5.253668870645463
114.1	35.1	5.1629623082470175
114.1	36.1	5.06015392842797
114.1	37.1	4.94270801267811
115.1	0.1	5.198022297181104
115.1	1.1	5.231180334617837
115.1	2.1	5.263978519122244
115.1	3.1	5.2963924330550505
115.1	4.1	5.328394595405263
115.1	5.1	5.359953904548831
115.1	6.1	5.39103494614823
115.1	7.1	5.421597124659747
115.1	8.1	5.451593561142171
115.1	9.1	5.480969677054931
115.1	10.1	5.509661349553933
115.1	11.1	5.537592471975942
115.1	12.1	5.564671672888093
115.1	13.1	5.59078781953624
115.1	14.1	5.615803723517074
115.1	15.1	5.639547117252285
115.1	16.1	5.661797364750168
115.1	17.1	5.682265286529888
115.1	18.1	5.700561473621054
115.1	19.1	5.716144656710298
115.1	20.1	5.728234443615187
115.1	21.1	5.735660098846053
115.1	22.1	5.736606244533157
115.1	23.1	5.728307375237546
115.1	24.1	5.719531111229646
115.1	25.1	5.7112030944987495
115.1	26.1	5.695560301815768
115.1	27.1	5.670244760418875
115.1	28.1	5.633643958536356
115.1	29.1	5.59469018576663
115.1	30.1	5.544932346810635
115.1	31.1	5.48475461404043
115.1	32.1	5.419390847013395
115.1	33.1	5.344437060723144
115.1	34.1	5.261875416434309
115.1	35.1	5.168674653619359
115.1	36.1	5.062856684807384
115.1	37.1	4.941988193779432
116.1	0.1	5.238517235971804
116.1	1.1	5.271532256479111
116.1	2.1	5.304180085663061
116.1	3.1	5.336435431496928
116.1	4.1	5.368269787172254
116.1	5.1	5.3996508386167825
116.1	6.1	5.43054172666573
116.1	7.1	5.460900118497955
116.1	8.1	5.490677025463005
116.1	9.1	5.519815278803178
116.1	10.1	5.548247536514757
116.1	11.1	5.575893636269349
116.1	12.1	5.602657018373041
116.1	13.1	5.628419797370922
116.1	14.1	5.65303582213417
116.1	15.1	5.676320660316504
116.1	16.1	5.69803673763251
116.1	17.1	5.717870589271185
116.1	18.1	5.735396810180226
116.1	19.1	5.750018781283456
116.1	20.1	5.760867787391049
116.1	21.1	5.7666285882928925
116.1	22.1	5.765258269228667
116.1	23.1	5.753756656581428
116.1	24.1	5.7476935972767835
116.1	25.1	5.737580932215798
116.1	26.1	5.7196274439030415
116.1	27.1	5.6913599228929295
116.1	28.1	5.654069255519122
116.1	29.1	5.612590659136998
116.1	30.1	5.559970907082233
116.1	31.1	5.498649043508238
116.1	32.1	5.4310810108436876
116.1	33.1	5.354360551285546
116.1	34.1	5.269539779787159
116.1	35.1	5.173774972079027
116.1	36.1	5.0648566937068855
117.1	0.1	5.278954953917744
117.1	1.1	5.311824928330045
117.1	2.1	5.34432012468776
117.1	3.1	5.376414335716994
117.1	4.1	5.408077978767531
117.1	5.1	5.439277465443302
117.1	6.1	5.469974414455528
117.1	7.1	5.500124658048546
117.1	8.1	5.52967697294252
117.1	9.1	5.558571438166205
117.1	10.1	5.586737279268736
117.1	11.1	5.6140899926579975
117.1	12.1	5.640527440672716
117.1	13.1	5.665924442026198
117.1	14.1	5.690125107687694
117.1	15.1	5.712931704182042
117.1	16.1	5.73408800240719
117.1	17.1	5.753253572110207
117.1	18.1	5.769962678305273
117.1	19.1	5.783556111401701
117.1	20.1	5.793064545642228
117.1	21.1	5.797008582150041
117.1	22.1	5.793099373500125
117.1	23.1	5.78104483663159
117.1	24.1	5.775412321831898
117.1	25.1	5.76339902394058
117.1	26.1	5.7429844683502935
117.1	27.1	5.711629686239727
117.1	28.1	5.673901458304158
117.1	29.1	5.629806269389785
117.1	30.1	5.574321452157444
117.1	31.1	5.512038772404479
117.1	32.1	5.442244464217562
117.1	33.1	5.363800457069716
117.1	34.1	5.276648426995081
117.1	35.1	5.178246137705164
117.1	36.1	5.066315134318205
118.1	0.1	5.319334984325214
118.1	1.1	5.352057811524162
118.1	2.1	5.384398014673077
118.1	3.1	5.416328428001677
118.1	4.1	5.447818339916584
118.1	5.1	5.478832821866697
118.1	6.1	5.509331887960924
118.1	7.1	5.539269430972534
118.1	8.1	5.568591858802381
118.1	9.1	5.597236323573762
118.1	10.1	5.62512838739866
118.1	11.1	5.65217889464256
118.1	12.1	5.678279703354983
118.1	13.1	5.703297738721973
118.1	14.1	5.727066515087566
118.1	15.1	5.749373729699475
118.1	16.1	5.769942567490244
118.1	17.1	5.788402591639313
118.1	18.1	5.804242779340478
118.1	19.1	5.8167330054280235
118.1	20.1	5.82478931077658
118.1	21.1	5.826747076787137
118.1	22.1	5.820063190067006
118.1	23.1	5.8098733512490135
118.1	24.1	5.802661860733035
118.1	25.1	5.7886235187612245
118.1	26.1	5.7655939166172905
118.1	27.1	5.731049161954891
118.1	28.1	5.693118643908344
118.1	29.1	5.6463261061053025
118.1	30.1	5.588019618725292
118.1	31.1	5.524917230635681
118.1	32.1	5.452887146092541
118.1	33.1	5.372742855384612
118.1	34.1	5.2831888379208465
118.1	35.1	5.182071883394142
118.1	36.1	5.067044450290067
119.1	0.1	5.359656838076227
119.1	1.1	5.392230342137787
119.1	2.1	5.424413105343455
119.1	3.1	5.456176957619573
119.1	4.1	5.487490002046229
119.1	5.1	5.518315899826056
119.1	6.1	5.548612972387756
119.1	7.1	5.578333061034394
119.1	8.1	5.607420060560444
119.1	9.1	5.63580800760025
119.1	10.1	5.663418550371245
119.1	11.1	5.690157542574235
119.1	12.1	5.715910370912224
119.1	13.1	5.740535408237747
119.1	14.1	5.763854619292934
119.1	15.1	5.785639714068002
119.1	16.1	5.8055911144526045
119.1	17.1	5.823304919462475
119.1	18.1	5.838219138941181
119.1	19.1	5.849523168934257
119.1	20.1	5.856002562244422
119.1	21.1	5.855786149566184
119.1	22.1	5.846088732314654
119.1	23.1	5.838303556728972
119.1	24.1	5.829414876894086
119.1	25.1	5.813218942961603
119.1	26.1	5.787421332835114
119.1	27.1	5.750682786373209
119.1	28.1	5.711700061226692
119.1	29.1	5.662146239381417
119.1	30.1	5.602118426514273
119.1	31.1	5.53727974242481
119.1	32.1	5.463019728394149
119.1	33.1	5.3811739906349665
119.1	34.1	5.289187245721538
119.1	35.1	5.185237282070015
119.1	36.1	5.067007701037026
120.1	0.1	5.399920002938201
120.1	1.1	5.432341930116032
120.1	2.1	5.464364716611011
120.1	3.1	5.495959139499182
120.1	4.1	5.5270920566245785
120.1	5.1	5.557725644260535
120.1	6.1	5.587816437020594
120.1	7.1	5.617314104635016
120.1	8.1	5.646159873494059
120.1	9.1	5.67428446094048
120.1	10.1	5.701605329402504
120.1	11.1	5.728022972459431
120.1	12.1	5.753415793018074
120.1	13.1	5.777632884228903
120.1	14.1	5.8004836017269765
120.1	15.1	5.821722079601335
120.1	16.1	5.841023517371139
120.1	17.1	5.857946611508089
120.1	18.1	5.871871892236589
120.1	19.1	5.881897316906991
120.1	20.1	5.88666029553037
120.1	21.1	5.884063784616793
120.1	22.1	5.871130118336156
120.1	23.1	5.866313865707652
120.1	24.1	5.855642091693716
120.1	25.1	5.837148735645397
120.1	26.1	5.808438256509447
120.1	27.1	5.771082657501977
120.1	28.1	5.729627015578845
120.1	29.1	5.677272002985919
120.1	30.1	5.616116493471635
120.1	31.1	5.549124007369401
120.1	32.1	5.47296867737996
120.1	33.1	5.389080463002293
120.1	34.1	5.294634947974791
120.1	35.1	5.187729347165599
120.1	36.1	5.066166843428847
121.1	0.1	5.440123942828709
121.1	1.1	5.4723919583633
121.1	2.1	5.504252137446045
121.1	3.1	5.53567415281853
121.1	4.1	5.566623553387619
121.1	5.1	5.597060950860483
121.1	6.1	5.626940992342339
121.1	7.1	5.6562110470793785
121.1	8.1	5.684809505738919
121.1	9.1	5.712663545874857
121.1	10.1	5.739686148592439
121.1	11.1	5.765772043694127
121.1	12.1	5.790792087175856
121.1	13.1	5.814585288059029
121.1	14.1	5.8369472127420945
121.1	15.1	5.857612636030236
121.1	16.1	5.876228751352069
121.1	17.1	5.892312359150813
121.1	18.1	5.90517904055903
121.1	19.1	5.913822809128938
121.1	20.1	5.916713759184721
121.1	21.1	5.911515854047189
121.1	22.1	5.900062088464879
121.1	23.1	5.893881015398828
121.1	24.1	5.881312327591968
121.1	25.1	5.860376135605621
121.1	26.1	5.828626339173309
121.1	27.1	5.790900890181424
121.1	28.1	5.746884011848
121.1	29.1	5.691720548670939
121.1	30.1	5.629621606413306
121.1	31.1	5.560450646378064
121.1	32.1	5.482591446904278
121.1	33.1	5.396449464327215
121.1	34.1	5.299480456106588
121.1	35.1	5.189582982114654
122.1	0.1	5.4802680970327895
122.1	1.1	5.512379781774921
122.1	2.1	5.544074624673587
122.1	3.1	5.5753211395005415
122.1	4.1	5.606083498443959
122.1	5.1	5.63632066365876
122.1	6.1	5.665985286940813
122.1	7.1	5.6950222985554495
122.1	8.1	5.723367072989143
122.1	9.1	5.750943009172891
122.1	10.1	5.777658285251141
122.1	11.1	5.80340142560626
122.1	12.1	5.82803511956393
122.1	13.1	5.851387400827615
122.1	14.1	5.873238729594635
122.1	15.1	5.893302515414268
122.1	16.1	5.91119478865428
122.1	17.1	5.9263853197494605
122.1	18.1	5.9381161780642175
122.1	19.1	5.945263272266621
122.1	20.1	5.946109427950528
122.1	21.1	5.938080004841623
122.1	22.1	5.928741096153219
122.1	23.1	5.920979983590136
122.1	24.1	5.906392660954566
122.1	25.1	5.882865560101367
122.1	26.1	5.847982702209118
122.1	27.1	5.810116448297464
122.1	28.1	5.763460194447414
122.1	29.1	5.705523504808737
122.1	30.1	5.64262698066071
122.1	31.1	5.571263808278129
122.1	32.1	5.491731459685077
122.1	33.1	5.403269069744501
122.1	34.1	5.303708129309141
122.1	35.1	5.190877578580147
123.1	0.1	5.520351879369989
123.1	1.1	5.552304726206263
123.1	2.1	5.583831401691023
123.1	3.1	5.614899202607463
123.1	4.1	5.645470852248576
123.1	5.1	5.675503572449438
123.1	6.1	5.70494790418423
123.1	7.1	5.733746189798239
123.1	8.1	5.761830592760427
123.1	9.1	5.789120474377805
123.1	10.1	5.815518859328737
123.1	11.1	5.840907582668615
123.1	12.1	5.865140483856057
123.1	13.1	5.8880336322259215
123.1	14.1	5.909350909307289
123.1	15.1	5.928782098598636
123.1	16.1	5.945908480642965
123.1	17.1	5.960146924148133
123.1	18.1	5.9706561882389755
123.1	19.1	5.976178236143501
123.1	20.1	5.974789428259591
123.1	21.1	5.9637024889861285
123.1	22.1	5.957021905330792
123.1	23.1	5.947583932636542
123.1	24.1	5.930848740055565
123.1	25.1	5.904584648948409
123.1	26.1	5.8677199827619715
123.1	27.1	5.828709399915853
123.1	28.1	5.7793511077596715
123.1	29.1	5.719463400869401
123.1	30.1	5.655127490837164
123.1	31.1	5.581571826445343
123.1	32.1	5.500375733183376
123.1	33.1	5.4095285943030555
123.1	34.1	5.3073033457065915
123.1	35.1	5.191457394287792
124.1	0.1	5.560374677308234
124.1	1.1	5.5921660873753085
124.1	2.1	5.6235216571014535
124.1	3.1	5.65440740462702
124.1	4.1	5.684784527435479
124.1	5.1	5.714608410019821
124.1	6.1	5.743827358645599
124.1	7.1	5.772380967410191
124.1	8.1	5.800197978173733
124.1	9.1	5.827193433408329
124.1	10.1	5.8532648218505345
124.1	11.1	5.878286758226275
124.1	12.1	5.902103477763862
124.1	13.1	5.924517985800114
124.1	14.1	5.945275935704572
124.1	15.1	5.964040931999845
124.1	16.1	5.980355423613378
124.1	17.1	5.993576658833481
124.1	18.1	6.002768913488699
124.1	19.1	6.006522835255398
124.1	20.1	6.002692768262305
124.1	21.1	5.990110686635198
124.1	22.1	5.984883189951332
124.1	23.1	5.973664200148257
124.1	24.1	5.954645344115892
124.1	25.1	5.925507167605833
124.1	26.1	5.888095410521808
124.1	27.1	5.846661730733735
124.1	28.1	5.794560770324589
124.1	29.1	5.733560665004393
124.1	30.1	5.667120096496746
124.1	31.1	5.591514948422911
124.1	32.1	5.5085115948877945
124.1	33.1	5.41529429081443
124.1	34.1	5.310252983620042
124.1	35.1	5.191288093202023
125.1	0.1	5.600335851021239
125.1	1.1	5.631963129694407
125.1	2.1	5.663144543256953
125.1	3.1	5.693844765642396
125.1	4.1	5.724023386498316
125.1	5.1	5.75363384918038
125.1	6.1	5.782622092254034
125.1	7.1	5.810924788805951
125.1	8.1	5.838467031212206
125.1	9.1	5.865159237405924
125.1	10.1	5.890892942246155
125.1	11.1	5.91553495656175
125.1	12.1	5.93891907701268
125.1	13.1	5.960834020138935
125.1	14.1	5.981005359801175
125.1	15.1	5.999067633338471
125.1	16.1	6.014519806364996
125.1	17.1	6.026651820960558
125.1	18.1	6.034420806745313
125.1	19.1	6.036247665571542
125.1	20.1	6.029757920017423
125.1	21.1	6.0190214967040525
125.1	22.1	6.012302014504187
125.1	23.1	5.999190363321017
125.1	24.1	5.977747285097594
125.1	25.1	5.945616946888012
125.1	26.1	5.907900222706633
125.1	27.1	5.863958390398874
125.1	28.1	5.8091040039853015
125.1	29.1	5.747176302606283
125.1	30.1	5.678604326864621
125.1	31.1	5.601312166754078
125.1	32.1	5.516126888759568
125.1	33.1	5.420488329483946
125.1	34.1	5.31254601388681
125.1	35.1	5.1903329278979875
126.1	0.1	5.640234732385963
126.1	1.1	5.671695085026478
126.1	2.1	5.702699174705361
126.1	3.1	5.733210261377288
126.1	4.1	5.76318623930685
126.1	5.1	5.792578499575599
126.1	6.1	5.821330470148694
126.1	7.1	5.849375716746028
126.1	8.1	5.876635435398441
126.1	9.1	5.903015086746942
126.1	10.1	5.928399794447052
126.1	11.1	5.952647923096795
126.1	12.1	5.975581906420834
126.1	13.1	5.996974805432237
126.1	14.1	6.016530032603802
126.1	15.1	6.033849784763716
126.1	16.1	6.048384237322379
126.1	17.1	6.0593472456307715
126.1	18.1	6.065574584001483
126.1	19.1	6.065298949565464
126.1	20.1	6.05592754850791
126.1	21.1	6.047553891531729
126.1	22.1	6.039253763598956
126.1	23.1	6.0241304151339525
126.1	24.1	6.000120783203692
126.1	25.1	5.964912944738596
126.1	26.1	5.9271142174486755
126.1	27.1	5.880588605810296
126.1	28.1	5.823008881413956
126.1	29.1	5.760303382803951
126.1	30.1	5.6895828225057725
126.1	31.1	5.610640409756641
126.1	32.1	5.52321022931064
126.1	33.1	5.425090149593703
126.1	34.1	5.3142693603628945
127.1	0.1	5.68007062391633
127.1	1.1	5.711361151360581
127.1	2.1	5.742184626533718
127.1	3.1	5.772502821106594
127.1	4.1	5.8022718404460845
127.1	5.1	5.831440904257039
127.1	6.1	5.8599507762084055
127.1	7.1	5.887731713419886
127.1	8.1	5.91470074783304
127.1	9.1	5.940758020129241
127.1	10.1	5.965781741610372
127.1	11.1	5.9896211225022125
127.1	12.1	6.0120862077050665
127.1	13.1	6.032932874765529
127.1	14.1	6.051840029254468
127.1	15.1	6.068373811642853
127.1	16.1	6.081929549064803
127.1	17.1	6.091635007083725
127.1	18.1	6.096188913509046
127.1	19.1	6.0936192605955615
127.1	20.1	6.081156409774329
127.1	21.1	6.0756882801318985
127.1	22.1	6.06571210183759
127.1	23.1	6.048451105673695
127.1	24.1	6.021735474472229
127.1	25.1	5.984755641123687
127.1	26.1	5.94571823448693
127.1	27.1	5.896547483337246
127.1	28.1	5.836790700206934
127.1	29.1	5.772936430966653
127.1	30.1	5.700061926732487
127.1	31.1	5.619487392162858
127.1	32.1	5.529751311067138
127.1	33.1	5.429085544032975
127.1	34.1	5.315407414993972
128.1	0.1	5.719842797629064
128.1	1.1	5.750960491401325
128.1	2.1	5.78159993260079
128.1	3.1	5.811721325422305
128.1	4.1	5.841278886363554
128.1	5.1	5.870219535998041
128.1	6.1	5.898481208227227
128.1	7.1	5.925990634034604
128.1	8.1	5.952660390528348
128.1	9.1	5.978384902631382
128.1	10.1	6.003034919308293
128.1	11.1	6.026449714455187
128.1	12.1	6.048425803580395
128.1	13.1	6.068700169423425
128.1	14.1	6.086924563298455
128.1	15.1	6.102624845138124
128.1	16.1	6.115134578466465
128.1	17.1	6.1234840995898345
128.1	18.1	6.126218205206491
128.1	19.1	6.12114920333051
128.1	20.1	6.1091582778459435
128.1	21.1	6.1034036039084585
128.1	22.1	6.091648982687194
128.1	23.1	6.072118521157721
128.1	24.1	6.042567222824523
128.1	25.1	6.005107552190984
128.1	26.1	5.963694904526256
128.1	27.1	5.911837896564324
128.1	28.1	5.850982978269058
128.1	29.1	5.785071805901427
128.1	30.1	5.71005231280326
128.1	31.1	5.627841098062154
128.1	32.1	5.535771803782767
128.1	33.1	5.432461467173516
128.1	34.1	5.315845671152516
129.1	0.1	5.759550493837196
129.1	1.1	5.790492231066063
129.1	2.1	5.82094408365048
129.1	3.1	5.850864603843286
129.1	4.1	5.880206012308805
129.1	5.1	5.90891279332731
129.1	6.1	5.936919872702921
129.1	7.1	5.964150219860154
129.1	8.1	5.990511640963329
129.1	9.1	6.015892412629615
129.1	10.1	6.04015521700045
129.1	11.1	6.063128526747186
129.1	12.1	6.084594057660361
129.1	13.1	6.104267977370772
129.1	14.1	6.121771889707084
129.1	15.1	6.136586566597037
129.1	16.1	6.1479759214666085
129.1	17.1	6.154860110993676
129.1	18.1	6.1556126089435965
129.1	19.1	6.147830644359968
129.1	20.1	6.137925237054255
129.1	21.1	6.130677259966144
129.1	22.1	6.117034733008048
129.1	23.1	6.095098996646594
129.1	24.1	6.062601887386612
129.1	25.1	6.02489946169319
129.1	26.1	5.981029608745075
129.1	27.1	5.926472612718916
129.1	28.1	5.864704548173857
129.1	29.1	5.796708130661259
129.1	30.1	5.719966981385662
129.1	31.1	5.6356899621752135
129.1	32.1	5.541291102079602
129.1	33.1	5.435206512789996
129.1	34.1	5.315550912953272
130.1	0.1	5.799192919866386
130.1	1.1	5.829955457883342
130.1	2.1	5.8602160252971345
130.1	3.1	5.889931432256479
130.1	4.1	5.919051789047583
130.1	5.1	5.947518996256291
130.1	6.1	5.9752647792017015
130.1	7.1	6.002208090676736
130.1	8.1	6.028251621776403
130.1	9.1	6.053277027443
130.1	10.1	6.07713825758233
130.1	11.1	6.099652025403536
130.1	12.1	6.12058382959239
130.1	13.1	6.139626863964323
130.1	14.1	6.156369195131809
130.1	15.1	6.170241031794899
130.1	16.1	6.180427663116184
130.1	17.1	6.1857249139526065
130.1	18.1	6.184318400889916
130.1	19.1	6.173612310122645
130.1	20.1	6.166313833228258
130.1	21.1	6.157485043715229
130.1	22.1	6.141838250612666
130.1	23.1	6.117360484098939
130.1	24.1	6.081840103402454
130.1	25.1	6.044111953459748
130.1	26.1	5.997711678941539
130.1	27.1	5.940476545737643
130.1	28.1	5.877948388717555
130.1	29.1	5.807846776196377
130.1	30.1	5.729474837698444
130.1	31.1	5.64302309202246
130.1	32.1	5.546241993715441
130.1	33.1	5.437311494742171
131.1	0.1	5.838769248688796
131.1	1.1	5.869349219285463
131.1	2.1	5.899414655872975
131.1	3.1	5.9289205301758825
131.1	4.1	5.9578147193313935
131.1	5.1	5.986036381672569
131.1	6.1	6.013513834258518
131.1	7.1	6.040161736563166
131.1	8.1	6.065877289502893
131.1	9.1	6.09053500756023
131.1	10.1	6.113979374774293
131.1	11.1	6.136014281427826
131.1	12.1	6.156387424782222
131.1	13.1	6.174766593820979
131.1	14.1	6.190702473726146
131.1	15.1	6.203568473283089
131.1	16.1	6.212461086521018
131.1	17.1	6.216036419896688
131.1	18.1	6.212279044618949
131.1	19.1	6.199163441901593
131.1	20.1	6.194304694678612
131.1	21.1	6.183801123828035
131.1	22.1	6.166027366324664
131.1	23.1	6.138874520114291
131.1	24.1	6.101789847884487
131.1	25.1	6.062726595002068
131.1	26.1	6.013735858607931
131.1	27.1	5.954101397626241
131.1	28.1	5.890708759078849
131.1	29.1	5.818492393193231
131.1	30.1	5.7385149838116005
131.1	31.1	5.649830537536679
131.1	32.1	5.550610752645345
131.1	33.1	5.438917855111246
132.1	0.1	5.878278617468783
132.1	1.1	5.9086725207873805
132.1	2.1	5.938538824126931
132.1	3.1	5.967830557804352
132.1	4.1	5.996493234101204
132.1	5.1	6.024463098368536
132.1	6.1	6.0516648347675615
132.1	7.1	6.078008508958088
132.1	8.1	6.103385422251948
132.1	9.1	6.127662379282322
132.1	10.1	6.1506735880833805
132.1	11.1	6.172208933729345
132.1	12.1	6.191996537970204
132.1	13.1	6.20967604263369
132.1	14.1	6.224756386770429
132.1	15.1	6.236547079663481
132.1	16.1	6.244044369479611
132.1	17.1	6.245748473080334
132.1	18.1	6.239437365198605
132.1	19.1	6.228149600959036
132.1	20.1	6.221877035724767
132.1	21.1	6.209598068207061
132.1	22.1	6.189569439811492
132.1	23.1	6.159618946258691
132.1	24.1	6.122119117271138
132.1	25.1	6.080726628971023
132.1	26.1	6.029104024020394
132.1	27.1	5.9683847465648965
132.1	28.1	5.902981533670371
132.1	29.1	5.828653482110973
132.1	30.1	5.747076000354172
132.1	31.1	5.656103614953457
132.1	32.1	5.554384552169189
132.1	33.1	5.439907384032033
133.1	0.1	5.917720126014224
133.1	1.1	5.947924324043442
133.1	2.1	5.977587326763135
133.1	3.1	6.00666011288178
133.1	4.1	6.035085688401813
133.1	5.1	6.062797201671274
133.1	6.1	6.089715460812501
133.1	7.1	6.115745610917545
133.1	8.1	6.140772606204521
133.1	9.1	6.164654915593368
133.1	10.1	6.187215575033025
133.1	11.1	6.2082291477291935
133.1	12.1	6.227402189820749
133.1	13.1	6.244343097588874
133.1	14.1	6.258514104313063
133.1	15.1	6.269152751772632
133.1	16.1	6.275142286358206
133.1	17.1	6.2748110132419965
133.1	18.1	6.265739465644117
133.1	19.1	6.256775375844958
133.1	20.1	6.249008590673688
133.1	21.1	6.234846947246701
133.1	22.1	6.212432279585806
133.1	23.1	6.179581509000774
133.1	24.1	6.141898612509671
133.1	25.1	6.098097854648455
133.1	26.1	6.043827128044571
133.1	27.1	5.98220790838428
133.1	28.1	5.914764585455546
133.1	29.1	5.838559845059034
133.1	30.1	5.7551468609159775
133.1	31.1	5.661907517483221
133.1	32.1	5.557551852976642
133.1	33.1	5.4402113837264015
134.1	0.1	5.957092835126688
134.1	1.1	5.987103544772762
134.1	2.1	6.016558905806303
134.1	3.1	6.045407727301546
134.1	4.1	6.073590356980977
134.1	5.1	6.101036647635798
134.1	6.1	6.127663267880112
134.1	7.1	6.15337008648319
134.1	8.1	6.178035220798825
134.1	9.1	6.201508115046255
134.1	10.1	6.22359964031327
134.1	11.1	6.244067569069756
134.1	12.1	6.2625946555749605
134.1	13.1	6.278754544910423
134.1	14.1	6.291957127169724
134.1	15.1	6.301358837910133
134.1	16.1	6.3057159471814295
134.1	17.1	6.303170713737647
134.1	18.1	6.291141196953317
134.1	19.1	6.285022911273893
134.1	20.1	6.275675568877075
134.1	21.1	6.2595175508352
134.1	22.1	6.2345854999656005
134.1	23.1	6.198764374541532
134.1	24.1	6.1611096582653015
134.1	25.1	6.114829726770813
134.1	26.1	6.057927274558634
134.1	27.1	5.995563817105743
134.1	28.1	5.926058217935483
134.1	29.1	5.848239369664355
134.1	30.1	5.762717126978611
134.1	31.1	5.667184787341853
134.1	32.1	5.560102874813966
134.1	33.1	5.439797684517123
135.1	0.1	5.996395764843098
135.1	1.1	6.02620905054307
135.1	2.1	6.055452245779846
135.1	3.1	6.084071863475371
135.1	4.1	6.112005429544651
135.1	5.1	6.139179286759675
135.1	6.1	6.165505678394368
135.1	7.1	6.190878809064748
135.1	8.1	6.215169422452336
135.1	9.1	6.23821717842145
135.1	10.1	6.259819681455687
135.1	11.1	6.279716271772265
135.1	12.1	6.297563384697377
135.1	13.1	6.312895942953915
135.1	14.1	6.325065088011074
135.1	15.1	6.333135854008188
135.1	16.1	6.335722629283667
135.1	17.1	6.330772416323885
135.1	18.1	6.318239128380815
135.1	19.1	6.312873060234092
135.1	20.1	6.301852643988816
135.1	21.1	6.283578768718424
135.1	22.1	6.25600244624373
135.1	23.1	6.218822683117877
135.1	24.1	6.179734509184179
135.1	25.1	6.1309166904086565
135.1	26.1	6.071439758369638
135.1	27.1	6.008446534487282
135.1	28.1	5.9368656429937054
135.1	29.1	5.85746390493038
135.1	30.1	5.769777183677215
135.1	31.1	5.671902603737905
135.1	32.1	5.562040347375407
136.1	0.1	6.035627892560877
136.1	1.1	6.065239658402036
136.1	2.1	6.094265970681362
136.1	3.1	6.122650910424615
136.1	4.1	6.150329005636635
136.1	5.1	6.177222857172221
136.1	6.1	6.203239972500597
136.1	7.1	6.228268468728436
136.1	8.1	6.252171126649723
136.1	9.1	6.274776982883986
136.1	10.1	6.295869150581997
136.1	11.1	6.3151667000981515
136.1	12.1	6.332296910325466
136.1	13.1	6.3467514792318855
136.1	14.1	6.357815531100016
136.1	15.1	6.364451200998801
136.1	16.1	6.365115793912766
136.1	17.1	6.357561837185761
136.1	18.1	6.347086691148665
136.1	19.1	6.340305314792305
136.1	20.1	6.327512995966362
136.1	21.1	6.306999200210172
136.1	22.1	6.276662823233493
136.1	23.1	6.239130137938169
136.1	24.1	6.197756988936095
136.1	25.1	6.1463597528145995
136.1	26.1	6.0857671853340385
136.1	27.1	6.020851547813443
136.1	28.1	5.947193497581455
136.1	29.1	5.866222576518445
136.1	30.1	5.776318522228999
136.1	31.1	5.676048453445142
136.1	32.1	5.563531529827733
137.1	0.1	6.0747881510378265
137.1	1.1	6.104194132343964
137.1	2.1	6.132998640738483
137.1	3.1	6.161143179573835
137.1	4.1	6.188559089107446
137.1	5.1	6.2151649772462205
137.1	6.1	6.240863278020901
137.1	7.1	6.2655355582693035
137.1	8.1	6.289035988203489
137.1	9.1	6.311182053326154
137.1	10.1	6.33174101171303
137.1	11.1	6.350409603272006
137.1	12.1	6.366782747212945
137.1	13.1	6.380303809818948
137.1	14.1	6.390183671799826
137.1	15.1	6.395268902127079
137.1	16.1	6.393845437392968
137.1	17.1	6.383490193101811
137.1	18.1	6.375573877207538
137.1	19.1	6.367297750333966
137.1	20.1	6.352628431656091
137.1	21.1	6.329748078207726
137.1	22.1	6.296556133157138
137.1	23.1	6.258897680121571
137.1	24.1	6.215163301439929
137.1	25.1	6.161168262580873
137.1	26.1	6.099687835940141
137.1	27.1	6.0327761114024
137.1	28.1	5.957094357239562
137.1	29.1	5.874504852515786
137.1	30.1	5.782354100381641
137.1	31.1	5.679610835588607
137.1	32.1	5.56437992920458
138.1	0.1	6.11387542625721
138.1	1.1	6.143071180598625
138.1	2.1	6.171648748926471
138.1	3.1	6.199546900219879
138.1	4.1	6.226693582133436
138.1	5.1	6.253003137574046
138.1	6.1	6.278372559492379
138.1	7.1	6.302676357929934
138.1	8.1	6.325759379468442
138.1	9.1	6.347426530540541
138.1	10.1	6.367427693054296
138.1	11.1	6.38543496211893
138.1	12.1	6.4010072767596435
138.1	13.1	6.413533879848137
138.1	14.1	6.422142139720807
138.1	15.1	6.42554939993335
138.1	16.1	6.421859011525754
138.1	17.1	6.408521518491133
138.1	18.1	6.4036830168005965
138.1	19.1	6.3938269925084965
138.1	20.1	6.37716961941451
138.1	21.1	6.351796611880511
138.1	22.1	6.315685938690421
138.1	23.1	6.278107333652363
138.1	24.1	6.231943038753956
138.1	25.1	6.175361820262943
138.1	26.1	6.113151362409074
138.1	27.1	6.044219632686255
138.1	28.1	5.966938197347617
138.1	29.1	5.882300715016912
138.1	30.1	5.787937157022683
138.1	31.1	5.682579646911315
138.1	32.1	5.56455640252351
139.1	0.1	6.152888555147617
139.1	1.1	6.1818694527277405
139.1	2.1	6.21021471722703
139.1	3.1	6.237860214646975
139.1	4.1	6.264730278742804
139.1	5.1	6.290734692243306
139.1	6.1	6.315764606188971
139.1	7.1	6.339686918610262
139.1	8.1	6.36233636626179
139.1	9.1	6.383504135819403
139.1	10.1	6.402921033596233
139.1	11.1	6.420231906560119
139.1	12.1	6.434955617665292
139.1	13.1	6.446420724401157
139.1	14.1	6.453660714023231
139.1	15.1	6.455249479568496
139.1	16.1	6.449103266893184
139.1	17.1	6.437260053550989
139.1	18.1	6.431395192440711
139.1	19.1	6.419868220017441
139.1	20.1	6.401106485500163
139.1	21.1	6.373119867105111
139.1	22.1	6.335854221117573
139.1	23.1	6.29674200263972
139.1	24.1	6.248090402880966
139.1	25.1	6.188972182552402
139.1	26.1	6.126151686004186
139.1	27.1	6.055184101380658
139.1	28.1	5.976339023561993
139.1	29.1	5.889600866994922
139.1	30.1	5.792981947971558
139.1	31.1	5.684946644731518
139.1	32.1	5.564029759842166
140.1	0.1	6.191826323146234
140.1	1.1	6.220587536513176
140.1	2.1	6.248694892605706
140.1	3.1	6.276081172855111
140.1	4.1	6.3026668578003
140.1	5.1	6.328356849339472
140.1	6.1	6.353036019015277
140.1	7.1	6.37656304339305
140.1	8.1	6.39876168120721
140.1	9.1	6.419408131521271
140.1	10.1	6.438212223280948
140.1	11.1	6.454788622803741
140.1	12.1	6.468611480771649
140.1	13.1	6.478941250229069
140.1	14.1	6.484706067064712
140.1	15.1	6.48432242692414
140.1	16.1	6.475527521706052
140.1	17.1	6.465971484876327
140.1	18.1	6.458690178172548
140.1	19.1	6.445395221616837
140.1	20.1	6.424408834962241
140.1	21.1	6.39369930370266
140.1	22.1	6.3561406440182
140.1	23.1	6.314786062820129
140.1	24.1	6.263605643725092
140.1	25.1	6.203131420414691
140.1	26.1	6.1386839882449635
140.1	27.1	6.065674556948934
140.1	28.1	5.985286462011626
140.1	29.1	5.896396979468868
140.1	30.1	5.797476333752348
140.1	31.1	5.686768370308329
141.1	0.1	6.230687461593074
141.1	1.1	6.259223954619409
141.1	2.1	6.28708754268298
141.1	3.1	6.314207726865465
141.1	4.1	6.340500875396901
141.1	5.1	6.365866660594265
141.1	6.1	6.390183196146827
141.1	7.1	6.413300267186643
141.1	8.1	6.4350296941832985
141.1	9.1	6.455131277083775
141.1	10.1	6.47329173589457
141.1	11.1	6.4890922489749014
141.1	12.1	6.501957006829993
141.1	13.1	6.5110700007521976
141.1	14.1	6.515241544980079
141.1	15.1	6.512718593016912
141.1	16.1	6.501089004381383
141.1	17.1	6.494322609656929
141.1	18.1	6.485546393666538
141.1	19.1	6.470380532671861
141.1	20.1	6.447047276725658
141.1	21.1	6.41352605684758
141.1	22.1	6.375896669128431
141.1	23.1	6.332226109363424
141.1	24.1	6.278496689668823
141.1	25.1	6.2171456797457845
141.1	26.1	6.150745015598532
141.1	27.1	6.0756995851479285
141.1	28.1	5.9937704369447555
141.1	29.1	5.902681984013268
141.1	30.1	5.8014089711953725
141.1	31.1	5.68811312853274
142.1	0.1	6.269470644942518
142.1	1.1	6.297777161011
142.1	2.1	6.325390851071452
142.1	3.1	6.352237724562683
142.1	4.1	6.378229756584628
142.1	5.1	6.403261010088728
142.1	6.1	6.427202317275312
142.1	7.1	6.449893834260467
142.1	8.1	6.471134379513735
142.1	9.1	6.490665779892704
142.1	10.1	6.5081492537472245
142.1	11.1	6.523128757866412
142.1	12.1	6.534972586349867
142.1	13.1	6.54277891020555
142.1	14.1	6.545227033466633
142.1	15.1	6.5403866265489246
142.1	16.1	6.527306427691117
142.1	17.1	6.522295948385648
142.1	18.1	6.511940882492967
142.1	19.1	6.494795685667841
142.1	20.1	6.46899454926282
142.1	21.1	6.432604962096894
142.1	22.1	6.395104981274162
142.1	23.1	6.349051882975788
142.1	24.1	6.292780908207549
142.1	25.1	6.230712603289896
142.1	26.1	6.1623334248246975
142.1	27.1	6.085575136460351
142.1	28.1	6.00178132221344
142.1	29.1	5.908515584817396
142.1	30.1	5.804769629875087
142.1	31.1	5.688827234976386
143.1	0.1	6.308174487777244
143.1	1.1	6.3362455371039745
143.1	2.1	6.363602912348709
143.1	3.1	6.390168903029333
143.1	4.1	6.415850786389631
143.1	5.1	6.440536601908875
143.1	6.1	6.464089326299207
143.1	7.1	6.486338673419019
143.1	8.1	6.5070692794877765
143.1	9.1	6.526003240341373
143.1	10.1	6.542773583106274
143.1	11.1	6.556882825491689
143.1	12.1	6.567636661509303
143.1	13.1	6.574037058434667
143.1	14.1	6.5746189876870655
143.1	15.1	6.567275756805806
143.1	16.1	6.556228124920924
143.1	17.1	6.5498728174385805
143.1	18.1	6.537849327685901
143.1	19.1	6.518611620502346
143.1	20.1	6.490227354628528
143.1	21.1	6.452884530909462
143.1	22.1	6.41374909905652
143.1	23.1	6.365257390173247
143.1	24.1	6.306486881228869
143.1	25.1	6.243826018910365
143.1	26.1	6.173450168436789
143.1	27.1	6.095144752798448
143.1	28.1	6.009310123379974
143.1	29.1	5.913867243133001
143.1	30.1	5.807549572520957
143.1	31.1	5.688882396070484
144.1	0.1	6.34679754160812
144.1	1.1	6.374627387627785
144.1	2.1	6.401721726632171
144.1	3.1	6.427998881322866
144.1	4.1	6.453361100028826
144.1	5.1	6.477689946639051
144.1	6.1	6.50083991227971
144.1	7.1	6.522629370526371
144.1	8.1	6.54282746374513
144.1	9.1	6.5611345903322285
144.1	10.1	6.577152559260952
144.1	11.1	6.590337684229815
144.1	12.1	6.599925511585985
144.1	13.1	6.604810446955987
144.1	14.1	6.603370751706844
144.1	15.1	6.593339646234399
144.1	16.1	6.584805826160864
144.1	17.1	6.57703327649925
144.1	18.1	6.563246122746012
144.1	19.1	6.541799314073922
144.1	20.1	6.51072880530424
144.1	21.1	6.473150663198195
144.1	22.1	6.431813923154392
144.1	23.1	6.380842220903068
144.1	24.1	6.320478495584514
144.1	25.1	6.256480870451595
144.1	26.1	6.184098917135353
144.1	27.1	6.104272745162017
144.1	28.1	6.0163486947568945
144.1	29.1	5.918688719087781
144.1	30.1	5.809742007223987
144.1	31.1	5.68824834167696
145.1	0.1	6.385338291442102
145.1	1.1	6.412920936172164
145.1	2.1	6.439745193718575
145.1	3.1	6.465725152639771
145.1	4.1	6.490757672246494
145.1	5.1	6.514717346563994
145.1	6.1	6.537449488458555
145.1	7.1	6.558760138054996
145.1	8.1	6.578401483998307
145.1	9.1	6.5960500243863525
145.1	10.1	6.61127294003206
145.1	11.1	6.623474959647044
145.1	12.1	6.631813025891701
145.1	13.1	6.635061831350895
145.1	14.1	6.631433360945271
145.1	15.1	6.618542435477066
145.1	16.1	6.613023352137515
145.1	17.1	6.6037560920993315
145.1	18.1	6.58810452286691
145.1	19.1	6.564330703799207
145.1	20.1	6.530491554839082
145.1	21.1	6.492895583796937
145.1	22.1	6.449286426774427
145.1	23.1	6.395813044902525
145.1	24.1	6.334582693068251
145.1	25.1	6.26867348999453
145.1	26.1	6.194286512544591
145.1	27.1	6.112949460520899
145.1	28.1	6.0228899957661275
145.1	29.1	5.922968908698339
145.1	30.1	5.811459917987002
146.1	0.1	6.423795152098295
146.1	1.1	6.451124320390499
146.1	2.1	6.477671106746669
146.1	3.1	6.50334507580528
146.1	4.1	6.528037305677134
146.1	5.1	6.5516148794341955
146.1	6.1	6.573913169107753
146.1	7.1	6.594724781289684
146.1	8.1	6.613783323498453
146.1	9.1	6.630738922439518
146.1	10.1	6.645120286521734
146.1	11.1	6.65627449067784
146.1	12.1	6.663270472359263
146.1	13.1	6.664750667592001
146.1	14.1	6.6587571151234295
146.1	15.1	6.64635488140774
146.1	16.1	6.640863417883951
146.1	17.1	6.630018726669112
146.1	18.1	6.612396909699796
146.1	19.1	6.58617999391412
146.1	20.1	6.54952159807306
146.1	21.1	6.5121026026624165
146.1	22.1	6.466156508038539
146.1	23.1	6.410185235109587
146.1	24.1	6.348249010791462
146.1	25.1	6.28040190708133
146.1	26.1	6.204153674986216
146.1	27.1	6.121165639216401
146.1	28.1	6.028934705450754
146.1	29.1	5.926697595059651
146.1	30.1	5.812665115060354
147.1	0.1	6.462166464250434
147.1	1.1	6.48923558682836
147.1	2.1	6.515497145337127
147.1	3.1	6.540855866019808
147.1	4.1	6.5651966181295265
147.1	5.1	6.588378380630891
147.1	6.1	6.610225743951333
147.1	7.1	6.630516660768912
147.1	8.1	6.648964340578047
147.1	9.1	6.66518976332243
147.1	10.1	6.678678829962073
147.1	11.1	6.688714133938586
147.1	12.1	6.694266276659456
147.1	13.1	6.693833264269546
147.1	14.1	6.685294326317425
147.1	15.1	6.675145160618182
147.1	16.1	6.668307577494106
147.1	17.1	6.655797366139525
147.1	18.1	6.636095213561731
147.1	19.1	6.607325441879225
147.1	20.1	6.569913676710146
147.1	21.1	6.530755820379867
147.1	22.1	6.4824180189041325
147.1	23.1	6.42398452136366
147.1	24.1	6.36147122213739
147.1	25.1	6.291666195034525
147.1	26.1	6.21388511137233
147.1	27.1	6.128912575753122
147.1	28.1	6.03457488176272
147.1	29.1	5.92986576247843
147.1	30.1	5.813251259242858
148.1	0.1	6.500450490171777
148.1	1.1	6.527252685342497
148.1	2.1	6.553220868158545
148.1	3.1	6.578254584785244
148.1	4.1	6.602232028674058
148.1	5.1	6.6250034235459925
148.1	6.1	6.646381649865213
148.1	7.1	6.6661286504922295
148.1	8.1	6.683935205526892
148.1	9.1	6.6993900278583665
148.1	10.1	6.711931323725211
148.1	11.1	6.720769554817036
148.1	12.1	6.724765837395466
148.1	13.1	6.722263283603646
148.1	14.1	6.711003763533204
148.1	15.1	6.703591472343627
148.1	16.1	6.695336179412094
148.1	17.1	6.6810670039781215
148.1	18.1	6.659171549455672
148.1	19.1	6.627751716113776
148.1	20.1	6.590160221214307
148.1	21.1	6.548840637139096
148.1	22.1	6.498069974441741
148.1	23.1	6.437809379442385
148.1	24.1	6.374244090268977
148.1	25.1	6.302468852447384
148.1	26.1	6.223186042481107
148.1	27.1	6.136182309987368
148.1	28.1	6.0397038522222255
148.1	29.1	5.932465970257708
148.1	30.1	5.813190856782605
149.1	0.1	6.538645409155938
149.1	1.1	6.56517346307182
149.1	2.1	6.590839704862577
149.1	3.1	6.615538128925098
149.1	4.1	6.639139742400712
149.1	5.1	6.6614852979687385
149.1	6.1	6.682374939523077
149.1	7.1	6.701553091362852
149.1	8.1	6.718685829979665
149.1	9.1	6.733326090481316
149.1	10.1	6.744858879991547
149.1	11.1	6.752414011074781
149.1	12.1	6.7547314195580626
149.1	13.1	6.749992806289649
149.1	14.1	6.736361698229427
149.1	15.1	6.731677799586214
149.1	16.1	6.721928339014741
149.1	17.1	6.705801605846838
149.1	18.1	6.681599136667186
149.1	19.1	6.647452881653984
149.1	20.1	6.609894428090499
149.1	21.1	6.566344391210867
149.1	22.1	6.513117927816286
149.1	23.1	6.452000041096233
149.1	24.1	6.386563611783387
149.1	25.1	6.312815215109582
149.1	26.1	6.232047208579465
149.1	27.1	6.142967852533488
149.1	28.1	6.04431080613375
149.1	29.1	5.934492792487552
149.1	30.1	5.812454503157406
150.1	0.1	6.576749312584488
150.1	1.1	6.6029956579177815
150.1	2.1	6.6283509473247815
150.1	3.1	6.6527032186022295
150.1	4.1	6.675915733698698
150.1	5.1	6.6978189862440125
150.1	6.1	6.718199246613341
150.1	7.1	6.736781739270203
150.1	8.1	6.753205287918692
150.1	9.1	6.766983098309827
150.1	10.1	6.777440791377255
150.1	11.1	6.783618139696004
150.1	12.1	6.784122193879472
150.1	13.1	6.776974270220753
150.1	14.1	6.765351805460978
150.1	15.1	6.7593870557983715
150.1	16.1	6.74806193789448
150.1	17.1	6.729974387075901
150.1	18.1	6.703353583696029
150.1	19.1	6.666435988199189
150.1	20.1	6.629100199238287
150.1	21.1	6.5832571447598145
150.1	22.1	6.527575468215906
150.1	23.1	6.465761956092974
150.1	24.1	6.398427293915639
150.1	25.1	6.322713889970998
150.1	26.1	6.24045969412994
150.1	27.1	6.149263448105317
150.1	28.1	6.0483856402664635
150.1	29.1	5.936117699153519
151.1	0.1	6.614760198608981
151.1	1.1	6.640716891486762
151.1	2.1	6.665751740120403
151.1	3.1	6.689746384226206
151.1	4.1	6.712555727889848
151.1	5.1	6.733999136937073
151.1	6.1	6.753847747204526
151.1	7.1	6.771805707148688
151.1	8.1	6.787481727333028
151.1	9.1	6.800344836750232
151.1	10.1	6.8096543392129485
151.1	11.1	6.814349765632667
151.1	12.1	6.812894527738875
151.1	13.1	6.803163701830466
151.1	14.1	6.7940128948899945
151.1	15.1	6.786701036186184
151.1	16.1	6.773713662780529
151.1	17.1	6.753558244942902
151.1	18.1	6.724414626184984
151.1	19.1	6.686941718338406
151.1	20.1	6.647762186969597
151.1	21.1	6.5995726304070415
151.1	22.1	6.541465760455018
151.1	23.1	6.479088875447661
151.1	24.1	6.409834465870982
151.1	25.1	6.3325637738098495
151.1	26.1	6.248415070168166
151.1	27.1	6.155119467989997
151.1	28.1	6.0519192195329286
151.1	29.1	5.937189706897732
152.1	0.1	6.652675966411751
152.1	1.1	6.67833466144189
152.1	2.1	6.703039070156048
152.1	3.1	6.726663952129238
152.1	4.1	6.749055181026881
152.1	5.1	6.770020035705525
152.1	6.1	6.789313116783812
152.1	7.1	6.8066154002787025
152.1	8.1	6.821502271537934
152.1	9.1	6.833393581016188
152.1	10.1	6.841474592473307
152.1	11.1	6.8445737634369435
152.1	12.1	6.841002688098083
152.1	13.1	6.8285257456831205
152.1	14.1	6.822330099398164
152.1	15.1	6.813600380566312
152.1	16.1	6.798859101675169
152.1	17.1	6.776526399053039
152.1	18.1	6.7447683971284995
152.1	19.1	6.7071693420206815
152.1	20.1	6.665866267122255
152.1	21.1	6.615289362790799
152.1	22.1	6.555124971678681
152.1	23.1	6.491975429343584
152.1	24.1	6.420786623255591
152.1	25.1	6.342030560710338
152.1	26.1	6.255905563220252
152.1	27.1	6.160537993698098
152.1	28.1	6.054903687306188
152.1	29.1	5.937653761218111
153.1	0.1	6.6904944100058685
153.1	1.1	6.715846333205696
153.1	2.1	6.740209755368893
153.1	3.1	6.763452028874729
153.1	4.1	6.785409257643629
153.1	5.1	6.805875573041221
153.1	6.1	6.824587482436253
153.1	7.1	6.841200444027613
153.1	8.1	6.855252909169007
153.1	9.1	6.866109933545453
153.1	10.1	6.87287420508574
153.1	11.1	6.874252021683048
153.1	12.1	6.8684001917815145
153.1	13.1	6.855435814770456
153.1	14.1	6.850287568059682
153.1	15.1	6.840064554588767
153.1	16.1	6.823472920760091
153.1	17.1	6.798853304926522
153.1	18.1	6.764410273347383
153.1	19.1	6.72689320569571
153.1	20.1	6.683400130351664
153.1	21.1	6.630411903655762
153.1	22.1	6.569398807915842
153.1	23.1	6.504417345541478
153.1	24.1	6.431287802334317
153.1	25.1	6.3510684814901435
153.1	26.1	6.2629242540978725
153.1	27.1	6.1654526501976346
153.1	28.1	6.057332831090372
153.1	29.1	5.937483123094701
154.1	0.1	6.728213211530422
154.1	1.1	6.7532491309484195
154.1	2.1	6.777260432394574
154.1	3.1	6.800106484045717
154.1	4.1	6.821612806217464
154.1	5.1	6.84155920850253
154.1	6.1	6.859662369571239
154.1	7.1	6.875549603168747
154.1	8.1	6.888718371956409
154.1	9.1	6.898472648332086
154.1	10.1	6.903823225250427
154.1	11.1	6.903343588469957
154.1	12.1	6.895042131200391
154.1	13.1	6.884298909897742
154.1	14.1	6.877868416232637
154.1	15.1	6.866071858718182
154.1	16.1	6.847529153125046
154.1	17.1	6.82051591588185
154.1	18.1	6.7833482633982936
154.1	19.1	6.746097772322171
154.1	20.1	6.700354007701152
154.1	21.1	6.644952245061474
154.1	22.1	6.583252717817912
154.1	23.1	6.516411698191771
154.1	24.1	6.441344977886426
154.1	25.1	6.359668944739556
154.1	26.1	6.269465309861446
154.1	27.1	6.169853518209948
154.1	28.1	6.0592264513381275
154.1	29.1	5.93664920448322
155.1	0.1	6.76582993399244
155.1	1.1	6.790540127789218
155.1	2.1	6.8141875430929675
155.1	3.1	6.8366229313414815
155.1	4.1	6.857660332073862
155.1	5.1	6.877063931010658
155.1	6.1	6.894528642539558
155.1	7.1	6.909650691875808
155.1	8.1	6.921881999609075
155.1	9.1	6.930458444920706
155.1	10.1	6.934288939602313
155.1	11.1	6.931805117728578
155.1	12.1	6.920888897706092
155.1	13.1	6.9128329831741775
155.1	14.1	6.905054683192252
155.1	15.1	6.891599477775179
155.1	16.1	6.871001639405423
155.1	17.1	6.841495371975036
155.1	18.1	6.803968711585168
155.1	19.1	6.764768217740494
155.1	20.1	6.716721542774804
155.1	21.1	6.658931242325145
155.1	22.1	6.596680456465687
155.1	23.1	6.527957187930612
155.1	24.1	6.451184112272793
155.1	25.1	6.367823786587256
155.1	26.1	6.275524251967352
155.1	27.1	6.173731459693779
155.1	28.1	6.060744160741632
156.1	0.1	6.803342013401321
156.1	1.1	6.8277162351290945
156.1	2.1	6.850987319807785
156.1	3.1	6.872996707789256
156.1	4.1	6.893545967429188
156.1	5.1	6.912382214732827
156.1	6.1	6.92917643842227
156.1	7.1	6.943490473485269
156.1	8.1	6.954725591577178
156.1	9.1	6.962041817604643
156.1	10.1	6.964235789149232
156.1	11.1	6.959591794013527
156.1	12.1	6.945911771595626
156.1	13.1	6.941023306828255
156.1	14.1	6.93182730225834
156.1	15.1	6.916623588275328
156.1	16.1	6.893864670637635
156.1	17.1	6.861779184511968
156.1	18.1	6.824178047941036
156.1	19.1	6.782890871028061
156.1	20.1	6.7325008150151175
156.1	21.1	6.672426108783834
156.1	22.1	6.60967656097146
156.1	23.1	6.539054452875753
156.1	24.1	6.460810148345685
156.1	25.1	6.375525420360133
156.1	26.1	6.281205678400587
156.1	27.1	6.177078376610064
156.1	28.1	6.061688904419593
157.1	0.1	6.8407467502356445
157.1	1.1	6.864774191024861
157.1	2.1	6.887655769220713
157.1	3.1	6.909222850853872
157.1	4.1	6.929263438230187
157.1	5.1	6.947505970020804
157.1	6.1	6.96359509321639
157.1	7.1	6.977054549176422
157.1	8.1	6.98722924623637
157.1	9.1	6.993194849795041
157.1	10.1	6.993625415158752
157.1	11.1	6.986658989081929
157.1	12.1	6.974459672202278
157.1	13.1	6.968854199467158
157.1	14.1	6.958166090261287
157.1	15.1	6.941119546458452
157.1	16.1	6.916093893991471
157.1	17.1	6.8813639491049985
157.1	18.1	6.843891920046115
157.1	19.1	6.800453762876282
157.1	20.1	6.747695505180058
157.1	21.1	6.686780002930618
157.1	22.1	6.622236546578434
157.1	23.1	6.549706408354152
157.1	24.1	6.470017657512749
157.1	25.1	6.382767012412465
157.1	26.1	6.286410531188773
157.1	27.1	6.1798875161236095
157.1	28.1	6.062036325444538
158.1	0.1	6.878041300175318
158.1	1.1	6.901710547502707
158.1	2.1	6.924188654643863
158.1	3.1	6.945296073201229
158.1	4.1	6.964806027407081
158.1	5.1	6.982426488816496
158.1	6.1	6.997773059600234
158.1	7.1	7.010327234877805
158.1	8.1	7.019371189336382
158.1	9.1	7.023887050417231
158.1	10.1	7.022416924410387
158.1	11.1	7.0129649902561075
158.1	12.1	7.003197828429552
158.1	13.1	6.996308981466195
158.1	14.1	6.984049765698723
158.1	15.1	6.9650621869051275
158.1	16.1	6.937667550214829
158.1	17.1	6.90033046004046
158.1	18.1	6.86309532314247
158.1	19.1	6.817447296545818
158.1	20.1	6.762316173667288
158.1	21.1	6.700722488877503
158.1	22.1	6.634357130288278
158.1	23.1	6.5599186108072765
158.1	24.1	6.47879835446693
158.1	25.1	6.389542687038551
158.1	26.1	6.291118923353633
158.1	27.1	6.182153826930296
158.1	28.1	6.061760398441984
159.1	0.1	6.915222664024426
159.1	1.1	6.938521656697872
159.1	2.1	6.960581476575077
159.1	3.1	6.98121073484124
159.1	4.1	7.000166534111929
159.1	5.1	7.017134383879894
159.1	6.1	7.031697815446575
159.1	7.1	7.043291426031714
159.1	8.1	7.051127595661406
159.1	9.1	7.054085239752778
159.1	10.1	7.050567507676305
159.1	11.1	7.0384752131339035
159.1	12.1	7.0316070067809395
159.1	13.1	7.0233699387116495
159.1	14.1	7.009456008219158
159.1	15.1	6.98842626994763
159.1	16.1	6.958568113360328
159.1	17.1	6.92099470854675
159.1	18.1	6.881773930288077
159.1	19.1	6.833865052722201
159.1	20.1	6.776381594047469
159.1	21.1	6.714247347463217
159.1	22.1	6.646036483086947
159.1	23.1	6.569749231731653
159.1	24.1	6.487144329776509
159.1	25.1	6.395847763198798
159.1	26.1	6.295321798500495
159.1	27.1	6.183955121505674
160.1	0.1	6.952287676741449
160.1	1.1	6.975203655693333
160.1	2.1	6.99682945131921
160.1	3.1	7.016960812342441
160.1	4.1	7.0353372284653375
160.1	5.1	7.0516195211421095
160.1	6.1	7.065355762284213
160.1	7.1	7.075928450428666
160.1	8.1	7.082472411182065
160.1	9.1	7.0837535280786454
160.1	10.1	7.078033605296792
160.1	11.1	7.064504339291038
160.1	12.1	7.059672622193084
160.1	13.1	7.0500182997031375
160.1	14.1	7.0343615763017615
160.1	15.1	7.011187125290096
160.1	16.1	6.978784391625076
160.1	17.1	6.941186359805031
160.1	18.1	6.8999145027408675
160.1	19.1	6.849704732900208
160.1	20.1	6.789920048789865
160.1	21.1	6.7273490560915725
160.1	22.1	6.657274510846087
160.1	23.1	6.579528338750178
160.1	24.1	6.495048182835272
160.1	25.1	6.401719934647546
160.1	26.1	6.2990109476716825
160.1	27.1	6.185341517912592
161.1	0.1	6.989232995483876
161.1	1.1	7.011752449915105
161.1	2.1	7.032927487454226
161.1	3.1	7.052539864773441
161.1	4.1	7.070309801283773
161.1	5.1	7.085870944444353
161.1	6.1	7.0987321130197065
161.1	7.1	7.108217910303064
161.1	8.1	7.113377188163444
161.1	9.1	7.112853454016467
161.1	10.1	7.104772887750876
161.1	11.1	7.093434881628452
161.1	12.1	7.087379165945851
161.1	13.1	7.076234232871375
161.1	14.1	7.058742505339676
161.1	15.1	7.0333215482637526
161.1	16.1	6.998314112681883
161.1	17.1	6.960890574343538
161.1	18.1	6.917505399236856
161.1	19.1	6.8649692344563285
161.1	20.1	6.804144566758389
161.1	21.1	6.740022965089471
161.1	22.1	6.668073162557541
161.1	23.1	6.588898745168088
161.1	24.1	6.502503177801369
161.1	25.1	6.407198879546921
161.1	26.1	6.302179265078836
161.1	27.1	6.186164516203307
162.1	0.1	7.026055086563283
162.1	1.1	7.0481636949245345
162.1	2.1	7.068870159894169
162.1	3.1	7.087940995985986
162.1	4.1	7.105075308208419
162.1	5.1	7.119876791902337
162.1	6.1	7.131810768467897
162.1	7.1	7.140137516472497
162.1	8.1	7.143810953638524
162.1	9.1	7.14134438341304
162.1	10.1	7.13074739521261
162.1	11.1	7.122050122910195
162.1	12.1	7.114710166186117
162.1	13.1	7.101996873399318
162.1	14.1	7.08257441486249
162.1	15.1	7.054809011701862
162.1	16.1	7.017379901514896
162.1	17.1	6.980092852843458
162.1	18.1	6.934537197342284
162.1	19.1	6.879667833061409
162.1	20.1	6.818172382848093
162.1	21.1	6.752265498978824
162.1	22.1	6.678436762635796
162.1	23.1	6.597852455407394
162.1	24.1	6.509503425107243
162.1	25.1	6.412197741542804
162.1	26.1	6.3048210470869295
162.1	27.1	6.186400382515621
163.1	0.1	7.062750211194709
163.1	1.1	7.084432776428688
163.1	2.1	7.104651681271035
163.1	3.1	7.123156812811114
163.1	4.1	7.139624107607941
163.1	5.1	7.153624203150872
163.1	6.1	7.164574182674438
163.1	7.1	7.171662919824071
163.1	8.1	7.173740143650116
163.1	9.1	7.169184316429823
163.1	10.1	7.155928223766282
163.1	11.1	7.150336477221959
163.1	12.1	7.141648157559623
163.1	13.1	7.127284391992045
163.1	14.1	7.105832961256649
163.1	15.1	7.075633256481626
163.1	16.1	7.038019757925575
163.1	17.1	6.998779341001472
163.1	18.1	6.951003437282965
163.1	19.1	6.893817423774024
163.1	20.1	6.8317908418367725
163.1	21.1	6.764074383840896
163.1	22.1	6.688372361542025
163.1	23.1	6.606381804470497
163.1	24.1	6.51604409100477
163.1	25.1	6.416707606624966
163.1	26.1	6.306932338202527
163.1	27.1	6.186023767583942
164.1	0.1	7.099314409910348
164.1	1.1	7.120554788308336
164.1	2.1	7.140265870324645
164.1	3.1	7.158179378694146
164.1	4.1	7.17394579158662
164.1	5.1	7.1870992167989325
164.1	6.1	7.197003217753577
164.1	7.1	7.202767549371004
164.1	8.1	7.20312865345866
164.1	9.1	7.196331311146726
164.1	10.1	7.183553393785113
164.1	11.1	7.178279505294168
164.1	12.1	7.168174664994907
164.1	13.1	7.1520741220715
164.1	14.1	7.128494480603559
164.1	15.1	7.095784310866227
164.1	16.1	7.058194297071173
164.1	17.1	7.016937212450015
164.1	18.1	6.966901492909434
164.1	19.1	6.907443741486638
164.1	20.1	6.844994389275693
164.1	21.1	6.775448901172968
164.1	22.1	6.698188386490622
164.1	23.1	6.614479576344313
164.1	24.1	6.522121637296838
164.1	25.1	6.420720252086739
164.1	26.1	6.308651166791717
165.1	0.1	7.135743485492163
165.1	1.1	7.156524508438918
165.1	2.1	7.1757061169535605
165.1	3.1	7.193000162247859
165.1	4.1	7.208029109404178
165.1	5.1	7.220286657598498
165.1	6.1	7.229076990171892
165.1	7.1	7.233422472105987
165.1	8.1	7.231938079724391
165.1	9.1	7.222745801566936
165.1	10.1	7.212362984490494
165.1	11.1	7.205863873911746
165.1	12.1	7.194270208487899
165.1	13.1	7.176342766900719
165.1	14.1	7.150536874040914
165.1	15.1	7.115260953699788
165.1	16.1	7.077889171577316
165.1	17.1	7.0345551423529535
165.1	18.1	6.982233564619545
165.1	19.1	6.921493376639892
165.1	20.1	6.857778250807827
165.1	21.1	6.786390167507807
165.1	22.1	6.7077154271927855
165.1	23.1	6.622139142655081
165.1	24.1	6.5278306694900605
165.1	25.1	6.4242283616556275
165.1	26.1	6.309911780198809
166.1	0.1	7.17203298426062
166.1	1.1	7.192336372053185
166.1	2.1	7.210965343541293
166.1	3.1	7.227609980158358
166.1	4.1	7.241861882616464
166.1	5.1	7.253170013155606
166.1	6.1	7.2607727123235195
166.1	7.1	7.263596298940727
166.1	8.1	7.260128266922657
166.1	9.1	7.248394148351502
166.1	10.1	7.240857287479399
166.1	11.1	7.233073321407299
166.1	12.1	7.21991433808958
166.1	13.1	7.200066714212592
166.1	14.1	7.171940793168455
166.1	15.1	7.134427675821309
166.1	16.1	7.097090362492363
166.1	17.1	7.051623883627937
166.1	18.1	6.997007774032707
166.1	19.1	6.9356034398924775
166.1	20.1	6.870138613577991
166.1	21.1	6.7969014375183265
166.1	22.1	6.716835401033232
166.1	23.1	6.629354623864095
166.1	24.1	6.533104266888176
166.1	25.1	6.427225777224679
166.1	26.1	6.310618181000739
167.1	0.1	7.20817817553745
167.1	1.1	7.227984442364676
167.1	2.1	7.24603596213104
167.1	3.1	7.261998933839034
167.1	4.1	7.275430911295891
167.1	5.1	7.2857313005725395
167.1	6.1	7.2920655362197175
167.1	7.1	7.2932551744925975
167.1	8.1	7.2876583186857955
167.1	9.1	7.273561737563585
167.1	10.1	7.269022840219093
167.1	11.1	7.2598906329617465
167.1	12.1	7.245085711328522
167.1	13.1	7.223222492891097
167.1	14.1	7.192691181648847
167.1	15.1	7.155043905302003
167.1	16.1	7.115784465164923
167.1	17.1	7.068136955356474
167.1	18.1	7.011239319272844
167.1	19.1	6.949312150241883
167.1	20.1	6.882072831417087
167.1	21.1	6.806988426306858
167.1	22.1	6.725540877991572
167.1	23.1	6.636121075224013
167.1	24.1	6.537904535073968
167.1	25.1	6.429707790697452
167.1	26.1	6.310747227006779
168.1	0.1	7.244174029078709
168.1	1.1	7.263462378139033
168.1	2.1	7.280909826980181
168.1	3.1	7.296156339200713
168.1	4.1	7.308721870815529
168.1	5.1	7.317950924328981
168.1	6.1	7.32292841067183
168.1	7.1	7.322362908123307
168.1	8.1	7.314488294239201
168.1	9.1	7.3025549282207605
168.1	10.1	7.296845352054798
168.1	11.1	7.286297630779534
168.1	12.1	7.269762229130849
168.1	13.1	7.245787413633175
168.1	14.1	7.212779215340811
168.1	15.1	7.1752018779378
168.1	16.1	7.133959046960088
168.1	17.1	7.084091447999649
168.1	18.1	7.024951623104801
168.1	19.1	6.962613944604454
168.1	20.1	6.893579654419388
168.1	21.1	6.81679329817661
168.1	22.1	6.73382482455023
168.1	23.1	6.642434699492521
168.1	24.1	6.542223309468532
168.1	25.1	6.431671478852099
168.1	26.1	6.310274210681275
169.1	0.1	7.280015190250495
169.1	1.1	7.298763397865377
169.1	2.1	7.315578181984641
169.1	3.1	7.330070648900476
169.1	4.1	7.341719198923847
169.1	5.1	7.349807528170375
169.1	6.1	7.353331970223034
169.1	7.1	7.350881331536373
169.1	8.1	7.340581871901909
169.1	9.1	7.331245456536135
169.1	10.1	7.3243096678151085
169.1	11.1	7.3122751859624335
169.1	12.1	7.293921251027026
169.1	13.1	7.267740442187342
169.1	14.1	7.232204648818788
169.1	15.1	7.194887714541628
169.1	16.1	7.151603088237775
169.1	17.1	7.099488941578423
169.1	18.1	7.038827251394804
169.1	19.1	6.975503957933961
169.1	20.1	6.904659482633944
169.1	21.1	6.826471097689215
169.1	22.1	6.741680727282892
169.1	23.1	6.6483175945526725
169.1	24.1	6.546053171406337
169.1	25.1	6.43331677478775
170.1	0.1	7.315695952693319
170.1	1.1	7.333880240143155
170.1	2.1	7.350031602426106
170.1	3.1	7.3637293664623655
170.1	4.1	7.374405973261897
170.1	5.1	7.381277846042673
170.1	6.1	7.383244484314505
170.1	7.1	7.378771006359448
170.1	8.1	7.36591030100786
170.1	9.1	7.359620752402934
170.1	10.1	7.351399738108861
170.1	11.1	7.33780326117938
170.1	12.1	7.317539916066482
170.1	13.1	7.2890633575978425
170.1	14.1	7.251473861056967
170.1	15.1	7.21408785308574
170.1	16.1	7.16870751744586
170.1	17.1	7.1143365200472735
170.1	18.1	7.053016632242678
170.1	19.1	6.987978186967587
170.1	20.1	6.915314642345252
170.1	21.1	6.835751010568501
170.1	22.1	6.749102736361715
170.1	23.1	6.653851390096552
170.1	24.1	6.54938766083187
170.1	25.1	6.4344567743080265
171.1	0.1	7.351210228192253
171.1	1.1	7.368805119861838
171.1	2.1	7.384259930467055
171.1	3.1	7.3971189517524145
171.1	4.1	7.406763780176194
171.1	5.1	7.4123365605859535
171.1	6.1	7.412631910139856
171.1	7.1	7.40599245406887
171.1	8.1	7.392634413514146
171.1	9.1	7.3876674794216255
171.1	10.1	7.378098600075315
171.1	11.1	7.3628609961310305
171.1	12.1	7.34059560222023
171.1	13.1	7.309742245292509
171.1	14.1	7.272067193380453
171.1	15.1	7.232789317049227
171.1	16.1	7.1852658491181325
171.1	17.1	7.128647847022916
171.1	18.1	7.0668124063668465
171.1	19.1	7.000033675614743
171.1	20.1	6.925549681771051
171.1	21.1	6.84462583279001
171.1	22.1	6.756085830979965
171.1	23.1	6.658926712919341
171.1	24.1	6.552221523201194
171.1	25.1	6.43505138685207
172.1	0.1	7.386551513438861
172.1	1.1	7.403529679713234
172.1	2.1	7.418252203807191
172.1	3.1	7.430224717471601
172.1	4.1	7.438772576798142
172.1	5.1	7.442956182938488
172.1	6.1	7.4414581140688805
172.1	7.1	7.432508136799122
172.1	8.1	7.421510399182545
172.1	9.1	7.415371498119525
172.1	10.1	7.404388373664138
172.1	11.1	7.387426851441086
172.1	12.1	7.363066563614549
172.1	13.1	7.329769360377746
172.1	14.1	7.292209119443437
172.1	15.1	7.250980049970518
172.1	16.1	7.201274929302814
172.1	17.1	7.142444244910931
172.1	18.1	7.080209021354676
172.1	19.1	7.0116687227498815
172.1	20.1	6.935371680921694
172.1	21.1	6.853088710715652
172.1	22.1	6.762626008530818
172.1	23.1	6.663535509206134
172.1	24.1	6.554550993431381
172.1	25.1	6.435078033028633
173.1	0.1	7.421712853337809
173.1	1.1	7.438044936541348
173.1	2.1	7.45199657693172
173.1	3.1	7.463030716652489
173.1	4.1	7.47041055010021
173.1	5.1	7.473106975398784
173.1	6.1	7.46968535625594
173.1	7.1	7.458285467883008
173.1	8.1	7.450083711499723
173.1	9.1	7.44271783362691
173.1	10.1	7.430250280228709
173.1	11.1	7.411478831040812
173.1	12.1	7.384932790589836
173.1	13.1	7.349145362796891
173.1	14.1	7.311886205851168
173.1	15.1	7.268649326563469
173.1	16.1	7.216735785654861
173.1	17.1	7.156146955960219
173.1	18.1	7.093201550178099
173.1	19.1	7.02288311245719
173.1	20.1	6.9451688937342135
173.1	21.1	6.8611332515100685
173.1	22.1	6.768720499062086
173.1	23.1	6.667670339605285
173.1	24.1	6.5564134924561985
173.1	25.1	6.434512615467425
174.1	0.1	7.456686800476648
174.1	1.1	7.4723412220067456
174.1	2.1	7.485480234444485
174.1	3.1	7.495519621681908
174.1	4.1	7.501653979298127
174.1	5.1	7.502756949923036
174.1	6.1	7.497275172392781
174.1	7.1	7.483301143761443
174.1	8.1	7.4783418876362
174.1	9.1	7.469690650611699
174.1	10.1	7.455664692408103
174.1	11.1	7.434994808325219
174.1	12.1	7.4061771402748136
174.1	13.1	7.368518530519777
174.1	14.1	7.3310853255552155
174.1	15.1	7.2857882502660365
174.1	16.1	7.231654568273416
174.1	17.1	7.170412869266122
174.1	18.1	7.105785839212162
174.1	19.1	7.033678365772663
174.1	20.1	6.954602806603913
174.1	21.1	6.868753651200097
174.1	22.1	6.774450762056031
174.1	23.1	6.671324559585692
174.1	24.1	6.557953939870121
175.1	0.1	7.49146537034293
175.1	1.1	7.506408117027253
175.1	2.1	7.518689296113308
175.1	3.1	7.527672596230177
175.1	4.1	7.5324771119767355
175.1	5.1	7.5318719918841275
175.1	6.1	7.524189834650723
175.1	7.1	7.511660654807129
175.1	8.1	7.506271719857885
175.1	9.1	7.496273239261539
175.1	10.1	7.480611227046133
175.1	11.1	7.457952987140873
175.1	12.1	7.426786781745798
175.1	13.1	7.389089662212604
175.1	14.1	7.349793909994254
175.1	15.1	7.302390345306172
175.1	16.1	7.2460435517444095
175.1	17.1	7.184292672341862
175.1	18.1	7.117958675946315
175.1	19.1	7.044058011628915
175.1	20.1	6.963640610828135
175.1	21.1	6.875944842171792
175.1	22.1	6.7797869205751455
175.1	23.1	6.674492528967087
175.1	24.1	6.558978164056518
176.1	0.1	7.526039991840324
176.1	1.1	7.540234379463726
176.1	2.1	7.551608713499098
176.1	3.1	7.559469162804477
176.1	4.1	7.562852070280403
176.1	5.1	7.560416181596956
176.1	6.1	7.550394624278315
176.1	7.1	7.540421203045262
176.1	8.1	7.533859222198299
176.1	9.1	7.5224480173864
176.1	10.1	7.5050688963358265
176.1	11.1	7.480332534471692
176.1	12.1	7.4467549849088455
176.1	13.1	7.409216037557739
176.1	14.1	7.368000262328046
176.1	15.1	7.318452247681727
176.1	16.1	7.259922148739331
176.1	17.1	7.197780839449226
176.1	18.1	7.129717977235301
176.1	19.1	7.054027872992698
176.1	20.1	6.9722756296081245
176.1	21.1	6.8827026617932905
176.1	22.1	6.784670789642257
176.1	23.1	6.677169853291875
176.1	24.1	6.559465487750987
177.1	0.1	7.560401452628086
177.1	1.1	7.5738078645622995
177.1	2.1	7.584222158451504
177.1	3.1	7.59088707068821
177.1	4.1	7.592748812261036
177.1	5.1	7.588352417308236
177.1	6.1	7.575861183118241
177.1	7.1	7.568879104520182
177.1	8.1	7.561089602079629
177.1	9.1	7.548196555370305
177.1	10.1	7.529016336528888
177.1	11.1	7.502114426417349
177.1	12.1	7.466083249449677
177.1	13.1	7.428884647955333
177.1	14.1	7.385693941172281
177.1	15.1	7.333974493148937
177.1	16.1	7.273453205545411
177.1	17.1	7.210872405797967
177.1	18.1	7.141062998370152
177.1	19.1	7.063811722444711
177.1	20.1	6.980501594802799
177.1	21.1	6.889024043615235
177.1	22.1	6.789094970627438
177.1	23.1	6.679353659271951
177.1	24.1	6.5593938677508
178.1	0.1	7.594539838790856
178.1	1.1	7.607115437763325
178.1	2.1	7.616511904414659
178.1	3.1	7.6219021721075535
178.1	4.1	7.622135186115808
178.1	5.1	7.6156434830898485
178.1	6.1	7.6017039859861795
178.1	7.1	7.597022006135645
178.1	8.1	7.587947239719588
178.1	9.1	7.573499632810036
178.1	10.1	7.552432138362071
178.1	11.1	7.523282550752569
178.1	12.1	7.485561753071142
178.1	13.1	7.448082780772695
178.1	14.1	7.402866223821048
178.1	15.1	7.348962390673706
178.1	16.1	7.28779300213976
178.1	17.1	7.223563101544222
178.1	18.1	7.15199456244387
178.1	19.1	7.073394047187211
178.1	20.1	6.98831276145959
178.1	21.1	6.894912936052977
178.1	22.1	6.793052724826699
178.1	23.1	6.6811429715718536
178.1	24.1	6.558739787800078
179.1	0.1	7.628444468345488
179.1	1.1	7.640142879672245
179.1	2.1	7.648458702518097
179.1	3.1	7.652488319045565
179.1	4.1	7.650977132917394
179.1	5.1	7.642253750706777
179.1	6.1	7.630641839832913
179.1	7.1	7.624836831144376
179.1	8.1	7.614415679129876
179.1	9.1	7.598337338324521
179.1	10.1	7.575295308591411
179.1	11.1	7.543825104873782
179.1	12.1	7.506111349400163
179.1	13.1	7.466798256483542
179.1	14.1	7.419510656396459
179.1	15.1	7.363426956266342
179.1	16.1	7.301753943788312
179.1	17.1	7.235849503703712
179.1	18.1	7.162515308396668
179.1	19.1	7.082588851318914
179.1	20.1	6.995704039619903
179.1	21.1	6.900496741522882
179.1	22.1	6.7965381518475745
179.1	23.1	6.682564483648757
180.1	0.1	7.662103818119519
180.1	1.1	7.672874783302994
180.1	2.1	7.680041656005627
180.1	3.1	7.682617299847288
180.1	4.1	7.679239117960737
180.1	5.1	7.6681517464169175
180.1	6.1	7.659288679253703
180.1	7.1	7.652309749177339
180.1	8.1	7.640477635764153
180.1	9.1	7.622689227269278
180.1	10.1	7.597585897132982
180.1	11.1	7.563736312724932
180.1	12.1	7.526222647263991
180.1	13.1	7.485019722255018
180.1	14.1	7.43562369516804
180.1	15.1	7.377385864606656
180.1	16.1	7.3153305446398
180.1	17.1	7.247729206870879
180.1	18.1	7.1726299547152745
180.1	19.1	7.09138963149944
180.1	20.1	7.002671144941895
180.1	21.1	6.905641796640145
180.1	22.1	6.799546395341387
180.1	23.1	6.683477467829145
181.1	0.1	7.695505443607846
181.1	1.1	7.705294444214604
181.1	2.1	7.7112380989301705
181.1	3.1	7.712258844489218
181.1	4.1	7.706884903001695
181.1	5.1	7.69331382881873
181.1	6.1	7.687632935319371
181.1	7.1	7.679426151683489
181.1	8.1	7.666115027476145
181.1	9.1	7.64653455596861
181.1	10.1	7.619285828202515
181.1	11.1	7.5830184525206015
181.1	12.1	7.54588304315107
181.1	13.1	7.502737010539457
181.1	14.1	7.451205437825034
181.1	15.1	7.390864355171308
181.1	16.1	7.328517822547789
181.1	17.1	7.259201013185923
181.1	18.1	7.1824022842939215
181.1	19.1	7.099790247095623
181.1	20.1	7.009210769510444
181.1	21.1	6.910340789254768
181.1	22.1	6.802073878263742
181.1	23.1	6.683861718207384
182.1	0.1	7.728635891553919
182.1	1.1	7.73738374496011
182.1	2.1	7.7420234885727215
182.1	3.1	7.741380741217137
182.1	4.1	7.733878810776785
182.1	5.1	7.720753459005248
182.1	6.1	7.715662366939754
182.1	7.1	7.7061706356439235
182.1	8.1	7.691309037474706
182.1	9.1	7.669852615510498
182.1	10.1	7.640379974659049
182.1	11.1	7.602603593466415
182.1	12.1	7.565080219555074
182.1	13.1	7.51994157086514
182.1	14.1	7.46626043513238
182.1	15.1	7.405157828157707
182.1	16.1	7.3413114205549075
182.1	17.1	7.270265141343985
182.1	18.1	7.192127753368663
182.1	19.1	7.107785022832927
182.1	20.1	7.015320773893062
182.1	21.1	6.914586955678383
182.1	22.1	6.804118569345973
182.1	23.1	6.68369570318912
183.1	0.1	7.761480605243778
183.1	1.1	7.769123036488879
183.1	2.1	7.772371326225812
183.1	3.1	7.769949126438885
183.1	4.1	7.760187674512984
183.1	5.1	7.749579291666756
183.1	6.1	7.743364030473216
183.1	7.1	7.732526999373742
183.1	8.1	7.716040220482697
183.1	9.1	7.692623192880093
183.1	10.1	7.660857509564495
183.1	11.1	7.623132290279282
183.1	12.1	7.5838023682118365
183.1	13.1	7.536626981675809
183.1	14.1	7.480798561653345
183.1	15.1	7.419197154519169
183.1	16.1	7.353707744675102
183.1	17.1	7.280923453555107
183.1	18.1	7.201473923013684
183.1	19.1	7.11536886682934
183.1	20.1	7.021066695162794
183.1	21.1	6.918374233046858
183.1	22.1	6.805842958446674
183.1	23.1	6.682956460831643
184.1	0.1	7.794023822895797
184.1	1.1	7.800491020982848
184.1	2.1	7.802253128490929
184.1	3.1	7.797929035426736
184.1	4.1	7.785783695495621
184.1	5.1	7.778114113374726
184.1	6.1	7.770724253016562
184.1	7.1	7.758478255443547
184.1	8.1	7.740288666372726
184.1	9.1	7.7148271916718345
184.1	10.1	7.680713553621121
184.1	11.1	7.643228962634096
184.1	12.1	7.60203846555618
184.1	13.1	7.552789546290763
184.1	14.1	7.494835908947182
184.1	15.1	7.432859213407139
184.1	16.1	7.365704118879459
184.1	17.1	7.291179698205148
184.1	18.1	7.210434459697988
184.1	19.1	7.1225374054173445
184.1	20.1	7.026460023620629
184.1	21.1	6.92169743517316
184.1	22.1	6.807150072953656
185.1	0.1	7.8262484701487445
185.1	1.1	7.83146464333915
185.1	2.1	7.831638481951156
185.1	3.1	7.825285333852699
185.1	4.1	7.8107632068214246
185.1	5.1	7.806346451161384
185.1	6.1	7.797728611537072
185.1	7.1	7.784006667301375
185.1	8.1	7.764034239168714
185.1	9.1	7.736447447760877
185.1	10.1	7.6999511064713015
185.1	11.1	7.662881393594567
185.1	12.1	7.619778608193056
185.1	13.1	7.56842897231723
185.1	14.1	7.508395646430515
185.1	15.1	7.446139022480434
185.1	16.1	7.377298957835386
185.1	17.1	7.301039764512454
185.1	18.1	7.219003352032645
185.1	19.1	7.129287136035297
185.1	20.1	7.031420284950733
185.1	21.1	6.924552453943358
185.1	22.1	6.80795607390471
186.1	0.1	7.858136048600633
186.1	1.1	7.862019002520569
186.1	2.1	7.860495229050688
186.1	3.1	7.851984187447192
186.1	4.1	7.839758847756257
186.1	5.1	7.834264178039189
186.1	6.1	7.824361920730203
186.1	7.1	7.809093818118979
186.1	8.1	7.787256913374082
186.1	9.1	7.757469775357483
186.1	10.1	7.719644112656248
186.1	11.1	7.682077642668491
186.1	12.1	7.637014415864586
186.1	13.1	7.583549126594134
186.1	14.1	7.522508094698158
186.1	15.1	7.459032162468207
186.1	16.1	7.388491957428608
186.1	17.1	7.310806732983578
186.1	18.1	7.227175002964474
186.1	19.1	7.1356155992345665
186.1	20.1	7.035940743224259
186.1	21.1	6.926936487991982
186.1	22.1	6.8082412060009085
187.1	0.1	7.889666523780523
187.1	1.1	7.892127299807208
187.1	2.1	7.888789853338513
187.1	3.1	7.877995261997696
187.1	4.1	7.86847428100081
187.1	5.1	7.861854485396561
187.1	6.1	7.850608233414866
187.1	7.1	7.8337207227825765
187.1	8.1	7.8099372338434065
187.1	9.1	7.777884273095063
187.1	10.1	7.740152518088611
187.1	11.1	7.70080625614636
187.1	12.1	7.6537395082233255
187.1	13.1	7.598158847529012
187.1	14.1	7.536623180905358
187.1	15.1	7.4715349023000455
187.1	16.1	7.3992843023780495
187.1	17.1	7.320298951989926
187.1	18.1	7.234944335693416
187.1	19.1	7.141521570470066
187.1	20.1	7.040015249137012
187.1	21.1	6.928848299845256
187.1	22.1	6.807984426503454
188.1	0.1	7.920818218057827
188.1	1.1	7.921760849292548
188.1	2.1	7.9164881586550555
188.1	3.1	7.9032948616273115
188.1	4.1	7.8968987399408554
188.1	5.1	7.889103859451417
188.1	6.1	7.876450858462393
188.1	7.1	7.857867996834946
188.1	8.1	7.832056929287105
188.1	9.1	7.797686904442215
188.1	10.1	7.76023499689682
188.1	11.1	7.719056525806278
188.1	12.1	7.66995005930315
188.1	13.1	7.612272783349298
188.1	14.1	7.550367857573162
188.1	15.1	7.483644339965328
188.1	16.1	7.40967888930284
188.1	17.1	7.329413582756792
188.1	18.1	7.242306914591693
188.1	19.1	7.147135935107276
188.1	20.1	7.043638390761193
188.1	21.1	6.930515252592293
189.1	0.1	7.951567717106373
189.1	1.1	7.950889187642355
189.1	2.1	7.94355636884051
189.1	3.1	7.9298345632703136
189.1	4.1	7.925020849611181
189.1	5.1	7.91599806394935
189.1	6.1	7.901872402749531
189.1	7.1	7.881516099540176
189.1	8.1	7.853599711962047
189.1	9.1	7.816881337200254
189.1	10.1	7.779879701311859
189.1	11.1	7.736818803095265
189.1	12.1	7.68564542945406
189.1	13.1	7.625912208741947
189.1	14.1	7.563737156563839
189.1	15.1	7.495358559719364
189.1	16.1	7.419680562393198
189.1	17.1	7.338144743978475
189.1	18.1	7.249259082315133
189.1	19.1	7.152344840448058
189.1	20.1	7.046805666378284
189.1	21.1	6.931712235686024
190.1	0.1	7.981889803053228
190.1	1.1	7.979480336153691
190.1	2.1	7.96996280855556
190.1	3.1	7.958721407503555
190.1	4.1	7.952828599053706
190.1	5.1	7.942522132002543
190.1	6.1	7.926854845486251
190.1	7.1	7.904645671973082
190.1	8.1	7.874552295474391
190.1	9.1	7.83668336806182
190.1	10.1	7.79907505083223
190.1	11.1	7.754084875626296
190.1	12.1	7.7008288681963135
190.1	13.1	7.639844502874792
190.1	14.1	7.576726617409353
190.1	15.1	7.506676805836036
190.1	16.1	7.4294336012998015
190.1	17.1	7.3464869235842745
190.1	18.1	7.255798114120876
190.1	19.1	7.157126400968256
190.1	20.1	7.0495136810866885
190.1	21.1	6.9324152539350115
191.1	0.1	8.011757433903004
191.1	1.1	8.007501289383686
191.1	2.1	7.99568035208416
191.1	3.1	7.987328028877732
191.1	4.1	7.980309316424832
191.1	5.1	7.968660370871919
191.1	6.1	7.9513796555437075
191.1	7.1	7.927237994848602
191.1	8.1	7.894905656384644
191.1	9.1	7.85717206412258
191.1	10.1	7.817809930582441
191.1	11.1	7.770848411808358
191.1	12.1	7.715508272545951
191.1	13.1	7.65403284592533
191.1	14.1	7.589332401101176
191.1	15.1	7.517599672522484
191.1	16.1	7.439066845701041
191.1	17.1	7.354435073970181
191.1	18.1	7.261922390113731
191.1	19.1	7.1614744398931895
191.1	20.1	7.051760368515775
191.1	21.1	6.932604983374253
192.1	0.1	8.041141797938847
192.1	1.1	8.03491883129433
192.1	2.1	8.020689824988848
192.1	3.1	8.01564374510287
192.1	4.1	8.007449648515225
192.1	5.1	7.994396384643608
192.1	6.1	7.975427965120712
192.1	7.1	7.949275594136857
192.1	8.1	7.914656550038082
192.1	9.1	7.877240762499995
192.1	10.1	7.836073934520527
192.1	11.1	7.787105477315575
192.1	12.1	7.729696973695305
192.1	13.1	7.6678574286266965
192.1	14.1	7.601551418257752
192.1	15.1	7.528129308831424
192.1	16.1	7.4483302222705206
192.1	17.1	7.361984720657478
192.1	18.1	7.267679075691702
192.1	19.1	7.16538340154634
192.1	20.1	7.053601356779648
192.1	21.1	6.932260849014982
193.1	0.1	8.070012484395255
193.1	1.1	8.061700810457074
193.1	2.1	8.048862773132633
193.1	3.1	8.0436572811092
193.1	4.1	8.03423554688852
193.1	5.1	8.019713121190335
193.1	6.1	7.9989808162108185
193.1	7.1	7.970743024365708
193.1	8.1	7.933809262697033
193.1	9.1	7.896877968208509
193.1	10.1	7.853857659989222
193.1	11.1	7.802855123503953
193.1	12.1	7.743414510790415
193.1	13.1	7.68131330908737
193.1	14.1	7.613381472324817
193.1	15.1	7.538269636406146
193.1	16.1	7.457217979880077
193.1	17.1	7.369132085478628
193.1	18.1	7.273124846105954
193.1	19.1	7.168848500055433
193.1	20.1	7.0551615074124
194.1	0.1	8.098337828627313
194.1	1.1	8.087818035041368
194.1	2.1	8.07764234520724
194.1	3.1	8.071356743731725
194.1	4.1	8.060652263540963
194.1	5.1	8.044592951586504
194.1	6.1	8.022019499740898
194.1	7.1	7.991627858306952
194.1	8.1	7.953721413826512
194.1	9.1	7.916072444722226
194.1	10.1	7.871153059870951
194.1	11.1	7.818100042381303
194.1	12.1	7.757167710896907
194.1	13.1	7.694396003602891
194.1	14.1	7.624821418128809
194.1	15.1	7.548026576657042
194.1	16.1	7.465724696700358
194.1	17.1	7.375874225259701
194.1	18.1	7.27815518226829
194.1	19.1	7.171865888746731
194.1	20.1	7.056252374814062
195.1	0.1	8.126085511829775
195.1	1.1	8.113246963588699
195.1	2.1	8.106141709242314
195.1	3.1	8.098729599453952
195.1	4.1	8.086684359867506
195.1	5.1	8.069017792301434
195.1	6.1	8.044526010653241
195.1	7.1	8.011921905144721
195.1	8.1	7.974190957871464
195.1	9.1	7.934813401194143
195.1	10.1	7.8879538577128425
195.1	11.1	7.832847274962907
195.1	12.1	7.771426922916342
195.1	13.1	7.707101590269859
195.1	14.1	7.635871335629391
195.1	15.1	7.557780313902236
195.1	16.1	7.473845365987265
195.1	17.1	7.38220918674435
195.1	18.1	7.282763925465991
195.1	19.1	7.174432851591231
195.1	20.1	7.056856174823932
196.1	0.1	8.153223521682392
196.1	1.1	8.138905041395573
196.1	2.1	8.134350269107024
196.1	3.1	8.125762656896512
196.1	4.1	8.11231573383233
196.1	5.1	8.092969283040274
196.1	6.1	8.066483645037776
196.1	7.1	8.031622664137686
196.1	8.1	7.994246271167303
196.1	9.1	7.953090721309697
196.1	10.1	7.904256029341571
196.1	11.1	7.8471089496244835
196.1	12.1	7.785328821769505
196.1	13.1	7.719426825741552
196.1	14.1	7.646532718077522
196.1	15.1	7.56718737699591
196.1	16.1	7.481575493904701
196.1	17.1	7.388136178161248
196.1	18.1	7.286945440747954
196.1	19.1	7.176548017669067
196.1	20.1	7.056953996878082
197.1	0.1	8.179721608417537
197.1	1.1	8.167849028831355
197.1	2.1	8.162256851376952
197.1	3.1	8.15244205627157
197.1	4.1	8.13752967162613
197.1	5.1	8.11642903599613
197.1	6.1	8.087877766734115
197.1	7.1	8.050734993638763
197.1	8.1	8.013876196078435
197.1	9.1	7.9708952397149115
197.1	10.1	7.920058351343779
197.1	11.1	7.860903014592942
197.1	12.1	7.7988685018443435
197.1	13.1	7.7313692757961645
197.1	14.1	7.656808672957163
197.1	15.1	7.576226366847115
197.1	16.1	7.488911210396888
197.1	17.1	7.393769801489151
197.1	18.1	7.290694745213591
197.1	19.1	7.178331718918754
197.1	20.1	7.056525714120103
198.1	0.1	8.205553393444092
198.1	1.1	8.196522821978624
198.1	2.1	8.189849682286905
198.1	3.1	8.178753268704757
198.1	4.1	8.162308931789743
198.1	5.1	8.139378975382472
198.1	6.1	8.108696769120446
198.1	7.1	8.070758301046373
198.1	8.1	8.033069824974291
198.1	9.1	7.988219071756151
198.1	10.1	7.935363011979533
198.1	11.1	7.874478337161314
198.1	12.1	7.812041471454935
198.1	13.1	7.742927460120356
198.1	14.1	7.666704133054526
198.1	15.1	7.584891955860976
198.1	16.1	7.495849394027089
198.1	17.1	7.399037385674168
198.1	18.1	7.2940076542931696
198.1	19.1	7.179783244537835
199.1	0.1	8.230699289577203
199.1	1.1	8.224916451325928
199.1	2.1	8.217116368035324
199.1	3.1	8.204681109186334
199.1	4.1	8.18663587182306
199.1	5.1	8.161801789133415
199.1	6.1	8.128933250936239
199.1	7.1	8.091209227149497
199.1	8.1	8.05181667708038
199.1	9.1	8.005056001485025
199.1	10.1	7.950176273297463
199.1	11.1	7.888806139046455
199.1	12.1	7.82484374731377
199.1	13.1	7.754101011325974
199.1	14.1	7.676441886950548
199.1	15.1	7.593179187738733
199.1	16.1	7.502387811527915
199.1	17.1	7.403894813002081
199.1	18.1	7.296880947348558
199.1	19.1	7.18077178075374
200.1	0.1	8.257954803637851
200.1	1.1	8.25301940861107
200.1	2.1	8.244043880144556
200.1	3.1	8.23020976798894
200.1	4.1	8.210492629681493
200.1	5.1	8.183681517041402
200.1	6.1	8.148585410149616
200.1	7.1	8.111251533950172
200.1	8.1	8.070106914021464
200.1	9.1	8.021401931263796
200.1	10.1	7.964509164253938
200.1	11.1	7.902782879692567
200.1	12.1	7.837271961017642
200.1	13.1	7.764890847693662
200.1	14.1	7.685987843889803
200.1	15.1	7.60108356570364
200.1	16.1	7.508525272540383
200.1	17.1	7.408336419810564
200.1	18.1	7.299312553656834
200.1	19.1	7.181279909217174
201.1	0.1	8.286794478154343
201.1	1.1	8.280820623667147
201.1	2.1	8.270618548107135
201.1	3.1	8.255322866718751
201.1	4.1	8.233861375237586
201.1	5.1	8.20500430043157
201.1	6.1	8.167658633934455
201.1	7.1	8.130874386611959
201.1	8.1	8.087931599497278
201.1	9.1	8.037255393553409
201.1	10.1	7.978378173631718
201.1	11.1	7.916403698084898
201.1	12.1	7.849323478217913
201.1	13.1	7.775299358451573
201.1	14.1	7.695172986151231
201.1	15.1	7.608601152463727
201.1	16.1	7.514288405552657
201.1	17.1	7.412357095468342
201.1	18.1	7.3013017594153276
201.1	19.1	7.181289116048145
202.1	0.1	8.315363955376265
202.1	1.1	8.308308443584696
202.1	2.1	8.296826062214006
202.1	3.1	8.280003546784233
202.1	4.1	8.256724649605617
202.1	5.1	8.22575931634546
202.1	6.1	8.187794077981405
202.1	7.1	8.150067192187045
202.1	8.1	8.105283008354506
202.1	9.1	8.052618121256376
202.1	10.1	7.991805899135318
202.1	11.1	7.929664107488526
202.1	12.1	7.860996530931347
202.1	13.1	7.785330599533488
202.1	14.1	7.703992083301965
202.1	15.1	7.615728682771962
202.1	16.1	7.519782449202635
202.1	17.1	7.415952408997112
202.1	18.1	7.303035184184828
202.1	19.1	7.180779704251362
203.1	0.1	8.343653341877184
203.1	1.1	8.335470615500968
203.1	2.1	8.32265149029605
203.1	3.1	8.304234599993022
203.1	4.1	8.27906581289113
203.1	5.1	8.245939912142024
203.1	6.1	8.20822689821224
203.1	7.1	8.168819766806982
203.1	8.1	8.122154989630882
203.1	9.1	8.067495667029496
203.1	10.1	8.00617117852611
203.1	11.1	7.942560081698005
203.1	12.1	7.872290363135711
203.1	13.1	7.795053931885225
203.1	14.1	7.712440237309711
203.1	15.1	7.622463689313688
203.1	16.1	7.524877293174172
203.1	17.1	7.419118752597199
203.1	18.1	7.304381866551054
204.1	0.1	8.37165221885196
204.1	1.1	8.362294274734953
204.1	2.1	8.348079313149134
204.1	3.1	8.327998653215229
204.1	4.1	8.300869622897261
204.1	5.1	8.265544941896046
204.1	6.1	8.22825656127527
204.1	7.1	8.187122538869362
204.1	8.1	8.13854338672627
204.1	9.1	8.08189805410368
204.1	10.1	8.020220396094839
204.1	11.1	7.955088152272684
204.1	12.1	7.883205389364775
204.1	13.1	7.80473423654832
204.1	14.1	7.720512962251891
204.1	15.1	7.628804642442247
204.1	16.1	7.529567284590052
204.1	17.1	7.421853503158458
204.1	18.1	7.305271642341226
205.1	0.1	8.399349620870643
205.1	1.1	8.388765940503081
205.1	2.1	8.373093484687555
205.1	3.1	8.351278421518769
205.1	4.1	8.322122967720452
205.1	5.1	8.284580281222437
205.1	6.1	8.247872541403183
205.1	7.1	8.204966793209353
205.1	8.1	8.154446515439714
205.1	9.1	8.095840431425055
205.1	10.1	8.033919806239021
205.1	11.1	7.967245517416724
205.1	12.1	7.893743365450524
205.1	13.1	7.814060714213003
205.1	14.1	7.728206274594354
205.1	15.1	7.634751103976689
205.1	16.1	7.5338472401215775
205.1	17.1	7.424155202545306
205.1	18.1	7.3056874447832625
206.1	0.1	8.426734017190663
206.1	1.1	8.414871522100215
206.1	2.1	8.397677524409776
206.1	3.1	8.374057046735182
206.1	4.1	8.34281577268355
206.1	5.1	8.304828790249534
206.1	6.1	8.267064546924598
206.1	7.1	8.222344961091089
206.1	8.1	8.169865696918496
206.1	9.1	8.109343694850354
206.1	10.1	8.047264938111946
206.1	11.1	7.979030162991707
206.1	12.1	7.903907569839225
206.1	13.1	7.823028233639885
206.1	14.1	7.735516794842706
206.1	15.1	7.6403990345982535
206.1	16.1	7.537712555862622
206.1	17.1	7.426032587076214
206.1	18.1	7.305611141068859
207.1	0.1	8.453793296955082
207.1	1.1	8.440596339241376
207.1	2.1	8.421814651577023
207.1	3.1	8.396318540750563
207.1	4.1	8.362942094862191
207.1	5.1	8.325243995864216
207.1	6.1	8.285822678445138
207.1	7.1	8.239250960248988
207.1	8.1	8.18480583733583
207.1	9.1	8.123522685577749
207.1	10.1	8.060251738429624
207.1	11.1	7.990440995896995
207.1	12.1	7.913702993021726
207.1	13.1	7.831631961385956
207.1	14.1	7.742441861270364
207.1	15.1	7.64572072727264
207.1	16.1	7.5411593319850025
207.1	17.1	7.42771325614207
207.1	18.1	7.305023447013449
208.1	0.1	8.480514760006107
208.1	1.1	8.465925161261149
208.1	2.1	8.445487972583683
208.1	3.1	8.418048354412125
208.1	4.1	8.382501404286387
208.1	5.1	8.345261362988031
208.1	6.1	8.30413762055063
208.1	7.1	8.255680587958707
208.1	8.1	8.199276039182294
208.1	9.1	8.137642118957896
208.1	10.1	8.072876660365168
208.1	11.1	8.00147798970104
208.1	12.1	7.9234290014428606
208.1	13.1	7.839867433940587
208.1	14.1	7.7489796562651145
208.1	15.1	7.650648103322644
208.1	16.1	7.544184513228193
208.1	17.1	7.428958668300547
209.1	0.1	8.506885115549155
209.1	1.1	8.490842271088319
209.1	2.1	8.46868073526867
209.1	3.1	8.439234092962367
209.1	4.1	8.401500027325394
209.1	5.1	8.364870661956736
209.1	6.1	8.322000871612849
209.1	7.1	8.271631967993589
209.1	8.1	8.213290220458825
209.1	9.1	8.151417683413586
209.1	10.1	8.085136763132386
209.1	11.1	8.012142341938333
209.1	12.1	7.932892241041029
209.1	13.1	7.847730639392186
209.1	14.1	7.755129345593196
209.1	15.1	7.655175950320775
209.1	16.1	7.546786046077744
209.1	17.1	7.4297530565748815
210.1	0.1	8.53289049153599
210.1	1.1	8.515331561375545
210.1	2.1	8.491376666219168
210.1	3.1	8.459866396129266
210.1	4.1	8.421862481004872
210.1	5.1	8.384061889718993
210.1	6.1	8.339405016144127
210.1	7.1	8.287106049076797
210.1	8.1	8.226867708171618
210.1	9.1	8.16484493320813
210.1	10.1	8.09702982276182
210.1	11.1	8.022436641885117
210.1	12.1	7.942003354649436
210.1	13.1	7.855218109371336
210.1	14.1	7.76089510259431
210.1	15.1	7.659299550404864
210.1	16.1	7.548963053174563
210.1	17.1	7.430079692440801
211.1	0.1	8.558516458421046
211.1	1.1	8.539376671874267
211.1	2.1	8.513560409151857
211.1	3.1	8.479939993739364
211.1	4.1	8.442260543557756
211.1	5.1	8.402825419606556
211.1	6.1	8.356344043613905
211.1	7.1	8.302107147840776
211.1	8.1	8.24086126718115
211.1	9.1	8.17791980154979
211.1	10.1	8.108554454367896
211.1	11.1	8.032365046880901
211.1	12.1	7.9507575784644295
211.1	13.1	7.862327021942316
211.1	14.1	7.766433725600393
211.1	15.1	7.6630147887825135
211.1	16.1	7.550789939200791
211.1	17.1	7.429920809555409
212.1	0.1	8.583748071909381
212.1	1.1	8.562961179080494
212.1	2.1	8.535218083713703
212.1	3.1	8.499454933936224
212.1	4.1	8.462265948392604
212.1	5.1	8.421152182354016
212.1	6.1	8.372813716538435
212.1	7.1	8.316643523197556
212.1	8.1	8.255048753590533
212.1	9.1	8.19063868195759
212.1	10.1	8.119710245917735
212.1	11.1	8.042074432278575
212.1	12.1	7.959150481034549
212.1	13.1	7.8690553159890735
212.1	14.1	7.771588146686516
212.1	15.1	7.6663182761590365
212.1	16.1	7.552367325539384
212.1	17.1	7.429257520603547
213.1	0.1	8.608569940481958
213.1	1.1	8.586068851260698
213.1	2.1	8.556337983732309
213.1	3.1	8.518417958667124
213.1	4.1	8.481868749693971
213.1	5.1	8.439033882578464
213.1	6.1	8.388811988783736
213.1	7.1	8.330727961413865
213.1	8.1	8.268898138670167
213.1	9.1	8.202998519439971
213.1	10.1	8.130497903124972
213.1	11.1	8.051670086504613
213.1	12.1	7.967178037254564
213.1	13.1	7.87540181745014
213.1	14.1	7.776353158743101
213.1	15.1	7.66920748595398
213.1	16.1	7.553514846978721
214.1	0.1	8.632966324870985
214.1	1.1	8.608683984035068
214.1	2.1	8.576911430915652
214.1	3.1	8.538895191101757
214.1	4.1	8.501059221072458
214.1	5.1	8.456463254812446
214.1	6.1	8.40433947216452
214.1	7.1	8.344378342361773
214.1	8.1	8.282405009539364
214.1	9.1	8.214996911992646
214.1	10.1	8.140919404590436
214.1	11.1	8.060920205566507
214.1	12.1	7.974836711654749
214.1	13.1	7.8813663774845395
214.1	14.1	7.780723977211812
214.1	15.1	7.671680906953447
214.1	16.1	7.5542170372803605
215.1	0.1	8.65692127826608
215.1	1.1	8.630791833450465
215.1	2.1	8.59693379271992
215.1	3.1	8.55927656348387
215.1	4.1	8.51982799747567
215.1	5.1	8.473434362712792
215.1	6.1	8.419399945370738
215.1	7.1	8.358187495611377
215.1	8.1	8.295565297508416
215.1	9.1	8.226632222756885
215.1	10.1	8.150978165684094
215.1	11.1	8.069820099269041
215.1	12.1	7.982123551621094
215.1	13.1	7.887024217937257
215.1	14.1	7.784696334745121
215.1	15.1	7.6737382117189705
215.1	16.1	7.554457493665452
216.1	0.1	8.680418837830656
216.1	1.1	8.652379164426387
216.1	2.1	8.61640565973652
216.1	3.1	8.579270326288533
216.1	4.1	8.538166246258552
216.1	5.1	8.489942944094896
216.1	6.1	8.43400089386299
216.1	7.1	8.372440965457566
216.1	8.1	8.30837535264183
216.1	9.1	8.237903702943605
216.1	10.1	8.160679208902325
216.1	11.1	8.078365376233954
216.1	12.1	7.9890362910852595
216.1	13.1	7.892395960417856
216.1	14.1	7.788266588102936
216.1	15.1	7.675521207543066
216.1	16.1	7.55421880256765
217.1	0.1	8.703443280015238
217.1	1.1	8.67343493185291
217.1	2.1	8.635334156654665
217.1	3.1	8.59886680595864
217.1	4.1	8.556065871287803
217.1	5.1	8.505986802790924
217.1	6.1	8.44815406263553
217.1	7.1	8.386361936092174
217.1	8.1	8.320832027331619
217.1	9.1	8.248811625308669
217.1	10.1	8.170396614754887
217.1	11.1	8.08655201104638
217.1	12.1	7.995573465072079
217.1	13.1	7.897388032807986
217.1	14.1	7.791431838128247
217.1	15.1	7.676998680616346
218.1	0.1	8.725979454003943
218.1	1.1	8.693951108389676
218.1	2.1	8.655926959245848
218.1	3.1	8.61805654145946
218.1	4.1	8.57351975385283
218.1	5.1	8.521566245809984
218.1	6.1	8.461875995870045
218.1	7.1	8.399946033966053
218.1	8.1	8.332932769381582
218.1	9.1	8.259357427547094
218.1	10.1	8.179781373280626
218.1	11.1	8.094376419817547
218.1	12.1	8.001734535274789
218.1	13.1	7.901995621642759
218.1	14.1	7.794190063493788
218.1	15.1	7.678051511113501
219.1	0.1	8.748013209129297
219.1	1.1	8.71392366575685
219.1	2.1	8.67629207665589
219.1	3.1	8.636830418839175
219.1	4.1	8.5905220337394
219.1	5.1	8.536684560703746
219.1	6.1	8.4755019107851
219.1	7.1	8.413189198404794
219.1	8.1	8.344675724970044
219.1	9.1	8.269543864446495
219.1	10.1	8.188822344786274
219.1	11.1	8.101835544761405
219.1	12.1	8.007520026530335
219.1	13.1	7.906214357521811
219.1	14.1	7.796540268679028
219.1	15.1	7.678664522831494
220.1	0.1	8.769531932765984
220.1	1.1	8.733353703377642
220.1	2.1	8.696274505004506
220.1	3.1	8.655179833024139
220.1	4.1	8.607068432961382
220.1	5.1	8.551348523276864
220.1	6.1	8.489819382806894
220.1	7.1	8.426087750018468
220.1	8.1	8.356059851665774
220.1	9.1	8.27937516699537
220.1	10.1	8.19751518458388
220.1	11.1	8.108926948308667
220.1	12.1	8.013079431019774
220.1	13.1	7.910040408635138
220.1	14.1	7.798482646300819
220.1	15.1	7.678821626991554
221.1	0.1	8.790525214355242
221.1	1.1	8.752248698029009
221.1	2.1	8.715864832022122
221.1	3.1	8.673096880418719
221.1	4.1	8.623156623186414
221.1	5.1	8.565568919800715
221.1	6.1	8.503809797651131
221.1	7.1	8.438638467387108
221.1	8.1	8.367085041407568
221.1	9.1	8.289074047055749
221.1	10.1	8.205855877857774
221.1	11.1	8.115648917163039
221.1	12.1	8.018289041627053
221.1	13.1	7.913470585843126
221.1	14.1	7.8002277624497935
221.1	15.1	7.678505749953212
222.1	0.1	8.810985647823456
222.1	1.1	8.77295782213349
222.1	2.1	8.735053851328605
222.1	3.1	8.690574585790031
222.1	4.1	8.638786635664207
222.1	5.1	8.579361060856646
222.1	6.1	8.517468826481686
222.1	7.1	8.450838672510844
222.1	8.1	8.37775225300994
222.1	9.1	8.298589286718062
222.1	10.1	8.213840808317652
222.1	11.1	8.122000576530832
222.1	12.1	8.023123536395829
222.1	13.1	7.916502460008505
222.1	14.1	7.801608516324647
223.1	0.1	8.830909777459297
223.1	1.1	8.793307102986557
223.1	2.1	8.753832690113153
223.1	3.1	8.707607166549252
223.1	4.1	8.653961309306966
223.1	5.1	8.592805022430289
223.1	6.1	8.530792425083842
223.1	7.1	8.462686325406324
223.1	8.1	8.388063653314601
223.1	9.1	8.307766962263754
223.1	10.1	8.221466835039218
223.1	11.1	8.12798201451477
223.1	12.1	8.027578484685343
223.1	13.1	7.919134492113714
223.1	14.1	7.8025696886041676
224.1	0.1	8.850299179832218
224.1	1.1	8.813278492429435
224.1	2.1	8.772192962274737
224.1	3.1	8.72419033677826
224.1	4.1	8.66868676835444
224.1	5.1	8.607184599108505
224.1	6.1	8.543776896701512
224.1	7.1	8.474180128073513
224.1	8.1	8.398022765561334
224.1	9.1	8.316602781116877
224.1	10.1	8.228731377995171
224.1	11.1	8.13364584513014
224.1	12.1	8.031649919464211
224.1	13.1	7.921366176453303
224.1	14.1	7.80309638304181
225.1	0.1	8.869289773808731
225.1	1.1	8.832862829088228
225.1	2.1	8.790126950315592
225.1	3.1	8.740321652058089
225.1	4.1	8.68297291574516
225.1	5.1	8.621242405882548
225.1	6.1	8.556418962478865
225.1	7.1	8.485319637838842
225.1	8.1	8.407704473242562
225.1	9.1	8.325092748271732
225.1	10.1	8.235632512686404
225.1	11.1	8.13906401702132
225.1	12.1	8.035334429511382
225.1	13.1	7.923222958601653
225.1	14.1	7.803172813807681
226.1	0.1	8.889987814580357
226.1	1.1	8.85205115110436
226.1	2.1	8.807627819202022
226.1	3.1	8.756000894184226
226.1	4.1	8.696833922032802
226.1	5.1	8.634974163068346
226.1	6.1	8.56871583997893
226.1	7.1	8.496105389790813
226.1	8.1	8.417346229666508
226.1	9.1	8.333233228757239
226.1	10.1	8.24216907414495
226.1	11.1	8.144116102925976
226.1	12.1	8.03862926249837
226.1	13.1	7.924910877153301
226.1	14.1	7.802782235103643
227.1	0.1	8.910321661359115
227.1	1.1	8.870834817368015
227.1	2.1	8.824689865079423
227.1	3.1	8.771230492057096
227.1	4.1	8.710288682792774
227.1	5.1	8.648375850082692
227.1	6.1	8.580665330165722
227.1	7.1	8.506539027652599
227.1	8.1	8.426656439456917
227.1	9.1	8.341021017544165
227.1	10.1	8.248340770386356
227.1	11.1	8.14879764387722
227.1	12.1	8.041532439517141
227.1	13.1	7.926197942592107
228.1	0.1	8.930282296041092
228.1	1.1	8.889205652574846
228.1	2.1	8.841308801051582
228.1	3.1	8.786015971298113
228.1	4.1	8.724537175318568
228.1	5.1	8.661443763228336
228.1	6.1	8.592265913107768
228.1	7.1	8.516623441974064
228.1	8.1	8.435630866548347
228.1	9.1	8.348453417373891
228.1	10.1	8.254148305129368
228.1	11.1	8.15310458112432
228.1	12.1	8.044042881442593
228.1	13.1	7.9270703339147275
229.1	0.1	8.949860798297637
229.1	1.1	8.907156119145988
229.1	2.1	8.857482081087747
229.1	3.1	8.80036642042008
229.1	4.1	8.738660406382188
229.1	5.1	8.674174580470066
229.1	6.1	8.60351685248106
229.1	7.1	8.526362913968024
229.1	8.1	8.44426554349473
229.1	9.1	8.355528324915065
229.1	10.1	8.259720209000553
229.1	11.1	8.157033337186174
229.1	12.1	8.046160547267064
229.1	13.1	7.9275134253263
230.1	0.1	8.969048441188672
230.1	1.1	8.924679518982662
230.1	2.1	8.87320926137328
230.1	3.1	8.814294955764746
230.1	4.1	8.752462778378911
230.1	5.1	8.68656543365509
230.1	6.1	8.614418308708093
230.1	7.1	8.536054352251249
230.1	8.1	8.452556828382306
230.1	9.1	8.36224432554451
230.1	10.1	8.264981087854123
230.1	11.1	8.160580906558986
230.1	12.1	8.047979146969155
230.1	13.1	7.9275117235320485
231.1	0.1	8.987836806351432
231.1	1.1	8.941770227735994
231.1	2.1	8.88849239593983
231.1	3.1	8.827819161198386
231.1	4.1	8.765940300425704
231.1	5.1	8.698613988562258
231.1	6.1	8.624971460257804
231.1	7.1	8.545493117362051
231.1	8.1	8.460501468514007
231.1	9.1	8.3686007968925
231.1	10.1	8.269880118846148
231.1	11.1	8.163744956645171
231.1	12.1	8.049571736188744
231.1	13.1	7.9270487991959735
232.1	0.1	9.006217921499914
232.1	1.1	8.95842396367071
232.1	2.1	8.903336460092955
232.1	3.1	8.84187764198113
232.1	4.1	8.779089270860991
232.1	5.1	8.710318533059828
232.1	6.1	8.635178632240681
232.1	7.1	8.554601981291482
232.1	8.1	8.468096671318149
232.1	9.1	8.374598021081207
232.1	10.1	8.274413186934908
232.1	11.1	8.166523939345359
232.1	12.1	8.05076799174016
233.1	0.1	9.024184423044893
233.1	1.1	8.974638092182822
233.1	2.1	8.917749790952527
233.1	3.1	8.856064410133493
233.1	4.1	8.791906336874824
233.1	5.1	8.721678073503233
233.1	6.1	8.64504343095769
233.1	7.1	8.563377010644745
233.1	8.1	8.475340182878139
233.1	9.1	8.380264336127173
233.1	10.1	8.278576594254845
233.1	11.1	8.168917213571172
233.1	12.1	8.051554334523571
234.1	0.1	9.041729746583904
234.1	1.1	8.990411965479327
234.1	2.1	8.93174452939797
234.1	3.1	8.869935368253072
234.1	4.1	8.804388561001973
234.1	5.1	8.732692439303237
234.1	6.1	8.654715681239347
234.1	7.1	8.57181456659009
234.1	8.1	8.482230374392735
234.1	9.1	8.385725694605124
234.1	10.1	8.282367140070436
234.1	11.1	8.170925178680504
234.1	12.1	8.05191640021997
235.1	0.1	9.058848347752022
235.1	1.1	9.005747294725744
235.1	2.1	8.945337042096476
235.1	3.1	8.883486560268937
235.1	4.1	8.816533494855369
235.1	5.1	8.743362395333651
235.1	6.1	8.664279201635676
235.1	7.1	8.579911362950455
235.1	8.1	8.488766336750611
235.1	9.1	8.390833601349753
235.1	10.1	8.285782209843424
235.1	11.1	8.172711315102637
235.1	12.1	8.05183897824225
236.1	0.1	9.07553595538822
236.1	1.1	9.020648549017716
236.1	2.1	8.959206501179176
236.1	3.1	8.896714294270199
236.1	4.1	8.828339260392235
236.1	5.1	8.753689761517267
236.1	6.1	8.673518518015548
236.1	7.1	8.58766453088724
236.1	8.1	8.494947983231178
236.1	9.1	8.395583913826943
236.1	10.1	8.28881987387685
236.1	11.1	8.17421144296796
236.1	12.1	8.051305944982321
237.1	0.1	9.091789858065624
237.1	1.1	9.035123371788139
237.1	2.1	8.973454995676793
237.1	3.1	8.909615197457603
237.1	4.1	8.839804638882953
237.1	5.1	8.763677538524059
237.1	6.1	8.682429736443211
237.1	7.1	8.59507169055925
237.1	8.1	8.500776160117285
237.1	9.1	8.399972851461705
237.1	10.1	8.291478995865466
237.1	11.1	8.17531962515168
238.1	0.1	9.1076092236536
238.1	1.1	9.049183000764828
238.1	2.1	8.987392592075
238.1	3.1	8.922186277424085
238.1	4.1	8.850929167585623
238.1	5.1	8.773332129320954
238.1	6.1	8.691009229711556
238.1	7.1	8.60213103007076
238.1	8.1	8.506356610566785
238.1	9.1	8.403997066237263
238.1	10.1	8.293759351491738
238.1	11.1	8.17602251671549
239.1	0.1	9.122995449620895
239.1	1.1	9.062842672528825
239.1	2.1	9.001015373396834
239.1	3.1	8.934424990131221
239.1	4.1	8.861713243909945
239.1	5.1	8.783016772869102
239.1	6.1	8.699253690400385
239.1	7.1	8.608841391921763
239.1	8.1	8.51166523901383
239.1	9.1	8.407653721412347
239.1	10.1	8.295661756948974
239.1	11.1	8.176306006328478
240.1	0.1	9.137952539163294
240.1	1.1	9.076524228346253
240.1	2.1	9.014319664097021
240.1	3.1	8.946329314879362
240.1	4.1	8.872158236575194
240.1	5.1	8.792382732935934
240.1	6.1	8.707160189953832
240.1	7.1	8.615202367033758
240.1	8.1	8.51662436985226
240.1	9.1	8.410940578820846
240.1	10.1	8.297420630894962
240.1	11.1	8.176155156823913
241.1	0.1	9.152487494898708
241.1	1.1	9.090832711130611
241.1	2.1	9.027302080755396
241.1	3.1	8.957897836468545
241.1	4.1	8.882266602922464
241.1	5.1	8.801426159518416
241.1	6.1	8.714726244143455
241.1	7.1	8.621214396238821
241.1	8.1	8.521230170701447
241.1	9.1	8.413856095121503
241.1	10.1	8.29883102660428
241.1	11.1	8.175554140181712
242.1	0.1	9.166610717844371
242.1	1.1	9.104835074980837
242.1	2.1	9.039959588609413
242.1	3.1	8.969129834608436
242.1	4.1	8.892042011127282
242.1	5.1	8.81014344429367
242.1	6.1	8.721949885229197
242.1	7.1	8.626880050088058
242.1	8.1	8.52547918593081
242.1	9.1	8.41639952722485
242.1	10.1	8.299853739273928
243.1	0.1	9.180336394821447
243.1	1.1	9.118527445575525
243.1	2.1	9.05228956427948
243.1	3.1	8.980025380451627
243.1	4.1	8.901707795861034
243.1	5.1	8.818531269141182
243.1	6.1	8.728829741049491
243.1	7.1	8.632381679321588
243.1	8.1	8.529368406340065
243.1	9.1	8.418571046930335
243.1	10.1	8.300475650791196
244.1	0.1	9.193831273948923
244.1	1.1	9.131906169390183
244.1	2.1	9.064289864985021
244.1	3.1	8.990585439889115
244.1	4.1	8.911196755995496
244.1	5.1	8.826586660164777
244.1	6.1	8.735365121158313
244.1	7.1	8.637541638340318
244.1	8.1	8.5328953465197
244.1	9.1	8.420413601226416
244.1	10.1	8.300682894776495
245.1	0.1	9.208198076074913
245.1	1.1	9.144967860511219
245.1	2.1	9.075958904466455
245.1	3.1	9.00081198295373
245.1	4.1	8.920368581495824
245.1	5.1	8.834307047562751
245.1	6.1	8.74155610997496
245.1	7.1	8.642356068263211
245.1	8.1	8.536058130274462
245.1	9.1	8.422108185127634
245.1	10.1	8.300460798694582
246.1	0.1	9.222263409924354
246.1	1.1	9.157709452839558
246.1	2.1	9.08729573571279
246.1	3.1	9.010708098322533
246.1	4.1	8.929219689071447
246.1	5.1	8.841690331652059
246.1	6.1	8.747403666715579
246.1	7.1	8.646821438638534
246.1	8.1	8.538855584389598
246.1	9.1	8.423431448071183
247.1	0.1	9.236023446767858
247.1	1.1	9.170128258022888
247.1	2.1	9.098300140440402
247.1	3.1	9.02035412801001
247.1	4.1	8.937746758971937
247.1	5.1	8.848734955287624
247.1	6.1	8.75298910995095
247.1	7.1	8.650934609225965
247.1	8.1	8.541287340874092
247.1	9.1	8.424371171030934
248.1	0.1	9.249474559919252
248.1	1.1	9.182222029410571
248.1	2.1	9.10897272506985
248.1	3.1	9.02996260007285
248.1	4.1	8.945946784444798
248.1	5.1	8.855439982825995
248.1	6.1	8.758342318765116
248.1	7.1	8.654692898645955
248.1	8.1	8.543353947619122
248.1	9.1	8.42491445576013
249.1	0.1	9.262613368011467
249.1	1.1	9.193989032257306
249.1	2.1	9.119315022698299
249.1	3.1	9.039259177024384
249.1	4.1	8.953817126551566
249.1	5.1	8.861805185657914
249.1	6.1	8.763357555372652
249.1	7.1	8.658094160278685
249.1	8.1	8.54516889989462
249.1	9.1	8.4250476732111
250.1	0.1	9.275436783249852
250.1	1.1	9.205428120305848
250.1	2.1	9.129329600261544
250.1	3.1	9.048240305790952
250.1	4.1	8.961355574638569
250.1	5.1	8.867831134171944
250.1	6.1	8.76803124157984
250.1	7.1	8.661136865720142
250.1	8.1	8.546774997736899
250.1	9.1	8.424756407151797
251.1	0.1	9.287942064966145
251.1	1.1	9.216538818749836
251.1	2.1	9.139020169718506
251.1	3.1	9.05690267278173
251.1	4.1	8.968560412707118
251.1	5.1	8.873519295805332
251.1	6.1	8.772360140581712
251.1	7.1	8.66382019599439
251.1	8.1	8.548013605767633
252.1	0.1	9.300126878760297
252.1	1.1	9.227321413410078
252.1	2.1	9.1486821693334
252.1	3.1	9.065243249220906
252.1	4.1	8.975430491853407
252.1	5.1	8.879032564447916
252.1	6.1	8.77634141797164
252.1	7.1	8.66614414057252
252.1	8.1	8.54887270271046
253.1	0.1	9.311989361461785
253.1	1.1	9.237777045745933
253.1	2.1	9.158100002866032
253.1	3.1	9.07325934139181
253.1	4.1	8.981965308846457
253.1	5.1	8.88424117599467
253.1	6.1	8.779972709260786
253.1	7.1	8.668109604052347
253.1	8.1	8.54933960357419
254.1	0.1	9.323528192062454
254.1	1.1	9.247907813063502
254.1	2.1	9.167207509020855
254.1	3.1	9.080948646077866
254.1	4.1	8.98816509077844
254.1	5.1	8.88911552673085
254.1	6.1	8.783252194225522
254.1	7.1	8.66990194445287
254.1	8.1	8.549400909410371
255.1	0.1	9.334742668664802
255.1	1.1	9.25771687297123
255.1	2.1	9.17600138704108
255.1	3.1	9.088309311444021
255.1	4.1	8.994030885550211
255.1	5.1	8.89365231196362
255.1	6.1	8.786178678320727
255.1	7.1	8.671422023488184
255.1	8.1	8.549042452388226
256.1	0.1	9.345632791348024
256.1	1.1	9.26735726682245
256.1	2.1	9.184478595519186
256.1	3.1	9.095340003542196
256.1	4.1	8.999618117259939
256.1	5.1	8.897848580221634
256.1	6.1	8.788751681284708
256.1	7.1	8.672578340554196
257.1	0.1	9.356199350674288
257.1	1.1	9.276893006157298
257.1	2.1	9.192636398500863
257.1	3.1	9.102039978541127
257.1	4.1	9.005013041937852
257.1	5.1	8.901701793399694
257.1	6.1	8.790971532910776
257.1	7.1	8.673359066382956
258.1	0.1	9.366444021335575
258.1	1.1	9.286123395070272
258.1	2.1	9.200472416366209
258.1	3.1	9.10840916067003
258.1	4.1	9.010080775630584
258.1	5.1	8.90520989306167
258.1	6.1	8.792839475765662
258.1	7.1	8.673751722952902
259.1	0.1	9.37636946017331
259.1	1.1	9.295045151341514
259.1	2.1	9.207984681727519
259.1	3.1	9.114448225723445
259.1	4.1	9.014817969585806
259.1	5.1	8.908371373159909
259.1	6.1	8.79461374104652
259.1	7.1	8.673743134541038
260.1	0.1	9.385989601385864
260.1	1.1	9.303655229063995
260.1	2.1	9.215171700534539
260.1	3.1	9.12015868979626
260.1	4.1	9.019221585373502
260.1	5.1	8.911185359345186
260.1	6.1	8.796050157121526
260.1	7.1	8.673319374211175
261.1	0.1	9.39564003193688
261.1	1.1	9.311950860994074
261.1	2.1	9.222032518509977
261.1	3.1	9.125678865352755
261.1	4.1	9.023288948536045
261.1	5.1	8.913651694926221
261.1	6.1	8.797126440316536
262.1	0.1	9.404989950114187
262.1	1.1	9.319929605295334
262.1	2.1	9.228566792946882
262.1	3.1	9.130933051931933
262.1	4.1	9.027017807786024
262.1	5.1	8.915771033386726
262.1	6.1	8.797830947902844
263.1	0.1	9.414036097090948
263.1	1.1	9.327589396908131
263.1	2.1	9.234774869781162
263.1	3.1	9.135863526205213
263.1	4.1	9.030406400017478
263.1	5.1	8.917604514744534
263.1	6.1	8.79815140284452
264.1	0.1	9.422775429491393
264.1	1.1	9.334928603738486
264.1	2.1	9.24065786570354
264.1	3.1	9.140467187971158
264.1	4.1	9.033453521333488
264.1	5.1	8.919305233693239
264.1	6.1	8.798074846103784
265.1	0.1	9.431205158335096
265.1	1.1	9.34194608780444
265.1	2.1	9.246243988748253
265.1	3.1	9.144741257794832
265.1	4.1	9.036158604205683
265.1	5.1	8.92066023802338
265.1	6.1	8.797587584499336
266.1	0.1	9.439322792023091
266.1	1.1	9.348641271402835
266.1	2.1	9.251678031723419
266.1	3.1	9.148683329927973
266.1	4.1	9.038521800764402
266.1	5.1	8.92165864410611
267.1	0.1	9.447126183589829
267.1	1.1	9.355014208261261
267.1	2.1	9.256794991171548
267.1	3.1	9.152291430487775
267.1	4.1	9.040544072067922
267.1	5.1	8.922288990536705
268.1	0.1	9.454613582413925
268.1	1.1	9.361065659515234
268.1	2.1	9.261591726170892
268.1	3.1	9.155564081112194
268.1	4.1	9.042359129281271
268.1	5.1	8.922539195562136
269.1	0.1	9.461783690535437
269.1	1.1	9.366797174196378
269.1	2.1	9.266065378716908
269.1	3.1	9.158500368243617
269.1	4.1	9.043977309031273
269.1	5.1	8.922396510600045
270.1	0.1	9.46863572366564
270.1	1.1	9.372321031689566
270.1	2.1	9.270213421092565
270.1	3.1	9.161100018103037
270.1	4.1	9.045253054473879
270.1	5.1	8.921847469425535
271.1	0.1	9.475169476893694
271.1	1.1	9.377617998607372
271.1	2.1	9.274033707990355
271.1	3.1	9.163363477299617
271.1	4.1	9.046175645902252
272.1	0.1	9.481385394990411
272.1	1.1	9.382601149349089
272.1	2.1	9.277524533609094
272.1	3.1	9.165291998871224
272.1	4.1	9.046733798257566
273.1	0.1	9.48728464707945
273.1	1.1	9.387267569553556
273.1	2.1	9.280684693899074
273.1	3.1	9.167093017564413
273.1	4.1	9.046915619629333
274.1	0.1	9.492869205288171
274.1	1.1	9.39161463703115
274.1	2.1	9.283513554060407
274.1	3.1	9.168630800644044
274.1	4.1	9.046708565950125
275.1	0.1	9.498337833734071
275.1	1.1	9.395640068514723
275.1	2.1	9.286011121308402
275.1	3.1	9.169829347512906
275.1	4.1	9.046099391470724
276.1	0.1	9.503501044181673
276.1	1.1	9.399341970923023
276.1	2.1	9.288178122802366
276.1	3.1	9.170678098034665
277.1	0.1	9.508353714496444
277.1	1.1	9.402718897321261
277.1	2.1	9.290021398635306
277.1	3.1	9.171165938740021
278.1	0.1	9.512893151276502
278.1	1.1	9.405769907711191
278.1	2.1	9.291807054650842
278.1	3.1	9.171281162365782
279.1	0.1	9.517116961754127
279.1	1.1	9.408494634712715
279.1	2.1	9.29326649300364
279.1	3.1	9.171011423688926
280.1	0.1	9.521023099870153
280.1	1.1	9.410893354106946
280.1	2.1	9.294389814463644
281.1	0.1	9.524609916625808
281.1	1.1	9.412967060094402
281.1	2.1	9.29516661430093
282.1	0.1	9.527876214860802
282.1	1.1	9.414795689800714
282.1	2.1	9.295585946086941
283.1	0.1	9.53082130855218
283.1	1.1	9.41650206489134
283.1	2.1	9.295636282239748
284.1	0.1	9.53344508665666
284.1	1.1	9.417885125071084
284.1	2.1	9.295305470962504
285.1	0.1	9.535748081427192
285.1	1.1	9.418935112147825
286.1	0.1	9.537731541019488
286.1	1.1	9.419641772809804
287.1	0.1	9.539549776476212
287.1	1.1	9.41999432331499
288.1	0.1	9.541178825585972
288.1	1.1	9.419981411011324
289.1	0.1	9.542487393587072
289.1	1.1	9.419591072345987
290.1	0.1	9.543465859823154
291.1	0.1	9.544104118577557
292.1	0.1	9.544391544623144
293.1	0.1	9.544316955687554
294.1	0.1	9.543868571501045