ISO-10303-21;
HEADER;
FILE_DESCRIPTION(('FreeCAD Model'),'2;1');
FILE_NAME('Open CASCADE Shape Model','2025-08-05T19:44:14',(''),(''),
  'Open CASCADE STEP processor 7.8','FreeCAD','Unknown');
FILE_SCHEMA(('AUTOMOTIVE_DESIGN { 1 0 10303 214 1 1 1 1 }'));
ENDSEC;
DATA;
#1 = APPLICATION_PROTOCOL_DEFINITION('international standard',
  'automotive_design',2000,#2);
#2 = APPLICATION_CONTEXT(
  'core data for automotive mechanical design processes');
#3 = SHAPE_DEFINITION_REPRESENTATION(#4,#10);
#4 = PRODUCT_DEFINITION_SHAPE('','',#5);
#5 = PRODUCT_DEFINITION('design','',#6,#9);
#6 = PRODUCT_DEFINITION_FORMATION('','',#7);
#7 = PRODUCT('Chip_core_fin_group','Chip_core_fin_group','',(#8));
#8 = PRODUCT_CONTEXT('',#2,'mechanical');
#9 = PRODUCT_DEFINITION_CONTEXT('part definition',#2,'design');
#10 = SHAPE_REPRESENTATION('',(#11,#15,#19,#23,#27,#31,#35,#39),#43);
#11 = AXIS2_PLACEMENT_3D('',#12,#13,#14);
#12 = CARTESIAN_POINT('',(0.,0.,0.));
#13 = DIRECTION('',(0.,0.,1.));
#14 = DIRECTION('',(1.,0.,-0.));
#15 = AXIS2_PLACEMENT_3D('',#16,#17,#18);
#16 = CARTESIAN_POINT('',(0.,0.,0.));
#17 = DIRECTION('',(0.,0.,1.));
#18 = DIRECTION('',(1.,0.,0.));
#19 = AXIS2_PLACEMENT_3D('',#20,#21,#22);
#20 = CARTESIAN_POINT('',(0.,0.,0.));
#21 = DIRECTION('',(0.,0.,1.));
#22 = DIRECTION('',(1.,0.,0.));
#23 = AXIS2_PLACEMENT_3D('',#24,#25,#26);
#24 = CARTESIAN_POINT('',(0.,0.,0.));
#25 = DIRECTION('',(0.,0.,1.));
#26 = DIRECTION('',(1.,0.,0.));
#27 = AXIS2_PLACEMENT_3D('',#28,#29,#30);
#28 = CARTESIAN_POINT('',(0.,0.,0.));
#29 = DIRECTION('',(0.,0.,1.));
#30 = DIRECTION('',(1.,0.,0.));
#31 = AXIS2_PLACEMENT_3D('',#32,#33,#34);
#32 = CARTESIAN_POINT('',(-10.,0.5,-20.));
#33 = DIRECTION('',(0.,0.,1.));
#34 = DIRECTION('',(1.,0.,0.));
#35 = AXIS2_PLACEMENT_3D('',#36,#37,#38);
#36 = CARTESIAN_POINT('',(-20.,4.5,-40.));
#37 = DIRECTION('',(0.,0.,1.));
#38 = DIRECTION('',(1.,0.,0.));
#39 = AXIS2_PLACEMENT_3D('',#40,#41,#42);
#40 = CARTESIAN_POINT('',(0.,0.,0.));
#41 = DIRECTION('',(0.,0.,1.));
#42 = DIRECTION('',(1.,0.,0.));
#43 = ( GEOMETRIC_REPRESENTATION_CONTEXT(3) 
GLOBAL_UNCERTAINTY_ASSIGNED_CONTEXT((#47)) GLOBAL_UNIT_ASSIGNED_CONTEXT(
(#44,#45,#46)) REPRESENTATION_CONTEXT('Context #1',
  '3D Context with UNIT and UNCERTAINTY') );
#44 = ( LENGTH_UNIT() NAMED_UNIT(*) SI_UNIT(.MILLI.,.METRE.) );
#45 = ( NAMED_UNIT(*) PLANE_ANGLE_UNIT() SI_UNIT($,.RADIAN.) );
#46 = ( NAMED_UNIT(*) SI_UNIT($,.STERADIAN.) SOLID_ANGLE_UNIT() );
#47 = UNCERTAINTY_MEASURE_WITH_UNIT(LENGTH_MEASURE(1.E-07),#44,
  'distance_accuracy_value','confusion accuracy');
#48 = PRODUCT_RELATED_PRODUCT_CATEGORY('part',$,(#7));
#49 = SHAPE_DEFINITION_REPRESENTATION(#50,#56);
#50 = PRODUCT_DEFINITION_SHAPE('','',#51);
#51 = PRODUCT_DEFINITION('design','',#52,#55);
#52 = PRODUCT_DEFINITION_FORMATION('','',#53);
#53 = PRODUCT('Cores','Cores','',(#54));
#54 = PRODUCT_CONTEXT('',#2,'mechanical');
#55 = PRODUCT_DEFINITION_CONTEXT('part definition',#2,'design');
#56 = SHAPE_REPRESENTATION('',(#11,#57,#61,#65,#69,#73,#77,#81,#85,#89,
    #93,#97,#101,#105,#109,#113,#117),#121);
#57 = AXIS2_PLACEMENT_3D('',#58,#59,#60);
#58 = CARTESIAN_POINT('',(0.,0.,0.));
#59 = DIRECTION('',(0.,0.,1.));
#60 = DIRECTION('',(1.,0.,0.));
#61 = AXIS2_PLACEMENT_3D('',#62,#63,#64);
#62 = CARTESIAN_POINT('',(0.,0.,0.));
#63 = DIRECTION('',(0.,0.,1.));
#64 = DIRECTION('',(1.,0.,0.));
#65 = AXIS2_PLACEMENT_3D('',#66,#67,#68);
#66 = CARTESIAN_POINT('',(0.,0.,0.));
#67 = DIRECTION('',(0.,0.,1.));
#68 = DIRECTION('',(1.,0.,0.));
#69 = AXIS2_PLACEMENT_3D('',#70,#71,#72);
#70 = CARTESIAN_POINT('',(0.,0.,0.));
#71 = DIRECTION('',(0.,0.,1.));
#72 = DIRECTION('',(1.,0.,0.));
#73 = AXIS2_PLACEMENT_3D('',#74,#75,#76);
#74 = CARTESIAN_POINT('',(0.,0.,0.));
#75 = DIRECTION('',(0.,0.,1.));
#76 = DIRECTION('',(1.,0.,0.));
#77 = AXIS2_PLACEMENT_3D('',#78,#79,#80);
#78 = CARTESIAN_POINT('',(0.,0.,0.));
#79 = DIRECTION('',(0.,0.,1.));
#80 = DIRECTION('',(1.,0.,0.));
#81 = AXIS2_PLACEMENT_3D('',#82,#83,#84);
#82 = CARTESIAN_POINT('',(0.,0.,0.));
#83 = DIRECTION('',(0.,0.,1.));
#84 = DIRECTION('',(1.,0.,0.));
#85 = AXIS2_PLACEMENT_3D('',#86,#87,#88);
#86 = CARTESIAN_POINT('',(0.,0.,0.));
#87 = DIRECTION('',(0.,0.,1.));
#88 = DIRECTION('',(1.,0.,0.));
#89 = AXIS2_PLACEMENT_3D('',#90,#91,#92);
#90 = CARTESIAN_POINT('',(0.,0.,0.));
#91 = DIRECTION('',(0.,0.,1.));
#92 = DIRECTION('',(1.,0.,0.));
#93 = AXIS2_PLACEMENT_3D('',#94,#95,#96);
#94 = CARTESIAN_POINT('',(0.,0.,0.));
#95 = DIRECTION('',(0.,0.,1.));
#96 = DIRECTION('',(1.,0.,0.));
#97 = AXIS2_PLACEMENT_3D('',#98,#99,#100);
#98 = CARTESIAN_POINT('',(0.,0.,0.));
#99 = DIRECTION('',(0.,0.,1.));
#100 = DIRECTION('',(1.,0.,0.));
#101 = AXIS2_PLACEMENT_3D('',#102,#103,#104);
#102 = CARTESIAN_POINT('',(0.,0.,0.));
#103 = DIRECTION('',(0.,0.,1.));
#104 = DIRECTION('',(1.,0.,0.));
#105 = AXIS2_PLACEMENT_3D('',#106,#107,#108);
#106 = CARTESIAN_POINT('',(0.,0.,0.));
#107 = DIRECTION('',(0.,0.,1.));
#108 = DIRECTION('',(1.,0.,0.));
#109 = AXIS2_PLACEMENT_3D('',#110,#111,#112);
#110 = CARTESIAN_POINT('',(0.,0.,0.));
#111 = DIRECTION('',(0.,0.,1.));
#112 = DIRECTION('',(1.,0.,0.));
#113 = AXIS2_PLACEMENT_3D('',#114,#115,#116);
#114 = CARTESIAN_POINT('',(0.,0.,0.));
#115 = DIRECTION('',(0.,0.,1.));
#116 = DIRECTION('',(1.,0.,0.));
#117 = AXIS2_PLACEMENT_3D('',#118,#119,#120);
#118 = CARTESIAN_POINT('',(0.,0.,0.));
#119 = DIRECTION('',(0.,0.,1.));
#120 = DIRECTION('',(1.,0.,0.));
#121 = ( GEOMETRIC_REPRESENTATION_CONTEXT(3) 
GLOBAL_UNCERTAINTY_ASSIGNED_CONTEXT((#125)) GLOBAL_UNIT_ASSIGNED_CONTEXT
((#122,#123,#124)) REPRESENTATION_CONTEXT('Context #1',
  '3D Context with UNIT and UNCERTAINTY') );
#122 = ( LENGTH_UNIT() NAMED_UNIT(*) SI_UNIT(.MILLI.,.METRE.) );
#123 = ( NAMED_UNIT(*) PLANE_ANGLE_UNIT() SI_UNIT($,.RADIAN.) );
#124 = ( NAMED_UNIT(*) SI_UNIT($,.STERADIAN.) SOLID_ANGLE_UNIT() );
#125 = UNCERTAINTY_MEASURE_WITH_UNIT(LENGTH_MEASURE(1.E-07),#122,
  'distance_accuracy_value','confusion accuracy');
#126 = CONTEXT_DEPENDENT_SHAPE_REPRESENTATION(#127,#129);
#127 = ( REPRESENTATION_RELATIONSHIP('','',#56,#10) 
REPRESENTATION_RELATIONSHIP_WITH_TRANSFORMATION(#128) 
SHAPE_REPRESENTATION_RELATIONSHIP() );
#128 = ITEM_DEFINED_TRANSFORMATION('','',#11,#15);
#129 = PRODUCT_DEFINITION_SHAPE('Placement','Placement of an item',#130
  );
#130 = NEXT_ASSEMBLY_USAGE_OCCURRENCE('395','Cores','',#5,#51,$);
#131 = PRODUCT_RELATED_PRODUCT_CATEGORY('part',$,(#53));
#132 = SHAPE_DEFINITION_REPRESENTATION(#133,#139);
#133 = PRODUCT_DEFINITION_SHAPE('','',#134);
#134 = PRODUCT_DEFINITION('design','',#135,#138);
#135 = PRODUCT_DEFINITION_FORMATION('','',#136);
#136 = PRODUCT('Core_1_1','Core_1_1','',(#137));
#137 = PRODUCT_CONTEXT('',#2,'mechanical');
#138 = PRODUCT_DEFINITION_CONTEXT('part definition',#2,'design');
#139 = ADVANCED_BREP_SHAPE_REPRESENTATION('',(#11,#140),#426);
#140 = MANIFOLD_SOLID_BREP('',#141);
#141 = CLOSED_SHELL('',(#142,#182,#247,#271,#329,#346,#358,#380,#397,
    #414));
#142 = ADVANCED_FACE('',(#143),#177,.F.);
#143 = FACE_BOUND('',#144,.F.);
#144 = EDGE_LOOP('',(#145,#155,#163,#171));
#145 = ORIENTED_EDGE('',*,*,#146,.F.);
#146 = EDGE_CURVE('',#147,#149,#151,.T.);
#147 = VERTEX_POINT('',#148);
#148 = CARTESIAN_POINT('',(2.4,0.,2.4));
#149 = VERTEX_POINT('',#150);
#150 = CARTESIAN_POINT('',(2.4,0.,4.4));
#151 = LINE('',#152,#153);
#152 = CARTESIAN_POINT('',(2.4,0.,2.4));
#153 = VECTOR('',#154,1.);
#154 = DIRECTION('',(0.,0.,1.));
#155 = ORIENTED_EDGE('',*,*,#156,.T.);
#156 = EDGE_CURVE('',#147,#157,#159,.T.);
#157 = VERTEX_POINT('',#158);
#158 = CARTESIAN_POINT('',(2.4,0.5,2.4));
#159 = LINE('',#160,#161);
#160 = CARTESIAN_POINT('',(2.4,0.,2.4));
#161 = VECTOR('',#162,1.);
#162 = DIRECTION('',(-0.,1.,0.));
#163 = ORIENTED_EDGE('',*,*,#164,.T.);
#164 = EDGE_CURVE('',#157,#165,#167,.T.);
#165 = VERTEX_POINT('',#166);
#166 = CARTESIAN_POINT('',(2.4,0.5,4.4));
#167 = LINE('',#168,#169);
#168 = CARTESIAN_POINT('',(2.4,0.5,2.4));
#169 = VECTOR('',#170,1.);
#170 = DIRECTION('',(0.,0.,1.));
#171 = ORIENTED_EDGE('',*,*,#172,.F.);
#172 = EDGE_CURVE('',#149,#165,#173,.T.);
#173 = LINE('',#174,#175);
#174 = CARTESIAN_POINT('',(2.4,0.,4.4));
#175 = VECTOR('',#176,1.);
#176 = DIRECTION('',(-0.,1.,0.));
#177 = PLANE('',#178);
#178 = AXIS2_PLACEMENT_3D('',#179,#180,#181);
#179 = CARTESIAN_POINT('',(2.4,0.,2.4));
#180 = DIRECTION('',(1.,0.,-0.));
#181 = DIRECTION('',(0.,0.,1.));
#182 = ADVANCED_FACE('',(#183,#208),#242,.F.);
#183 = FACE_BOUND('',#184,.F.);
#184 = EDGE_LOOP('',(#185,#193,#194,#202));
#185 = ORIENTED_EDGE('',*,*,#186,.F.);
#186 = EDGE_CURVE('',#147,#187,#189,.T.);
#187 = VERTEX_POINT('',#188);
#188 = CARTESIAN_POINT('',(4.4,0.,2.4));
#189 = LINE('',#190,#191);
#190 = CARTESIAN_POINT('',(2.4,0.,2.4));
#191 = VECTOR('',#192,1.);
#192 = DIRECTION('',(1.,0.,-0.));
#193 = ORIENTED_EDGE('',*,*,#146,.T.);
#194 = ORIENTED_EDGE('',*,*,#195,.T.);
#195 = EDGE_CURVE('',#149,#196,#198,.T.);
#196 = VERTEX_POINT('',#197);
#197 = CARTESIAN_POINT('',(4.4,0.,4.4));
#198 = LINE('',#199,#200);
#199 = CARTESIAN_POINT('',(2.4,0.,4.4));
#200 = VECTOR('',#201,1.);
#201 = DIRECTION('',(1.,0.,-0.));
#202 = ORIENTED_EDGE('',*,*,#203,.F.);
#203 = EDGE_CURVE('',#187,#196,#204,.T.);
#204 = LINE('',#205,#206);
#205 = CARTESIAN_POINT('',(4.4,0.,2.4));
#206 = VECTOR('',#207,1.);
#207 = DIRECTION('',(0.,0.,1.));
#208 = FACE_BOUND('',#209,.F.);
#209 = EDGE_LOOP('',(#210,#220,#228,#236));
#210 = ORIENTED_EDGE('',*,*,#211,.F.);
#211 = EDGE_CURVE('',#212,#214,#216,.T.);
#212 = VERTEX_POINT('',#213);
#213 = CARTESIAN_POINT('',(3.3,0.,3.3));
#214 = VERTEX_POINT('',#215);
#215 = CARTESIAN_POINT('',(3.3,0.,3.5));
#216 = LINE('',#217,#218);
#217 = CARTESIAN_POINT('',(3.3,0.,3.3));
#218 = VECTOR('',#219,1.);
#219 = DIRECTION('',(0.,0.,1.));
#220 = ORIENTED_EDGE('',*,*,#221,.T.);
#221 = EDGE_CURVE('',#212,#222,#224,.T.);
#222 = VERTEX_POINT('',#223);
#223 = CARTESIAN_POINT('',(3.5,0.,3.3));
#224 = LINE('',#225,#226);
#225 = CARTESIAN_POINT('',(3.3,0.,3.3));
#226 = VECTOR('',#227,1.);
#227 = DIRECTION('',(1.,0.,-0.));
#228 = ORIENTED_EDGE('',*,*,#229,.T.);
#229 = EDGE_CURVE('',#222,#230,#232,.T.);
#230 = VERTEX_POINT('',#231);
#231 = CARTESIAN_POINT('',(3.5,0.,3.5));
#232 = LINE('',#233,#234);
#233 = CARTESIAN_POINT('',(3.5,0.,3.3));
#234 = VECTOR('',#235,1.);
#235 = DIRECTION('',(0.,0.,1.));
#236 = ORIENTED_EDGE('',*,*,#237,.F.);
#237 = EDGE_CURVE('',#214,#230,#238,.T.);
#238 = LINE('',#239,#240);
#239 = CARTESIAN_POINT('',(3.3,0.,3.5));
#240 = VECTOR('',#241,1.);
#241 = DIRECTION('',(1.,0.,-0.));
#242 = PLANE('',#243);
#243 = AXIS2_PLACEMENT_3D('',#244,#245,#246);
#244 = CARTESIAN_POINT('',(2.4,0.,2.4));
#245 = DIRECTION('',(-0.,1.,0.));
#246 = DIRECTION('',(0.,0.,1.));
#247 = ADVANCED_FACE('',(#248),#266,.T.);
#248 = FACE_BOUND('',#249,.T.);
#249 = EDGE_LOOP('',(#250,#251,#252,#260));
#250 = ORIENTED_EDGE('',*,*,#172,.F.);
#251 = ORIENTED_EDGE('',*,*,#195,.T.);
#252 = ORIENTED_EDGE('',*,*,#253,.T.);
#253 = EDGE_CURVE('',#196,#254,#256,.T.);
#254 = VERTEX_POINT('',#255);
#255 = CARTESIAN_POINT('',(4.4,0.5,4.4));
#256 = LINE('',#257,#258);
#257 = CARTESIAN_POINT('',(4.4,0.,4.4));
#258 = VECTOR('',#259,1.);
#259 = DIRECTION('',(-0.,1.,0.));
#260 = ORIENTED_EDGE('',*,*,#261,.F.);
#261 = EDGE_CURVE('',#165,#254,#262,.T.);
#262 = LINE('',#263,#264);
#263 = CARTESIAN_POINT('',(2.4,0.5,4.4));
#264 = VECTOR('',#265,1.);
#265 = DIRECTION('',(1.,0.,-0.));
#266 = PLANE('',#267);
#267 = AXIS2_PLACEMENT_3D('',#268,#269,#270);
#268 = CARTESIAN_POINT('',(2.4,0.,4.4));
#269 = DIRECTION('',(0.,0.,1.));
#270 = DIRECTION('',(1.,0.,-0.));
#271 = ADVANCED_FACE('',(#272,#290),#324,.T.);
#272 = FACE_BOUND('',#273,.T.);
#273 = EDGE_LOOP('',(#274,#282,#283,#284));
#274 = ORIENTED_EDGE('',*,*,#275,.F.);
#275 = EDGE_CURVE('',#157,#276,#278,.T.);
#276 = VERTEX_POINT('',#277);
#277 = CARTESIAN_POINT('',(4.4,0.5,2.4));
#278 = LINE('',#279,#280);
#279 = CARTESIAN_POINT('',(2.4,0.5,2.4));
#280 = VECTOR('',#281,1.);
#281 = DIRECTION('',(1.,0.,-0.));
#282 = ORIENTED_EDGE('',*,*,#164,.T.);
#283 = ORIENTED_EDGE('',*,*,#261,.T.);
#284 = ORIENTED_EDGE('',*,*,#285,.F.);
#285 = EDGE_CURVE('',#276,#254,#286,.T.);
#286 = LINE('',#287,#288);
#287 = CARTESIAN_POINT('',(4.4,0.5,2.4));
#288 = VECTOR('',#289,1.);
#289 = DIRECTION('',(0.,0.,1.));
#290 = FACE_BOUND('',#291,.T.);
#291 = EDGE_LOOP('',(#292,#302,#310,#318));
#292 = ORIENTED_EDGE('',*,*,#293,.F.);
#293 = EDGE_CURVE('',#294,#296,#298,.T.);
#294 = VERTEX_POINT('',#295);
#295 = CARTESIAN_POINT('',(3.3,0.5,3.3));
#296 = VERTEX_POINT('',#297);
#297 = CARTESIAN_POINT('',(3.3,0.5,3.5));
#298 = LINE('',#299,#300);
#299 = CARTESIAN_POINT('',(3.3,0.5,3.3));
#300 = VECTOR('',#301,1.);
#301 = DIRECTION('',(0.,0.,1.));
#302 = ORIENTED_EDGE('',*,*,#303,.T.);
#303 = EDGE_CURVE('',#294,#304,#306,.T.);
#304 = VERTEX_POINT('',#305);
#305 = CARTESIAN_POINT('',(3.5,0.5,3.3));
#306 = LINE('',#307,#308);
#307 = CARTESIAN_POINT('',(3.3,0.5,3.3));
#308 = VECTOR('',#309,1.);
#309 = DIRECTION('',(1.,0.,-0.));
#310 = ORIENTED_EDGE('',*,*,#311,.T.);
#311 = EDGE_CURVE('',#304,#312,#314,.T.);
#312 = VERTEX_POINT('',#313);
#313 = CARTESIAN_POINT('',(3.5,0.5,3.5));
#314 = LINE('',#315,#316);
#315 = CARTESIAN_POINT('',(3.5,0.5,3.3));
#316 = VECTOR('',#317,1.);
#317 = DIRECTION('',(0.,0.,1.));
#318 = ORIENTED_EDGE('',*,*,#319,.F.);
#319 = EDGE_CURVE('',#296,#312,#320,.T.);
#320 = LINE('',#321,#322);
#321 = CARTESIAN_POINT('',(3.3,0.5,3.5));
#322 = VECTOR('',#323,1.);
#323 = DIRECTION('',(1.,0.,-0.));
#324 = PLANE('',#325);
#325 = AXIS2_PLACEMENT_3D('',#326,#327,#328);
#326 = CARTESIAN_POINT('',(2.4,0.5,2.4));
#327 = DIRECTION('',(-0.,1.,0.));
#328 = DIRECTION('',(0.,0.,1.));
#329 = ADVANCED_FACE('',(#330),#341,.F.);
#330 = FACE_BOUND('',#331,.F.);
#331 = EDGE_LOOP('',(#332,#333,#334,#340));
#332 = ORIENTED_EDGE('',*,*,#156,.F.);
#333 = ORIENTED_EDGE('',*,*,#186,.T.);
#334 = ORIENTED_EDGE('',*,*,#335,.T.);
#335 = EDGE_CURVE('',#187,#276,#336,.T.);
#336 = LINE('',#337,#338);
#337 = CARTESIAN_POINT('',(4.4,0.,2.4));
#338 = VECTOR('',#339,1.);
#339 = DIRECTION('',(-0.,1.,0.));
#340 = ORIENTED_EDGE('',*,*,#275,.F.);
#341 = PLANE('',#342);
#342 = AXIS2_PLACEMENT_3D('',#343,#344,#345);
#343 = CARTESIAN_POINT('',(2.4,0.,2.4));
#344 = DIRECTION('',(0.,0.,1.));
#345 = DIRECTION('',(1.,0.,-0.));
#346 = ADVANCED_FACE('',(#347),#353,.T.);
#347 = FACE_BOUND('',#348,.T.);
#348 = EDGE_LOOP('',(#349,#350,#351,#352));
#349 = ORIENTED_EDGE('',*,*,#203,.F.);
#350 = ORIENTED_EDGE('',*,*,#335,.T.);
#351 = ORIENTED_EDGE('',*,*,#285,.T.);
#352 = ORIENTED_EDGE('',*,*,#253,.F.);
#353 = PLANE('',#354);
#354 = AXIS2_PLACEMENT_3D('',#355,#356,#357);
#355 = CARTESIAN_POINT('',(4.4,0.,2.4));
#356 = DIRECTION('',(1.,0.,-0.));
#357 = DIRECTION('',(0.,0.,1.));
#358 = ADVANCED_FACE('',(#359),#375,.T.);
#359 = FACE_BOUND('',#360,.T.);
#360 = EDGE_LOOP('',(#361,#362,#368,#369));
#361 = ORIENTED_EDGE('',*,*,#211,.F.);
#362 = ORIENTED_EDGE('',*,*,#363,.T.);
#363 = EDGE_CURVE('',#212,#294,#364,.T.);
#364 = LINE('',#365,#366);
#365 = CARTESIAN_POINT('',(3.3,0.,3.3));
#366 = VECTOR('',#367,1.);
#367 = DIRECTION('',(-0.,1.,0.));
#368 = ORIENTED_EDGE('',*,*,#293,.T.);
#369 = ORIENTED_EDGE('',*,*,#370,.F.);
#370 = EDGE_CURVE('',#214,#296,#371,.T.);
#371 = LINE('',#372,#373);
#372 = CARTESIAN_POINT('',(3.3,0.,3.5));
#373 = VECTOR('',#374,1.);
#374 = DIRECTION('',(-0.,1.,0.));
#375 = PLANE('',#376);
#376 = AXIS2_PLACEMENT_3D('',#377,#378,#379);
#377 = CARTESIAN_POINT('',(3.3,0.,3.3));
#378 = DIRECTION('',(1.,0.,-0.));
#379 = DIRECTION('',(0.,0.,1.));
#380 = ADVANCED_FACE('',(#381),#392,.F.);
#381 = FACE_BOUND('',#382,.F.);
#382 = EDGE_LOOP('',(#383,#384,#385,#391));
#383 = ORIENTED_EDGE('',*,*,#370,.F.);
#384 = ORIENTED_EDGE('',*,*,#237,.T.);
#385 = ORIENTED_EDGE('',*,*,#386,.T.);
#386 = EDGE_CURVE('',#230,#312,#387,.T.);
#387 = LINE('',#388,#389);
#388 = CARTESIAN_POINT('',(3.5,0.,3.5));
#389 = VECTOR('',#390,1.);
#390 = DIRECTION('',(-0.,1.,0.));
#391 = ORIENTED_EDGE('',*,*,#319,.F.);
#392 = PLANE('',#393);
#393 = AXIS2_PLACEMENT_3D('',#394,#395,#396);
#394 = CARTESIAN_POINT('',(3.3,0.,3.5));
#395 = DIRECTION('',(0.,0.,1.));
#396 = DIRECTION('',(1.,0.,-0.));
#397 = ADVANCED_FACE('',(#398),#409,.F.);
#398 = FACE_BOUND('',#399,.F.);
#399 = EDGE_LOOP('',(#400,#401,#407,#408));
#400 = ORIENTED_EDGE('',*,*,#229,.F.);
#401 = ORIENTED_EDGE('',*,*,#402,.T.);
#402 = EDGE_CURVE('',#222,#304,#403,.T.);
#403 = LINE('',#404,#405);
#404 = CARTESIAN_POINT('',(3.5,0.,3.3));
#405 = VECTOR('',#406,1.);
#406 = DIRECTION('',(-0.,1.,0.));
#407 = ORIENTED_EDGE('',*,*,#311,.T.);
#408 = ORIENTED_EDGE('',*,*,#386,.F.);
#409 = PLANE('',#410);
#410 = AXIS2_PLACEMENT_3D('',#411,#412,#413);
#411 = CARTESIAN_POINT('',(3.5,0.,3.3));
#412 = DIRECTION('',(1.,0.,-0.));
#413 = DIRECTION('',(0.,0.,1.));
#414 = ADVANCED_FACE('',(#415),#421,.T.);
#415 = FACE_BOUND('',#416,.T.);
#416 = EDGE_LOOP('',(#417,#418,#419,#420));
#417 = ORIENTED_EDGE('',*,*,#363,.F.);
#418 = ORIENTED_EDGE('',*,*,#221,.T.);
#419 = ORIENTED_EDGE('',*,*,#402,.T.);
#420 = ORIENTED_EDGE('',*,*,#303,.F.);
#421 = PLANE('',#422);
#422 = AXIS2_PLACEMENT_3D('',#423,#424,#425);
#423 = CARTESIAN_POINT('',(3.3,0.,3.3));
#424 = DIRECTION('',(0.,0.,1.));
#425 = DIRECTION('',(1.,0.,-0.));
#426 = ( GEOMETRIC_REPRESENTATION_CONTEXT(3) 
GLOBAL_UNCERTAINTY_ASSIGNED_CONTEXT((#430)) GLOBAL_UNIT_ASSIGNED_CONTEXT
((#427,#428,#429)) REPRESENTATION_CONTEXT('Context #1',
  '3D Context with UNIT and UNCERTAINTY') );
#427 = ( LENGTH_UNIT() NAMED_UNIT(*) SI_UNIT(.MILLI.,.METRE.) );
#428 = ( NAMED_UNIT(*) PLANE_ANGLE_UNIT() SI_UNIT($,.RADIAN.) );
#429 = ( NAMED_UNIT(*) SI_UNIT($,.STERADIAN.) SOLID_ANGLE_UNIT() );
#430 = UNCERTAINTY_MEASURE_WITH_UNIT(LENGTH_MEASURE(1.E-07),#427,
  'distance_accuracy_value','confusion accuracy');
#431 = CONTEXT_DEPENDENT_SHAPE_REPRESENTATION(#432,#434);
#432 = ( REPRESENTATION_RELATIONSHIP('','',#139,#56) 
REPRESENTATION_RELATIONSHIP_WITH_TRANSFORMATION(#433) 
SHAPE_REPRESENTATION_RELATIONSHIP() );
#433 = ITEM_DEFINED_TRANSFORMATION('','',#11,#57);
#434 = PRODUCT_DEFINITION_SHAPE('Placement','Placement of an item',#435
  );
#435 = NEXT_ASSEMBLY_USAGE_OCCURRENCE('379','Core_1_1','',#51,#134,$);
#436 = PRODUCT_RELATED_PRODUCT_CATEGORY('part',$,(#136));
#437 = SHAPE_DEFINITION_REPRESENTATION(#438,#444);
#438 = PRODUCT_DEFINITION_SHAPE('','',#439);
#439 = PRODUCT_DEFINITION('design','',#440,#443);
#440 = PRODUCT_DEFINITION_FORMATION('','',#441);
#441 = PRODUCT('Core_1_2','Core_1_2','',(#442));
#442 = PRODUCT_CONTEXT('',#2,'mechanical');
#443 = PRODUCT_DEFINITION_CONTEXT('part definition',#2,'design');
#444 = ADVANCED_BREP_SHAPE_REPRESENTATION('',(#11,#445),#731);
#445 = MANIFOLD_SOLID_BREP('',#446);
#446 = CLOSED_SHELL('',(#447,#487,#552,#576,#634,#651,#663,#685,#702,
    #719));
#447 = ADVANCED_FACE('',(#448),#482,.F.);
#448 = FACE_BOUND('',#449,.F.);
#449 = EDGE_LOOP('',(#450,#460,#468,#476));
#450 = ORIENTED_EDGE('',*,*,#451,.F.);
#451 = EDGE_CURVE('',#452,#454,#456,.T.);
#452 = VERTEX_POINT('',#453);
#453 = CARTESIAN_POINT('',(2.4,0.,6.8));
#454 = VERTEX_POINT('',#455);
#455 = CARTESIAN_POINT('',(2.4,0.,8.8));
#456 = LINE('',#457,#458);
#457 = CARTESIAN_POINT('',(2.4,0.,6.8));
#458 = VECTOR('',#459,1.);
#459 = DIRECTION('',(0.,0.,1.));
#460 = ORIENTED_EDGE('',*,*,#461,.T.);
#461 = EDGE_CURVE('',#452,#462,#464,.T.);
#462 = VERTEX_POINT('',#463);
#463 = CARTESIAN_POINT('',(2.4,0.5,6.8));
#464 = LINE('',#465,#466);
#465 = CARTESIAN_POINT('',(2.4,0.,6.8));
#466 = VECTOR('',#467,1.);
#467 = DIRECTION('',(-0.,1.,0.));
#468 = ORIENTED_EDGE('',*,*,#469,.T.);
#469 = EDGE_CURVE('',#462,#470,#472,.T.);
#470 = VERTEX_POINT('',#471);
#471 = CARTESIAN_POINT('',(2.4,0.5,8.8));
#472 = LINE('',#473,#474);
#473 = CARTESIAN_POINT('',(2.4,0.5,6.8));
#474 = VECTOR('',#475,1.);
#475 = DIRECTION('',(0.,0.,1.));
#476 = ORIENTED_EDGE('',*,*,#477,.F.);
#477 = EDGE_CURVE('',#454,#470,#478,.T.);
#478 = LINE('',#479,#480);
#479 = CARTESIAN_POINT('',(2.4,0.,8.8));
#480 = VECTOR('',#481,1.);
#481 = DIRECTION('',(-0.,1.,0.));
#482 = PLANE('',#483);
#483 = AXIS2_PLACEMENT_3D('',#484,#485,#486);
#484 = CARTESIAN_POINT('',(2.4,0.,6.8));
#485 = DIRECTION('',(1.,0.,-0.));
#486 = DIRECTION('',(0.,0.,1.));
#487 = ADVANCED_FACE('',(#488,#513),#547,.F.);
#488 = FACE_BOUND('',#489,.F.);
#489 = EDGE_LOOP('',(#490,#498,#499,#507));
#490 = ORIENTED_EDGE('',*,*,#491,.F.);
#491 = EDGE_CURVE('',#452,#492,#494,.T.);
#492 = VERTEX_POINT('',#493);
#493 = CARTESIAN_POINT('',(4.4,0.,6.8));
#494 = LINE('',#495,#496);
#495 = CARTESIAN_POINT('',(2.4,0.,6.8));
#496 = VECTOR('',#497,1.);
#497 = DIRECTION('',(1.,0.,-0.));
#498 = ORIENTED_EDGE('',*,*,#451,.T.);
#499 = ORIENTED_EDGE('',*,*,#500,.T.);
#500 = EDGE_CURVE('',#454,#501,#503,.T.);
#501 = VERTEX_POINT('',#502);
#502 = CARTESIAN_POINT('',(4.4,0.,8.8));
#503 = LINE('',#504,#505);
#504 = CARTESIAN_POINT('',(2.4,0.,8.8));
#505 = VECTOR('',#506,1.);
#506 = DIRECTION('',(1.,0.,-0.));
#507 = ORIENTED_EDGE('',*,*,#508,.F.);
#508 = EDGE_CURVE('',#492,#501,#509,.T.);
#509 = LINE('',#510,#511);
#510 = CARTESIAN_POINT('',(4.4,0.,6.8));
#511 = VECTOR('',#512,1.);
#512 = DIRECTION('',(0.,0.,1.));
#513 = FACE_BOUND('',#514,.F.);
#514 = EDGE_LOOP('',(#515,#525,#533,#541));
#515 = ORIENTED_EDGE('',*,*,#516,.F.);
#516 = EDGE_CURVE('',#517,#519,#521,.T.);
#517 = VERTEX_POINT('',#518);
#518 = CARTESIAN_POINT('',(3.3,0.,7.7));
#519 = VERTEX_POINT('',#520);
#520 = CARTESIAN_POINT('',(3.3,0.,7.9));
#521 = LINE('',#522,#523);
#522 = CARTESIAN_POINT('',(3.3,0.,7.7));
#523 = VECTOR('',#524,1.);
#524 = DIRECTION('',(0.,0.,1.));
#525 = ORIENTED_EDGE('',*,*,#526,.T.);
#526 = EDGE_CURVE('',#517,#527,#529,.T.);
#527 = VERTEX_POINT('',#528);
#528 = CARTESIAN_POINT('',(3.5,0.,7.7));
#529 = LINE('',#530,#531);
#530 = CARTESIAN_POINT('',(3.3,0.,7.7));
#531 = VECTOR('',#532,1.);
#532 = DIRECTION('',(1.,0.,-0.));
#533 = ORIENTED_EDGE('',*,*,#534,.T.);
#534 = EDGE_CURVE('',#527,#535,#537,.T.);
#535 = VERTEX_POINT('',#536);
#536 = CARTESIAN_POINT('',(3.5,0.,7.9));
#537 = LINE('',#538,#539);
#538 = CARTESIAN_POINT('',(3.5,0.,7.7));
#539 = VECTOR('',#540,1.);
#540 = DIRECTION('',(0.,0.,1.));
#541 = ORIENTED_EDGE('',*,*,#542,.F.);
#542 = EDGE_CURVE('',#519,#535,#543,.T.);
#543 = LINE('',#544,#545);
#544 = CARTESIAN_POINT('',(3.3,0.,7.9));
#545 = VECTOR('',#546,1.);
#546 = DIRECTION('',(1.,0.,-0.));
#547 = PLANE('',#548);
#548 = AXIS2_PLACEMENT_3D('',#549,#550,#551);
#549 = CARTESIAN_POINT('',(2.4,0.,6.8));
#550 = DIRECTION('',(-0.,1.,0.));
#551 = DIRECTION('',(0.,0.,1.));
#552 = ADVANCED_FACE('',(#553),#571,.T.);
#553 = FACE_BOUND('',#554,.T.);
#554 = EDGE_LOOP('',(#555,#556,#557,#565));
#555 = ORIENTED_EDGE('',*,*,#477,.F.);
#556 = ORIENTED_EDGE('',*,*,#500,.T.);
#557 = ORIENTED_EDGE('',*,*,#558,.T.);
#558 = EDGE_CURVE('',#501,#559,#561,.T.);
#559 = VERTEX_POINT('',#560);
#560 = CARTESIAN_POINT('',(4.4,0.5,8.8));
#561 = LINE('',#562,#563);
#562 = CARTESIAN_POINT('',(4.4,0.,8.8));
#563 = VECTOR('',#564,1.);
#564 = DIRECTION('',(-0.,1.,0.));
#565 = ORIENTED_EDGE('',*,*,#566,.F.);
#566 = EDGE_CURVE('',#470,#559,#567,.T.);
#567 = LINE('',#568,#569);
#568 = CARTESIAN_POINT('',(2.4,0.5,8.8));
#569 = VECTOR('',#570,1.);
#570 = DIRECTION('',(1.,0.,-0.));
#571 = PLANE('',#572);
#572 = AXIS2_PLACEMENT_3D('',#573,#574,#575);
#573 = CARTESIAN_POINT('',(2.4,0.,8.8));
#574 = DIRECTION('',(0.,0.,1.));
#575 = DIRECTION('',(1.,0.,-0.));
#576 = ADVANCED_FACE('',(#577,#595),#629,.T.);
#577 = FACE_BOUND('',#578,.T.);
#578 = EDGE_LOOP('',(#579,#587,#588,#589));
#579 = ORIENTED_EDGE('',*,*,#580,.F.);
#580 = EDGE_CURVE('',#462,#581,#583,.T.);
#581 = VERTEX_POINT('',#582);
#582 = CARTESIAN_POINT('',(4.4,0.5,6.8));
#583 = LINE('',#584,#585);
#584 = CARTESIAN_POINT('',(2.4,0.5,6.8));
#585 = VECTOR('',#586,1.);
#586 = DIRECTION('',(1.,0.,-0.));
#587 = ORIENTED_EDGE('',*,*,#469,.T.);
#588 = ORIENTED_EDGE('',*,*,#566,.T.);
#589 = ORIENTED_EDGE('',*,*,#590,.F.);
#590 = EDGE_CURVE('',#581,#559,#591,.T.);
#591 = LINE('',#592,#593);
#592 = CARTESIAN_POINT('',(4.4,0.5,6.8));
#593 = VECTOR('',#594,1.);
#594 = DIRECTION('',(0.,0.,1.));
#595 = FACE_BOUND('',#596,.T.);
#596 = EDGE_LOOP('',(#597,#607,#615,#623));
#597 = ORIENTED_EDGE('',*,*,#598,.F.);
#598 = EDGE_CURVE('',#599,#601,#603,.T.);
#599 = VERTEX_POINT('',#600);
#600 = CARTESIAN_POINT('',(3.3,0.5,7.7));
#601 = VERTEX_POINT('',#602);
#602 = CARTESIAN_POINT('',(3.3,0.5,7.9));
#603 = LINE('',#604,#605);
#604 = CARTESIAN_POINT('',(3.3,0.5,7.7));
#605 = VECTOR('',#606,1.);
#606 = DIRECTION('',(0.,0.,1.));
#607 = ORIENTED_EDGE('',*,*,#608,.T.);
#608 = EDGE_CURVE('',#599,#609,#611,.T.);
#609 = VERTEX_POINT('',#610);
#610 = CARTESIAN_POINT('',(3.5,0.5,7.7));
#611 = LINE('',#612,#613);
#612 = CARTESIAN_POINT('',(3.3,0.5,7.7));
#613 = VECTOR('',#614,1.);
#614 = DIRECTION('',(1.,0.,-0.));
#615 = ORIENTED_EDGE('',*,*,#616,.T.);
#616 = EDGE_CURVE('',#609,#617,#619,.T.);
#617 = VERTEX_POINT('',#618);
#618 = CARTESIAN_POINT('',(3.5,0.5,7.9));
#619 = LINE('',#620,#621);
#620 = CARTESIAN_POINT('',(3.5,0.5,7.7));
#621 = VECTOR('',#622,1.);
#622 = DIRECTION('',(0.,0.,1.));
#623 = ORIENTED_EDGE('',*,*,#624,.F.);
#624 = EDGE_CURVE('',#601,#617,#625,.T.);
#625 = LINE('',#626,#627);
#626 = CARTESIAN_POINT('',(3.3,0.5,7.9));
#627 = VECTOR('',#628,1.);
#628 = DIRECTION('',(1.,0.,-0.));
#629 = PLANE('',#630);
#630 = AXIS2_PLACEMENT_3D('',#631,#632,#633);
#631 = CARTESIAN_POINT('',(2.4,0.5,6.8));
#632 = DIRECTION('',(-0.,1.,0.));
#633 = DIRECTION('',(0.,0.,1.));
#634 = ADVANCED_FACE('',(#635),#646,.F.);
#635 = FACE_BOUND('',#636,.F.);
#636 = EDGE_LOOP('',(#637,#638,#639,#645));
#637 = ORIENTED_EDGE('',*,*,#461,.F.);
#638 = ORIENTED_EDGE('',*,*,#491,.T.);
#639 = ORIENTED_EDGE('',*,*,#640,.T.);
#640 = EDGE_CURVE('',#492,#581,#641,.T.);
#641 = LINE('',#642,#643);
#642 = CARTESIAN_POINT('',(4.4,0.,6.8));
#643 = VECTOR('',#644,1.);
#644 = DIRECTION('',(-0.,1.,0.));
#645 = ORIENTED_EDGE('',*,*,#580,.F.);
#646 = PLANE('',#647);
#647 = AXIS2_PLACEMENT_3D('',#648,#649,#650);
#648 = CARTESIAN_POINT('',(2.4,0.,6.8));
#649 = DIRECTION('',(0.,0.,1.));
#650 = DIRECTION('',(1.,0.,-0.));
#651 = ADVANCED_FACE('',(#652),#658,.T.);
#652 = FACE_BOUND('',#653,.T.);
#653 = EDGE_LOOP('',(#654,#655,#656,#657));
#654 = ORIENTED_EDGE('',*,*,#508,.F.);
#655 = ORIENTED_EDGE('',*,*,#640,.T.);
#656 = ORIENTED_EDGE('',*,*,#590,.T.);
#657 = ORIENTED_EDGE('',*,*,#558,.F.);
#658 = PLANE('',#659);
#659 = AXIS2_PLACEMENT_3D('',#660,#661,#662);
#660 = CARTESIAN_POINT('',(4.4,0.,6.8));
#661 = DIRECTION('',(1.,0.,-0.));
#662 = DIRECTION('',(0.,0.,1.));
#663 = ADVANCED_FACE('',(#664),#680,.T.);
#664 = FACE_BOUND('',#665,.T.);
#665 = EDGE_LOOP('',(#666,#667,#673,#674));
#666 = ORIENTED_EDGE('',*,*,#516,.F.);
#667 = ORIENTED_EDGE('',*,*,#668,.T.);
#668 = EDGE_CURVE('',#517,#599,#669,.T.);
#669 = LINE('',#670,#671);
#670 = CARTESIAN_POINT('',(3.3,0.,7.7));
#671 = VECTOR('',#672,1.);
#672 = DIRECTION('',(-0.,1.,0.));
#673 = ORIENTED_EDGE('',*,*,#598,.T.);
#674 = ORIENTED_EDGE('',*,*,#675,.F.);
#675 = EDGE_CURVE('',#519,#601,#676,.T.);
#676 = LINE('',#677,#678);
#677 = CARTESIAN_POINT('',(3.3,0.,7.9));
#678 = VECTOR('',#679,1.);
#679 = DIRECTION('',(-0.,1.,0.));
#680 = PLANE('',#681);
#681 = AXIS2_PLACEMENT_3D('',#682,#683,#684);
#682 = CARTESIAN_POINT('',(3.3,0.,7.7));
#683 = DIRECTION('',(1.,0.,-0.));
#684 = DIRECTION('',(0.,0.,1.));
#685 = ADVANCED_FACE('',(#686),#697,.F.);
#686 = FACE_BOUND('',#687,.F.);
#687 = EDGE_LOOP('',(#688,#689,#690,#696));
#688 = ORIENTED_EDGE('',*,*,#675,.F.);
#689 = ORIENTED_EDGE('',*,*,#542,.T.);
#690 = ORIENTED_EDGE('',*,*,#691,.T.);
#691 = EDGE_CURVE('',#535,#617,#692,.T.);
#692 = LINE('',#693,#694);
#693 = CARTESIAN_POINT('',(3.5,0.,7.9));
#694 = VECTOR('',#695,1.);
#695 = DIRECTION('',(-0.,1.,0.));
#696 = ORIENTED_EDGE('',*,*,#624,.F.);
#697 = PLANE('',#698);
#698 = AXIS2_PLACEMENT_3D('',#699,#700,#701);
#699 = CARTESIAN_POINT('',(3.3,0.,7.9));
#700 = DIRECTION('',(0.,0.,1.));
#701 = DIRECTION('',(1.,0.,-0.));
#702 = ADVANCED_FACE('',(#703),#714,.F.);
#703 = FACE_BOUND('',#704,.F.);
#704 = EDGE_LOOP('',(#705,#706,#712,#713));
#705 = ORIENTED_EDGE('',*,*,#534,.F.);
#706 = ORIENTED_EDGE('',*,*,#707,.T.);
#707 = EDGE_CURVE('',#527,#609,#708,.T.);
#708 = LINE('',#709,#710);
#709 = CARTESIAN_POINT('',(3.5,0.,7.7));
#710 = VECTOR('',#711,1.);
#711 = DIRECTION('',(-0.,1.,0.));
#712 = ORIENTED_EDGE('',*,*,#616,.T.);
#713 = ORIENTED_EDGE('',*,*,#691,.F.);
#714 = PLANE('',#715);
#715 = AXIS2_PLACEMENT_3D('',#716,#717,#718);
#716 = CARTESIAN_POINT('',(3.5,0.,7.7));
#717 = DIRECTION('',(1.,0.,-0.));
#718 = DIRECTION('',(0.,0.,1.));
#719 = ADVANCED_FACE('',(#720),#726,.T.);
#720 = FACE_BOUND('',#721,.T.);
#721 = EDGE_LOOP('',(#722,#723,#724,#725));
#722 = ORIENTED_EDGE('',*,*,#668,.F.);
#723 = ORIENTED_EDGE('',*,*,#526,.T.);
#724 = ORIENTED_EDGE('',*,*,#707,.T.);
#725 = ORIENTED_EDGE('',*,*,#608,.F.);
#726 = PLANE('',#727);
#727 = AXIS2_PLACEMENT_3D('',#728,#729,#730);
#728 = CARTESIAN_POINT('',(3.3,0.,7.7));
#729 = DIRECTION('',(0.,0.,1.));
#730 = DIRECTION('',(1.,0.,-0.));
#731 = ( GEOMETRIC_REPRESENTATION_CONTEXT(3) 
GLOBAL_UNCERTAINTY_ASSIGNED_CONTEXT((#735)) GLOBAL_UNIT_ASSIGNED_CONTEXT
((#732,#733,#734)) REPRESENTATION_CONTEXT('Context #1',
  '3D Context with UNIT and UNCERTAINTY') );
#732 = ( LENGTH_UNIT() NAMED_UNIT(*) SI_UNIT(.MILLI.,.METRE.) );
#733 = ( NAMED_UNIT(*) PLANE_ANGLE_UNIT() SI_UNIT($,.RADIAN.) );
#734 = ( NAMED_UNIT(*) SI_UNIT($,.STERADIAN.) SOLID_ANGLE_UNIT() );
#735 = UNCERTAINTY_MEASURE_WITH_UNIT(LENGTH_MEASURE(1.E-07),#732,
  'distance_accuracy_value','confusion accuracy');
#736 = CONTEXT_DEPENDENT_SHAPE_REPRESENTATION(#737,#739);
#737 = ( REPRESENTATION_RELATIONSHIP('','',#444,#56) 
REPRESENTATION_RELATIONSHIP_WITH_TRANSFORMATION(#738) 
SHAPE_REPRESENTATION_RELATIONSHIP() );
#738 = ITEM_DEFINED_TRANSFORMATION('','',#11,#61);
#739 = PRODUCT_DEFINITION_SHAPE('Placement','Placement of an item',#740
  );
#740 = NEXT_ASSEMBLY_USAGE_OCCURRENCE('380','Core_1_2','',#51,#439,$);
#741 = PRODUCT_RELATED_PRODUCT_CATEGORY('part',$,(#441));
#742 = SHAPE_DEFINITION_REPRESENTATION(#743,#749);
#743 = PRODUCT_DEFINITION_SHAPE('','',#744);
#744 = PRODUCT_DEFINITION('design','',#745,#748);
#745 = PRODUCT_DEFINITION_FORMATION('','',#746);
#746 = PRODUCT('Core_1_3','Core_1_3','',(#747));
#747 = PRODUCT_CONTEXT('',#2,'mechanical');
#748 = PRODUCT_DEFINITION_CONTEXT('part definition',#2,'design');
#749 = ADVANCED_BREP_SHAPE_REPRESENTATION('',(#11,#750),#1036);
#750 = MANIFOLD_SOLID_BREP('',#751);
#751 = CLOSED_SHELL('',(#752,#792,#857,#881,#939,#956,#968,#990,#1007,
    #1024));
#752 = ADVANCED_FACE('',(#753),#787,.F.);
#753 = FACE_BOUND('',#754,.F.);
#754 = EDGE_LOOP('',(#755,#765,#773,#781));
#755 = ORIENTED_EDGE('',*,*,#756,.F.);
#756 = EDGE_CURVE('',#757,#759,#761,.T.);
#757 = VERTEX_POINT('',#758);
#758 = CARTESIAN_POINT('',(2.4,0.,11.2));
#759 = VERTEX_POINT('',#760);
#760 = CARTESIAN_POINT('',(2.4,0.,13.2));
#761 = LINE('',#762,#763);
#762 = CARTESIAN_POINT('',(2.4,0.,11.2));
#763 = VECTOR('',#764,1.);
#764 = DIRECTION('',(0.,0.,1.));
#765 = ORIENTED_EDGE('',*,*,#766,.T.);
#766 = EDGE_CURVE('',#757,#767,#769,.T.);
#767 = VERTEX_POINT('',#768);
#768 = CARTESIAN_POINT('',(2.4,0.5,11.2));
#769 = LINE('',#770,#771);
#770 = CARTESIAN_POINT('',(2.4,0.,11.2));
#771 = VECTOR('',#772,1.);
#772 = DIRECTION('',(-0.,1.,0.));
#773 = ORIENTED_EDGE('',*,*,#774,.T.);
#774 = EDGE_CURVE('',#767,#775,#777,.T.);
#775 = VERTEX_POINT('',#776);
#776 = CARTESIAN_POINT('',(2.4,0.5,13.2));
#777 = LINE('',#778,#779);
#778 = CARTESIAN_POINT('',(2.4,0.5,11.2));
#779 = VECTOR('',#780,1.);
#780 = DIRECTION('',(0.,0.,1.));
#781 = ORIENTED_EDGE('',*,*,#782,.F.);
#782 = EDGE_CURVE('',#759,#775,#783,.T.);
#783 = LINE('',#784,#785);
#784 = CARTESIAN_POINT('',(2.4,0.,13.2));
#785 = VECTOR('',#786,1.);
#786 = DIRECTION('',(-0.,1.,0.));
#787 = PLANE('',#788);
#788 = AXIS2_PLACEMENT_3D('',#789,#790,#791);
#789 = CARTESIAN_POINT('',(2.4,0.,11.2));
#790 = DIRECTION('',(1.,0.,-0.));
#791 = DIRECTION('',(0.,0.,1.));
#792 = ADVANCED_FACE('',(#793,#818),#852,.F.);
#793 = FACE_BOUND('',#794,.F.);
#794 = EDGE_LOOP('',(#795,#803,#804,#812));
#795 = ORIENTED_EDGE('',*,*,#796,.F.);
#796 = EDGE_CURVE('',#757,#797,#799,.T.);
#797 = VERTEX_POINT('',#798);
#798 = CARTESIAN_POINT('',(4.4,0.,11.2));
#799 = LINE('',#800,#801);
#800 = CARTESIAN_POINT('',(2.4,0.,11.2));
#801 = VECTOR('',#802,1.);
#802 = DIRECTION('',(1.,0.,-0.));
#803 = ORIENTED_EDGE('',*,*,#756,.T.);
#804 = ORIENTED_EDGE('',*,*,#805,.T.);
#805 = EDGE_CURVE('',#759,#806,#808,.T.);
#806 = VERTEX_POINT('',#807);
#807 = CARTESIAN_POINT('',(4.4,0.,13.2));
#808 = LINE('',#809,#810);
#809 = CARTESIAN_POINT('',(2.4,0.,13.2));
#810 = VECTOR('',#811,1.);
#811 = DIRECTION('',(1.,0.,-0.));
#812 = ORIENTED_EDGE('',*,*,#813,.F.);
#813 = EDGE_CURVE('',#797,#806,#814,.T.);
#814 = LINE('',#815,#816);
#815 = CARTESIAN_POINT('',(4.4,0.,11.2));
#816 = VECTOR('',#817,1.);
#817 = DIRECTION('',(0.,0.,1.));
#818 = FACE_BOUND('',#819,.F.);
#819 = EDGE_LOOP('',(#820,#830,#838,#846));
#820 = ORIENTED_EDGE('',*,*,#821,.F.);
#821 = EDGE_CURVE('',#822,#824,#826,.T.);
#822 = VERTEX_POINT('',#823);
#823 = CARTESIAN_POINT('',(3.3,0.,12.1));
#824 = VERTEX_POINT('',#825);
#825 = CARTESIAN_POINT('',(3.3,0.,12.3));
#826 = LINE('',#827,#828);
#827 = CARTESIAN_POINT('',(3.3,0.,12.1));
#828 = VECTOR('',#829,1.);
#829 = DIRECTION('',(0.,0.,1.));
#830 = ORIENTED_EDGE('',*,*,#831,.T.);
#831 = EDGE_CURVE('',#822,#832,#834,.T.);
#832 = VERTEX_POINT('',#833);
#833 = CARTESIAN_POINT('',(3.5,0.,12.1));
#834 = LINE('',#835,#836);
#835 = CARTESIAN_POINT('',(3.3,0.,12.1));
#836 = VECTOR('',#837,1.);
#837 = DIRECTION('',(1.,0.,-0.));
#838 = ORIENTED_EDGE('',*,*,#839,.T.);
#839 = EDGE_CURVE('',#832,#840,#842,.T.);
#840 = VERTEX_POINT('',#841);
#841 = CARTESIAN_POINT('',(3.5,0.,12.3));
#842 = LINE('',#843,#844);
#843 = CARTESIAN_POINT('',(3.5,0.,12.1));
#844 = VECTOR('',#845,1.);
#845 = DIRECTION('',(0.,0.,1.));
#846 = ORIENTED_EDGE('',*,*,#847,.F.);
#847 = EDGE_CURVE('',#824,#840,#848,.T.);
#848 = LINE('',#849,#850);
#849 = CARTESIAN_POINT('',(3.3,0.,12.3));
#850 = VECTOR('',#851,1.);
#851 = DIRECTION('',(1.,0.,-0.));
#852 = PLANE('',#853);
#853 = AXIS2_PLACEMENT_3D('',#854,#855,#856);
#854 = CARTESIAN_POINT('',(2.4,0.,11.2));
#855 = DIRECTION('',(-0.,1.,0.));
#856 = DIRECTION('',(0.,0.,1.));
#857 = ADVANCED_FACE('',(#858),#876,.T.);
#858 = FACE_BOUND('',#859,.T.);
#859 = EDGE_LOOP('',(#860,#861,#862,#870));
#860 = ORIENTED_EDGE('',*,*,#782,.F.);
#861 = ORIENTED_EDGE('',*,*,#805,.T.);
#862 = ORIENTED_EDGE('',*,*,#863,.T.);
#863 = EDGE_CURVE('',#806,#864,#866,.T.);
#864 = VERTEX_POINT('',#865);
#865 = CARTESIAN_POINT('',(4.4,0.5,13.2));
#866 = LINE('',#867,#868);
#867 = CARTESIAN_POINT('',(4.4,0.,13.2));
#868 = VECTOR('',#869,1.);
#869 = DIRECTION('',(-0.,1.,0.));
#870 = ORIENTED_EDGE('',*,*,#871,.F.);
#871 = EDGE_CURVE('',#775,#864,#872,.T.);
#872 = LINE('',#873,#874);
#873 = CARTESIAN_POINT('',(2.4,0.5,13.2));
#874 = VECTOR('',#875,1.);
#875 = DIRECTION('',(1.,0.,-0.));
#876 = PLANE('',#877);
#877 = AXIS2_PLACEMENT_3D('',#878,#879,#880);
#878 = CARTESIAN_POINT('',(2.4,0.,13.2));
#879 = DIRECTION('',(0.,0.,1.));
#880 = DIRECTION('',(1.,0.,-0.));
#881 = ADVANCED_FACE('',(#882,#900),#934,.T.);
#882 = FACE_BOUND('',#883,.T.);
#883 = EDGE_LOOP('',(#884,#892,#893,#894));
#884 = ORIENTED_EDGE('',*,*,#885,.F.);
#885 = EDGE_CURVE('',#767,#886,#888,.T.);
#886 = VERTEX_POINT('',#887);
#887 = CARTESIAN_POINT('',(4.4,0.5,11.2));
#888 = LINE('',#889,#890);
#889 = CARTESIAN_POINT('',(2.4,0.5,11.2));
#890 = VECTOR('',#891,1.);
#891 = DIRECTION('',(1.,0.,-0.));
#892 = ORIENTED_EDGE('',*,*,#774,.T.);
#893 = ORIENTED_EDGE('',*,*,#871,.T.);
#894 = ORIENTED_EDGE('',*,*,#895,.F.);
#895 = EDGE_CURVE('',#886,#864,#896,.T.);
#896 = LINE('',#897,#898);
#897 = CARTESIAN_POINT('',(4.4,0.5,11.2));
#898 = VECTOR('',#899,1.);
#899 = DIRECTION('',(0.,0.,1.));
#900 = FACE_BOUND('',#901,.T.);
#901 = EDGE_LOOP('',(#902,#912,#920,#928));
#902 = ORIENTED_EDGE('',*,*,#903,.F.);
#903 = EDGE_CURVE('',#904,#906,#908,.T.);
#904 = VERTEX_POINT('',#905);
#905 = CARTESIAN_POINT('',(3.3,0.5,12.1));
#906 = VERTEX_POINT('',#907);
#907 = CARTESIAN_POINT('',(3.3,0.5,12.3));
#908 = LINE('',#909,#910);
#909 = CARTESIAN_POINT('',(3.3,0.5,12.1));
#910 = VECTOR('',#911,1.);
#911 = DIRECTION('',(0.,0.,1.));
#912 = ORIENTED_EDGE('',*,*,#913,.T.);
#913 = EDGE_CURVE('',#904,#914,#916,.T.);
#914 = VERTEX_POINT('',#915);
#915 = CARTESIAN_POINT('',(3.5,0.5,12.1));
#916 = LINE('',#917,#918);
#917 = CARTESIAN_POINT('',(3.3,0.5,12.1));
#918 = VECTOR('',#919,1.);
#919 = DIRECTION('',(1.,0.,-0.));
#920 = ORIENTED_EDGE('',*,*,#921,.T.);
#921 = EDGE_CURVE('',#914,#922,#924,.T.);
#922 = VERTEX_POINT('',#923);
#923 = CARTESIAN_POINT('',(3.5,0.5,12.3));
#924 = LINE('',#925,#926);
#925 = CARTESIAN_POINT('',(3.5,0.5,12.1));
#926 = VECTOR('',#927,1.);
#927 = DIRECTION('',(0.,0.,1.));
#928 = ORIENTED_EDGE('',*,*,#929,.F.);
#929 = EDGE_CURVE('',#906,#922,#930,.T.);
#930 = LINE('',#931,#932);
#931 = CARTESIAN_POINT('',(3.3,0.5,12.3));
#932 = VECTOR('',#933,1.);
#933 = DIRECTION('',(1.,0.,-0.));
#934 = PLANE('',#935);
#935 = AXIS2_PLACEMENT_3D('',#936,#937,#938);
#936 = CARTESIAN_POINT('',(2.4,0.5,11.2));
#937 = DIRECTION('',(-0.,1.,0.));
#938 = DIRECTION('',(0.,0.,1.));
#939 = ADVANCED_FACE('',(#940),#951,.F.);
#940 = FACE_BOUND('',#941,.F.);
#941 = EDGE_LOOP('',(#942,#943,#944,#950));
#942 = ORIENTED_EDGE('',*,*,#766,.F.);
#943 = ORIENTED_EDGE('',*,*,#796,.T.);
#944 = ORIENTED_EDGE('',*,*,#945,.T.);
#945 = EDGE_CURVE('',#797,#886,#946,.T.);
#946 = LINE('',#947,#948);
#947 = CARTESIAN_POINT('',(4.4,0.,11.2));
#948 = VECTOR('',#949,1.);
#949 = DIRECTION('',(-0.,1.,0.));
#950 = ORIENTED_EDGE('',*,*,#885,.F.);
#951 = PLANE('',#952);
#952 = AXIS2_PLACEMENT_3D('',#953,#954,#955);
#953 = CARTESIAN_POINT('',(2.4,0.,11.2));
#954 = DIRECTION('',(0.,0.,1.));
#955 = DIRECTION('',(1.,0.,-0.));
#956 = ADVANCED_FACE('',(#957),#963,.T.);
#957 = FACE_BOUND('',#958,.T.);
#958 = EDGE_LOOP('',(#959,#960,#961,#962));
#959 = ORIENTED_EDGE('',*,*,#813,.F.);
#960 = ORIENTED_EDGE('',*,*,#945,.T.);
#961 = ORIENTED_EDGE('',*,*,#895,.T.);
#962 = ORIENTED_EDGE('',*,*,#863,.F.);
#963 = PLANE('',#964);
#964 = AXIS2_PLACEMENT_3D('',#965,#966,#967);
#965 = CARTESIAN_POINT('',(4.4,0.,11.2));
#966 = DIRECTION('',(1.,0.,-0.));
#967 = DIRECTION('',(0.,0.,1.));
#968 = ADVANCED_FACE('',(#969),#985,.T.);
#969 = FACE_BOUND('',#970,.T.);
#970 = EDGE_LOOP('',(#971,#972,#978,#979));
#971 = ORIENTED_EDGE('',*,*,#821,.F.);
#972 = ORIENTED_EDGE('',*,*,#973,.T.);
#973 = EDGE_CURVE('',#822,#904,#974,.T.);
#974 = LINE('',#975,#976);
#975 = CARTESIAN_POINT('',(3.3,0.,12.1));
#976 = VECTOR('',#977,1.);
#977 = DIRECTION('',(-0.,1.,0.));
#978 = ORIENTED_EDGE('',*,*,#903,.T.);
#979 = ORIENTED_EDGE('',*,*,#980,.F.);
#980 = EDGE_CURVE('',#824,#906,#981,.T.);
#981 = LINE('',#982,#983);
#982 = CARTESIAN_POINT('',(3.3,0.,12.3));
#983 = VECTOR('',#984,1.);
#984 = DIRECTION('',(-0.,1.,0.));
#985 = PLANE('',#986);
#986 = AXIS2_PLACEMENT_3D('',#987,#988,#989);
#987 = CARTESIAN_POINT('',(3.3,0.,12.1));
#988 = DIRECTION('',(1.,0.,-0.));
#989 = DIRECTION('',(0.,0.,1.));
#990 = ADVANCED_FACE('',(#991),#1002,.F.);
#991 = FACE_BOUND('',#992,.F.);
#992 = EDGE_LOOP('',(#993,#994,#995,#1001));
#993 = ORIENTED_EDGE('',*,*,#980,.F.);
#994 = ORIENTED_EDGE('',*,*,#847,.T.);
#995 = ORIENTED_EDGE('',*,*,#996,.T.);
#996 = EDGE_CURVE('',#840,#922,#997,.T.);
#997 = LINE('',#998,#999);
#998 = CARTESIAN_POINT('',(3.5,0.,12.3));
#999 = VECTOR('',#1000,1.);
#1000 = DIRECTION('',(-0.,1.,0.));
#1001 = ORIENTED_EDGE('',*,*,#929,.F.);
#1002 = PLANE('',#1003);
#1003 = AXIS2_PLACEMENT_3D('',#1004,#1005,#1006);
#1004 = CARTESIAN_POINT('',(3.3,0.,12.3));
#1005 = DIRECTION('',(0.,0.,1.));
#1006 = DIRECTION('',(1.,0.,-0.));
#1007 = ADVANCED_FACE('',(#1008),#1019,.F.);
#1008 = FACE_BOUND('',#1009,.F.);
#1009 = EDGE_LOOP('',(#1010,#1011,#1017,#1018));
#1010 = ORIENTED_EDGE('',*,*,#839,.F.);
#1011 = ORIENTED_EDGE('',*,*,#1012,.T.);
#1012 = EDGE_CURVE('',#832,#914,#1013,.T.);
#1013 = LINE('',#1014,#1015);
#1014 = CARTESIAN_POINT('',(3.5,0.,12.1));
#1015 = VECTOR('',#1016,1.);
#1016 = DIRECTION('',(-0.,1.,0.));
#1017 = ORIENTED_EDGE('',*,*,#921,.T.);
#1018 = ORIENTED_EDGE('',*,*,#996,.F.);
#1019 = PLANE('',#1020);
#1020 = AXIS2_PLACEMENT_3D('',#1021,#1022,#1023);
#1021 = CARTESIAN_POINT('',(3.5,0.,12.1));
#1022 = DIRECTION('',(1.,0.,-0.));
#1023 = DIRECTION('',(0.,0.,1.));
#1024 = ADVANCED_FACE('',(#1025),#1031,.T.);
#1025 = FACE_BOUND('',#1026,.T.);
#1026 = EDGE_LOOP('',(#1027,#1028,#1029,#1030));
#1027 = ORIENTED_EDGE('',*,*,#973,.F.);
#1028 = ORIENTED_EDGE('',*,*,#831,.T.);
#1029 = ORIENTED_EDGE('',*,*,#1012,.T.);
#1030 = ORIENTED_EDGE('',*,*,#913,.F.);
#1031 = PLANE('',#1032);
#1032 = AXIS2_PLACEMENT_3D('',#1033,#1034,#1035);
#1033 = CARTESIAN_POINT('',(3.3,0.,12.1));
#1034 = DIRECTION('',(0.,0.,1.));
#1035 = DIRECTION('',(1.,0.,-0.));
#1036 = ( GEOMETRIC_REPRESENTATION_CONTEXT(3) 
GLOBAL_UNCERTAINTY_ASSIGNED_CONTEXT((#1040)) 
GLOBAL_UNIT_ASSIGNED_CONTEXT((#1037,#1038,#1039)) REPRESENTATION_CONTEXT
('Context #1','3D Context with UNIT and UNCERTAINTY') );
#1037 = ( LENGTH_UNIT() NAMED_UNIT(*) SI_UNIT(.MILLI.,.METRE.) );
#1038 = ( NAMED_UNIT(*) PLANE_ANGLE_UNIT() SI_UNIT($,.RADIAN.) );
#1039 = ( NAMED_UNIT(*) SI_UNIT($,.STERADIAN.) SOLID_ANGLE_UNIT() );
#1040 = UNCERTAINTY_MEASURE_WITH_UNIT(LENGTH_MEASURE(1.E-07),#1037,
  'distance_accuracy_value','confusion accuracy');
#1041 = CONTEXT_DEPENDENT_SHAPE_REPRESENTATION(#1042,#1044);
#1042 = ( REPRESENTATION_RELATIONSHIP('','',#749,#56) 
REPRESENTATION_RELATIONSHIP_WITH_TRANSFORMATION(#1043) 
SHAPE_REPRESENTATION_RELATIONSHIP() );
#1043 = ITEM_DEFINED_TRANSFORMATION('','',#11,#65);
#1044 = PRODUCT_DEFINITION_SHAPE('Placement','Placement of an item',
  #1045);
#1045 = NEXT_ASSEMBLY_USAGE_OCCURRENCE('381','Core_1_3','',#51,#744,$);
#1046 = PRODUCT_RELATED_PRODUCT_CATEGORY('part',$,(#746));
#1047 = SHAPE_DEFINITION_REPRESENTATION(#1048,#1054);
#1048 = PRODUCT_DEFINITION_SHAPE('','',#1049);
#1049 = PRODUCT_DEFINITION('design','',#1050,#1053);
#1050 = PRODUCT_DEFINITION_FORMATION('','',#1051);
#1051 = PRODUCT('Core_1_4','Core_1_4','',(#1052));
#1052 = PRODUCT_CONTEXT('',#2,'mechanical');
#1053 = PRODUCT_DEFINITION_CONTEXT('part definition',#2,'design');
#1054 = ADVANCED_BREP_SHAPE_REPRESENTATION('',(#11,#1055),#1341);
#1055 = MANIFOLD_SOLID_BREP('',#1056);
#1056 = CLOSED_SHELL('',(#1057,#1097,#1162,#1186,#1244,#1261,#1273,#1295
    ,#1312,#1329));
#1057 = ADVANCED_FACE('',(#1058),#1092,.F.);
#1058 = FACE_BOUND('',#1059,.F.);
#1059 = EDGE_LOOP('',(#1060,#1070,#1078,#1086));
#1060 = ORIENTED_EDGE('',*,*,#1061,.F.);
#1061 = EDGE_CURVE('',#1062,#1064,#1066,.T.);
#1062 = VERTEX_POINT('',#1063);
#1063 = CARTESIAN_POINT('',(2.4,0.,15.6));
#1064 = VERTEX_POINT('',#1065);
#1065 = CARTESIAN_POINT('',(2.4,0.,17.6));
#1066 = LINE('',#1067,#1068);
#1067 = CARTESIAN_POINT('',(2.4,0.,15.6));
#1068 = VECTOR('',#1069,1.);
#1069 = DIRECTION('',(0.,0.,1.));
#1070 = ORIENTED_EDGE('',*,*,#1071,.T.);
#1071 = EDGE_CURVE('',#1062,#1072,#1074,.T.);
#1072 = VERTEX_POINT('',#1073);
#1073 = CARTESIAN_POINT('',(2.4,0.5,15.6));
#1074 = LINE('',#1075,#1076);
#1075 = CARTESIAN_POINT('',(2.4,0.,15.6));
#1076 = VECTOR('',#1077,1.);
#1077 = DIRECTION('',(-0.,1.,0.));
#1078 = ORIENTED_EDGE('',*,*,#1079,.T.);
#1079 = EDGE_CURVE('',#1072,#1080,#1082,.T.);
#1080 = VERTEX_POINT('',#1081);
#1081 = CARTESIAN_POINT('',(2.4,0.5,17.6));
#1082 = LINE('',#1083,#1084);
#1083 = CARTESIAN_POINT('',(2.4,0.5,15.6));
#1084 = VECTOR('',#1085,1.);
#1085 = DIRECTION('',(0.,0.,1.));
#1086 = ORIENTED_EDGE('',*,*,#1087,.F.);
#1087 = EDGE_CURVE('',#1064,#1080,#1088,.T.);
#1088 = LINE('',#1089,#1090);
#1089 = CARTESIAN_POINT('',(2.4,0.,17.6));
#1090 = VECTOR('',#1091,1.);
#1091 = DIRECTION('',(-0.,1.,0.));
#1092 = PLANE('',#1093);
#1093 = AXIS2_PLACEMENT_3D('',#1094,#1095,#1096);
#1094 = CARTESIAN_POINT('',(2.4,0.,15.6));
#1095 = DIRECTION('',(1.,0.,-0.));
#1096 = DIRECTION('',(0.,0.,1.));
#1097 = ADVANCED_FACE('',(#1098,#1123),#1157,.F.);
#1098 = FACE_BOUND('',#1099,.F.);
#1099 = EDGE_LOOP('',(#1100,#1108,#1109,#1117));
#1100 = ORIENTED_EDGE('',*,*,#1101,.F.);
#1101 = EDGE_CURVE('',#1062,#1102,#1104,.T.);
#1102 = VERTEX_POINT('',#1103);
#1103 = CARTESIAN_POINT('',(4.4,0.,15.6));
#1104 = LINE('',#1105,#1106);
#1105 = CARTESIAN_POINT('',(2.4,0.,15.6));
#1106 = VECTOR('',#1107,1.);
#1107 = DIRECTION('',(1.,0.,-0.));
#1108 = ORIENTED_EDGE('',*,*,#1061,.T.);
#1109 = ORIENTED_EDGE('',*,*,#1110,.T.);
#1110 = EDGE_CURVE('',#1064,#1111,#1113,.T.);
#1111 = VERTEX_POINT('',#1112);
#1112 = CARTESIAN_POINT('',(4.4,0.,17.6));
#1113 = LINE('',#1114,#1115);
#1114 = CARTESIAN_POINT('',(2.4,0.,17.6));
#1115 = VECTOR('',#1116,1.);
#1116 = DIRECTION('',(1.,0.,-0.));
#1117 = ORIENTED_EDGE('',*,*,#1118,.F.);
#1118 = EDGE_CURVE('',#1102,#1111,#1119,.T.);
#1119 = LINE('',#1120,#1121);
#1120 = CARTESIAN_POINT('',(4.4,0.,15.6));
#1121 = VECTOR('',#1122,1.);
#1122 = DIRECTION('',(0.,0.,1.));
#1123 = FACE_BOUND('',#1124,.F.);
#1124 = EDGE_LOOP('',(#1125,#1135,#1143,#1151));
#1125 = ORIENTED_EDGE('',*,*,#1126,.F.);
#1126 = EDGE_CURVE('',#1127,#1129,#1131,.T.);
#1127 = VERTEX_POINT('',#1128);
#1128 = CARTESIAN_POINT('',(3.3,0.,16.5));
#1129 = VERTEX_POINT('',#1130);
#1130 = CARTESIAN_POINT('',(3.3,0.,16.7));
#1131 = LINE('',#1132,#1133);
#1132 = CARTESIAN_POINT('',(3.3,0.,16.5));
#1133 = VECTOR('',#1134,1.);
#1134 = DIRECTION('',(0.,0.,1.));
#1135 = ORIENTED_EDGE('',*,*,#1136,.T.);
#1136 = EDGE_CURVE('',#1127,#1137,#1139,.T.);
#1137 = VERTEX_POINT('',#1138);
#1138 = CARTESIAN_POINT('',(3.5,0.,16.5));
#1139 = LINE('',#1140,#1141);
#1140 = CARTESIAN_POINT('',(3.3,0.,16.5));
#1141 = VECTOR('',#1142,1.);
#1142 = DIRECTION('',(1.,0.,-0.));
#1143 = ORIENTED_EDGE('',*,*,#1144,.T.);
#1144 = EDGE_CURVE('',#1137,#1145,#1147,.T.);
#1145 = VERTEX_POINT('',#1146);
#1146 = CARTESIAN_POINT('',(3.5,0.,16.7));
#1147 = LINE('',#1148,#1149);
#1148 = CARTESIAN_POINT('',(3.5,0.,16.5));
#1149 = VECTOR('',#1150,1.);
#1150 = DIRECTION('',(0.,0.,1.));
#1151 = ORIENTED_EDGE('',*,*,#1152,.F.);
#1152 = EDGE_CURVE('',#1129,#1145,#1153,.T.);
#1153 = LINE('',#1154,#1155);
#1154 = CARTESIAN_POINT('',(3.3,0.,16.7));
#1155 = VECTOR('',#1156,1.);
#1156 = DIRECTION('',(1.,0.,-0.));
#1157 = PLANE('',#1158);
#1158 = AXIS2_PLACEMENT_3D('',#1159,#1160,#1161);
#1159 = CARTESIAN_POINT('',(2.4,0.,15.6));
#1160 = DIRECTION('',(-0.,1.,0.));
#1161 = DIRECTION('',(0.,0.,1.));
#1162 = ADVANCED_FACE('',(#1163),#1181,.T.);
#1163 = FACE_BOUND('',#1164,.T.);
#1164 = EDGE_LOOP('',(#1165,#1166,#1167,#1175));
#1165 = ORIENTED_EDGE('',*,*,#1087,.F.);
#1166 = ORIENTED_EDGE('',*,*,#1110,.T.);
#1167 = ORIENTED_EDGE('',*,*,#1168,.T.);
#1168 = EDGE_CURVE('',#1111,#1169,#1171,.T.);
#1169 = VERTEX_POINT('',#1170);
#1170 = CARTESIAN_POINT('',(4.4,0.5,17.6));
#1171 = LINE('',#1172,#1173);
#1172 = CARTESIAN_POINT('',(4.4,0.,17.6));
#1173 = VECTOR('',#1174,1.);
#1174 = DIRECTION('',(-0.,1.,0.));
#1175 = ORIENTED_EDGE('',*,*,#1176,.F.);
#1176 = EDGE_CURVE('',#1080,#1169,#1177,.T.);
#1177 = LINE('',#1178,#1179);
#1178 = CARTESIAN_POINT('',(2.4,0.5,17.6));
#1179 = VECTOR('',#1180,1.);
#1180 = DIRECTION('',(1.,0.,-0.));
#1181 = PLANE('',#1182);
#1182 = AXIS2_PLACEMENT_3D('',#1183,#1184,#1185);
#1183 = CARTESIAN_POINT('',(2.4,0.,17.6));
#1184 = DIRECTION('',(0.,0.,1.));
#1185 = DIRECTION('',(1.,0.,-0.));
#1186 = ADVANCED_FACE('',(#1187,#1205),#1239,.T.);
#1187 = FACE_BOUND('',#1188,.T.);
#1188 = EDGE_LOOP('',(#1189,#1197,#1198,#1199));
#1189 = ORIENTED_EDGE('',*,*,#1190,.F.);
#1190 = EDGE_CURVE('',#1072,#1191,#1193,.T.);
#1191 = VERTEX_POINT('',#1192);
#1192 = CARTESIAN_POINT('',(4.4,0.5,15.6));
#1193 = LINE('',#1194,#1195);
#1194 = CARTESIAN_POINT('',(2.4,0.5,15.6));
#1195 = VECTOR('',#1196,1.);
#1196 = DIRECTION('',(1.,0.,-0.));
#1197 = ORIENTED_EDGE('',*,*,#1079,.T.);
#1198 = ORIENTED_EDGE('',*,*,#1176,.T.);
#1199 = ORIENTED_EDGE('',*,*,#1200,.F.);
#1200 = EDGE_CURVE('',#1191,#1169,#1201,.T.);
#1201 = LINE('',#1202,#1203);
#1202 = CARTESIAN_POINT('',(4.4,0.5,15.6));
#1203 = VECTOR('',#1204,1.);
#1204 = DIRECTION('',(0.,0.,1.));
#1205 = FACE_BOUND('',#1206,.T.);
#1206 = EDGE_LOOP('',(#1207,#1217,#1225,#1233));
#1207 = ORIENTED_EDGE('',*,*,#1208,.F.);
#1208 = EDGE_CURVE('',#1209,#1211,#1213,.T.);
#1209 = VERTEX_POINT('',#1210);
#1210 = CARTESIAN_POINT('',(3.3,0.5,16.5));
#1211 = VERTEX_POINT('',#1212);
#1212 = CARTESIAN_POINT('',(3.3,0.5,16.7));
#1213 = LINE('',#1214,#1215);
#1214 = CARTESIAN_POINT('',(3.3,0.5,16.5));
#1215 = VECTOR('',#1216,1.);
#1216 = DIRECTION('',(0.,0.,1.));
#1217 = ORIENTED_EDGE('',*,*,#1218,.T.);
#1218 = EDGE_CURVE('',#1209,#1219,#1221,.T.);
#1219 = VERTEX_POINT('',#1220);
#1220 = CARTESIAN_POINT('',(3.5,0.5,16.5));
#1221 = LINE('',#1222,#1223);
#1222 = CARTESIAN_POINT('',(3.3,0.5,16.5));
#1223 = VECTOR('',#1224,1.);
#1224 = DIRECTION('',(1.,0.,-0.));
#1225 = ORIENTED_EDGE('',*,*,#1226,.T.);
#1226 = EDGE_CURVE('',#1219,#1227,#1229,.T.);
#1227 = VERTEX_POINT('',#1228);
#1228 = CARTESIAN_POINT('',(3.5,0.5,16.7));
#1229 = LINE('',#1230,#1231);
#1230 = CARTESIAN_POINT('',(3.5,0.5,16.5));
#1231 = VECTOR('',#1232,1.);
#1232 = DIRECTION('',(0.,0.,1.));
#1233 = ORIENTED_EDGE('',*,*,#1234,.F.);
#1234 = EDGE_CURVE('',#1211,#1227,#1235,.T.);
#1235 = LINE('',#1236,#1237);
#1236 = CARTESIAN_POINT('',(3.3,0.5,16.7));
#1237 = VECTOR('',#1238,1.);
#1238 = DIRECTION('',(1.,0.,-0.));
#1239 = PLANE('',#1240);
#1240 = AXIS2_PLACEMENT_3D('',#1241,#1242,#1243);
#1241 = CARTESIAN_POINT('',(2.4,0.5,15.6));
#1242 = DIRECTION('',(-0.,1.,0.));
#1243 = DIRECTION('',(0.,0.,1.));
#1244 = ADVANCED_FACE('',(#1245),#1256,.F.);
#1245 = FACE_BOUND('',#1246,.F.);
#1246 = EDGE_LOOP('',(#1247,#1248,#1249,#1255));
#1247 = ORIENTED_EDGE('',*,*,#1071,.F.);
#1248 = ORIENTED_EDGE('',*,*,#1101,.T.);
#1249 = ORIENTED_EDGE('',*,*,#1250,.T.);
#1250 = EDGE_CURVE('',#1102,#1191,#1251,.T.);
#1251 = LINE('',#1252,#1253);
#1252 = CARTESIAN_POINT('',(4.4,0.,15.6));
#1253 = VECTOR('',#1254,1.);
#1254 = DIRECTION('',(-0.,1.,0.));
#1255 = ORIENTED_EDGE('',*,*,#1190,.F.);
#1256 = PLANE('',#1257);
#1257 = AXIS2_PLACEMENT_3D('',#1258,#1259,#1260);
#1258 = CARTESIAN_POINT('',(2.4,0.,15.6));
#1259 = DIRECTION('',(0.,0.,1.));
#1260 = DIRECTION('',(1.,0.,-0.));
#1261 = ADVANCED_FACE('',(#1262),#1268,.T.);
#1262 = FACE_BOUND('',#1263,.T.);
#1263 = EDGE_LOOP('',(#1264,#1265,#1266,#1267));
#1264 = ORIENTED_EDGE('',*,*,#1118,.F.);
#1265 = ORIENTED_EDGE('',*,*,#1250,.T.);
#1266 = ORIENTED_EDGE('',*,*,#1200,.T.);
#1267 = ORIENTED_EDGE('',*,*,#1168,.F.);
#1268 = PLANE('',#1269);
#1269 = AXIS2_PLACEMENT_3D('',#1270,#1271,#1272);
#1270 = CARTESIAN_POINT('',(4.4,0.,15.6));
#1271 = DIRECTION('',(1.,0.,-0.));
#1272 = DIRECTION('',(0.,0.,1.));
#1273 = ADVANCED_FACE('',(#1274),#1290,.T.);
#1274 = FACE_BOUND('',#1275,.T.);
#1275 = EDGE_LOOP('',(#1276,#1277,#1283,#1284));
#1276 = ORIENTED_EDGE('',*,*,#1126,.F.);
#1277 = ORIENTED_EDGE('',*,*,#1278,.T.);
#1278 = EDGE_CURVE('',#1127,#1209,#1279,.T.);
#1279 = LINE('',#1280,#1281);
#1280 = CARTESIAN_POINT('',(3.3,0.,16.5));
#1281 = VECTOR('',#1282,1.);
#1282 = DIRECTION('',(-0.,1.,0.));
#1283 = ORIENTED_EDGE('',*,*,#1208,.T.);
#1284 = ORIENTED_EDGE('',*,*,#1285,.F.);
#1285 = EDGE_CURVE('',#1129,#1211,#1286,.T.);
#1286 = LINE('',#1287,#1288);
#1287 = CARTESIAN_POINT('',(3.3,0.,16.7));
#1288 = VECTOR('',#1289,1.);
#1289 = DIRECTION('',(-0.,1.,0.));
#1290 = PLANE('',#1291);
#1291 = AXIS2_PLACEMENT_3D('',#1292,#1293,#1294);
#1292 = CARTESIAN_POINT('',(3.3,0.,16.5));
#1293 = DIRECTION('',(1.,0.,-0.));
#1294 = DIRECTION('',(0.,0.,1.));
#1295 = ADVANCED_FACE('',(#1296),#1307,.F.);
#1296 = FACE_BOUND('',#1297,.F.);
#1297 = EDGE_LOOP('',(#1298,#1299,#1300,#1306));
#1298 = ORIENTED_EDGE('',*,*,#1285,.F.);
#1299 = ORIENTED_EDGE('',*,*,#1152,.T.);
#1300 = ORIENTED_EDGE('',*,*,#1301,.T.);
#1301 = EDGE_CURVE('',#1145,#1227,#1302,.T.);
#1302 = LINE('',#1303,#1304);
#1303 = CARTESIAN_POINT('',(3.5,0.,16.7));
#1304 = VECTOR('',#1305,1.);
#1305 = DIRECTION('',(-0.,1.,0.));
#1306 = ORIENTED_EDGE('',*,*,#1234,.F.);
#1307 = PLANE('',#1308);
#1308 = AXIS2_PLACEMENT_3D('',#1309,#1310,#1311);
#1309 = CARTESIAN_POINT('',(3.3,0.,16.7));
#1310 = DIRECTION('',(0.,0.,1.));
#1311 = DIRECTION('',(1.,0.,-0.));
#1312 = ADVANCED_FACE('',(#1313),#1324,.F.);
#1313 = FACE_BOUND('',#1314,.F.);
#1314 = EDGE_LOOP('',(#1315,#1316,#1322,#1323));
#1315 = ORIENTED_EDGE('',*,*,#1144,.F.);
#1316 = ORIENTED_EDGE('',*,*,#1317,.T.);
#1317 = EDGE_CURVE('',#1137,#1219,#1318,.T.);
#1318 = LINE('',#1319,#1320);
#1319 = CARTESIAN_POINT('',(3.5,0.,16.5));
#1320 = VECTOR('',#1321,1.);
#1321 = DIRECTION('',(-0.,1.,0.));
#1322 = ORIENTED_EDGE('',*,*,#1226,.T.);
#1323 = ORIENTED_EDGE('',*,*,#1301,.F.);
#1324 = PLANE('',#1325);
#1325 = AXIS2_PLACEMENT_3D('',#1326,#1327,#1328);
#1326 = CARTESIAN_POINT('',(3.5,0.,16.5));
#1327 = DIRECTION('',(1.,0.,-0.));
#1328 = DIRECTION('',(0.,0.,1.));
#1329 = ADVANCED_FACE('',(#1330),#1336,.T.);
#1330 = FACE_BOUND('',#1331,.T.);
#1331 = EDGE_LOOP('',(#1332,#1333,#1334,#1335));
#1332 = ORIENTED_EDGE('',*,*,#1278,.F.);
#1333 = ORIENTED_EDGE('',*,*,#1136,.T.);
#1334 = ORIENTED_EDGE('',*,*,#1317,.T.);
#1335 = ORIENTED_EDGE('',*,*,#1218,.F.);
#1336 = PLANE('',#1337);
#1337 = AXIS2_PLACEMENT_3D('',#1338,#1339,#1340);
#1338 = CARTESIAN_POINT('',(3.3,0.,16.5));
#1339 = DIRECTION('',(0.,0.,1.));
#1340 = DIRECTION('',(1.,0.,-0.));
#1341 = ( GEOMETRIC_REPRESENTATION_CONTEXT(3) 
GLOBAL_UNCERTAINTY_ASSIGNED_CONTEXT((#1345)) 
GLOBAL_UNIT_ASSIGNED_CONTEXT((#1342,#1343,#1344)) REPRESENTATION_CONTEXT
('Context #1','3D Context with UNIT and UNCERTAINTY') );
#1342 = ( LENGTH_UNIT() NAMED_UNIT(*) SI_UNIT(.MILLI.,.METRE.) );
#1343 = ( NAMED_UNIT(*) PLANE_ANGLE_UNIT() SI_UNIT($,.RADIAN.) );
#1344 = ( NAMED_UNIT(*) SI_UNIT($,.STERADIAN.) SOLID_ANGLE_UNIT() );
#1345 = UNCERTAINTY_MEASURE_WITH_UNIT(LENGTH_MEASURE(1.E-07),#1342,
  'distance_accuracy_value','confusion accuracy');
#1346 = CONTEXT_DEPENDENT_SHAPE_REPRESENTATION(#1347,#1349);
#1347 = ( REPRESENTATION_RELATIONSHIP('','',#1054,#56) 
REPRESENTATION_RELATIONSHIP_WITH_TRANSFORMATION(#1348) 
SHAPE_REPRESENTATION_RELATIONSHIP() );
#1348 = ITEM_DEFINED_TRANSFORMATION('','',#11,#69);
#1349 = PRODUCT_DEFINITION_SHAPE('Placement','Placement of an item',
  #1350);
#1350 = NEXT_ASSEMBLY_USAGE_OCCURRENCE('382','Core_1_4','',#51,#1049,$);
#1351 = PRODUCT_RELATED_PRODUCT_CATEGORY('part',$,(#1051));
#1352 = SHAPE_DEFINITION_REPRESENTATION(#1353,#1359);
#1353 = PRODUCT_DEFINITION_SHAPE('','',#1354);
#1354 = PRODUCT_DEFINITION('design','',#1355,#1358);
#1355 = PRODUCT_DEFINITION_FORMATION('','',#1356);
#1356 = PRODUCT('Core_2_1','Core_2_1','',(#1357));
#1357 = PRODUCT_CONTEXT('',#2,'mechanical');
#1358 = PRODUCT_DEFINITION_CONTEXT('part definition',#2,'design');
#1359 = ADVANCED_BREP_SHAPE_REPRESENTATION('',(#11,#1360),#1646);
#1360 = MANIFOLD_SOLID_BREP('',#1361);
#1361 = CLOSED_SHELL('',(#1362,#1402,#1467,#1491,#1549,#1566,#1578,#1600
    ,#1617,#1634));
#1362 = ADVANCED_FACE('',(#1363),#1397,.F.);
#1363 = FACE_BOUND('',#1364,.F.);
#1364 = EDGE_LOOP('',(#1365,#1375,#1383,#1391));
#1365 = ORIENTED_EDGE('',*,*,#1366,.F.);
#1366 = EDGE_CURVE('',#1367,#1369,#1371,.T.);
#1367 = VERTEX_POINT('',#1368);
#1368 = CARTESIAN_POINT('',(6.8,0.,2.4));
#1369 = VERTEX_POINT('',#1370);
#1370 = CARTESIAN_POINT('',(6.8,0.,4.4));
#1371 = LINE('',#1372,#1373);
#1372 = CARTESIAN_POINT('',(6.8,0.,2.4));
#1373 = VECTOR('',#1374,1.);
#1374 = DIRECTION('',(0.,0.,1.));
#1375 = ORIENTED_EDGE('',*,*,#1376,.T.);
#1376 = EDGE_CURVE('',#1367,#1377,#1379,.T.);
#1377 = VERTEX_POINT('',#1378);
#1378 = CARTESIAN_POINT('',(6.8,0.5,2.4));
#1379 = LINE('',#1380,#1381);
#1380 = CARTESIAN_POINT('',(6.8,0.,2.4));
#1381 = VECTOR('',#1382,1.);
#1382 = DIRECTION('',(-0.,1.,0.));
#1383 = ORIENTED_EDGE('',*,*,#1384,.T.);
#1384 = EDGE_CURVE('',#1377,#1385,#1387,.T.);
#1385 = VERTEX_POINT('',#1386);
#1386 = CARTESIAN_POINT('',(6.8,0.5,4.4));
#1387 = LINE('',#1388,#1389);
#1388 = CARTESIAN_POINT('',(6.8,0.5,2.4));
#1389 = VECTOR('',#1390,1.);
#1390 = DIRECTION('',(0.,0.,1.));
#1391 = ORIENTED_EDGE('',*,*,#1392,.F.);
#1392 = EDGE_CURVE('',#1369,#1385,#1393,.T.);
#1393 = LINE('',#1394,#1395);
#1394 = CARTESIAN_POINT('',(6.8,0.,4.4));
#1395 = VECTOR('',#1396,1.);
#1396 = DIRECTION('',(-0.,1.,0.));
#1397 = PLANE('',#1398);
#1398 = AXIS2_PLACEMENT_3D('',#1399,#1400,#1401);
#1399 = CARTESIAN_POINT('',(6.8,0.,2.4));
#1400 = DIRECTION('',(1.,0.,-0.));
#1401 = DIRECTION('',(0.,0.,1.));
#1402 = ADVANCED_FACE('',(#1403,#1428),#1462,.F.);
#1403 = FACE_BOUND('',#1404,.F.);
#1404 = EDGE_LOOP('',(#1405,#1413,#1414,#1422));
#1405 = ORIENTED_EDGE('',*,*,#1406,.F.);
#1406 = EDGE_CURVE('',#1367,#1407,#1409,.T.);
#1407 = VERTEX_POINT('',#1408);
#1408 = CARTESIAN_POINT('',(8.8,0.,2.4));
#1409 = LINE('',#1410,#1411);
#1410 = CARTESIAN_POINT('',(6.8,0.,2.4));
#1411 = VECTOR('',#1412,1.);
#1412 = DIRECTION('',(1.,0.,-0.));
#1413 = ORIENTED_EDGE('',*,*,#1366,.T.);
#1414 = ORIENTED_EDGE('',*,*,#1415,.T.);
#1415 = EDGE_CURVE('',#1369,#1416,#1418,.T.);
#1416 = VERTEX_POINT('',#1417);
#1417 = CARTESIAN_POINT('',(8.8,0.,4.4));
#1418 = LINE('',#1419,#1420);
#1419 = CARTESIAN_POINT('',(6.8,0.,4.4));
#1420 = VECTOR('',#1421,1.);
#1421 = DIRECTION('',(1.,0.,-0.));
#1422 = ORIENTED_EDGE('',*,*,#1423,.F.);
#1423 = EDGE_CURVE('',#1407,#1416,#1424,.T.);
#1424 = LINE('',#1425,#1426);
#1425 = CARTESIAN_POINT('',(8.8,0.,2.4));
#1426 = VECTOR('',#1427,1.);
#1427 = DIRECTION('',(0.,0.,1.));
#1428 = FACE_BOUND('',#1429,.F.);
#1429 = EDGE_LOOP('',(#1430,#1440,#1448,#1456));
#1430 = ORIENTED_EDGE('',*,*,#1431,.F.);
#1431 = EDGE_CURVE('',#1432,#1434,#1436,.T.);
#1432 = VERTEX_POINT('',#1433);
#1433 = CARTESIAN_POINT('',(7.7,0.,3.3));
#1434 = VERTEX_POINT('',#1435);
#1435 = CARTESIAN_POINT('',(7.7,0.,3.5));
#1436 = LINE('',#1437,#1438);
#1437 = CARTESIAN_POINT('',(7.7,0.,3.3));
#1438 = VECTOR('',#1439,1.);
#1439 = DIRECTION('',(0.,0.,1.));
#1440 = ORIENTED_EDGE('',*,*,#1441,.T.);
#1441 = EDGE_CURVE('',#1432,#1442,#1444,.T.);
#1442 = VERTEX_POINT('',#1443);
#1443 = CARTESIAN_POINT('',(7.9,0.,3.3));
#1444 = LINE('',#1445,#1446);
#1445 = CARTESIAN_POINT('',(7.7,0.,3.3));
#1446 = VECTOR('',#1447,1.);
#1447 = DIRECTION('',(1.,0.,-0.));
#1448 = ORIENTED_EDGE('',*,*,#1449,.T.);
#1449 = EDGE_CURVE('',#1442,#1450,#1452,.T.);
#1450 = VERTEX_POINT('',#1451);
#1451 = CARTESIAN_POINT('',(7.9,0.,3.5));
#1452 = LINE('',#1453,#1454);
#1453 = CARTESIAN_POINT('',(7.9,0.,3.3));
#1454 = VECTOR('',#1455,1.);
#1455 = DIRECTION('',(0.,0.,1.));
#1456 = ORIENTED_EDGE('',*,*,#1457,.F.);
#1457 = EDGE_CURVE('',#1434,#1450,#1458,.T.);
#1458 = LINE('',#1459,#1460);
#1459 = CARTESIAN_POINT('',(7.7,0.,3.5));
#1460 = VECTOR('',#1461,1.);
#1461 = DIRECTION('',(1.,0.,-0.));
#1462 = PLANE('',#1463);
#1463 = AXIS2_PLACEMENT_3D('',#1464,#1465,#1466);
#1464 = CARTESIAN_POINT('',(6.8,0.,2.4));
#1465 = DIRECTION('',(-0.,1.,0.));
#1466 = DIRECTION('',(0.,0.,1.));
#1467 = ADVANCED_FACE('',(#1468),#1486,.T.);
#1468 = FACE_BOUND('',#1469,.T.);
#1469 = EDGE_LOOP('',(#1470,#1471,#1472,#1480));
#1470 = ORIENTED_EDGE('',*,*,#1392,.F.);
#1471 = ORIENTED_EDGE('',*,*,#1415,.T.);
#1472 = ORIENTED_EDGE('',*,*,#1473,.T.);
#1473 = EDGE_CURVE('',#1416,#1474,#1476,.T.);
#1474 = VERTEX_POINT('',#1475);
#1475 = CARTESIAN_POINT('',(8.8,0.5,4.4));
#1476 = LINE('',#1477,#1478);
#1477 = CARTESIAN_POINT('',(8.8,0.,4.4));
#1478 = VECTOR('',#1479,1.);
#1479 = DIRECTION('',(-0.,1.,0.));
#1480 = ORIENTED_EDGE('',*,*,#1481,.F.);
#1481 = EDGE_CURVE('',#1385,#1474,#1482,.T.);
#1482 = LINE('',#1483,#1484);
#1483 = CARTESIAN_POINT('',(6.8,0.5,4.4));
#1484 = VECTOR('',#1485,1.);
#1485 = DIRECTION('',(1.,0.,-0.));
#1486 = PLANE('',#1487);
#1487 = AXIS2_PLACEMENT_3D('',#1488,#1489,#1490);
#1488 = CARTESIAN_POINT('',(6.8,0.,4.4));
#1489 = DIRECTION('',(0.,0.,1.));
#1490 = DIRECTION('',(1.,0.,-0.));
#1491 = ADVANCED_FACE('',(#1492,#1510),#1544,.T.);
#1492 = FACE_BOUND('',#1493,.T.);
#1493 = EDGE_LOOP('',(#1494,#1502,#1503,#1504));
#1494 = ORIENTED_EDGE('',*,*,#1495,.F.);
#1495 = EDGE_CURVE('',#1377,#1496,#1498,.T.);
#1496 = VERTEX_POINT('',#1497);
#1497 = CARTESIAN_POINT('',(8.8,0.5,2.4));
#1498 = LINE('',#1499,#1500);
#1499 = CARTESIAN_POINT('',(6.8,0.5,2.4));
#1500 = VECTOR('',#1501,1.);
#1501 = DIRECTION('',(1.,0.,-0.));
#1502 = ORIENTED_EDGE('',*,*,#1384,.T.);
#1503 = ORIENTED_EDGE('',*,*,#1481,.T.);
#1504 = ORIENTED_EDGE('',*,*,#1505,.F.);
#1505 = EDGE_CURVE('',#1496,#1474,#1506,.T.);
#1506 = LINE('',#1507,#1508);
#1507 = CARTESIAN_POINT('',(8.8,0.5,2.4));
#1508 = VECTOR('',#1509,1.);
#1509 = DIRECTION('',(0.,0.,1.));
#1510 = FACE_BOUND('',#1511,.T.);
#1511 = EDGE_LOOP('',(#1512,#1522,#1530,#1538));
#1512 = ORIENTED_EDGE('',*,*,#1513,.F.);
#1513 = EDGE_CURVE('',#1514,#1516,#1518,.T.);
#1514 = VERTEX_POINT('',#1515);
#1515 = CARTESIAN_POINT('',(7.7,0.5,3.3));
#1516 = VERTEX_POINT('',#1517);
#1517 = CARTESIAN_POINT('',(7.7,0.5,3.5));
#1518 = LINE('',#1519,#1520);
#1519 = CARTESIAN_POINT('',(7.7,0.5,3.3));
#1520 = VECTOR('',#1521,1.);
#1521 = DIRECTION('',(0.,0.,1.));
#1522 = ORIENTED_EDGE('',*,*,#1523,.T.);
#1523 = EDGE_CURVE('',#1514,#1524,#1526,.T.);
#1524 = VERTEX_POINT('',#1525);
#1525 = CARTESIAN_POINT('',(7.9,0.5,3.3));
#1526 = LINE('',#1527,#1528);
#1527 = CARTESIAN_POINT('',(7.7,0.5,3.3));
#1528 = VECTOR('',#1529,1.);
#1529 = DIRECTION('',(1.,0.,-0.));
#1530 = ORIENTED_EDGE('',*,*,#1531,.T.);
#1531 = EDGE_CURVE('',#1524,#1532,#1534,.T.);
#1532 = VERTEX_POINT('',#1533);
#1533 = CARTESIAN_POINT('',(7.9,0.5,3.5));
#1534 = LINE('',#1535,#1536);
#1535 = CARTESIAN_POINT('',(7.9,0.5,3.3));
#1536 = VECTOR('',#1537,1.);
#1537 = DIRECTION('',(0.,0.,1.));
#1538 = ORIENTED_EDGE('',*,*,#1539,.F.);
#1539 = EDGE_CURVE('',#1516,#1532,#1540,.T.);
#1540 = LINE('',#1541,#1542);
#1541 = CARTESIAN_POINT('',(7.7,0.5,3.5));
#1542 = VECTOR('',#1543,1.);
#1543 = DIRECTION('',(1.,0.,-0.));
#1544 = PLANE('',#1545);
#1545 = AXIS2_PLACEMENT_3D('',#1546,#1547,#1548);
#1546 = CARTESIAN_POINT('',(6.8,0.5,2.4));
#1547 = DIRECTION('',(-0.,1.,0.));
#1548 = DIRECTION('',(0.,0.,1.));
#1549 = ADVANCED_FACE('',(#1550),#1561,.F.);
#1550 = FACE_BOUND('',#1551,.F.);
#1551 = EDGE_LOOP('',(#1552,#1553,#1554,#1560));
#1552 = ORIENTED_EDGE('',*,*,#1376,.F.);
#1553 = ORIENTED_EDGE('',*,*,#1406,.T.);
#1554 = ORIENTED_EDGE('',*,*,#1555,.T.);
#1555 = EDGE_CURVE('',#1407,#1496,#1556,.T.);
#1556 = LINE('',#1557,#1558);
#1557 = CARTESIAN_POINT('',(8.8,0.,2.4));
#1558 = VECTOR('',#1559,1.);
#1559 = DIRECTION('',(-0.,1.,0.));
#1560 = ORIENTED_EDGE('',*,*,#1495,.F.);
#1561 = PLANE('',#1562);
#1562 = AXIS2_PLACEMENT_3D('',#1563,#1564,#1565);
#1563 = CARTESIAN_POINT('',(6.8,0.,2.4));
#1564 = DIRECTION('',(0.,0.,1.));
#1565 = DIRECTION('',(1.,0.,-0.));
#1566 = ADVANCED_FACE('',(#1567),#1573,.T.);
#1567 = FACE_BOUND('',#1568,.T.);
#1568 = EDGE_LOOP('',(#1569,#1570,#1571,#1572));
#1569 = ORIENTED_EDGE('',*,*,#1423,.F.);
#1570 = ORIENTED_EDGE('',*,*,#1555,.T.);
#1571 = ORIENTED_EDGE('',*,*,#1505,.T.);
#1572 = ORIENTED_EDGE('',*,*,#1473,.F.);
#1573 = PLANE('',#1574);
#1574 = AXIS2_PLACEMENT_3D('',#1575,#1576,#1577);
#1575 = CARTESIAN_POINT('',(8.8,0.,2.4));
#1576 = DIRECTION('',(1.,0.,-0.));
#1577 = DIRECTION('',(0.,0.,1.));
#1578 = ADVANCED_FACE('',(#1579),#1595,.T.);
#1579 = FACE_BOUND('',#1580,.T.);
#1580 = EDGE_LOOP('',(#1581,#1582,#1588,#1589));
#1581 = ORIENTED_EDGE('',*,*,#1431,.F.);
#1582 = ORIENTED_EDGE('',*,*,#1583,.T.);
#1583 = EDGE_CURVE('',#1432,#1514,#1584,.T.);
#1584 = LINE('',#1585,#1586);
#1585 = CARTESIAN_POINT('',(7.7,0.,3.3));
#1586 = VECTOR('',#1587,1.);
#1587 = DIRECTION('',(-0.,1.,0.));
#1588 = ORIENTED_EDGE('',*,*,#1513,.T.);
#1589 = ORIENTED_EDGE('',*,*,#1590,.F.);
#1590 = EDGE_CURVE('',#1434,#1516,#1591,.T.);
#1591 = LINE('',#1592,#1593);
#1592 = CARTESIAN_POINT('',(7.7,0.,3.5));
#1593 = VECTOR('',#1594,1.);
#1594 = DIRECTION('',(-0.,1.,0.));
#1595 = PLANE('',#1596);
#1596 = AXIS2_PLACEMENT_3D('',#1597,#1598,#1599);
#1597 = CARTESIAN_POINT('',(7.7,0.,3.3));
#1598 = DIRECTION('',(1.,0.,-0.));
#1599 = DIRECTION('',(0.,0.,1.));
#1600 = ADVANCED_FACE('',(#1601),#1612,.F.);
#1601 = FACE_BOUND('',#1602,.F.);
#1602 = EDGE_LOOP('',(#1603,#1604,#1605,#1611));
#1603 = ORIENTED_EDGE('',*,*,#1590,.F.);
#1604 = ORIENTED_EDGE('',*,*,#1457,.T.);
#1605 = ORIENTED_EDGE('',*,*,#1606,.T.);
#1606 = EDGE_CURVE('',#1450,#1532,#1607,.T.);
#1607 = LINE('',#1608,#1609);
#1608 = CARTESIAN_POINT('',(7.9,0.,3.5));
#1609 = VECTOR('',#1610,1.);
#1610 = DIRECTION('',(-0.,1.,0.));
#1611 = ORIENTED_EDGE('',*,*,#1539,.F.);
#1612 = PLANE('',#1613);
#1613 = AXIS2_PLACEMENT_3D('',#1614,#1615,#1616);
#1614 = CARTESIAN_POINT('',(7.7,0.,3.5));
#1615 = DIRECTION('',(0.,0.,1.));
#1616 = DIRECTION('',(1.,0.,-0.));
#1617 = ADVANCED_FACE('',(#1618),#1629,.F.);
#1618 = FACE_BOUND('',#1619,.F.);
#1619 = EDGE_LOOP('',(#1620,#1621,#1627,#1628));
#1620 = ORIENTED_EDGE('',*,*,#1449,.F.);
#1621 = ORIENTED_EDGE('',*,*,#1622,.T.);
#1622 = EDGE_CURVE('',#1442,#1524,#1623,.T.);
#1623 = LINE('',#1624,#1625);
#1624 = CARTESIAN_POINT('',(7.9,0.,3.3));
#1625 = VECTOR('',#1626,1.);
#1626 = DIRECTION('',(-0.,1.,0.));
#1627 = ORIENTED_EDGE('',*,*,#1531,.T.);
#1628 = ORIENTED_EDGE('',*,*,#1606,.F.);
#1629 = PLANE('',#1630);
#1630 = AXIS2_PLACEMENT_3D('',#1631,#1632,#1633);
#1631 = CARTESIAN_POINT('',(7.9,0.,3.3));
#1632 = DIRECTION('',(1.,0.,-0.));
#1633 = DIRECTION('',(0.,0.,1.));
#1634 = ADVANCED_FACE('',(#1635),#1641,.T.);
#1635 = FACE_BOUND('',#1636,.T.);
#1636 = EDGE_LOOP('',(#1637,#1638,#1639,#1640));
#1637 = ORIENTED_EDGE('',*,*,#1583,.F.);
#1638 = ORIENTED_EDGE('',*,*,#1441,.T.);
#1639 = ORIENTED_EDGE('',*,*,#1622,.T.);
#1640 = ORIENTED_EDGE('',*,*,#1523,.F.);
#1641 = PLANE('',#1642);
#1642 = AXIS2_PLACEMENT_3D('',#1643,#1644,#1645);
#1643 = CARTESIAN_POINT('',(7.7,0.,3.3));
#1644 = DIRECTION('',(0.,0.,1.));
#1645 = DIRECTION('',(1.,0.,-0.));
#1646 = ( GEOMETRIC_REPRESENTATION_CONTEXT(3) 
GLOBAL_UNCERTAINTY_ASSIGNED_CONTEXT((#1650)) 
GLOBAL_UNIT_ASSIGNED_CONTEXT((#1647,#1648,#1649)) REPRESENTATION_CONTEXT
('Context #1','3D Context with UNIT and UNCERTAINTY') );
#1647 = ( LENGTH_UNIT() NAMED_UNIT(*) SI_UNIT(.MILLI.,.METRE.) );
#1648 = ( NAMED_UNIT(*) PLANE_ANGLE_UNIT() SI_UNIT($,.RADIAN.) );
#1649 = ( NAMED_UNIT(*) SI_UNIT($,.STERADIAN.) SOLID_ANGLE_UNIT() );
#1650 = UNCERTAINTY_MEASURE_WITH_UNIT(LENGTH_MEASURE(1.E-07),#1647,
  'distance_accuracy_value','confusion accuracy');
#1651 = CONTEXT_DEPENDENT_SHAPE_REPRESENTATION(#1652,#1654);
#1652 = ( REPRESENTATION_RELATIONSHIP('','',#1359,#56) 
REPRESENTATION_RELATIONSHIP_WITH_TRANSFORMATION(#1653) 
SHAPE_REPRESENTATION_RELATIONSHIP() );
#1653 = ITEM_DEFINED_TRANSFORMATION('','',#11,#73);
#1654 = PRODUCT_DEFINITION_SHAPE('Placement','Placement of an item',
  #1655);
#1655 = NEXT_ASSEMBLY_USAGE_OCCURRENCE('383','Core_2_1','',#51,#1354,$);
#1656 = PRODUCT_RELATED_PRODUCT_CATEGORY('part',$,(#1356));
#1657 = SHAPE_DEFINITION_REPRESENTATION(#1658,#1664);
#1658 = PRODUCT_DEFINITION_SHAPE('','',#1659);
#1659 = PRODUCT_DEFINITION('design','',#1660,#1663);
#1660 = PRODUCT_DEFINITION_FORMATION('','',#1661);
#1661 = PRODUCT('Core_2_2','Core_2_2','',(#1662));
#1662 = PRODUCT_CONTEXT('',#2,'mechanical');
#1663 = PRODUCT_DEFINITION_CONTEXT('part definition',#2,'design');
#1664 = ADVANCED_BREP_SHAPE_REPRESENTATION('',(#11,#1665),#1951);
#1665 = MANIFOLD_SOLID_BREP('',#1666);
#1666 = CLOSED_SHELL('',(#1667,#1707,#1772,#1796,#1854,#1871,#1883,#1905
    ,#1922,#1939));
#1667 = ADVANCED_FACE('',(#1668),#1702,.F.);
#1668 = FACE_BOUND('',#1669,.F.);
#1669 = EDGE_LOOP('',(#1670,#1680,#1688,#1696));
#1670 = ORIENTED_EDGE('',*,*,#1671,.F.);
#1671 = EDGE_CURVE('',#1672,#1674,#1676,.T.);
#1672 = VERTEX_POINT('',#1673);
#1673 = CARTESIAN_POINT('',(6.8,0.,6.8));
#1674 = VERTEX_POINT('',#1675);
#1675 = CARTESIAN_POINT('',(6.8,0.,8.8));
#1676 = LINE('',#1677,#1678);
#1677 = CARTESIAN_POINT('',(6.8,0.,6.8));
#1678 = VECTOR('',#1679,1.);
#1679 = DIRECTION('',(0.,0.,1.));
#1680 = ORIENTED_EDGE('',*,*,#1681,.T.);
#1681 = EDGE_CURVE('',#1672,#1682,#1684,.T.);
#1682 = VERTEX_POINT('',#1683);
#1683 = CARTESIAN_POINT('',(6.8,0.5,6.8));
#1684 = LINE('',#1685,#1686);
#1685 = CARTESIAN_POINT('',(6.8,0.,6.8));
#1686 = VECTOR('',#1687,1.);
#1687 = DIRECTION('',(-0.,1.,0.));
#1688 = ORIENTED_EDGE('',*,*,#1689,.T.);
#1689 = EDGE_CURVE('',#1682,#1690,#1692,.T.);
#1690 = VERTEX_POINT('',#1691);
#1691 = CARTESIAN_POINT('',(6.8,0.5,8.8));
#1692 = LINE('',#1693,#1694);
#1693 = CARTESIAN_POINT('',(6.8,0.5,6.8));
#1694 = VECTOR('',#1695,1.);
#1695 = DIRECTION('',(0.,0.,1.));
#1696 = ORIENTED_EDGE('',*,*,#1697,.F.);
#1697 = EDGE_CURVE('',#1674,#1690,#1698,.T.);
#1698 = LINE('',#1699,#1700);
#1699 = CARTESIAN_POINT('',(6.8,0.,8.8));
#1700 = VECTOR('',#1701,1.);
#1701 = DIRECTION('',(-0.,1.,0.));
#1702 = PLANE('',#1703);
#1703 = AXIS2_PLACEMENT_3D('',#1704,#1705,#1706);
#1704 = CARTESIAN_POINT('',(6.8,0.,6.8));
#1705 = DIRECTION('',(1.,0.,-0.));
#1706 = DIRECTION('',(0.,0.,1.));
#1707 = ADVANCED_FACE('',(#1708,#1733),#1767,.F.);
#1708 = FACE_BOUND('',#1709,.F.);
#1709 = EDGE_LOOP('',(#1710,#1718,#1719,#1727));
#1710 = ORIENTED_EDGE('',*,*,#1711,.F.);
#1711 = EDGE_CURVE('',#1672,#1712,#1714,.T.);
#1712 = VERTEX_POINT('',#1713);
#1713 = CARTESIAN_POINT('',(8.8,0.,6.8));
#1714 = LINE('',#1715,#1716);
#1715 = CARTESIAN_POINT('',(6.8,0.,6.8));
#1716 = VECTOR('',#1717,1.);
#1717 = DIRECTION('',(1.,0.,-0.));
#1718 = ORIENTED_EDGE('',*,*,#1671,.T.);
#1719 = ORIENTED_EDGE('',*,*,#1720,.T.);
#1720 = EDGE_CURVE('',#1674,#1721,#1723,.T.);
#1721 = VERTEX_POINT('',#1722);
#1722 = CARTESIAN_POINT('',(8.8,0.,8.8));
#1723 = LINE('',#1724,#1725);
#1724 = CARTESIAN_POINT('',(6.8,0.,8.8));
#1725 = VECTOR('',#1726,1.);
#1726 = DIRECTION('',(1.,0.,-0.));
#1727 = ORIENTED_EDGE('',*,*,#1728,.F.);
#1728 = EDGE_CURVE('',#1712,#1721,#1729,.T.);
#1729 = LINE('',#1730,#1731);
#1730 = CARTESIAN_POINT('',(8.8,0.,6.8));
#1731 = VECTOR('',#1732,1.);
#1732 = DIRECTION('',(0.,0.,1.));
#1733 = FACE_BOUND('',#1734,.F.);
#1734 = EDGE_LOOP('',(#1735,#1745,#1753,#1761));
#1735 = ORIENTED_EDGE('',*,*,#1736,.F.);
#1736 = EDGE_CURVE('',#1737,#1739,#1741,.T.);
#1737 = VERTEX_POINT('',#1738);
#1738 = CARTESIAN_POINT('',(7.7,0.,7.7));
#1739 = VERTEX_POINT('',#1740);
#1740 = CARTESIAN_POINT('',(7.7,0.,7.9));
#1741 = LINE('',#1742,#1743);
#1742 = CARTESIAN_POINT('',(7.7,0.,7.7));
#1743 = VECTOR('',#1744,1.);
#1744 = DIRECTION('',(0.,0.,1.));
#1745 = ORIENTED_EDGE('',*,*,#1746,.T.);
#1746 = EDGE_CURVE('',#1737,#1747,#1749,.T.);
#1747 = VERTEX_POINT('',#1748);
#1748 = CARTESIAN_POINT('',(7.9,0.,7.7));
#1749 = LINE('',#1750,#1751);
#1750 = CARTESIAN_POINT('',(7.7,0.,7.7));
#1751 = VECTOR('',#1752,1.);
#1752 = DIRECTION('',(1.,0.,-0.));
#1753 = ORIENTED_EDGE('',*,*,#1754,.T.);
#1754 = EDGE_CURVE('',#1747,#1755,#1757,.T.);
#1755 = VERTEX_POINT('',#1756);
#1756 = CARTESIAN_POINT('',(7.9,0.,7.9));
#1757 = LINE('',#1758,#1759);
#1758 = CARTESIAN_POINT('',(7.9,0.,7.7));
#1759 = VECTOR('',#1760,1.);
#1760 = DIRECTION('',(0.,0.,1.));
#1761 = ORIENTED_EDGE('',*,*,#1762,.F.);
#1762 = EDGE_CURVE('',#1739,#1755,#1763,.T.);
#1763 = LINE('',#1764,#1765);
#1764 = CARTESIAN_POINT('',(7.7,0.,7.9));
#1765 = VECTOR('',#1766,1.);
#1766 = DIRECTION('',(1.,0.,-0.));
#1767 = PLANE('',#1768);
#1768 = AXIS2_PLACEMENT_3D('',#1769,#1770,#1771);
#1769 = CARTESIAN_POINT('',(6.8,0.,6.8));
#1770 = DIRECTION('',(-0.,1.,0.));
#1771 = DIRECTION('',(0.,0.,1.));
#1772 = ADVANCED_FACE('',(#1773),#1791,.T.);
#1773 = FACE_BOUND('',#1774,.T.);
#1774 = EDGE_LOOP('',(#1775,#1776,#1777,#1785));
#1775 = ORIENTED_EDGE('',*,*,#1697,.F.);
#1776 = ORIENTED_EDGE('',*,*,#1720,.T.);
#1777 = ORIENTED_EDGE('',*,*,#1778,.T.);
#1778 = EDGE_CURVE('',#1721,#1779,#1781,.T.);
#1779 = VERTEX_POINT('',#1780);
#1780 = CARTESIAN_POINT('',(8.8,0.5,8.8));
#1781 = LINE('',#1782,#1783);
#1782 = CARTESIAN_POINT('',(8.8,0.,8.8));
#1783 = VECTOR('',#1784,1.);
#1784 = DIRECTION('',(-0.,1.,0.));
#1785 = ORIENTED_EDGE('',*,*,#1786,.F.);
#1786 = EDGE_CURVE('',#1690,#1779,#1787,.T.);
#1787 = LINE('',#1788,#1789);
#1788 = CARTESIAN_POINT('',(6.8,0.5,8.8));
#1789 = VECTOR('',#1790,1.);
#1790 = DIRECTION('',(1.,0.,-0.));
#1791 = PLANE('',#1792);
#1792 = AXIS2_PLACEMENT_3D('',#1793,#1794,#1795);
#1793 = CARTESIAN_POINT('',(6.8,0.,8.8));
#1794 = DIRECTION('',(0.,0.,1.));
#1795 = DIRECTION('',(1.,0.,-0.));
#1796 = ADVANCED_FACE('',(#1797,#1815),#1849,.T.);
#1797 = FACE_BOUND('',#1798,.T.);
#1798 = EDGE_LOOP('',(#1799,#1807,#1808,#1809));
#1799 = ORIENTED_EDGE('',*,*,#1800,.F.);
#1800 = EDGE_CURVE('',#1682,#1801,#1803,.T.);
#1801 = VERTEX_POINT('',#1802);
#1802 = CARTESIAN_POINT('',(8.8,0.5,6.8));
#1803 = LINE('',#1804,#1805);
#1804 = CARTESIAN_POINT('',(6.8,0.5,6.8));
#1805 = VECTOR('',#1806,1.);
#1806 = DIRECTION('',(1.,0.,-0.));
#1807 = ORIENTED_EDGE('',*,*,#1689,.T.);
#1808 = ORIENTED_EDGE('',*,*,#1786,.T.);
#1809 = ORIENTED_EDGE('',*,*,#1810,.F.);
#1810 = EDGE_CURVE('',#1801,#1779,#1811,.T.);
#1811 = LINE('',#1812,#1813);
#1812 = CARTESIAN_POINT('',(8.8,0.5,6.8));
#1813 = VECTOR('',#1814,1.);
#1814 = DIRECTION('',(0.,0.,1.));
#1815 = FACE_BOUND('',#1816,.T.);
#1816 = EDGE_LOOP('',(#1817,#1827,#1835,#1843));
#1817 = ORIENTED_EDGE('',*,*,#1818,.F.);
#1818 = EDGE_CURVE('',#1819,#1821,#1823,.T.);
#1819 = VERTEX_POINT('',#1820);
#1820 = CARTESIAN_POINT('',(7.7,0.5,7.7));
#1821 = VERTEX_POINT('',#1822);
#1822 = CARTESIAN_POINT('',(7.7,0.5,7.9));
#1823 = LINE('',#1824,#1825);
#1824 = CARTESIAN_POINT('',(7.7,0.5,7.7));
#1825 = VECTOR('',#1826,1.);
#1826 = DIRECTION('',(0.,0.,1.));
#1827 = ORIENTED_EDGE('',*,*,#1828,.T.);
#1828 = EDGE_CURVE('',#1819,#1829,#1831,.T.);
#1829 = VERTEX_POINT('',#1830);
#1830 = CARTESIAN_POINT('',(7.9,0.5,7.7));
#1831 = LINE('',#1832,#1833);
#1832 = CARTESIAN_POINT('',(7.7,0.5,7.7));
#1833 = VECTOR('',#1834,1.);
#1834 = DIRECTION('',(1.,0.,-0.));
#1835 = ORIENTED_EDGE('',*,*,#1836,.T.);
#1836 = EDGE_CURVE('',#1829,#1837,#1839,.T.);
#1837 = VERTEX_POINT('',#1838);
#1838 = CARTESIAN_POINT('',(7.9,0.5,7.9));
#1839 = LINE('',#1840,#1841);
#1840 = CARTESIAN_POINT('',(7.9,0.5,7.7));
#1841 = VECTOR('',#1842,1.);
#1842 = DIRECTION('',(0.,0.,1.));
#1843 = ORIENTED_EDGE('',*,*,#1844,.F.);
#1844 = EDGE_CURVE('',#1821,#1837,#1845,.T.);
#1845 = LINE('',#1846,#1847);
#1846 = CARTESIAN_POINT('',(7.7,0.5,7.9));
#1847 = VECTOR('',#1848,1.);
#1848 = DIRECTION('',(1.,0.,-0.));
#1849 = PLANE('',#1850);
#1850 = AXIS2_PLACEMENT_3D('',#1851,#1852,#1853);
#1851 = CARTESIAN_POINT('',(6.8,0.5,6.8));
#1852 = DIRECTION('',(-0.,1.,0.));
#1853 = DIRECTION('',(0.,0.,1.));
#1854 = ADVANCED_FACE('',(#1855),#1866,.F.);
#1855 = FACE_BOUND('',#1856,.F.);
#1856 = EDGE_LOOP('',(#1857,#1858,#1859,#1865));
#1857 = ORIENTED_EDGE('',*,*,#1681,.F.);
#1858 = ORIENTED_EDGE('',*,*,#1711,.T.);
#1859 = ORIENTED_EDGE('',*,*,#1860,.T.);
#1860 = EDGE_CURVE('',#1712,#1801,#1861,.T.);
#1861 = LINE('',#1862,#1863);
#1862 = CARTESIAN_POINT('',(8.8,0.,6.8));
#1863 = VECTOR('',#1864,1.);
#1864 = DIRECTION('',(-0.,1.,0.));
#1865 = ORIENTED_EDGE('',*,*,#1800,.F.);
#1866 = PLANE('',#1867);
#1867 = AXIS2_PLACEMENT_3D('',#1868,#1869,#1870);
#1868 = CARTESIAN_POINT('',(6.8,0.,6.8));
#1869 = DIRECTION('',(0.,0.,1.));
#1870 = DIRECTION('',(1.,0.,-0.));
#1871 = ADVANCED_FACE('',(#1872),#1878,.T.);
#1872 = FACE_BOUND('',#1873,.T.);
#1873 = EDGE_LOOP('',(#1874,#1875,#1876,#1877));
#1874 = ORIENTED_EDGE('',*,*,#1728,.F.);
#1875 = ORIENTED_EDGE('',*,*,#1860,.T.);
#1876 = ORIENTED_EDGE('',*,*,#1810,.T.);
#1877 = ORIENTED_EDGE('',*,*,#1778,.F.);
#1878 = PLANE('',#1879);
#1879 = AXIS2_PLACEMENT_3D('',#1880,#1881,#1882);
#1880 = CARTESIAN_POINT('',(8.8,0.,6.8));
#1881 = DIRECTION('',(1.,0.,-0.));
#1882 = DIRECTION('',(0.,0.,1.));
#1883 = ADVANCED_FACE('',(#1884),#1900,.T.);
#1884 = FACE_BOUND('',#1885,.T.);
#1885 = EDGE_LOOP('',(#1886,#1887,#1893,#1894));
#1886 = ORIENTED_EDGE('',*,*,#1736,.F.);
#1887 = ORIENTED_EDGE('',*,*,#1888,.T.);
#1888 = EDGE_CURVE('',#1737,#1819,#1889,.T.);
#1889 = LINE('',#1890,#1891);
#1890 = CARTESIAN_POINT('',(7.7,0.,7.7));
#1891 = VECTOR('',#1892,1.);
#1892 = DIRECTION('',(-0.,1.,0.));
#1893 = ORIENTED_EDGE('',*,*,#1818,.T.);
#1894 = ORIENTED_EDGE('',*,*,#1895,.F.);
#1895 = EDGE_CURVE('',#1739,#1821,#1896,.T.);
#1896 = LINE('',#1897,#1898);
#1897 = CARTESIAN_POINT('',(7.7,0.,7.9));
#1898 = VECTOR('',#1899,1.);
#1899 = DIRECTION('',(-0.,1.,0.));
#1900 = PLANE('',#1901);
#1901 = AXIS2_PLACEMENT_3D('',#1902,#1903,#1904);
#1902 = CARTESIAN_POINT('',(7.7,0.,7.7));
#1903 = DIRECTION('',(1.,0.,-0.));
#1904 = DIRECTION('',(0.,0.,1.));
#1905 = ADVANCED_FACE('',(#1906),#1917,.F.);
#1906 = FACE_BOUND('',#1907,.F.);
#1907 = EDGE_LOOP('',(#1908,#1909,#1910,#1916));
#1908 = ORIENTED_EDGE('',*,*,#1895,.F.);
#1909 = ORIENTED_EDGE('',*,*,#1762,.T.);
#1910 = ORIENTED_EDGE('',*,*,#1911,.T.);
#1911 = EDGE_CURVE('',#1755,#1837,#1912,.T.);
#1912 = LINE('',#1913,#1914);
#1913 = CARTESIAN_POINT('',(7.9,0.,7.9));
#1914 = VECTOR('',#1915,1.);
#1915 = DIRECTION('',(-0.,1.,0.));
#1916 = ORIENTED_EDGE('',*,*,#1844,.F.);
#1917 = PLANE('',#1918);
#1918 = AXIS2_PLACEMENT_3D('',#1919,#1920,#1921);
#1919 = CARTESIAN_POINT('',(7.7,0.,7.9));
#1920 = DIRECTION('',(0.,0.,1.));
#1921 = DIRECTION('',(1.,0.,-0.));
#1922 = ADVANCED_FACE('',(#1923),#1934,.F.);
#1923 = FACE_BOUND('',#1924,.F.);
#1924 = EDGE_LOOP('',(#1925,#1926,#1932,#1933));
#1925 = ORIENTED_EDGE('',*,*,#1754,.F.);
#1926 = ORIENTED_EDGE('',*,*,#1927,.T.);
#1927 = EDGE_CURVE('',#1747,#1829,#1928,.T.);
#1928 = LINE('',#1929,#1930);
#1929 = CARTESIAN_POINT('',(7.9,0.,7.7));
#1930 = VECTOR('',#1931,1.);
#1931 = DIRECTION('',(-0.,1.,0.));
#1932 = ORIENTED_EDGE('',*,*,#1836,.T.);
#1933 = ORIENTED_EDGE('',*,*,#1911,.F.);
#1934 = PLANE('',#1935);
#1935 = AXIS2_PLACEMENT_3D('',#1936,#1937,#1938);
#1936 = CARTESIAN_POINT('',(7.9,0.,7.7));
#1937 = DIRECTION('',(1.,0.,-0.));
#1938 = DIRECTION('',(0.,0.,1.));
#1939 = ADVANCED_FACE('',(#1940),#1946,.T.);
#1940 = FACE_BOUND('',#1941,.T.);
#1941 = EDGE_LOOP('',(#1942,#1943,#1944,#1945));
#1942 = ORIENTED_EDGE('',*,*,#1888,.F.);
#1943 = ORIENTED_EDGE('',*,*,#1746,.T.);
#1944 = ORIENTED_EDGE('',*,*,#1927,.T.);
#1945 = ORIENTED_EDGE('',*,*,#1828,.F.);
#1946 = PLANE('',#1947);
#1947 = AXIS2_PLACEMENT_3D('',#1948,#1949,#1950);
#1948 = CARTESIAN_POINT('',(7.7,0.,7.7));
#1949 = DIRECTION('',(0.,0.,1.));
#1950 = DIRECTION('',(1.,0.,-0.));
#1951 = ( GEOMETRIC_REPRESENTATION_CONTEXT(3) 
GLOBAL_UNCERTAINTY_ASSIGNED_CONTEXT((#1955)) 
GLOBAL_UNIT_ASSIGNED_CONTEXT((#1952,#1953,#1954)) REPRESENTATION_CONTEXT
('Context #1','3D Context with UNIT and UNCERTAINTY') );
#1952 = ( LENGTH_UNIT() NAMED_UNIT(*) SI_UNIT(.MILLI.,.METRE.) );
#1953 = ( NAMED_UNIT(*) PLANE_ANGLE_UNIT() SI_UNIT($,.RADIAN.) );
#1954 = ( NAMED_UNIT(*) SI_UNIT($,.STERADIAN.) SOLID_ANGLE_UNIT() );
#1955 = UNCERTAINTY_MEASURE_WITH_UNIT(LENGTH_MEASURE(1.E-07),#1952,
  'distance_accuracy_value','confusion accuracy');
#1956 = CONTEXT_DEPENDENT_SHAPE_REPRESENTATION(#1957,#1959);
#1957 = ( REPRESENTATION_RELATIONSHIP('','',#1664,#56) 
REPRESENTATION_RELATIONSHIP_WITH_TRANSFORMATION(#1958) 
SHAPE_REPRESENTATION_RELATIONSHIP() );
#1958 = ITEM_DEFINED_TRANSFORMATION('','',#11,#77);
#1959 = PRODUCT_DEFINITION_SHAPE('Placement','Placement of an item',
  #1960);
#1960 = NEXT_ASSEMBLY_USAGE_OCCURRENCE('384','Core_2_2','',#51,#1659,$);
#1961 = PRODUCT_RELATED_PRODUCT_CATEGORY('part',$,(#1661));
#1962 = SHAPE_DEFINITION_REPRESENTATION(#1963,#1969);
#1963 = PRODUCT_DEFINITION_SHAPE('','',#1964);
#1964 = PRODUCT_DEFINITION('design','',#1965,#1968);
#1965 = PRODUCT_DEFINITION_FORMATION('','',#1966);
#1966 = PRODUCT('Core_2_3','Core_2_3','',(#1967));
#1967 = PRODUCT_CONTEXT('',#2,'mechanical');
#1968 = PRODUCT_DEFINITION_CONTEXT('part definition',#2,'design');
#1969 = ADVANCED_BREP_SHAPE_REPRESENTATION('',(#11,#1970),#2256);
#1970 = MANIFOLD_SOLID_BREP('',#1971);
#1971 = CLOSED_SHELL('',(#1972,#2012,#2077,#2101,#2159,#2176,#2188,#2210
    ,#2227,#2244));
#1972 = ADVANCED_FACE('',(#1973),#2007,.F.);
#1973 = FACE_BOUND('',#1974,.F.);
#1974 = EDGE_LOOP('',(#1975,#1985,#1993,#2001));
#1975 = ORIENTED_EDGE('',*,*,#1976,.F.);
#1976 = EDGE_CURVE('',#1977,#1979,#1981,.T.);
#1977 = VERTEX_POINT('',#1978);
#1978 = CARTESIAN_POINT('',(6.8,0.,11.2));
#1979 = VERTEX_POINT('',#1980);
#1980 = CARTESIAN_POINT('',(6.8,0.,13.2));
#1981 = LINE('',#1982,#1983);
#1982 = CARTESIAN_POINT('',(6.8,0.,11.2));
#1983 = VECTOR('',#1984,1.);
#1984 = DIRECTION('',(0.,0.,1.));
#1985 = ORIENTED_EDGE('',*,*,#1986,.T.);
#1986 = EDGE_CURVE('',#1977,#1987,#1989,.T.);
#1987 = VERTEX_POINT('',#1988);
#1988 = CARTESIAN_POINT('',(6.8,0.5,11.2));
#1989 = LINE('',#1990,#1991);
#1990 = CARTESIAN_POINT('',(6.8,0.,11.2));
#1991 = VECTOR('',#1992,1.);
#1992 = DIRECTION('',(-0.,1.,0.));
#1993 = ORIENTED_EDGE('',*,*,#1994,.T.);
#1994 = EDGE_CURVE('',#1987,#1995,#1997,.T.);
#1995 = VERTEX_POINT('',#1996);
#1996 = CARTESIAN_POINT('',(6.8,0.5,13.2));
#1997 = LINE('',#1998,#1999);
#1998 = CARTESIAN_POINT('',(6.8,0.5,11.2));
#1999 = VECTOR('',#2000,1.);
#2000 = DIRECTION('',(0.,0.,1.));
#2001 = ORIENTED_EDGE('',*,*,#2002,.F.);
#2002 = EDGE_CURVE('',#1979,#1995,#2003,.T.);
#2003 = LINE('',#2004,#2005);
#2004 = CARTESIAN_POINT('',(6.8,0.,13.2));
#2005 = VECTOR('',#2006,1.);
#2006 = DIRECTION('',(-0.,1.,0.));
#2007 = PLANE('',#2008);
#2008 = AXIS2_PLACEMENT_3D('',#2009,#2010,#2011);
#2009 = CARTESIAN_POINT('',(6.8,0.,11.2));
#2010 = DIRECTION('',(1.,0.,-0.));
#2011 = DIRECTION('',(0.,0.,1.));
#2012 = ADVANCED_FACE('',(#2013,#2038),#2072,.F.);
#2013 = FACE_BOUND('',#2014,.F.);
#2014 = EDGE_LOOP('',(#2015,#2023,#2024,#2032));
#2015 = ORIENTED_EDGE('',*,*,#2016,.F.);
#2016 = EDGE_CURVE('',#1977,#2017,#2019,.T.);
#2017 = VERTEX_POINT('',#2018);
#2018 = CARTESIAN_POINT('',(8.8,0.,11.2));
#2019 = LINE('',#2020,#2021);
#2020 = CARTESIAN_POINT('',(6.8,0.,11.2));
#2021 = VECTOR('',#2022,1.);
#2022 = DIRECTION('',(1.,0.,-0.));
#2023 = ORIENTED_EDGE('',*,*,#1976,.T.);
#2024 = ORIENTED_EDGE('',*,*,#2025,.T.);
#2025 = EDGE_CURVE('',#1979,#2026,#2028,.T.);
#2026 = VERTEX_POINT('',#2027);
#2027 = CARTESIAN_POINT('',(8.8,0.,13.2));
#2028 = LINE('',#2029,#2030);
#2029 = CARTESIAN_POINT('',(6.8,0.,13.2));
#2030 = VECTOR('',#2031,1.);
#2031 = DIRECTION('',(1.,0.,-0.));
#2032 = ORIENTED_EDGE('',*,*,#2033,.F.);
#2033 = EDGE_CURVE('',#2017,#2026,#2034,.T.);
#2034 = LINE('',#2035,#2036);
#2035 = CARTESIAN_POINT('',(8.8,0.,11.2));
#2036 = VECTOR('',#2037,1.);
#2037 = DIRECTION('',(0.,0.,1.));
#2038 = FACE_BOUND('',#2039,.F.);
#2039 = EDGE_LOOP('',(#2040,#2050,#2058,#2066));
#2040 = ORIENTED_EDGE('',*,*,#2041,.F.);
#2041 = EDGE_CURVE('',#2042,#2044,#2046,.T.);
#2042 = VERTEX_POINT('',#2043);
#2043 = CARTESIAN_POINT('',(7.7,0.,12.1));
#2044 = VERTEX_POINT('',#2045);
#2045 = CARTESIAN_POINT('',(7.7,0.,12.3));
#2046 = LINE('',#2047,#2048);
#2047 = CARTESIAN_POINT('',(7.7,0.,12.1));
#2048 = VECTOR('',#2049,1.);
#2049 = DIRECTION('',(0.,0.,1.));
#2050 = ORIENTED_EDGE('',*,*,#2051,.T.);
#2051 = EDGE_CURVE('',#2042,#2052,#2054,.T.);
#2052 = VERTEX_POINT('',#2053);
#2053 = CARTESIAN_POINT('',(7.9,0.,12.1));
#2054 = LINE('',#2055,#2056);
#2055 = CARTESIAN_POINT('',(7.7,0.,12.1));
#2056 = VECTOR('',#2057,1.);
#2057 = DIRECTION('',(1.,0.,-0.));
#2058 = ORIENTED_EDGE('',*,*,#2059,.T.);
#2059 = EDGE_CURVE('',#2052,#2060,#2062,.T.);
#2060 = VERTEX_POINT('',#2061);
#2061 = CARTESIAN_POINT('',(7.9,0.,12.3));
#2062 = LINE('',#2063,#2064);
#2063 = CARTESIAN_POINT('',(7.9,0.,12.1));
#2064 = VECTOR('',#2065,1.);
#2065 = DIRECTION('',(0.,0.,1.));
#2066 = ORIENTED_EDGE('',*,*,#2067,.F.);
#2067 = EDGE_CURVE('',#2044,#2060,#2068,.T.);
#2068 = LINE('',#2069,#2070);
#2069 = CARTESIAN_POINT('',(7.7,0.,12.3));
#2070 = VECTOR('',#2071,1.);
#2071 = DIRECTION('',(1.,0.,-0.));
#2072 = PLANE('',#2073);
#2073 = AXIS2_PLACEMENT_3D('',#2074,#2075,#2076);
#2074 = CARTESIAN_POINT('',(6.8,0.,11.2));
#2075 = DIRECTION('',(-0.,1.,0.));
#2076 = DIRECTION('',(0.,0.,1.));
#2077 = ADVANCED_FACE('',(#2078),#2096,.T.);
#2078 = FACE_BOUND('',#2079,.T.);
#2079 = EDGE_LOOP('',(#2080,#2081,#2082,#2090));
#2080 = ORIENTED_EDGE('',*,*,#2002,.F.);
#2081 = ORIENTED_EDGE('',*,*,#2025,.T.);
#2082 = ORIENTED_EDGE('',*,*,#2083,.T.);
#2083 = EDGE_CURVE('',#2026,#2084,#2086,.T.);
#2084 = VERTEX_POINT('',#2085);
#2085 = CARTESIAN_POINT('',(8.8,0.5,13.2));
#2086 = LINE('',#2087,#2088);
#2087 = CARTESIAN_POINT('',(8.8,0.,13.2));
#2088 = VECTOR('',#2089,1.);
#2089 = DIRECTION('',(-0.,1.,0.));
#2090 = ORIENTED_EDGE('',*,*,#2091,.F.);
#2091 = EDGE_CURVE('',#1995,#2084,#2092,.T.);
#2092 = LINE('',#2093,#2094);
#2093 = CARTESIAN_POINT('',(6.8,0.5,13.2));
#2094 = VECTOR('',#2095,1.);
#2095 = DIRECTION('',(1.,0.,-0.));
#2096 = PLANE('',#2097);
#2097 = AXIS2_PLACEMENT_3D('',#2098,#2099,#2100);
#2098 = CARTESIAN_POINT('',(6.8,0.,13.2));
#2099 = DIRECTION('',(0.,0.,1.));
#2100 = DIRECTION('',(1.,0.,-0.));
#2101 = ADVANCED_FACE('',(#2102,#2120),#2154,.T.);
#2102 = FACE_BOUND('',#2103,.T.);
#2103 = EDGE_LOOP('',(#2104,#2112,#2113,#2114));
#2104 = ORIENTED_EDGE('',*,*,#2105,.F.);
#2105 = EDGE_CURVE('',#1987,#2106,#2108,.T.);
#2106 = VERTEX_POINT('',#2107);
#2107 = CARTESIAN_POINT('',(8.8,0.5,11.2));
#2108 = LINE('',#2109,#2110);
#2109 = CARTESIAN_POINT('',(6.8,0.5,11.2));
#2110 = VECTOR('',#2111,1.);
#2111 = DIRECTION('',(1.,0.,-0.));
#2112 = ORIENTED_EDGE('',*,*,#1994,.T.);
#2113 = ORIENTED_EDGE('',*,*,#2091,.T.);
#2114 = ORIENTED_EDGE('',*,*,#2115,.F.);
#2115 = EDGE_CURVE('',#2106,#2084,#2116,.T.);
#2116 = LINE('',#2117,#2118);
#2117 = CARTESIAN_POINT('',(8.8,0.5,11.2));
#2118 = VECTOR('',#2119,1.);
#2119 = DIRECTION('',(0.,0.,1.));
#2120 = FACE_BOUND('',#2121,.T.);
#2121 = EDGE_LOOP('',(#2122,#2132,#2140,#2148));
#2122 = ORIENTED_EDGE('',*,*,#2123,.F.);
#2123 = EDGE_CURVE('',#2124,#2126,#2128,.T.);
#2124 = VERTEX_POINT('',#2125);
#2125 = CARTESIAN_POINT('',(7.7,0.5,12.1));
#2126 = VERTEX_POINT('',#2127);
#2127 = CARTESIAN_POINT('',(7.7,0.5,12.3));
#2128 = LINE('',#2129,#2130);
#2129 = CARTESIAN_POINT('',(7.7,0.5,12.1));
#2130 = VECTOR('',#2131,1.);
#2131 = DIRECTION('',(0.,0.,1.));
#2132 = ORIENTED_EDGE('',*,*,#2133,.T.);
#2133 = EDGE_CURVE('',#2124,#2134,#2136,.T.);
#2134 = VERTEX_POINT('',#2135);
#2135 = CARTESIAN_POINT('',(7.9,0.5,12.1));
#2136 = LINE('',#2137,#2138);
#2137 = CARTESIAN_POINT('',(7.7,0.5,12.1));
#2138 = VECTOR('',#2139,1.);
#2139 = DIRECTION('',(1.,0.,-0.));
#2140 = ORIENTED_EDGE('',*,*,#2141,.T.);
#2141 = EDGE_CURVE('',#2134,#2142,#2144,.T.);
#2142 = VERTEX_POINT('',#2143);
#2143 = CARTESIAN_POINT('',(7.9,0.5,12.3));
#2144 = LINE('',#2145,#2146);
#2145 = CARTESIAN_POINT('',(7.9,0.5,12.1));
#2146 = VECTOR('',#2147,1.);
#2147 = DIRECTION('',(0.,0.,1.));
#2148 = ORIENTED_EDGE('',*,*,#2149,.F.);
#2149 = EDGE_CURVE('',#2126,#2142,#2150,.T.);
#2150 = LINE('',#2151,#2152);
#2151 = CARTESIAN_POINT('',(7.7,0.5,12.3));
#2152 = VECTOR('',#2153,1.);
#2153 = DIRECTION('',(1.,0.,-0.));
#2154 = PLANE('',#2155);
#2155 = AXIS2_PLACEMENT_3D('',#2156,#2157,#2158);
#2156 = CARTESIAN_POINT('',(6.8,0.5,11.2));
#2157 = DIRECTION('',(-0.,1.,0.));
#2158 = DIRECTION('',(0.,0.,1.));
#2159 = ADVANCED_FACE('',(#2160),#2171,.F.);
#2160 = FACE_BOUND('',#2161,.F.);
#2161 = EDGE_LOOP('',(#2162,#2163,#2164,#2170));
#2162 = ORIENTED_EDGE('',*,*,#1986,.F.);
#2163 = ORIENTED_EDGE('',*,*,#2016,.T.);
#2164 = ORIENTED_EDGE('',*,*,#2165,.T.);
#2165 = EDGE_CURVE('',#2017,#2106,#2166,.T.);
#2166 = LINE('',#2167,#2168);
#2167 = CARTESIAN_POINT('',(8.8,0.,11.2));
#2168 = VECTOR('',#2169,1.);
#2169 = DIRECTION('',(-0.,1.,0.));
#2170 = ORIENTED_EDGE('',*,*,#2105,.F.);
#2171 = PLANE('',#2172);
#2172 = AXIS2_PLACEMENT_3D('',#2173,#2174,#2175);
#2173 = CARTESIAN_POINT('',(6.8,0.,11.2));
#2174 = DIRECTION('',(0.,0.,1.));
#2175 = DIRECTION('',(1.,0.,-0.));
#2176 = ADVANCED_FACE('',(#2177),#2183,.T.);
#2177 = FACE_BOUND('',#2178,.T.);
#2178 = EDGE_LOOP('',(#2179,#2180,#2181,#2182));
#2179 = ORIENTED_EDGE('',*,*,#2033,.F.);
#2180 = ORIENTED_EDGE('',*,*,#2165,.T.);
#2181 = ORIENTED_EDGE('',*,*,#2115,.T.);
#2182 = ORIENTED_EDGE('',*,*,#2083,.F.);
#2183 = PLANE('',#2184);
#2184 = AXIS2_PLACEMENT_3D('',#2185,#2186,#2187);
#2185 = CARTESIAN_POINT('',(8.8,0.,11.2));
#2186 = DIRECTION('',(1.,0.,-0.));
#2187 = DIRECTION('',(0.,0.,1.));
#2188 = ADVANCED_FACE('',(#2189),#2205,.T.);
#2189 = FACE_BOUND('',#2190,.T.);
#2190 = EDGE_LOOP('',(#2191,#2192,#2198,#2199));
#2191 = ORIENTED_EDGE('',*,*,#2041,.F.);
#2192 = ORIENTED_EDGE('',*,*,#2193,.T.);
#2193 = EDGE_CURVE('',#2042,#2124,#2194,.T.);
#2194 = LINE('',#2195,#2196);
#2195 = CARTESIAN_POINT('',(7.7,0.,12.1));
#2196 = VECTOR('',#2197,1.);
#2197 = DIRECTION('',(-0.,1.,0.));
#2198 = ORIENTED_EDGE('',*,*,#2123,.T.);
#2199 = ORIENTED_EDGE('',*,*,#2200,.F.);
#2200 = EDGE_CURVE('',#2044,#2126,#2201,.T.);
#2201 = LINE('',#2202,#2203);
#2202 = CARTESIAN_POINT('',(7.7,0.,12.3));
#2203 = VECTOR('',#2204,1.);
#2204 = DIRECTION('',(-0.,1.,0.));
#2205 = PLANE('',#2206);
#2206 = AXIS2_PLACEMENT_3D('',#2207,#2208,#2209);
#2207 = CARTESIAN_POINT('',(7.7,0.,12.1));
#2208 = DIRECTION('',(1.,0.,-0.));
#2209 = DIRECTION('',(0.,0.,1.));
#2210 = ADVANCED_FACE('',(#2211),#2222,.F.);
#2211 = FACE_BOUND('',#2212,.F.);
#2212 = EDGE_LOOP('',(#2213,#2214,#2215,#2221));
#2213 = ORIENTED_EDGE('',*,*,#2200,.F.);
#2214 = ORIENTED_EDGE('',*,*,#2067,.T.);
#2215 = ORIENTED_EDGE('',*,*,#2216,.T.);
#2216 = EDGE_CURVE('',#2060,#2142,#2217,.T.);
#2217 = LINE('',#2218,#2219);
#2218 = CARTESIAN_POINT('',(7.9,0.,12.3));
#2219 = VECTOR('',#2220,1.);
#2220 = DIRECTION('',(-0.,1.,0.));
#2221 = ORIENTED_EDGE('',*,*,#2149,.F.);
#2222 = PLANE('',#2223);
#2223 = AXIS2_PLACEMENT_3D('',#2224,#2225,#2226);
#2224 = CARTESIAN_POINT('',(7.7,0.,12.3));
#2225 = DIRECTION('',(0.,0.,1.));
#2226 = DIRECTION('',(1.,0.,-0.));
#2227 = ADVANCED_FACE('',(#2228),#2239,.F.);
#2228 = FACE_BOUND('',#2229,.F.);
#2229 = EDGE_LOOP('',(#2230,#2231,#2237,#2238));
#2230 = ORIENTED_EDGE('',*,*,#2059,.F.);
#2231 = ORIENTED_EDGE('',*,*,#2232,.T.);
#2232 = EDGE_CURVE('',#2052,#2134,#2233,.T.);
#2233 = LINE('',#2234,#2235);
#2234 = CARTESIAN_POINT('',(7.9,0.,12.1));
#2235 = VECTOR('',#2236,1.);
#2236 = DIRECTION('',(-0.,1.,0.));
#2237 = ORIENTED_EDGE('',*,*,#2141,.T.);
#2238 = ORIENTED_EDGE('',*,*,#2216,.F.);
#2239 = PLANE('',#2240);
#2240 = AXIS2_PLACEMENT_3D('',#2241,#2242,#2243);
#2241 = CARTESIAN_POINT('',(7.9,0.,12.1));
#2242 = DIRECTION('',(1.,0.,-0.));
#2243 = DIRECTION('',(0.,0.,1.));
#2244 = ADVANCED_FACE('',(#2245),#2251,.T.);
#2245 = FACE_BOUND('',#2246,.T.);
#2246 = EDGE_LOOP('',(#2247,#2248,#2249,#2250));
#2247 = ORIENTED_EDGE('',*,*,#2193,.F.);
#2248 = ORIENTED_EDGE('',*,*,#2051,.T.);
#2249 = ORIENTED_EDGE('',*,*,#2232,.T.);
#2250 = ORIENTED_EDGE('',*,*,#2133,.F.);
#2251 = PLANE('',#2252);
#2252 = AXIS2_PLACEMENT_3D('',#2253,#2254,#2255);
#2253 = CARTESIAN_POINT('',(7.7,0.,12.1));
#2254 = DIRECTION('',(0.,0.,1.));
#2255 = DIRECTION('',(1.,0.,-0.));
#2256 = ( GEOMETRIC_REPRESENTATION_CONTEXT(3) 
GLOBAL_UNCERTAINTY_ASSIGNED_CONTEXT((#2260)) 
GLOBAL_UNIT_ASSIGNED_CONTEXT((#2257,#2258,#2259)) REPRESENTATION_CONTEXT
('Context #1','3D Context with UNIT and UNCERTAINTY') );
#2257 = ( LENGTH_UNIT() NAMED_UNIT(*) SI_UNIT(.MILLI.,.METRE.) );
#2258 = ( NAMED_UNIT(*) PLANE_ANGLE_UNIT() SI_UNIT($,.RADIAN.) );
#2259 = ( NAMED_UNIT(*) SI_UNIT($,.STERADIAN.) SOLID_ANGLE_UNIT() );
#2260 = UNCERTAINTY_MEASURE_WITH_UNIT(LENGTH_MEASURE(1.E-07),#2257,
  'distance_accuracy_value','confusion accuracy');
#2261 = CONTEXT_DEPENDENT_SHAPE_REPRESENTATION(#2262,#2264);
#2262 = ( REPRESENTATION_RELATIONSHIP('','',#1969,#56) 
REPRESENTATION_RELATIONSHIP_WITH_TRANSFORMATION(#2263) 
SHAPE_REPRESENTATION_RELATIONSHIP() );
#2263 = ITEM_DEFINED_TRANSFORMATION('','',#11,#81);
#2264 = PRODUCT_DEFINITION_SHAPE('Placement','Placement of an item',
  #2265);
#2265 = NEXT_ASSEMBLY_USAGE_OCCURRENCE('385','Core_2_3','',#51,#1964,$);
#2266 = PRODUCT_RELATED_PRODUCT_CATEGORY('part',$,(#1966));
#2267 = SHAPE_DEFINITION_REPRESENTATION(#2268,#2274);
#2268 = PRODUCT_DEFINITION_SHAPE('','',#2269);
#2269 = PRODUCT_DEFINITION('design','',#2270,#2273);
#2270 = PRODUCT_DEFINITION_FORMATION('','',#2271);
#2271 = PRODUCT('Core_2_4','Core_2_4','',(#2272));
#2272 = PRODUCT_CONTEXT('',#2,'mechanical');
#2273 = PRODUCT_DEFINITION_CONTEXT('part definition',#2,'design');
#2274 = ADVANCED_BREP_SHAPE_REPRESENTATION('',(#11,#2275),#2561);
#2275 = MANIFOLD_SOLID_BREP('',#2276);
#2276 = CLOSED_SHELL('',(#2277,#2317,#2382,#2406,#2464,#2481,#2493,#2515
    ,#2532,#2549));
#2277 = ADVANCED_FACE('',(#2278),#2312,.F.);
#2278 = FACE_BOUND('',#2279,.F.);
#2279 = EDGE_LOOP('',(#2280,#2290,#2298,#2306));
#2280 = ORIENTED_EDGE('',*,*,#2281,.F.);
#2281 = EDGE_CURVE('',#2282,#2284,#2286,.T.);
#2282 = VERTEX_POINT('',#2283);
#2283 = CARTESIAN_POINT('',(6.8,0.,15.6));
#2284 = VERTEX_POINT('',#2285);
#2285 = CARTESIAN_POINT('',(6.8,0.,17.6));
#2286 = LINE('',#2287,#2288);
#2287 = CARTESIAN_POINT('',(6.8,0.,15.6));
#2288 = VECTOR('',#2289,1.);
#2289 = DIRECTION('',(0.,0.,1.));
#2290 = ORIENTED_EDGE('',*,*,#2291,.T.);
#2291 = EDGE_CURVE('',#2282,#2292,#2294,.T.);
#2292 = VERTEX_POINT('',#2293);
#2293 = CARTESIAN_POINT('',(6.8,0.5,15.6));
#2294 = LINE('',#2295,#2296);
#2295 = CARTESIAN_POINT('',(6.8,0.,15.6));
#2296 = VECTOR('',#2297,1.);
#2297 = DIRECTION('',(-0.,1.,0.));
#2298 = ORIENTED_EDGE('',*,*,#2299,.T.);
#2299 = EDGE_CURVE('',#2292,#2300,#2302,.T.);
#2300 = VERTEX_POINT('',#2301);
#2301 = CARTESIAN_POINT('',(6.8,0.5,17.6));
#2302 = LINE('',#2303,#2304);
#2303 = CARTESIAN_POINT('',(6.8,0.5,15.6));
#2304 = VECTOR('',#2305,1.);
#2305 = DIRECTION('',(0.,0.,1.));
#2306 = ORIENTED_EDGE('',*,*,#2307,.F.);
#2307 = EDGE_CURVE('',#2284,#2300,#2308,.T.);
#2308 = LINE('',#2309,#2310);
#2309 = CARTESIAN_POINT('',(6.8,0.,17.6));
#2310 = VECTOR('',#2311,1.);
#2311 = DIRECTION('',(-0.,1.,0.));
#2312 = PLANE('',#2313);
#2313 = AXIS2_PLACEMENT_3D('',#2314,#2315,#2316);
#2314 = CARTESIAN_POINT('',(6.8,0.,15.6));
#2315 = DIRECTION('',(1.,0.,-0.));
#2316 = DIRECTION('',(0.,0.,1.));
#2317 = ADVANCED_FACE('',(#2318,#2343),#2377,.F.);
#2318 = FACE_BOUND('',#2319,.F.);
#2319 = EDGE_LOOP('',(#2320,#2328,#2329,#2337));
#2320 = ORIENTED_EDGE('',*,*,#2321,.F.);
#2321 = EDGE_CURVE('',#2282,#2322,#2324,.T.);
#2322 = VERTEX_POINT('',#2323);
#2323 = CARTESIAN_POINT('',(8.8,0.,15.6));
#2324 = LINE('',#2325,#2326);
#2325 = CARTESIAN_POINT('',(6.8,0.,15.6));
#2326 = VECTOR('',#2327,1.);
#2327 = DIRECTION('',(1.,0.,-0.));
#2328 = ORIENTED_EDGE('',*,*,#2281,.T.);
#2329 = ORIENTED_EDGE('',*,*,#2330,.T.);
#2330 = EDGE_CURVE('',#2284,#2331,#2333,.T.);
#2331 = VERTEX_POINT('',#2332);
#2332 = CARTESIAN_POINT('',(8.8,0.,17.6));
#2333 = LINE('',#2334,#2335);
#2334 = CARTESIAN_POINT('',(6.8,0.,17.6));
#2335 = VECTOR('',#2336,1.);
#2336 = DIRECTION('',(1.,0.,-0.));
#2337 = ORIENTED_EDGE('',*,*,#2338,.F.);
#2338 = EDGE_CURVE('',#2322,#2331,#2339,.T.);
#2339 = LINE('',#2340,#2341);
#2340 = CARTESIAN_POINT('',(8.8,0.,15.6));
#2341 = VECTOR('',#2342,1.);
#2342 = DIRECTION('',(0.,0.,1.));
#2343 = FACE_BOUND('',#2344,.F.);
#2344 = EDGE_LOOP('',(#2345,#2355,#2363,#2371));
#2345 = ORIENTED_EDGE('',*,*,#2346,.F.);
#2346 = EDGE_CURVE('',#2347,#2349,#2351,.T.);
#2347 = VERTEX_POINT('',#2348);
#2348 = CARTESIAN_POINT('',(7.7,0.,16.5));
#2349 = VERTEX_POINT('',#2350);
#2350 = CARTESIAN_POINT('',(7.7,0.,16.7));
#2351 = LINE('',#2352,#2353);
#2352 = CARTESIAN_POINT('',(7.7,0.,16.5));
#2353 = VECTOR('',#2354,1.);
#2354 = DIRECTION('',(0.,0.,1.));
#2355 = ORIENTED_EDGE('',*,*,#2356,.T.);
#2356 = EDGE_CURVE('',#2347,#2357,#2359,.T.);
#2357 = VERTEX_POINT('',#2358);
#2358 = CARTESIAN_POINT('',(7.9,0.,16.5));
#2359 = LINE('',#2360,#2361);
#2360 = CARTESIAN_POINT('',(7.7,0.,16.5));
#2361 = VECTOR('',#2362,1.);
#2362 = DIRECTION('',(1.,0.,-0.));
#2363 = ORIENTED_EDGE('',*,*,#2364,.T.);
#2364 = EDGE_CURVE('',#2357,#2365,#2367,.T.);
#2365 = VERTEX_POINT('',#2366);
#2366 = CARTESIAN_POINT('',(7.9,0.,16.7));
#2367 = LINE('',#2368,#2369);
#2368 = CARTESIAN_POINT('',(7.9,0.,16.5));
#2369 = VECTOR('',#2370,1.);
#2370 = DIRECTION('',(0.,0.,1.));
#2371 = ORIENTED_EDGE('',*,*,#2372,.F.);
#2372 = EDGE_CURVE('',#2349,#2365,#2373,.T.);
#2373 = LINE('',#2374,#2375);
#2374 = CARTESIAN_POINT('',(7.7,0.,16.7));
#2375 = VECTOR('',#2376,1.);
#2376 = DIRECTION('',(1.,0.,-0.));
#2377 = PLANE('',#2378);
#2378 = AXIS2_PLACEMENT_3D('',#2379,#2380,#2381);
#2379 = CARTESIAN_POINT('',(6.8,0.,15.6));
#2380 = DIRECTION('',(-0.,1.,0.));
#2381 = DIRECTION('',(0.,0.,1.));
#2382 = ADVANCED_FACE('',(#2383),#2401,.T.);
#2383 = FACE_BOUND('',#2384,.T.);
#2384 = EDGE_LOOP('',(#2385,#2386,#2387,#2395));
#2385 = ORIENTED_EDGE('',*,*,#2307,.F.);
#2386 = ORIENTED_EDGE('',*,*,#2330,.T.);
#2387 = ORIENTED_EDGE('',*,*,#2388,.T.);
#2388 = EDGE_CURVE('',#2331,#2389,#2391,.T.);
#2389 = VERTEX_POINT('',#2390);
#2390 = CARTESIAN_POINT('',(8.8,0.5,17.6));
#2391 = LINE('',#2392,#2393);
#2392 = CARTESIAN_POINT('',(8.8,0.,17.6));
#2393 = VECTOR('',#2394,1.);
#2394 = DIRECTION('',(-0.,1.,0.));
#2395 = ORIENTED_EDGE('',*,*,#2396,.F.);
#2396 = EDGE_CURVE('',#2300,#2389,#2397,.T.);
#2397 = LINE('',#2398,#2399);
#2398 = CARTESIAN_POINT('',(6.8,0.5,17.6));
#2399 = VECTOR('',#2400,1.);
#2400 = DIRECTION('',(1.,0.,-0.));
#2401 = PLANE('',#2402);
#2402 = AXIS2_PLACEMENT_3D('',#2403,#2404,#2405);
#2403 = CARTESIAN_POINT('',(6.8,0.,17.6));
#2404 = DIRECTION('',(0.,0.,1.));
#2405 = DIRECTION('',(1.,0.,-0.));
#2406 = ADVANCED_FACE('',(#2407,#2425),#2459,.T.);
#2407 = FACE_BOUND('',#2408,.T.);
#2408 = EDGE_LOOP('',(#2409,#2417,#2418,#2419));
#2409 = ORIENTED_EDGE('',*,*,#2410,.F.);
#2410 = EDGE_CURVE('',#2292,#2411,#2413,.T.);
#2411 = VERTEX_POINT('',#2412);
#2412 = CARTESIAN_POINT('',(8.8,0.5,15.6));
#2413 = LINE('',#2414,#2415);
#2414 = CARTESIAN_POINT('',(6.8,0.5,15.6));
#2415 = VECTOR('',#2416,1.);
#2416 = DIRECTION('',(1.,0.,-0.));
#2417 = ORIENTED_EDGE('',*,*,#2299,.T.);
#2418 = ORIENTED_EDGE('',*,*,#2396,.T.);
#2419 = ORIENTED_EDGE('',*,*,#2420,.F.);
#2420 = EDGE_CURVE('',#2411,#2389,#2421,.T.);
#2421 = LINE('',#2422,#2423);
#2422 = CARTESIAN_POINT('',(8.8,0.5,15.6));
#2423 = VECTOR('',#2424,1.);
#2424 = DIRECTION('',(0.,0.,1.));
#2425 = FACE_BOUND('',#2426,.T.);
#2426 = EDGE_LOOP('',(#2427,#2437,#2445,#2453));
#2427 = ORIENTED_EDGE('',*,*,#2428,.F.);
#2428 = EDGE_CURVE('',#2429,#2431,#2433,.T.);
#2429 = VERTEX_POINT('',#2430);
#2430 = CARTESIAN_POINT('',(7.7,0.5,16.5));
#2431 = VERTEX_POINT('',#2432);
#2432 = CARTESIAN_POINT('',(7.7,0.5,16.7));
#2433 = LINE('',#2434,#2435);
#2434 = CARTESIAN_POINT('',(7.7,0.5,16.5));
#2435 = VECTOR('',#2436,1.);
#2436 = DIRECTION('',(0.,0.,1.));
#2437 = ORIENTED_EDGE('',*,*,#2438,.T.);
#2438 = EDGE_CURVE('',#2429,#2439,#2441,.T.);
#2439 = VERTEX_POINT('',#2440);
#2440 = CARTESIAN_POINT('',(7.9,0.5,16.5));
#2441 = LINE('',#2442,#2443);
#2442 = CARTESIAN_POINT('',(7.7,0.5,16.5));
#2443 = VECTOR('',#2444,1.);
#2444 = DIRECTION('',(1.,0.,-0.));
#2445 = ORIENTED_EDGE('',*,*,#2446,.T.);
#2446 = EDGE_CURVE('',#2439,#2447,#2449,.T.);
#2447 = VERTEX_POINT('',#2448);
#2448 = CARTESIAN_POINT('',(7.9,0.5,16.7));
#2449 = LINE('',#2450,#2451);
#2450 = CARTESIAN_POINT('',(7.9,0.5,16.5));
#2451 = VECTOR('',#2452,1.);
#2452 = DIRECTION('',(0.,0.,1.));
#2453 = ORIENTED_EDGE('',*,*,#2454,.F.);
#2454 = EDGE_CURVE('',#2431,#2447,#2455,.T.);
#2455 = LINE('',#2456,#2457);
#2456 = CARTESIAN_POINT('',(7.7,0.5,16.7));
#2457 = VECTOR('',#2458,1.);
#2458 = DIRECTION('',(1.,0.,-0.));
#2459 = PLANE('',#2460);
#2460 = AXIS2_PLACEMENT_3D('',#2461,#2462,#2463);
#2461 = CARTESIAN_POINT('',(6.8,0.5,15.6));
#2462 = DIRECTION('',(-0.,1.,0.));
#2463 = DIRECTION('',(0.,0.,1.));
#2464 = ADVANCED_FACE('',(#2465),#2476,.F.);
#2465 = FACE_BOUND('',#2466,.F.);
#2466 = EDGE_LOOP('',(#2467,#2468,#2469,#2475));
#2467 = ORIENTED_EDGE('',*,*,#2291,.F.);
#2468 = ORIENTED_EDGE('',*,*,#2321,.T.);
#2469 = ORIENTED_EDGE('',*,*,#2470,.T.);
#2470 = EDGE_CURVE('',#2322,#2411,#2471,.T.);
#2471 = LINE('',#2472,#2473);
#2472 = CARTESIAN_POINT('',(8.8,0.,15.6));
#2473 = VECTOR('',#2474,1.);
#2474 = DIRECTION('',(-0.,1.,0.));
#2475 = ORIENTED_EDGE('',*,*,#2410,.F.);
#2476 = PLANE('',#2477);
#2477 = AXIS2_PLACEMENT_3D('',#2478,#2479,#2480);
#2478 = CARTESIAN_POINT('',(6.8,0.,15.6));
#2479 = DIRECTION('',(0.,0.,1.));
#2480 = DIRECTION('',(1.,0.,-0.));
#2481 = ADVANCED_FACE('',(#2482),#2488,.T.);
#2482 = FACE_BOUND('',#2483,.T.);
#2483 = EDGE_LOOP('',(#2484,#2485,#2486,#2487));
#2484 = ORIENTED_EDGE('',*,*,#2338,.F.);
#2485 = ORIENTED_EDGE('',*,*,#2470,.T.);
#2486 = ORIENTED_EDGE('',*,*,#2420,.T.);
#2487 = ORIENTED_EDGE('',*,*,#2388,.F.);
#2488 = PLANE('',#2489);
#2489 = AXIS2_PLACEMENT_3D('',#2490,#2491,#2492);
#2490 = CARTESIAN_POINT('',(8.8,0.,15.6));
#2491 = DIRECTION('',(1.,0.,-0.));
#2492 = DIRECTION('',(0.,0.,1.));
#2493 = ADVANCED_FACE('',(#2494),#2510,.T.);
#2494 = FACE_BOUND('',#2495,.T.);
#2495 = EDGE_LOOP('',(#2496,#2497,#2503,#2504));
#2496 = ORIENTED_EDGE('',*,*,#2346,.F.);
#2497 = ORIENTED_EDGE('',*,*,#2498,.T.);
#2498 = EDGE_CURVE('',#2347,#2429,#2499,.T.);
#2499 = LINE('',#2500,#2501);
#2500 = CARTESIAN_POINT('',(7.7,0.,16.5));
#2501 = VECTOR('',#2502,1.);
#2502 = DIRECTION('',(-0.,1.,0.));
#2503 = ORIENTED_EDGE('',*,*,#2428,.T.);
#2504 = ORIENTED_EDGE('',*,*,#2505,.F.);
#2505 = EDGE_CURVE('',#2349,#2431,#2506,.T.);
#2506 = LINE('',#2507,#2508);
#2507 = CARTESIAN_POINT('',(7.7,0.,16.7));
#2508 = VECTOR('',#2509,1.);
#2509 = DIRECTION('',(-0.,1.,0.));
#2510 = PLANE('',#2511);
#2511 = AXIS2_PLACEMENT_3D('',#2512,#2513,#2514);
#2512 = CARTESIAN_POINT('',(7.7,0.,16.5));
#2513 = DIRECTION('',(1.,0.,-0.));
#2514 = DIRECTION('',(0.,0.,1.));
#2515 = ADVANCED_FACE('',(#2516),#2527,.F.);
#2516 = FACE_BOUND('',#2517,.F.);
#2517 = EDGE_LOOP('',(#2518,#2519,#2520,#2526));
#2518 = ORIENTED_EDGE('',*,*,#2505,.F.);
#2519 = ORIENTED_EDGE('',*,*,#2372,.T.);
#2520 = ORIENTED_EDGE('',*,*,#2521,.T.);
#2521 = EDGE_CURVE('',#2365,#2447,#2522,.T.);
#2522 = LINE('',#2523,#2524);
#2523 = CARTESIAN_POINT('',(7.9,0.,16.7));
#2524 = VECTOR('',#2525,1.);
#2525 = DIRECTION('',(-0.,1.,0.));
#2526 = ORIENTED_EDGE('',*,*,#2454,.F.);
#2527 = PLANE('',#2528);
#2528 = AXIS2_PLACEMENT_3D('',#2529,#2530,#2531);
#2529 = CARTESIAN_POINT('',(7.7,0.,16.7));
#2530 = DIRECTION('',(0.,0.,1.));
#2531 = DIRECTION('',(1.,0.,-0.));
#2532 = ADVANCED_FACE('',(#2533),#2544,.F.);
#2533 = FACE_BOUND('',#2534,.F.);
#2534 = EDGE_LOOP('',(#2535,#2536,#2542,#2543));
#2535 = ORIENTED_EDGE('',*,*,#2364,.F.);
#2536 = ORIENTED_EDGE('',*,*,#2537,.T.);
#2537 = EDGE_CURVE('',#2357,#2439,#2538,.T.);
#2538 = LINE('',#2539,#2540);
#2539 = CARTESIAN_POINT('',(7.9,0.,16.5));
#2540 = VECTOR('',#2541,1.);
#2541 = DIRECTION('',(-0.,1.,0.));
#2542 = ORIENTED_EDGE('',*,*,#2446,.T.);
#2543 = ORIENTED_EDGE('',*,*,#2521,.F.);
#2544 = PLANE('',#2545);
#2545 = AXIS2_PLACEMENT_3D('',#2546,#2547,#2548);
#2546 = CARTESIAN_POINT('',(7.9,0.,16.5));
#2547 = DIRECTION('',(1.,0.,-0.));
#2548 = DIRECTION('',(0.,0.,1.));
#2549 = ADVANCED_FACE('',(#2550),#2556,.T.);
#2550 = FACE_BOUND('',#2551,.T.);
#2551 = EDGE_LOOP('',(#2552,#2553,#2554,#2555));
#2552 = ORIENTED_EDGE('',*,*,#2498,.F.);
#2553 = ORIENTED_EDGE('',*,*,#2356,.T.);
#2554 = ORIENTED_EDGE('',*,*,#2537,.T.);
#2555 = ORIENTED_EDGE('',*,*,#2438,.F.);
#2556 = PLANE('',#2557);
#2557 = AXIS2_PLACEMENT_3D('',#2558,#2559,#2560);
#2558 = CARTESIAN_POINT('',(7.7,0.,16.5));
#2559 = DIRECTION('',(0.,0.,1.));
#2560 = DIRECTION('',(1.,0.,-0.));
#2561 = ( GEOMETRIC_REPRESENTATION_CONTEXT(3) 
GLOBAL_UNCERTAINTY_ASSIGNED_CONTEXT((#2565)) 
GLOBAL_UNIT_ASSIGNED_CONTEXT((#2562,#2563,#2564)) REPRESENTATION_CONTEXT
('Context #1','3D Context with UNIT and UNCERTAINTY') );
#2562 = ( LENGTH_UNIT() NAMED_UNIT(*) SI_UNIT(.MILLI.,.METRE.) );
#2563 = ( NAMED_UNIT(*) PLANE_ANGLE_UNIT() SI_UNIT($,.RADIAN.) );
#2564 = ( NAMED_UNIT(*) SI_UNIT($,.STERADIAN.) SOLID_ANGLE_UNIT() );
#2565 = UNCERTAINTY_MEASURE_WITH_UNIT(LENGTH_MEASURE(1.E-07),#2562,
  'distance_accuracy_value','confusion accuracy');
#2566 = CONTEXT_DEPENDENT_SHAPE_REPRESENTATION(#2567,#2569);
#2567 = ( REPRESENTATION_RELATIONSHIP('','',#2274,#56) 
REPRESENTATION_RELATIONSHIP_WITH_TRANSFORMATION(#2568) 
SHAPE_REPRESENTATION_RELATIONSHIP() );
#2568 = ITEM_DEFINED_TRANSFORMATION('','',#11,#85);
#2569 = PRODUCT_DEFINITION_SHAPE('Placement','Placement of an item',
  #2570);
#2570 = NEXT_ASSEMBLY_USAGE_OCCURRENCE('386','Core_2_4','',#51,#2269,$);
#2571 = PRODUCT_RELATED_PRODUCT_CATEGORY('part',$,(#2271));
#2572 = SHAPE_DEFINITION_REPRESENTATION(#2573,#2579);
#2573 = PRODUCT_DEFINITION_SHAPE('','',#2574);
#2574 = PRODUCT_DEFINITION('design','',#2575,#2578);
#2575 = PRODUCT_DEFINITION_FORMATION('','',#2576);
#2576 = PRODUCT('Core_3_1','Core_3_1','',(#2577));
#2577 = PRODUCT_CONTEXT('',#2,'mechanical');
#2578 = PRODUCT_DEFINITION_CONTEXT('part definition',#2,'design');
#2579 = ADVANCED_BREP_SHAPE_REPRESENTATION('',(#11,#2580),#2866);
#2580 = MANIFOLD_SOLID_BREP('',#2581);
#2581 = CLOSED_SHELL('',(#2582,#2622,#2687,#2711,#2769,#2786,#2798,#2820
    ,#2837,#2854));
#2582 = ADVANCED_FACE('',(#2583),#2617,.F.);
#2583 = FACE_BOUND('',#2584,.F.);
#2584 = EDGE_LOOP('',(#2585,#2595,#2603,#2611));
#2585 = ORIENTED_EDGE('',*,*,#2586,.F.);
#2586 = EDGE_CURVE('',#2587,#2589,#2591,.T.);
#2587 = VERTEX_POINT('',#2588);
#2588 = CARTESIAN_POINT('',(11.2,0.,2.4));
#2589 = VERTEX_POINT('',#2590);
#2590 = CARTESIAN_POINT('',(11.2,0.,4.4));
#2591 = LINE('',#2592,#2593);
#2592 = CARTESIAN_POINT('',(11.2,0.,2.4));
#2593 = VECTOR('',#2594,1.);
#2594 = DIRECTION('',(0.,0.,1.));
#2595 = ORIENTED_EDGE('',*,*,#2596,.T.);
#2596 = EDGE_CURVE('',#2587,#2597,#2599,.T.);
#2597 = VERTEX_POINT('',#2598);
#2598 = CARTESIAN_POINT('',(11.2,0.5,2.4));
#2599 = LINE('',#2600,#2601);
#2600 = CARTESIAN_POINT('',(11.2,0.,2.4));
#2601 = VECTOR('',#2602,1.);
#2602 = DIRECTION('',(-0.,1.,0.));
#2603 = ORIENTED_EDGE('',*,*,#2604,.T.);
#2604 = EDGE_CURVE('',#2597,#2605,#2607,.T.);
#2605 = VERTEX_POINT('',#2606);
#2606 = CARTESIAN_POINT('',(11.2,0.5,4.4));
#2607 = LINE('',#2608,#2609);
#2608 = CARTESIAN_POINT('',(11.2,0.5,2.4));
#2609 = VECTOR('',#2610,1.);
#2610 = DIRECTION('',(0.,0.,1.));
#2611 = ORIENTED_EDGE('',*,*,#2612,.F.);
#2612 = EDGE_CURVE('',#2589,#2605,#2613,.T.);
#2613 = LINE('',#2614,#2615);
#2614 = CARTESIAN_POINT('',(11.2,0.,4.4));
#2615 = VECTOR('',#2616,1.);
#2616 = DIRECTION('',(-0.,1.,0.));
#2617 = PLANE('',#2618);
#2618 = AXIS2_PLACEMENT_3D('',#2619,#2620,#2621);
#2619 = CARTESIAN_POINT('',(11.2,0.,2.4));
#2620 = DIRECTION('',(1.,0.,-0.));
#2621 = DIRECTION('',(0.,0.,1.));
#2622 = ADVANCED_FACE('',(#2623,#2648),#2682,.F.);
#2623 = FACE_BOUND('',#2624,.F.);
#2624 = EDGE_LOOP('',(#2625,#2633,#2634,#2642));
#2625 = ORIENTED_EDGE('',*,*,#2626,.F.);
#2626 = EDGE_CURVE('',#2587,#2627,#2629,.T.);
#2627 = VERTEX_POINT('',#2628);
#2628 = CARTESIAN_POINT('',(13.2,0.,2.4));
#2629 = LINE('',#2630,#2631);
#2630 = CARTESIAN_POINT('',(11.2,0.,2.4));
#2631 = VECTOR('',#2632,1.);
#2632 = DIRECTION('',(1.,0.,-0.));
#2633 = ORIENTED_EDGE('',*,*,#2586,.T.);
#2634 = ORIENTED_EDGE('',*,*,#2635,.T.);
#2635 = EDGE_CURVE('',#2589,#2636,#2638,.T.);
#2636 = VERTEX_POINT('',#2637);
#2637 = CARTESIAN_POINT('',(13.2,0.,4.4));
#2638 = LINE('',#2639,#2640);
#2639 = CARTESIAN_POINT('',(11.2,0.,4.4));
#2640 = VECTOR('',#2641,1.);
#2641 = DIRECTION('',(1.,0.,-0.));
#2642 = ORIENTED_EDGE('',*,*,#2643,.F.);
#2643 = EDGE_CURVE('',#2627,#2636,#2644,.T.);
#2644 = LINE('',#2645,#2646);
#2645 = CARTESIAN_POINT('',(13.2,0.,2.4));
#2646 = VECTOR('',#2647,1.);
#2647 = DIRECTION('',(0.,0.,1.));
#2648 = FACE_BOUND('',#2649,.F.);
#2649 = EDGE_LOOP('',(#2650,#2660,#2668,#2676));
#2650 = ORIENTED_EDGE('',*,*,#2651,.F.);
#2651 = EDGE_CURVE('',#2652,#2654,#2656,.T.);
#2652 = VERTEX_POINT('',#2653);
#2653 = CARTESIAN_POINT('',(12.1,0.,3.3));
#2654 = VERTEX_POINT('',#2655);
#2655 = CARTESIAN_POINT('',(12.1,0.,3.5));
#2656 = LINE('',#2657,#2658);
#2657 = CARTESIAN_POINT('',(12.1,0.,3.3));
#2658 = VECTOR('',#2659,1.);
#2659 = DIRECTION('',(0.,0.,1.));
#2660 = ORIENTED_EDGE('',*,*,#2661,.T.);
#2661 = EDGE_CURVE('',#2652,#2662,#2664,.T.);
#2662 = VERTEX_POINT('',#2663);
#2663 = CARTESIAN_POINT('',(12.3,0.,3.3));
#2664 = LINE('',#2665,#2666);
#2665 = CARTESIAN_POINT('',(12.1,0.,3.3));
#2666 = VECTOR('',#2667,1.);
#2667 = DIRECTION('',(1.,0.,-0.));
#2668 = ORIENTED_EDGE('',*,*,#2669,.T.);
#2669 = EDGE_CURVE('',#2662,#2670,#2672,.T.);
#2670 = VERTEX_POINT('',#2671);
#2671 = CARTESIAN_POINT('',(12.3,0.,3.5));
#2672 = LINE('',#2673,#2674);
#2673 = CARTESIAN_POINT('',(12.3,0.,3.3));
#2674 = VECTOR('',#2675,1.);
#2675 = DIRECTION('',(0.,0.,1.));
#2676 = ORIENTED_EDGE('',*,*,#2677,.F.);
#2677 = EDGE_CURVE('',#2654,#2670,#2678,.T.);
#2678 = LINE('',#2679,#2680);
#2679 = CARTESIAN_POINT('',(12.1,0.,3.5));
#2680 = VECTOR('',#2681,1.);
#2681 = DIRECTION('',(1.,0.,-0.));
#2682 = PLANE('',#2683);
#2683 = AXIS2_PLACEMENT_3D('',#2684,#2685,#2686);
#2684 = CARTESIAN_POINT('',(11.2,0.,2.4));
#2685 = DIRECTION('',(-0.,1.,0.));
#2686 = DIRECTION('',(0.,0.,1.));
#2687 = ADVANCED_FACE('',(#2688),#2706,.T.);
#2688 = FACE_BOUND('',#2689,.T.);
#2689 = EDGE_LOOP('',(#2690,#2691,#2692,#2700));
#2690 = ORIENTED_EDGE('',*,*,#2612,.F.);
#2691 = ORIENTED_EDGE('',*,*,#2635,.T.);
#2692 = ORIENTED_EDGE('',*,*,#2693,.T.);
#2693 = EDGE_CURVE('',#2636,#2694,#2696,.T.);
#2694 = VERTEX_POINT('',#2695);
#2695 = CARTESIAN_POINT('',(13.2,0.5,4.4));
#2696 = LINE('',#2697,#2698);
#2697 = CARTESIAN_POINT('',(13.2,0.,4.4));
#2698 = VECTOR('',#2699,1.);
#2699 = DIRECTION('',(-0.,1.,0.));
#2700 = ORIENTED_EDGE('',*,*,#2701,.F.);
#2701 = EDGE_CURVE('',#2605,#2694,#2702,.T.);
#2702 = LINE('',#2703,#2704);
#2703 = CARTESIAN_POINT('',(11.2,0.5,4.4));
#2704 = VECTOR('',#2705,1.);
#2705 = DIRECTION('',(1.,0.,-0.));
#2706 = PLANE('',#2707);
#2707 = AXIS2_PLACEMENT_3D('',#2708,#2709,#2710);
#2708 = CARTESIAN_POINT('',(11.2,0.,4.4));
#2709 = DIRECTION('',(0.,0.,1.));
#2710 = DIRECTION('',(1.,0.,-0.));
#2711 = ADVANCED_FACE('',(#2712,#2730),#2764,.T.);
#2712 = FACE_BOUND('',#2713,.T.);
#2713 = EDGE_LOOP('',(#2714,#2722,#2723,#2724));
#2714 = ORIENTED_EDGE('',*,*,#2715,.F.);
#2715 = EDGE_CURVE('',#2597,#2716,#2718,.T.);
#2716 = VERTEX_POINT('',#2717);
#2717 = CARTESIAN_POINT('',(13.2,0.5,2.4));
#2718 = LINE('',#2719,#2720);
#2719 = CARTESIAN_POINT('',(11.2,0.5,2.4));
#2720 = VECTOR('',#2721,1.);
#2721 = DIRECTION('',(1.,0.,-0.));
#2722 = ORIENTED_EDGE('',*,*,#2604,.T.);
#2723 = ORIENTED_EDGE('',*,*,#2701,.T.);
#2724 = ORIENTED_EDGE('',*,*,#2725,.F.);
#2725 = EDGE_CURVE('',#2716,#2694,#2726,.T.);
#2726 = LINE('',#2727,#2728);
#2727 = CARTESIAN_POINT('',(13.2,0.5,2.4));
#2728 = VECTOR('',#2729,1.);
#2729 = DIRECTION('',(0.,0.,1.));
#2730 = FACE_BOUND('',#2731,.T.);
#2731 = EDGE_LOOP('',(#2732,#2742,#2750,#2758));
#2732 = ORIENTED_EDGE('',*,*,#2733,.F.);
#2733 = EDGE_CURVE('',#2734,#2736,#2738,.T.);
#2734 = VERTEX_POINT('',#2735);
#2735 = CARTESIAN_POINT('',(12.1,0.5,3.3));
#2736 = VERTEX_POINT('',#2737);
#2737 = CARTESIAN_POINT('',(12.1,0.5,3.5));
#2738 = LINE('',#2739,#2740);
#2739 = CARTESIAN_POINT('',(12.1,0.5,3.3));
#2740 = VECTOR('',#2741,1.);
#2741 = DIRECTION('',(0.,0.,1.));
#2742 = ORIENTED_EDGE('',*,*,#2743,.T.);
#2743 = EDGE_CURVE('',#2734,#2744,#2746,.T.);
#2744 = VERTEX_POINT('',#2745);
#2745 = CARTESIAN_POINT('',(12.3,0.5,3.3));
#2746 = LINE('',#2747,#2748);
#2747 = CARTESIAN_POINT('',(12.1,0.5,3.3));
#2748 = VECTOR('',#2749,1.);
#2749 = DIRECTION('',(1.,0.,-0.));
#2750 = ORIENTED_EDGE('',*,*,#2751,.T.);
#2751 = EDGE_CURVE('',#2744,#2752,#2754,.T.);
#2752 = VERTEX_POINT('',#2753);
#2753 = CARTESIAN_POINT('',(12.3,0.5,3.5));
#2754 = LINE('',#2755,#2756);
#2755 = CARTESIAN_POINT('',(12.3,0.5,3.3));
#2756 = VECTOR('',#2757,1.);
#2757 = DIRECTION('',(0.,0.,1.));
#2758 = ORIENTED_EDGE('',*,*,#2759,.F.);
#2759 = EDGE_CURVE('',#2736,#2752,#2760,.T.);
#2760 = LINE('',#2761,#2762);
#2761 = CARTESIAN_POINT('',(12.1,0.5,3.5));
#2762 = VECTOR('',#2763,1.);
#2763 = DIRECTION('',(1.,0.,-0.));
#2764 = PLANE('',#2765);
#2765 = AXIS2_PLACEMENT_3D('',#2766,#2767,#2768);
#2766 = CARTESIAN_POINT('',(11.2,0.5,2.4));
#2767 = DIRECTION('',(-0.,1.,0.));
#2768 = DIRECTION('',(0.,0.,1.));
#2769 = ADVANCED_FACE('',(#2770),#2781,.F.);
#2770 = FACE_BOUND('',#2771,.F.);
#2771 = EDGE_LOOP('',(#2772,#2773,#2774,#2780));
#2772 = ORIENTED_EDGE('',*,*,#2596,.F.);
#2773 = ORIENTED_EDGE('',*,*,#2626,.T.);
#2774 = ORIENTED_EDGE('',*,*,#2775,.T.);
#2775 = EDGE_CURVE('',#2627,#2716,#2776,.T.);
#2776 = LINE('',#2777,#2778);
#2777 = CARTESIAN_POINT('',(13.2,0.,2.4));
#2778 = VECTOR('',#2779,1.);
#2779 = DIRECTION('',(-0.,1.,0.));
#2780 = ORIENTED_EDGE('',*,*,#2715,.F.);
#2781 = PLANE('',#2782);
#2782 = AXIS2_PLACEMENT_3D('',#2783,#2784,#2785);
#2783 = CARTESIAN_POINT('',(11.2,0.,2.4));
#2784 = DIRECTION('',(0.,0.,1.));
#2785 = DIRECTION('',(1.,0.,-0.));
#2786 = ADVANCED_FACE('',(#2787),#2793,.T.);
#2787 = FACE_BOUND('',#2788,.T.);
#2788 = EDGE_LOOP('',(#2789,#2790,#2791,#2792));
#2789 = ORIENTED_EDGE('',*,*,#2643,.F.);
#2790 = ORIENTED_EDGE('',*,*,#2775,.T.);
#2791 = ORIENTED_EDGE('',*,*,#2725,.T.);
#2792 = ORIENTED_EDGE('',*,*,#2693,.F.);
#2793 = PLANE('',#2794);
#2794 = AXIS2_PLACEMENT_3D('',#2795,#2796,#2797);
#2795 = CARTESIAN_POINT('',(13.2,0.,2.4));
#2796 = DIRECTION('',(1.,0.,-0.));
#2797 = DIRECTION('',(0.,0.,1.));
#2798 = ADVANCED_FACE('',(#2799),#2815,.T.);
#2799 = FACE_BOUND('',#2800,.T.);
#2800 = EDGE_LOOP('',(#2801,#2802,#2808,#2809));
#2801 = ORIENTED_EDGE('',*,*,#2651,.F.);
#2802 = ORIENTED_EDGE('',*,*,#2803,.T.);
#2803 = EDGE_CURVE('',#2652,#2734,#2804,.T.);
#2804 = LINE('',#2805,#2806);
#2805 = CARTESIAN_POINT('',(12.1,0.,3.3));
#2806 = VECTOR('',#2807,1.);
#2807 = DIRECTION('',(-0.,1.,0.));
#2808 = ORIENTED_EDGE('',*,*,#2733,.T.);
#2809 = ORIENTED_EDGE('',*,*,#2810,.F.);
#2810 = EDGE_CURVE('',#2654,#2736,#2811,.T.);
#2811 = LINE('',#2812,#2813);
#2812 = CARTESIAN_POINT('',(12.1,0.,3.5));
#2813 = VECTOR('',#2814,1.);
#2814 = DIRECTION('',(-0.,1.,0.));
#2815 = PLANE('',#2816);
#2816 = AXIS2_PLACEMENT_3D('',#2817,#2818,#2819);
#2817 = CARTESIAN_POINT('',(12.1,0.,3.3));
#2818 = DIRECTION('',(1.,0.,-0.));
#2819 = DIRECTION('',(0.,0.,1.));
#2820 = ADVANCED_FACE('',(#2821),#2832,.F.);
#2821 = FACE_BOUND('',#2822,.F.);
#2822 = EDGE_LOOP('',(#2823,#2824,#2825,#2831));
#2823 = ORIENTED_EDGE('',*,*,#2810,.F.);
#2824 = ORIENTED_EDGE('',*,*,#2677,.T.);
#2825 = ORIENTED_EDGE('',*,*,#2826,.T.);
#2826 = EDGE_CURVE('',#2670,#2752,#2827,.T.);
#2827 = LINE('',#2828,#2829);
#2828 = CARTESIAN_POINT('',(12.3,0.,3.5));
#2829 = VECTOR('',#2830,1.);
#2830 = DIRECTION('',(-0.,1.,0.));
#2831 = ORIENTED_EDGE('',*,*,#2759,.F.);
#2832 = PLANE('',#2833);
#2833 = AXIS2_PLACEMENT_3D('',#2834,#2835,#2836);
#2834 = CARTESIAN_POINT('',(12.1,0.,3.5));
#2835 = DIRECTION('',(0.,0.,1.));
#2836 = DIRECTION('',(1.,0.,-0.));
#2837 = ADVANCED_FACE('',(#2838),#2849,.F.);
#2838 = FACE_BOUND('',#2839,.F.);
#2839 = EDGE_LOOP('',(#2840,#2841,#2847,#2848));
#2840 = ORIENTED_EDGE('',*,*,#2669,.F.);
#2841 = ORIENTED_EDGE('',*,*,#2842,.T.);
#2842 = EDGE_CURVE('',#2662,#2744,#2843,.T.);
#2843 = LINE('',#2844,#2845);
#2844 = CARTESIAN_POINT('',(12.3,0.,3.3));
#2845 = VECTOR('',#2846,1.);
#2846 = DIRECTION('',(-0.,1.,0.));
#2847 = ORIENTED_EDGE('',*,*,#2751,.T.);
#2848 = ORIENTED_EDGE('',*,*,#2826,.F.);
#2849 = PLANE('',#2850);
#2850 = AXIS2_PLACEMENT_3D('',#2851,#2852,#2853);
#2851 = CARTESIAN_POINT('',(12.3,0.,3.3));
#2852 = DIRECTION('',(1.,0.,-0.));
#2853 = DIRECTION('',(0.,0.,1.));
#2854 = ADVANCED_FACE('',(#2855),#2861,.T.);
#2855 = FACE_BOUND('',#2856,.T.);
#2856 = EDGE_LOOP('',(#2857,#2858,#2859,#2860));
#2857 = ORIENTED_EDGE('',*,*,#2803,.F.);
#2858 = ORIENTED_EDGE('',*,*,#2661,.T.);
#2859 = ORIENTED_EDGE('',*,*,#2842,.T.);
#2860 = ORIENTED_EDGE('',*,*,#2743,.F.);
#2861 = PLANE('',#2862);
#2862 = AXIS2_PLACEMENT_3D('',#2863,#2864,#2865);
#2863 = CARTESIAN_POINT('',(12.1,0.,3.3));
#2864 = DIRECTION('',(0.,0.,1.));
#2865 = DIRECTION('',(1.,0.,-0.));
#2866 = ( GEOMETRIC_REPRESENTATION_CONTEXT(3) 
GLOBAL_UNCERTAINTY_ASSIGNED_CONTEXT((#2870)) 
GLOBAL_UNIT_ASSIGNED_CONTEXT((#2867,#2868,#2869)) REPRESENTATION_CONTEXT
('Context #1','3D Context with UNIT and UNCERTAINTY') );
#2867 = ( LENGTH_UNIT() NAMED_UNIT(*) SI_UNIT(.MILLI.,.METRE.) );
#2868 = ( NAMED_UNIT(*) PLANE_ANGLE_UNIT() SI_UNIT($,.RADIAN.) );
#2869 = ( NAMED_UNIT(*) SI_UNIT($,.STERADIAN.) SOLID_ANGLE_UNIT() );
#2870 = UNCERTAINTY_MEASURE_WITH_UNIT(LENGTH_MEASURE(1.E-07),#2867,
  'distance_accuracy_value','confusion accuracy');
#2871 = CONTEXT_DEPENDENT_SHAPE_REPRESENTATION(#2872,#2874);
#2872 = ( REPRESENTATION_RELATIONSHIP('','',#2579,#56) 
REPRESENTATION_RELATIONSHIP_WITH_TRANSFORMATION(#2873) 
SHAPE_REPRESENTATION_RELATIONSHIP() );
#2873 = ITEM_DEFINED_TRANSFORMATION('','',#11,#89);
#2874 = PRODUCT_DEFINITION_SHAPE('Placement','Placement of an item',
  #2875);
#2875 = NEXT_ASSEMBLY_USAGE_OCCURRENCE('387','Core_3_1','',#51,#2574,$);
#2876 = PRODUCT_RELATED_PRODUCT_CATEGORY('part',$,(#2576));
#2877 = SHAPE_DEFINITION_REPRESENTATION(#2878,#2884);
#2878 = PRODUCT_DEFINITION_SHAPE('','',#2879);
#2879 = PRODUCT_DEFINITION('design','',#2880,#2883);
#2880 = PRODUCT_DEFINITION_FORMATION('','',#2881);
#2881 = PRODUCT('Core_3_2','Core_3_2','',(#2882));
#2882 = PRODUCT_CONTEXT('',#2,'mechanical');
#2883 = PRODUCT_DEFINITION_CONTEXT('part definition',#2,'design');
#2884 = ADVANCED_BREP_SHAPE_REPRESENTATION('',(#11,#2885),#3171);
#2885 = MANIFOLD_SOLID_BREP('',#2886);
#2886 = CLOSED_SHELL('',(#2887,#2927,#2992,#3016,#3074,#3091,#3103,#3125
    ,#3142,#3159));
#2887 = ADVANCED_FACE('',(#2888),#2922,.F.);
#2888 = FACE_BOUND('',#2889,.F.);
#2889 = EDGE_LOOP('',(#2890,#2900,#2908,#2916));
#2890 = ORIENTED_EDGE('',*,*,#2891,.F.);
#2891 = EDGE_CURVE('',#2892,#2894,#2896,.T.);
#2892 = VERTEX_POINT('',#2893);
#2893 = CARTESIAN_POINT('',(11.2,0.,6.8));
#2894 = VERTEX_POINT('',#2895);
#2895 = CARTESIAN_POINT('',(11.2,0.,8.8));
#2896 = LINE('',#2897,#2898);
#2897 = CARTESIAN_POINT('',(11.2,0.,6.8));
#2898 = VECTOR('',#2899,1.);
#2899 = DIRECTION('',(0.,0.,1.));
#2900 = ORIENTED_EDGE('',*,*,#2901,.T.);
#2901 = EDGE_CURVE('',#2892,#2902,#2904,.T.);
#2902 = VERTEX_POINT('',#2903);
#2903 = CARTESIAN_POINT('',(11.2,0.5,6.8));
#2904 = LINE('',#2905,#2906);
#2905 = CARTESIAN_POINT('',(11.2,0.,6.8));
#2906 = VECTOR('',#2907,1.);
#2907 = DIRECTION('',(-0.,1.,0.));
#2908 = ORIENTED_EDGE('',*,*,#2909,.T.);
#2909 = EDGE_CURVE('',#2902,#2910,#2912,.T.);
#2910 = VERTEX_POINT('',#2911);
#2911 = CARTESIAN_POINT('',(11.2,0.5,8.8));
#2912 = LINE('',#2913,#2914);
#2913 = CARTESIAN_POINT('',(11.2,0.5,6.8));
#2914 = VECTOR('',#2915,1.);
#2915 = DIRECTION('',(0.,0.,1.));
#2916 = ORIENTED_EDGE('',*,*,#2917,.F.);
#2917 = EDGE_CURVE('',#2894,#2910,#2918,.T.);
#2918 = LINE('',#2919,#2920);
#2919 = CARTESIAN_POINT('',(11.2,0.,8.8));
#2920 = VECTOR('',#2921,1.);
#2921 = DIRECTION('',(-0.,1.,0.));
#2922 = PLANE('',#2923);
#2923 = AXIS2_PLACEMENT_3D('',#2924,#2925,#2926);
#2924 = CARTESIAN_POINT('',(11.2,0.,6.8));
#2925 = DIRECTION('',(1.,0.,-0.));
#2926 = DIRECTION('',(0.,0.,1.));
#2927 = ADVANCED_FACE('',(#2928,#2953),#2987,.F.);
#2928 = FACE_BOUND('',#2929,.F.);
#2929 = EDGE_LOOP('',(#2930,#2938,#2939,#2947));
#2930 = ORIENTED_EDGE('',*,*,#2931,.F.);
#2931 = EDGE_CURVE('',#2892,#2932,#2934,.T.);
#2932 = VERTEX_POINT('',#2933);
#2933 = CARTESIAN_POINT('',(13.2,0.,6.8));
#2934 = LINE('',#2935,#2936);
#2935 = CARTESIAN_POINT('',(11.2,0.,6.8));
#2936 = VECTOR('',#2937,1.);
#2937 = DIRECTION('',(1.,0.,-0.));
#2938 = ORIENTED_EDGE('',*,*,#2891,.T.);
#2939 = ORIENTED_EDGE('',*,*,#2940,.T.);
#2940 = EDGE_CURVE('',#2894,#2941,#2943,.T.);
#2941 = VERTEX_POINT('',#2942);
#2942 = CARTESIAN_POINT('',(13.2,0.,8.8));
#2943 = LINE('',#2944,#2945);
#2944 = CARTESIAN_POINT('',(11.2,0.,8.8));
#2945 = VECTOR('',#2946,1.);
#2946 = DIRECTION('',(1.,0.,-0.));
#2947 = ORIENTED_EDGE('',*,*,#2948,.F.);
#2948 = EDGE_CURVE('',#2932,#2941,#2949,.T.);
#2949 = LINE('',#2950,#2951);
#2950 = CARTESIAN_POINT('',(13.2,0.,6.8));
#2951 = VECTOR('',#2952,1.);
#2952 = DIRECTION('',(0.,0.,1.));
#2953 = FACE_BOUND('',#2954,.F.);
#2954 = EDGE_LOOP('',(#2955,#2965,#2973,#2981));
#2955 = ORIENTED_EDGE('',*,*,#2956,.F.);
#2956 = EDGE_CURVE('',#2957,#2959,#2961,.T.);
#2957 = VERTEX_POINT('',#2958);
#2958 = CARTESIAN_POINT('',(12.1,0.,7.7));
#2959 = VERTEX_POINT('',#2960);
#2960 = CARTESIAN_POINT('',(12.1,0.,7.9));
#2961 = LINE('',#2962,#2963);
#2962 = CARTESIAN_POINT('',(12.1,0.,7.7));
#2963 = VECTOR('',#2964,1.);
#2964 = DIRECTION('',(0.,0.,1.));
#2965 = ORIENTED_EDGE('',*,*,#2966,.T.);
#2966 = EDGE_CURVE('',#2957,#2967,#2969,.T.);
#2967 = VERTEX_POINT('',#2968);
#2968 = CARTESIAN_POINT('',(12.3,0.,7.7));
#2969 = LINE('',#2970,#2971);
#2970 = CARTESIAN_POINT('',(12.1,0.,7.7));
#2971 = VECTOR('',#2972,1.);
#2972 = DIRECTION('',(1.,0.,-0.));
#2973 = ORIENTED_EDGE('',*,*,#2974,.T.);
#2974 = EDGE_CURVE('',#2967,#2975,#2977,.T.);
#2975 = VERTEX_POINT('',#2976);
#2976 = CARTESIAN_POINT('',(12.3,0.,7.9));
#2977 = LINE('',#2978,#2979);
#2978 = CARTESIAN_POINT('',(12.3,0.,7.7));
#2979 = VECTOR('',#2980,1.);
#2980 = DIRECTION('',(0.,0.,1.));
#2981 = ORIENTED_EDGE('',*,*,#2982,.F.);
#2982 = EDGE_CURVE('',#2959,#2975,#2983,.T.);
#2983 = LINE('',#2984,#2985);
#2984 = CARTESIAN_POINT('',(12.1,0.,7.9));
#2985 = VECTOR('',#2986,1.);
#2986 = DIRECTION('',(1.,0.,-0.));
#2987 = PLANE('',#2988);
#2988 = AXIS2_PLACEMENT_3D('',#2989,#2990,#2991);
#2989 = CARTESIAN_POINT('',(11.2,0.,6.8));
#2990 = DIRECTION('',(-0.,1.,0.));
#2991 = DIRECTION('',(0.,0.,1.));
#2992 = ADVANCED_FACE('',(#2993),#3011,.T.);
#2993 = FACE_BOUND('',#2994,.T.);
#2994 = EDGE_LOOP('',(#2995,#2996,#2997,#3005));
#2995 = ORIENTED_EDGE('',*,*,#2917,.F.);
#2996 = ORIENTED_EDGE('',*,*,#2940,.T.);
#2997 = ORIENTED_EDGE('',*,*,#2998,.T.);
#2998 = EDGE_CURVE('',#2941,#2999,#3001,.T.);
#2999 = VERTEX_POINT('',#3000);
#3000 = CARTESIAN_POINT('',(13.2,0.5,8.8));
#3001 = LINE('',#3002,#3003);
#3002 = CARTESIAN_POINT('',(13.2,0.,8.8));
#3003 = VECTOR('',#3004,1.);
#3004 = DIRECTION('',(-0.,1.,0.));
#3005 = ORIENTED_EDGE('',*,*,#3006,.F.);
#3006 = EDGE_CURVE('',#2910,#2999,#3007,.T.);
#3007 = LINE('',#3008,#3009);
#3008 = CARTESIAN_POINT('',(11.2,0.5,8.8));
#3009 = VECTOR('',#3010,1.);
#3010 = DIRECTION('',(1.,0.,-0.));
#3011 = PLANE('',#3012);
#3012 = AXIS2_PLACEMENT_3D('',#3013,#3014,#3015);
#3013 = CARTESIAN_POINT('',(11.2,0.,8.8));
#3014 = DIRECTION('',(0.,0.,1.));
#3015 = DIRECTION('',(1.,0.,-0.));
#3016 = ADVANCED_FACE('',(#3017,#3035),#3069,.T.);
#3017 = FACE_BOUND('',#3018,.T.);
#3018 = EDGE_LOOP('',(#3019,#3027,#3028,#3029));
#3019 = ORIENTED_EDGE('',*,*,#3020,.F.);
#3020 = EDGE_CURVE('',#2902,#3021,#3023,.T.);
#3021 = VERTEX_POINT('',#3022);
#3022 = CARTESIAN_POINT('',(13.2,0.5,6.8));
#3023 = LINE('',#3024,#3025);
#3024 = CARTESIAN_POINT('',(11.2,0.5,6.8));
#3025 = VECTOR('',#3026,1.);
#3026 = DIRECTION('',(1.,0.,-0.));
#3027 = ORIENTED_EDGE('',*,*,#2909,.T.);
#3028 = ORIENTED_EDGE('',*,*,#3006,.T.);
#3029 = ORIENTED_EDGE('',*,*,#3030,.F.);
#3030 = EDGE_CURVE('',#3021,#2999,#3031,.T.);
#3031 = LINE('',#3032,#3033);
#3032 = CARTESIAN_POINT('',(13.2,0.5,6.8));
#3033 = VECTOR('',#3034,1.);
#3034 = DIRECTION('',(0.,0.,1.));
#3035 = FACE_BOUND('',#3036,.T.);
#3036 = EDGE_LOOP('',(#3037,#3047,#3055,#3063));
#3037 = ORIENTED_EDGE('',*,*,#3038,.F.);
#3038 = EDGE_CURVE('',#3039,#3041,#3043,.T.);
#3039 = VERTEX_POINT('',#3040);
#3040 = CARTESIAN_POINT('',(12.1,0.5,7.7));
#3041 = VERTEX_POINT('',#3042);
#3042 = CARTESIAN_POINT('',(12.1,0.5,7.9));
#3043 = LINE('',#3044,#3045);
#3044 = CARTESIAN_POINT('',(12.1,0.5,7.7));
#3045 = VECTOR('',#3046,1.);
#3046 = DIRECTION('',(0.,0.,1.));
#3047 = ORIENTED_EDGE('',*,*,#3048,.T.);
#3048 = EDGE_CURVE('',#3039,#3049,#3051,.T.);
#3049 = VERTEX_POINT('',#3050);
#3050 = CARTESIAN_POINT('',(12.3,0.5,7.7));
#3051 = LINE('',#3052,#3053);
#3052 = CARTESIAN_POINT('',(12.1,0.5,7.7));
#3053 = VECTOR('',#3054,1.);
#3054 = DIRECTION('',(1.,0.,-0.));
#3055 = ORIENTED_EDGE('',*,*,#3056,.T.);
#3056 = EDGE_CURVE('',#3049,#3057,#3059,.T.);
#3057 = VERTEX_POINT('',#3058);
#3058 = CARTESIAN_POINT('',(12.3,0.5,7.9));
#3059 = LINE('',#3060,#3061);
#3060 = CARTESIAN_POINT('',(12.3,0.5,7.7));
#3061 = VECTOR('',#3062,1.);
#3062 = DIRECTION('',(0.,0.,1.));
#3063 = ORIENTED_EDGE('',*,*,#3064,.F.);
#3064 = EDGE_CURVE('',#3041,#3057,#3065,.T.);
#3065 = LINE('',#3066,#3067);
#3066 = CARTESIAN_POINT('',(12.1,0.5,7.9));
#3067 = VECTOR('',#3068,1.);
#3068 = DIRECTION('',(1.,0.,-0.));
#3069 = PLANE('',#3070);
#3070 = AXIS2_PLACEMENT_3D('',#3071,#3072,#3073);
#3071 = CARTESIAN_POINT('',(11.2,0.5,6.8));
#3072 = DIRECTION('',(-0.,1.,0.));
#3073 = DIRECTION('',(0.,0.,1.));
#3074 = ADVANCED_FACE('',(#3075),#3086,.F.);
#3075 = FACE_BOUND('',#3076,.F.);
#3076 = EDGE_LOOP('',(#3077,#3078,#3079,#3085));
#3077 = ORIENTED_EDGE('',*,*,#2901,.F.);
#3078 = ORIENTED_EDGE('',*,*,#2931,.T.);
#3079 = ORIENTED_EDGE('',*,*,#3080,.T.);
#3080 = EDGE_CURVE('',#2932,#3021,#3081,.T.);
#3081 = LINE('',#3082,#3083);
#3082 = CARTESIAN_POINT('',(13.2,0.,6.8));
#3083 = VECTOR('',#3084,1.);
#3084 = DIRECTION('',(-0.,1.,0.));
#3085 = ORIENTED_EDGE('',*,*,#3020,.F.);
#3086 = PLANE('',#3087);
#3087 = AXIS2_PLACEMENT_3D('',#3088,#3089,#3090);
#3088 = CARTESIAN_POINT('',(11.2,0.,6.8));
#3089 = DIRECTION('',(0.,0.,1.));
#3090 = DIRECTION('',(1.,0.,-0.));
#3091 = ADVANCED_FACE('',(#3092),#3098,.T.);
#3092 = FACE_BOUND('',#3093,.T.);
#3093 = EDGE_LOOP('',(#3094,#3095,#3096,#3097));
#3094 = ORIENTED_EDGE('',*,*,#2948,.F.);
#3095 = ORIENTED_EDGE('',*,*,#3080,.T.);
#3096 = ORIENTED_EDGE('',*,*,#3030,.T.);
#3097 = ORIENTED_EDGE('',*,*,#2998,.F.);
#3098 = PLANE('',#3099);
#3099 = AXIS2_PLACEMENT_3D('',#3100,#3101,#3102);
#3100 = CARTESIAN_POINT('',(13.2,0.,6.8));
#3101 = DIRECTION('',(1.,0.,-0.));
#3102 = DIRECTION('',(0.,0.,1.));
#3103 = ADVANCED_FACE('',(#3104),#3120,.T.);
#3104 = FACE_BOUND('',#3105,.T.);
#3105 = EDGE_LOOP('',(#3106,#3107,#3113,#3114));
#3106 = ORIENTED_EDGE('',*,*,#2956,.F.);
#3107 = ORIENTED_EDGE('',*,*,#3108,.T.);
#3108 = EDGE_CURVE('',#2957,#3039,#3109,.T.);
#3109 = LINE('',#3110,#3111);
#3110 = CARTESIAN_POINT('',(12.1,0.,7.7));
#3111 = VECTOR('',#3112,1.);
#3112 = DIRECTION('',(-0.,1.,0.));
#3113 = ORIENTED_EDGE('',*,*,#3038,.T.);
#3114 = ORIENTED_EDGE('',*,*,#3115,.F.);
#3115 = EDGE_CURVE('',#2959,#3041,#3116,.T.);
#3116 = LINE('',#3117,#3118);
#3117 = CARTESIAN_POINT('',(12.1,0.,7.9));
#3118 = VECTOR('',#3119,1.);
#3119 = DIRECTION('',(-0.,1.,0.));
#3120 = PLANE('',#3121);
#3121 = AXIS2_PLACEMENT_3D('',#3122,#3123,#3124);
#3122 = CARTESIAN_POINT('',(12.1,0.,7.7));
#3123 = DIRECTION('',(1.,0.,-0.));
#3124 = DIRECTION('',(0.,0.,1.));
#3125 = ADVANCED_FACE('',(#3126),#3137,.F.);
#3126 = FACE_BOUND('',#3127,.F.);
#3127 = EDGE_LOOP('',(#3128,#3129,#3130,#3136));
#3128 = ORIENTED_EDGE('',*,*,#3115,.F.);
#3129 = ORIENTED_EDGE('',*,*,#2982,.T.);
#3130 = ORIENTED_EDGE('',*,*,#3131,.T.);
#3131 = EDGE_CURVE('',#2975,#3057,#3132,.T.);
#3132 = LINE('',#3133,#3134);
#3133 = CARTESIAN_POINT('',(12.3,0.,7.9));
#3134 = VECTOR('',#3135,1.);
#3135 = DIRECTION('',(-0.,1.,0.));
#3136 = ORIENTED_EDGE('',*,*,#3064,.F.);
#3137 = PLANE('',#3138);
#3138 = AXIS2_PLACEMENT_3D('',#3139,#3140,#3141);
#3139 = CARTESIAN_POINT('',(12.1,0.,7.9));
#3140 = DIRECTION('',(0.,0.,1.));
#3141 = DIRECTION('',(1.,0.,-0.));
#3142 = ADVANCED_FACE('',(#3143),#3154,.F.);
#3143 = FACE_BOUND('',#3144,.F.);
#3144 = EDGE_LOOP('',(#3145,#3146,#3152,#3153));
#3145 = ORIENTED_EDGE('',*,*,#2974,.F.);
#3146 = ORIENTED_EDGE('',*,*,#3147,.T.);
#3147 = EDGE_CURVE('',#2967,#3049,#3148,.T.);
#3148 = LINE('',#3149,#3150);
#3149 = CARTESIAN_POINT('',(12.3,0.,7.7));
#3150 = VECTOR('',#3151,1.);
#3151 = DIRECTION('',(-0.,1.,0.));
#3152 = ORIENTED_EDGE('',*,*,#3056,.T.);
#3153 = ORIENTED_EDGE('',*,*,#3131,.F.);
#3154 = PLANE('',#3155);
#3155 = AXIS2_PLACEMENT_3D('',#3156,#3157,#3158);
#3156 = CARTESIAN_POINT('',(12.3,0.,7.7));
#3157 = DIRECTION('',(1.,0.,-0.));
#3158 = DIRECTION('',(0.,0.,1.));
#3159 = ADVANCED_FACE('',(#3160),#3166,.T.);
#3160 = FACE_BOUND('',#3161,.T.);
#3161 = EDGE_LOOP('',(#3162,#3163,#3164,#3165));
#3162 = ORIENTED_EDGE('',*,*,#3108,.F.);
#3163 = ORIENTED_EDGE('',*,*,#2966,.T.);
#3164 = ORIENTED_EDGE('',*,*,#3147,.T.);
#3165 = ORIENTED_EDGE('',*,*,#3048,.F.);
#3166 = PLANE('',#3167);
#3167 = AXIS2_PLACEMENT_3D('',#3168,#3169,#3170);
#3168 = CARTESIAN_POINT('',(12.1,0.,7.7));
#3169 = DIRECTION('',(0.,0.,1.));
#3170 = DIRECTION('',(1.,0.,-0.));
#3171 = ( GEOMETRIC_REPRESENTATION_CONTEXT(3) 
GLOBAL_UNCERTAINTY_ASSIGNED_CONTEXT((#3175)) 
GLOBAL_UNIT_ASSIGNED_CONTEXT((#3172,#3173,#3174)) REPRESENTATION_CONTEXT
('Context #1','3D Context with UNIT and UNCERTAINTY') );
#3172 = ( LENGTH_UNIT() NAMED_UNIT(*) SI_UNIT(.MILLI.,.METRE.) );
#3173 = ( NAMED_UNIT(*) PLANE_ANGLE_UNIT() SI_UNIT($,.RADIAN.) );
#3174 = ( NAMED_UNIT(*) SI_UNIT($,.STERADIAN.) SOLID_ANGLE_UNIT() );
#3175 = UNCERTAINTY_MEASURE_WITH_UNIT(LENGTH_MEASURE(1.E-07),#3172,
  'distance_accuracy_value','confusion accuracy');
#3176 = CONTEXT_DEPENDENT_SHAPE_REPRESENTATION(#3177,#3179);
#3177 = ( REPRESENTATION_RELATIONSHIP('','',#2884,#56) 
REPRESENTATION_RELATIONSHIP_WITH_TRANSFORMATION(#3178) 
SHAPE_REPRESENTATION_RELATIONSHIP() );
#3178 = ITEM_DEFINED_TRANSFORMATION('','',#11,#93);
#3179 = PRODUCT_DEFINITION_SHAPE('Placement','Placement of an item',
  #3180);
#3180 = NEXT_ASSEMBLY_USAGE_OCCURRENCE('388','Core_3_2','',#51,#2879,$);
#3181 = PRODUCT_RELATED_PRODUCT_CATEGORY('part',$,(#2881));
#3182 = SHAPE_DEFINITION_REPRESENTATION(#3183,#3189);
#3183 = PRODUCT_DEFINITION_SHAPE('','',#3184);
#3184 = PRODUCT_DEFINITION('design','',#3185,#3188);
#3185 = PRODUCT_DEFINITION_FORMATION('','',#3186);
#3186 = PRODUCT('Core_3_3','Core_3_3','',(#3187));
#3187 = PRODUCT_CONTEXT('',#2,'mechanical');
#3188 = PRODUCT_DEFINITION_CONTEXT('part definition',#2,'design');
#3189 = ADVANCED_BREP_SHAPE_REPRESENTATION('',(#11,#3190),#3476);
#3190 = MANIFOLD_SOLID_BREP('',#3191);
#3191 = CLOSED_SHELL('',(#3192,#3232,#3297,#3321,#3379,#3396,#3408,#3430
    ,#3447,#3464));
#3192 = ADVANCED_FACE('',(#3193),#3227,.F.);
#3193 = FACE_BOUND('',#3194,.F.);
#3194 = EDGE_LOOP('',(#3195,#3205,#3213,#3221));
#3195 = ORIENTED_EDGE('',*,*,#3196,.F.);
#3196 = EDGE_CURVE('',#3197,#3199,#3201,.T.);
#3197 = VERTEX_POINT('',#3198);
#3198 = CARTESIAN_POINT('',(11.2,0.,11.2));
#3199 = VERTEX_POINT('',#3200);
#3200 = CARTESIAN_POINT('',(11.2,0.,13.2));
#3201 = LINE('',#3202,#3203);
#3202 = CARTESIAN_POINT('',(11.2,0.,11.2));
#3203 = VECTOR('',#3204,1.);
#3204 = DIRECTION('',(0.,0.,1.));
#3205 = ORIENTED_EDGE('',*,*,#3206,.T.);
#3206 = EDGE_CURVE('',#3197,#3207,#3209,.T.);
#3207 = VERTEX_POINT('',#3208);
#3208 = CARTESIAN_POINT('',(11.2,0.5,11.2));
#3209 = LINE('',#3210,#3211);
#3210 = CARTESIAN_POINT('',(11.2,0.,11.2));
#3211 = VECTOR('',#3212,1.);
#3212 = DIRECTION('',(-0.,1.,0.));
#3213 = ORIENTED_EDGE('',*,*,#3214,.T.);
#3214 = EDGE_CURVE('',#3207,#3215,#3217,.T.);
#3215 = VERTEX_POINT('',#3216);
#3216 = CARTESIAN_POINT('',(11.2,0.5,13.2));
#3217 = LINE('',#3218,#3219);
#3218 = CARTESIAN_POINT('',(11.2,0.5,11.2));
#3219 = VECTOR('',#3220,1.);
#3220 = DIRECTION('',(0.,0.,1.));
#3221 = ORIENTED_EDGE('',*,*,#3222,.F.);
#3222 = EDGE_CURVE('',#3199,#3215,#3223,.T.);
#3223 = LINE('',#3224,#3225);
#3224 = CARTESIAN_POINT('',(11.2,0.,13.2));
#3225 = VECTOR('',#3226,1.);
#3226 = DIRECTION('',(-0.,1.,0.));
#3227 = PLANE('',#3228);
#3228 = AXIS2_PLACEMENT_3D('',#3229,#3230,#3231);
#3229 = CARTESIAN_POINT('',(11.2,0.,11.2));
#3230 = DIRECTION('',(1.,0.,-0.));
#3231 = DIRECTION('',(0.,0.,1.));
#3232 = ADVANCED_FACE('',(#3233,#3258),#3292,.F.);
#3233 = FACE_BOUND('',#3234,.F.);
#3234 = EDGE_LOOP('',(#3235,#3243,#3244,#3252));
#3235 = ORIENTED_EDGE('',*,*,#3236,.F.);
#3236 = EDGE_CURVE('',#3197,#3237,#3239,.T.);
#3237 = VERTEX_POINT('',#3238);
#3238 = CARTESIAN_POINT('',(13.2,0.,11.2));
#3239 = LINE('',#3240,#3241);
#3240 = CARTESIAN_POINT('',(11.2,0.,11.2));
#3241 = VECTOR('',#3242,1.);
#3242 = DIRECTION('',(1.,0.,-0.));
#3243 = ORIENTED_EDGE('',*,*,#3196,.T.);
#3244 = ORIENTED_EDGE('',*,*,#3245,.T.);
#3245 = EDGE_CURVE('',#3199,#3246,#3248,.T.);
#3246 = VERTEX_POINT('',#3247);
#3247 = CARTESIAN_POINT('',(13.2,0.,13.2));
#3248 = LINE('',#3249,#3250);
#3249 = CARTESIAN_POINT('',(11.2,0.,13.2));
#3250 = VECTOR('',#3251,1.);
#3251 = DIRECTION('',(1.,0.,-0.));
#3252 = ORIENTED_EDGE('',*,*,#3253,.F.);
#3253 = EDGE_CURVE('',#3237,#3246,#3254,.T.);
#3254 = LINE('',#3255,#3256);
#3255 = CARTESIAN_POINT('',(13.2,0.,11.2));
#3256 = VECTOR('',#3257,1.);
#3257 = DIRECTION('',(0.,0.,1.));
#3258 = FACE_BOUND('',#3259,.F.);
#3259 = EDGE_LOOP('',(#3260,#3270,#3278,#3286));
#3260 = ORIENTED_EDGE('',*,*,#3261,.F.);
#3261 = EDGE_CURVE('',#3262,#3264,#3266,.T.);
#3262 = VERTEX_POINT('',#3263);
#3263 = CARTESIAN_POINT('',(12.1,0.,12.1));
#3264 = VERTEX_POINT('',#3265);
#3265 = CARTESIAN_POINT('',(12.1,0.,12.3));
#3266 = LINE('',#3267,#3268);
#3267 = CARTESIAN_POINT('',(12.1,0.,12.1));
#3268 = VECTOR('',#3269,1.);
#3269 = DIRECTION('',(0.,0.,1.));
#3270 = ORIENTED_EDGE('',*,*,#3271,.T.);
#3271 = EDGE_CURVE('',#3262,#3272,#3274,.T.);
#3272 = VERTEX_POINT('',#3273);
#3273 = CARTESIAN_POINT('',(12.3,0.,12.1));
#3274 = LINE('',#3275,#3276);
#3275 = CARTESIAN_POINT('',(12.1,0.,12.1));
#3276 = VECTOR('',#3277,1.);
#3277 = DIRECTION('',(1.,0.,-0.));
#3278 = ORIENTED_EDGE('',*,*,#3279,.T.);
#3279 = EDGE_CURVE('',#3272,#3280,#3282,.T.);
#3280 = VERTEX_POINT('',#3281);
#3281 = CARTESIAN_POINT('',(12.3,0.,12.3));
#3282 = LINE('',#3283,#3284);
#3283 = CARTESIAN_POINT('',(12.3,0.,12.1));
#3284 = VECTOR('',#3285,1.);
#3285 = DIRECTION('',(0.,0.,1.));
#3286 = ORIENTED_EDGE('',*,*,#3287,.F.);
#3287 = EDGE_CURVE('',#3264,#3280,#3288,.T.);
#3288 = LINE('',#3289,#3290);
#3289 = CARTESIAN_POINT('',(12.1,0.,12.3));
#3290 = VECTOR('',#3291,1.);
#3291 = DIRECTION('',(1.,0.,-0.));
#3292 = PLANE('',#3293);
#3293 = AXIS2_PLACEMENT_3D('',#3294,#3295,#3296);
#3294 = CARTESIAN_POINT('',(11.2,0.,11.2));
#3295 = DIRECTION('',(-0.,1.,0.));
#3296 = DIRECTION('',(0.,0.,1.));
#3297 = ADVANCED_FACE('',(#3298),#3316,.T.);
#3298 = FACE_BOUND('',#3299,.T.);
#3299 = EDGE_LOOP('',(#3300,#3301,#3302,#3310));
#3300 = ORIENTED_EDGE('',*,*,#3222,.F.);
#3301 = ORIENTED_EDGE('',*,*,#3245,.T.);
#3302 = ORIENTED_EDGE('',*,*,#3303,.T.);
#3303 = EDGE_CURVE('',#3246,#3304,#3306,.T.);
#3304 = VERTEX_POINT('',#3305);
#3305 = CARTESIAN_POINT('',(13.2,0.5,13.2));
#3306 = LINE('',#3307,#3308);
#3307 = CARTESIAN_POINT('',(13.2,0.,13.2));
#3308 = VECTOR('',#3309,1.);
#3309 = DIRECTION('',(-0.,1.,0.));
#3310 = ORIENTED_EDGE('',*,*,#3311,.F.);
#3311 = EDGE_CURVE('',#3215,#3304,#3312,.T.);
#3312 = LINE('',#3313,#3314);
#3313 = CARTESIAN_POINT('',(11.2,0.5,13.2));
#3314 = VECTOR('',#3315,1.);
#3315 = DIRECTION('',(1.,0.,-0.));
#3316 = PLANE('',#3317);
#3317 = AXIS2_PLACEMENT_3D('',#3318,#3319,#3320);
#3318 = CARTESIAN_POINT('',(11.2,0.,13.2));
#3319 = DIRECTION('',(0.,0.,1.));
#3320 = DIRECTION('',(1.,0.,-0.));
#3321 = ADVANCED_FACE('',(#3322,#3340),#3374,.T.);
#3322 = FACE_BOUND('',#3323,.T.);
#3323 = EDGE_LOOP('',(#3324,#3332,#3333,#3334));
#3324 = ORIENTED_EDGE('',*,*,#3325,.F.);
#3325 = EDGE_CURVE('',#3207,#3326,#3328,.T.);
#3326 = VERTEX_POINT('',#3327);
#3327 = CARTESIAN_POINT('',(13.2,0.5,11.2));
#3328 = LINE('',#3329,#3330);
#3329 = CARTESIAN_POINT('',(11.2,0.5,11.2));
#3330 = VECTOR('',#3331,1.);
#3331 = DIRECTION('',(1.,0.,-0.));
#3332 = ORIENTED_EDGE('',*,*,#3214,.T.);
#3333 = ORIENTED_EDGE('',*,*,#3311,.T.);
#3334 = ORIENTED_EDGE('',*,*,#3335,.F.);
#3335 = EDGE_CURVE('',#3326,#3304,#3336,.T.);
#3336 = LINE('',#3337,#3338);
#3337 = CARTESIAN_POINT('',(13.2,0.5,11.2));
#3338 = VECTOR('',#3339,1.);
#3339 = DIRECTION('',(0.,0.,1.));
#3340 = FACE_BOUND('',#3341,.T.);
#3341 = EDGE_LOOP('',(#3342,#3352,#3360,#3368));
#3342 = ORIENTED_EDGE('',*,*,#3343,.F.);
#3343 = EDGE_CURVE('',#3344,#3346,#3348,.T.);
#3344 = VERTEX_POINT('',#3345);
#3345 = CARTESIAN_POINT('',(12.1,0.5,12.1));
#3346 = VERTEX_POINT('',#3347);
#3347 = CARTESIAN_POINT('',(12.1,0.5,12.3));
#3348 = LINE('',#3349,#3350);
#3349 = CARTESIAN_POINT('',(12.1,0.5,12.1));
#3350 = VECTOR('',#3351,1.);
#3351 = DIRECTION('',(0.,0.,1.));
#3352 = ORIENTED_EDGE('',*,*,#3353,.T.);
#3353 = EDGE_CURVE('',#3344,#3354,#3356,.T.);
#3354 = VERTEX_POINT('',#3355);
#3355 = CARTESIAN_POINT('',(12.3,0.5,12.1));
#3356 = LINE('',#3357,#3358);
#3357 = CARTESIAN_POINT('',(12.1,0.5,12.1));
#3358 = VECTOR('',#3359,1.);
#3359 = DIRECTION('',(1.,0.,-0.));
#3360 = ORIENTED_EDGE('',*,*,#3361,.T.);
#3361 = EDGE_CURVE('',#3354,#3362,#3364,.T.);
#3362 = VERTEX_POINT('',#3363);
#3363 = CARTESIAN_POINT('',(12.3,0.5,12.3));
#3364 = LINE('',#3365,#3366);
#3365 = CARTESIAN_POINT('',(12.3,0.5,12.1));
#3366 = VECTOR('',#3367,1.);
#3367 = DIRECTION('',(0.,0.,1.));
#3368 = ORIENTED_EDGE('',*,*,#3369,.F.);
#3369 = EDGE_CURVE('',#3346,#3362,#3370,.T.);
#3370 = LINE('',#3371,#3372);
#3371 = CARTESIAN_POINT('',(12.1,0.5,12.3));
#3372 = VECTOR('',#3373,1.);
#3373 = DIRECTION('',(1.,0.,-0.));
#3374 = PLANE('',#3375);
#3375 = AXIS2_PLACEMENT_3D('',#3376,#3377,#3378);
#3376 = CARTESIAN_POINT('',(11.2,0.5,11.2));
#3377 = DIRECTION('',(-0.,1.,0.));
#3378 = DIRECTION('',(0.,0.,1.));
#3379 = ADVANCED_FACE('',(#3380),#3391,.F.);
#3380 = FACE_BOUND('',#3381,.F.);
#3381 = EDGE_LOOP('',(#3382,#3383,#3384,#3390));
#3382 = ORIENTED_EDGE('',*,*,#3206,.F.);
#3383 = ORIENTED_EDGE('',*,*,#3236,.T.);
#3384 = ORIENTED_EDGE('',*,*,#3385,.T.);
#3385 = EDGE_CURVE('',#3237,#3326,#3386,.T.);
#3386 = LINE('',#3387,#3388);
#3387 = CARTESIAN_POINT('',(13.2,0.,11.2));
#3388 = VECTOR('',#3389,1.);
#3389 = DIRECTION('',(-0.,1.,0.));
#3390 = ORIENTED_EDGE('',*,*,#3325,.F.);
#3391 = PLANE('',#3392);
#3392 = AXIS2_PLACEMENT_3D('',#3393,#3394,#3395);
#3393 = CARTESIAN_POINT('',(11.2,0.,11.2));
#3394 = DIRECTION('',(0.,0.,1.));
#3395 = DIRECTION('',(1.,0.,-0.));
#3396 = ADVANCED_FACE('',(#3397),#3403,.T.);
#3397 = FACE_BOUND('',#3398,.T.);
#3398 = EDGE_LOOP('',(#3399,#3400,#3401,#3402));
#3399 = ORIENTED_EDGE('',*,*,#3253,.F.);
#3400 = ORIENTED_EDGE('',*,*,#3385,.T.);
#3401 = ORIENTED_EDGE('',*,*,#3335,.T.);
#3402 = ORIENTED_EDGE('',*,*,#3303,.F.);
#3403 = PLANE('',#3404);
#3404 = AXIS2_PLACEMENT_3D('',#3405,#3406,#3407);
#3405 = CARTESIAN_POINT('',(13.2,0.,11.2));
#3406 = DIRECTION('',(1.,0.,-0.));
#3407 = DIRECTION('',(0.,0.,1.));
#3408 = ADVANCED_FACE('',(#3409),#3425,.T.);
#3409 = FACE_BOUND('',#3410,.T.);
#3410 = EDGE_LOOP('',(#3411,#3412,#3418,#3419));
#3411 = ORIENTED_EDGE('',*,*,#3261,.F.);
#3412 = ORIENTED_EDGE('',*,*,#3413,.T.);
#3413 = EDGE_CURVE('',#3262,#3344,#3414,.T.);
#3414 = LINE('',#3415,#3416);
#3415 = CARTESIAN_POINT('',(12.1,0.,12.1));
#3416 = VECTOR('',#3417,1.);
#3417 = DIRECTION('',(-0.,1.,0.));
#3418 = ORIENTED_EDGE('',*,*,#3343,.T.);
#3419 = ORIENTED_EDGE('',*,*,#3420,.F.);
#3420 = EDGE_CURVE('',#3264,#3346,#3421,.T.);
#3421 = LINE('',#3422,#3423);
#3422 = CARTESIAN_POINT('',(12.1,0.,12.3));
#3423 = VECTOR('',#3424,1.);
#3424 = DIRECTION('',(-0.,1.,0.));
#3425 = PLANE('',#3426);
#3426 = AXIS2_PLACEMENT_3D('',#3427,#3428,#3429);
#3427 = CARTESIAN_POINT('',(12.1,0.,12.1));
#3428 = DIRECTION('',(1.,0.,-0.));
#3429 = DIRECTION('',(0.,0.,1.));
#3430 = ADVANCED_FACE('',(#3431),#3442,.F.);
#3431 = FACE_BOUND('',#3432,.F.);
#3432 = EDGE_LOOP('',(#3433,#3434,#3435,#3441));
#3433 = ORIENTED_EDGE('',*,*,#3420,.F.);
#3434 = ORIENTED_EDGE('',*,*,#3287,.T.);
#3435 = ORIENTED_EDGE('',*,*,#3436,.T.);
#3436 = EDGE_CURVE('',#3280,#3362,#3437,.T.);
#3437 = LINE('',#3438,#3439);
#3438 = CARTESIAN_POINT('',(12.3,0.,12.3));
#3439 = VECTOR('',#3440,1.);
#3440 = DIRECTION('',(-0.,1.,0.));
#3441 = ORIENTED_EDGE('',*,*,#3369,.F.);
#3442 = PLANE('',#3443);
#3443 = AXIS2_PLACEMENT_3D('',#3444,#3445,#3446);
#3444 = CARTESIAN_POINT('',(12.1,0.,12.3));
#3445 = DIRECTION('',(0.,0.,1.));
#3446 = DIRECTION('',(1.,0.,-0.));
#3447 = ADVANCED_FACE('',(#3448),#3459,.F.);
#3448 = FACE_BOUND('',#3449,.F.);
#3449 = EDGE_LOOP('',(#3450,#3451,#3457,#3458));
#3450 = ORIENTED_EDGE('',*,*,#3279,.F.);
#3451 = ORIENTED_EDGE('',*,*,#3452,.T.);
#3452 = EDGE_CURVE('',#3272,#3354,#3453,.T.);
#3453 = LINE('',#3454,#3455);
#3454 = CARTESIAN_POINT('',(12.3,0.,12.1));
#3455 = VECTOR('',#3456,1.);
#3456 = DIRECTION('',(-0.,1.,0.));
#3457 = ORIENTED_EDGE('',*,*,#3361,.T.);
#3458 = ORIENTED_EDGE('',*,*,#3436,.F.);
#3459 = PLANE('',#3460);
#3460 = AXIS2_PLACEMENT_3D('',#3461,#3462,#3463);
#3461 = CARTESIAN_POINT('',(12.3,0.,12.1));
#3462 = DIRECTION('',(1.,0.,-0.));
#3463 = DIRECTION('',(0.,0.,1.));
#3464 = ADVANCED_FACE('',(#3465),#3471,.T.);
#3465 = FACE_BOUND('',#3466,.T.);
#3466 = EDGE_LOOP('',(#3467,#3468,#3469,#3470));
#3467 = ORIENTED_EDGE('',*,*,#3413,.F.);
#3468 = ORIENTED_EDGE('',*,*,#3271,.T.);
#3469 = ORIENTED_EDGE('',*,*,#3452,.T.);
#3470 = ORIENTED_EDGE('',*,*,#3353,.F.);
#3471 = PLANE('',#3472);
#3472 = AXIS2_PLACEMENT_3D('',#3473,#3474,#3475);
#3473 = CARTESIAN_POINT('',(12.1,0.,12.1));
#3474 = DIRECTION('',(0.,0.,1.));
#3475 = DIRECTION('',(1.,0.,-0.));
#3476 = ( GEOMETRIC_REPRESENTATION_CONTEXT(3) 
GLOBAL_UNCERTAINTY_ASSIGNED_CONTEXT((#3480)) 
GLOBAL_UNIT_ASSIGNED_CONTEXT((#3477,#3478,#3479)) REPRESENTATION_CONTEXT
('Context #1','3D Context with UNIT and UNCERTAINTY') );
#3477 = ( LENGTH_UNIT() NAMED_UNIT(*) SI_UNIT(.MILLI.,.METRE.) );
#3478 = ( NAMED_UNIT(*) PLANE_ANGLE_UNIT() SI_UNIT($,.RADIAN.) );
#3479 = ( NAMED_UNIT(*) SI_UNIT($,.STERADIAN.) SOLID_ANGLE_UNIT() );
#3480 = UNCERTAINTY_MEASURE_WITH_UNIT(LENGTH_MEASURE(1.E-07),#3477,
  'distance_accuracy_value','confusion accuracy');
#3481 = CONTEXT_DEPENDENT_SHAPE_REPRESENTATION(#3482,#3484);
#3482 = ( REPRESENTATION_RELATIONSHIP('','',#3189,#56) 
REPRESENTATION_RELATIONSHIP_WITH_TRANSFORMATION(#3483) 
SHAPE_REPRESENTATION_RELATIONSHIP() );
#3483 = ITEM_DEFINED_TRANSFORMATION('','',#11,#97);
#3484 = PRODUCT_DEFINITION_SHAPE('Placement','Placement of an item',
  #3485);
#3485 = NEXT_ASSEMBLY_USAGE_OCCURRENCE('389','Core_3_3','',#51,#3184,$);
#3486 = PRODUCT_RELATED_PRODUCT_CATEGORY('part',$,(#3186));
#3487 = SHAPE_DEFINITION_REPRESENTATION(#3488,#3494);
#3488 = PRODUCT_DEFINITION_SHAPE('','',#3489);
#3489 = PRODUCT_DEFINITION('design','',#3490,#3493);
#3490 = PRODUCT_DEFINITION_FORMATION('','',#3491);
#3491 = PRODUCT('Core_3_4','Core_3_4','',(#3492));
#3492 = PRODUCT_CONTEXT('',#2,'mechanical');
#3493 = PRODUCT_DEFINITION_CONTEXT('part definition',#2,'design');
#3494 = ADVANCED_BREP_SHAPE_REPRESENTATION('',(#11,#3495),#3781);
#3495 = MANIFOLD_SOLID_BREP('',#3496);
#3496 = CLOSED_SHELL('',(#3497,#3537,#3602,#3626,#3684,#3701,#3713,#3735
    ,#3752,#3769));
#3497 = ADVANCED_FACE('',(#3498),#3532,.F.);
#3498 = FACE_BOUND('',#3499,.F.);
#3499 = EDGE_LOOP('',(#3500,#3510,#3518,#3526));
#3500 = ORIENTED_EDGE('',*,*,#3501,.F.);
#3501 = EDGE_CURVE('',#3502,#3504,#3506,.T.);
#3502 = VERTEX_POINT('',#3503);
#3503 = CARTESIAN_POINT('',(11.2,0.,15.6));
#3504 = VERTEX_POINT('',#3505);
#3505 = CARTESIAN_POINT('',(11.2,0.,17.6));
#3506 = LINE('',#3507,#3508);
#3507 = CARTESIAN_POINT('',(11.2,0.,15.6));
#3508 = VECTOR('',#3509,1.);
#3509 = DIRECTION('',(0.,0.,1.));
#3510 = ORIENTED_EDGE('',*,*,#3511,.T.);
#3511 = EDGE_CURVE('',#3502,#3512,#3514,.T.);
#3512 = VERTEX_POINT('',#3513);
#3513 = CARTESIAN_POINT('',(11.2,0.5,15.6));
#3514 = LINE('',#3515,#3516);
#3515 = CARTESIAN_POINT('',(11.2,0.,15.6));
#3516 = VECTOR('',#3517,1.);
#3517 = DIRECTION('',(-0.,1.,0.));
#3518 = ORIENTED_EDGE('',*,*,#3519,.T.);
#3519 = EDGE_CURVE('',#3512,#3520,#3522,.T.);
#3520 = VERTEX_POINT('',#3521);
#3521 = CARTESIAN_POINT('',(11.2,0.5,17.6));
#3522 = LINE('',#3523,#3524);
#3523 = CARTESIAN_POINT('',(11.2,0.5,15.6));
#3524 = VECTOR('',#3525,1.);
#3525 = DIRECTION('',(0.,0.,1.));
#3526 = ORIENTED_EDGE('',*,*,#3527,.F.);
#3527 = EDGE_CURVE('',#3504,#3520,#3528,.T.);
#3528 = LINE('',#3529,#3530);
#3529 = CARTESIAN_POINT('',(11.2,0.,17.6));
#3530 = VECTOR('',#3531,1.);
#3531 = DIRECTION('',(-0.,1.,0.));
#3532 = PLANE('',#3533);
#3533 = AXIS2_PLACEMENT_3D('',#3534,#3535,#3536);
#3534 = CARTESIAN_POINT('',(11.2,0.,15.6));
#3535 = DIRECTION('',(1.,0.,-0.));
#3536 = DIRECTION('',(0.,0.,1.));
#3537 = ADVANCED_FACE('',(#3538,#3563),#3597,.F.);
#3538 = FACE_BOUND('',#3539,.F.);
#3539 = EDGE_LOOP('',(#3540,#3548,#3549,#3557));
#3540 = ORIENTED_EDGE('',*,*,#3541,.F.);
#3541 = EDGE_CURVE('',#3502,#3542,#3544,.T.);
#3542 = VERTEX_POINT('',#3543);
#3543 = CARTESIAN_POINT('',(13.2,0.,15.6));
#3544 = LINE('',#3545,#3546);
#3545 = CARTESIAN_POINT('',(11.2,0.,15.6));
#3546 = VECTOR('',#3547,1.);
#3547 = DIRECTION('',(1.,0.,-0.));
#3548 = ORIENTED_EDGE('',*,*,#3501,.T.);
#3549 = ORIENTED_EDGE('',*,*,#3550,.T.);
#3550 = EDGE_CURVE('',#3504,#3551,#3553,.T.);
#3551 = VERTEX_POINT('',#3552);
#3552 = CARTESIAN_POINT('',(13.2,0.,17.6));
#3553 = LINE('',#3554,#3555);
#3554 = CARTESIAN_POINT('',(11.2,0.,17.6));
#3555 = VECTOR('',#3556,1.);
#3556 = DIRECTION('',(1.,0.,-0.));
#3557 = ORIENTED_EDGE('',*,*,#3558,.F.);
#3558 = EDGE_CURVE('',#3542,#3551,#3559,.T.);
#3559 = LINE('',#3560,#3561);
#3560 = CARTESIAN_POINT('',(13.2,0.,15.6));
#3561 = VECTOR('',#3562,1.);
#3562 = DIRECTION('',(0.,0.,1.));
#3563 = FACE_BOUND('',#3564,.F.);
#3564 = EDGE_LOOP('',(#3565,#3575,#3583,#3591));
#3565 = ORIENTED_EDGE('',*,*,#3566,.F.);
#3566 = EDGE_CURVE('',#3567,#3569,#3571,.T.);
#3567 = VERTEX_POINT('',#3568);
#3568 = CARTESIAN_POINT('',(12.1,0.,16.5));
#3569 = VERTEX_POINT('',#3570);
#3570 = CARTESIAN_POINT('',(12.1,0.,16.7));
#3571 = LINE('',#3572,#3573);
#3572 = CARTESIAN_POINT('',(12.1,0.,16.5));
#3573 = VECTOR('',#3574,1.);
#3574 = DIRECTION('',(0.,0.,1.));
#3575 = ORIENTED_EDGE('',*,*,#3576,.T.);
#3576 = EDGE_CURVE('',#3567,#3577,#3579,.T.);
#3577 = VERTEX_POINT('',#3578);
#3578 = CARTESIAN_POINT('',(12.3,0.,16.5));
#3579 = LINE('',#3580,#3581);
#3580 = CARTESIAN_POINT('',(12.1,0.,16.5));
#3581 = VECTOR('',#3582,1.);
#3582 = DIRECTION('',(1.,0.,-0.));
#3583 = ORIENTED_EDGE('',*,*,#3584,.T.);
#3584 = EDGE_CURVE('',#3577,#3585,#3587,.T.);
#3585 = VERTEX_POINT('',#3586);
#3586 = CARTESIAN_POINT('',(12.3,0.,16.7));
#3587 = LINE('',#3588,#3589);
#3588 = CARTESIAN_POINT('',(12.3,0.,16.5));
#3589 = VECTOR('',#3590,1.);
#3590 = DIRECTION('',(0.,0.,1.));
#3591 = ORIENTED_EDGE('',*,*,#3592,.F.);
#3592 = EDGE_CURVE('',#3569,#3585,#3593,.T.);
#3593 = LINE('',#3594,#3595);
#3594 = CARTESIAN_POINT('',(12.1,0.,16.7));
#3595 = VECTOR('',#3596,1.);
#3596 = DIRECTION('',(1.,0.,-0.));
#3597 = PLANE('',#3598);
#3598 = AXIS2_PLACEMENT_3D('',#3599,#3600,#3601);
#3599 = CARTESIAN_POINT('',(11.2,0.,15.6));
#3600 = DIRECTION('',(-0.,1.,0.));
#3601 = DIRECTION('',(0.,0.,1.));
#3602 = ADVANCED_FACE('',(#3603),#3621,.T.);
#3603 = FACE_BOUND('',#3604,.T.);
#3604 = EDGE_LOOP('',(#3605,#3606,#3607,#3615));
#3605 = ORIENTED_EDGE('',*,*,#3527,.F.);
#3606 = ORIENTED_EDGE('',*,*,#3550,.T.);
#3607 = ORIENTED_EDGE('',*,*,#3608,.T.);
#3608 = EDGE_CURVE('',#3551,#3609,#3611,.T.);
#3609 = VERTEX_POINT('',#3610);
#3610 = CARTESIAN_POINT('',(13.2,0.5,17.6));
#3611 = LINE('',#3612,#3613);
#3612 = CARTESIAN_POINT('',(13.2,0.,17.6));
#3613 = VECTOR('',#3614,1.);
#3614 = DIRECTION('',(-0.,1.,0.));
#3615 = ORIENTED_EDGE('',*,*,#3616,.F.);
#3616 = EDGE_CURVE('',#3520,#3609,#3617,.T.);
#3617 = LINE('',#3618,#3619);
#3618 = CARTESIAN_POINT('',(11.2,0.5,17.6));
#3619 = VECTOR('',#3620,1.);
#3620 = DIRECTION('',(1.,0.,-0.));
#3621 = PLANE('',#3622);
#3622 = AXIS2_PLACEMENT_3D('',#3623,#3624,#3625);
#3623 = CARTESIAN_POINT('',(11.2,0.,17.6));
#3624 = DIRECTION('',(0.,0.,1.));
#3625 = DIRECTION('',(1.,0.,-0.));
#3626 = ADVANCED_FACE('',(#3627,#3645),#3679,.T.);
#3627 = FACE_BOUND('',#3628,.T.);
#3628 = EDGE_LOOP('',(#3629,#3637,#3638,#3639));
#3629 = ORIENTED_EDGE('',*,*,#3630,.F.);
#3630 = EDGE_CURVE('',#3512,#3631,#3633,.T.);
#3631 = VERTEX_POINT('',#3632);
#3632 = CARTESIAN_POINT('',(13.2,0.5,15.6));
#3633 = LINE('',#3634,#3635);
#3634 = CARTESIAN_POINT('',(11.2,0.5,15.6));
#3635 = VECTOR('',#3636,1.);
#3636 = DIRECTION('',(1.,0.,-0.));
#3637 = ORIENTED_EDGE('',*,*,#3519,.T.);
#3638 = ORIENTED_EDGE('',*,*,#3616,.T.);
#3639 = ORIENTED_EDGE('',*,*,#3640,.F.);
#3640 = EDGE_CURVE('',#3631,#3609,#3641,.T.);
#3641 = LINE('',#3642,#3643);
#3642 = CARTESIAN_POINT('',(13.2,0.5,15.6));
#3643 = VECTOR('',#3644,1.);
#3644 = DIRECTION('',(0.,0.,1.));
#3645 = FACE_BOUND('',#3646,.T.);
#3646 = EDGE_LOOP('',(#3647,#3657,#3665,#3673));
#3647 = ORIENTED_EDGE('',*,*,#3648,.F.);
#3648 = EDGE_CURVE('',#3649,#3651,#3653,.T.);
#3649 = VERTEX_POINT('',#3650);
#3650 = CARTESIAN_POINT('',(12.1,0.5,16.5));
#3651 = VERTEX_POINT('',#3652);
#3652 = CARTESIAN_POINT('',(12.1,0.5,16.7));
#3653 = LINE('',#3654,#3655);
#3654 = CARTESIAN_POINT('',(12.1,0.5,16.5));
#3655 = VECTOR('',#3656,1.);
#3656 = DIRECTION('',(0.,0.,1.));
#3657 = ORIENTED_EDGE('',*,*,#3658,.T.);
#3658 = EDGE_CURVE('',#3649,#3659,#3661,.T.);
#3659 = VERTEX_POINT('',#3660);
#3660 = CARTESIAN_POINT('',(12.3,0.5,16.5));
#3661 = LINE('',#3662,#3663);
#3662 = CARTESIAN_POINT('',(12.1,0.5,16.5));
#3663 = VECTOR('',#3664,1.);
#3664 = DIRECTION('',(1.,0.,-0.));
#3665 = ORIENTED_EDGE('',*,*,#3666,.T.);
#3666 = EDGE_CURVE('',#3659,#3667,#3669,.T.);
#3667 = VERTEX_POINT('',#3668);
#3668 = CARTESIAN_POINT('',(12.3,0.5,16.7));
#3669 = LINE('',#3670,#3671);
#3670 = CARTESIAN_POINT('',(12.3,0.5,16.5));
#3671 = VECTOR('',#3672,1.);
#3672 = DIRECTION('',(0.,0.,1.));
#3673 = ORIENTED_EDGE('',*,*,#3674,.F.);
#3674 = EDGE_CURVE('',#3651,#3667,#3675,.T.);
#3675 = LINE('',#3676,#3677);
#3676 = CARTESIAN_POINT('',(12.1,0.5,16.7));
#3677 = VECTOR('',#3678,1.);
#3678 = DIRECTION('',(1.,0.,-0.));
#3679 = PLANE('',#3680);
#3680 = AXIS2_PLACEMENT_3D('',#3681,#3682,#3683);
#3681 = CARTESIAN_POINT('',(11.2,0.5,15.6));
#3682 = DIRECTION('',(-0.,1.,0.));
#3683 = DIRECTION('',(0.,0.,1.));
#3684 = ADVANCED_FACE('',(#3685),#3696,.F.);
#3685 = FACE_BOUND('',#3686,.F.);
#3686 = EDGE_LOOP('',(#3687,#3688,#3689,#3695));
#3687 = ORIENTED_EDGE('',*,*,#3511,.F.);
#3688 = ORIENTED_EDGE('',*,*,#3541,.T.);
#3689 = ORIENTED_EDGE('',*,*,#3690,.T.);
#3690 = EDGE_CURVE('',#3542,#3631,#3691,.T.);
#3691 = LINE('',#3692,#3693);
#3692 = CARTESIAN_POINT('',(13.2,0.,15.6));
#3693 = VECTOR('',#3694,1.);
#3694 = DIRECTION('',(-0.,1.,0.));
#3695 = ORIENTED_EDGE('',*,*,#3630,.F.);
#3696 = PLANE('',#3697);
#3697 = AXIS2_PLACEMENT_3D('',#3698,#3699,#3700);
#3698 = CARTESIAN_POINT('',(11.2,0.,15.6));
#3699 = DIRECTION('',(0.,0.,1.));
#3700 = DIRECTION('',(1.,0.,-0.));
#3701 = ADVANCED_FACE('',(#3702),#3708,.T.);
#3702 = FACE_BOUND('',#3703,.T.);
#3703 = EDGE_LOOP('',(#3704,#3705,#3706,#3707));
#3704 = ORIENTED_EDGE('',*,*,#3558,.F.);
#3705 = ORIENTED_EDGE('',*,*,#3690,.T.);
#3706 = ORIENTED_EDGE('',*,*,#3640,.T.);
#3707 = ORIENTED_EDGE('',*,*,#3608,.F.);
#3708 = PLANE('',#3709);
#3709 = AXIS2_PLACEMENT_3D('',#3710,#3711,#3712);
#3710 = CARTESIAN_POINT('',(13.2,0.,15.6));
#3711 = DIRECTION('',(1.,0.,-0.));
#3712 = DIRECTION('',(0.,0.,1.));
#3713 = ADVANCED_FACE('',(#3714),#3730,.T.);
#3714 = FACE_BOUND('',#3715,.T.);
#3715 = EDGE_LOOP('',(#3716,#3717,#3723,#3724));
#3716 = ORIENTED_EDGE('',*,*,#3566,.F.);
#3717 = ORIENTED_EDGE('',*,*,#3718,.T.);
#3718 = EDGE_CURVE('',#3567,#3649,#3719,.T.);
#3719 = LINE('',#3720,#3721);
#3720 = CARTESIAN_POINT('',(12.1,0.,16.5));
#3721 = VECTOR('',#3722,1.);
#3722 = DIRECTION('',(-0.,1.,0.));
#3723 = ORIENTED_EDGE('',*,*,#3648,.T.);
#3724 = ORIENTED_EDGE('',*,*,#3725,.F.);
#3725 = EDGE_CURVE('',#3569,#3651,#3726,.T.);
#3726 = LINE('',#3727,#3728);
#3727 = CARTESIAN_POINT('',(12.1,0.,16.7));
#3728 = VECTOR('',#3729,1.);
#3729 = DIRECTION('',(-0.,1.,0.));
#3730 = PLANE('',#3731);
#3731 = AXIS2_PLACEMENT_3D('',#3732,#3733,#3734);
#3732 = CARTESIAN_POINT('',(12.1,0.,16.5));
#3733 = DIRECTION('',(1.,0.,-0.));
#3734 = DIRECTION('',(0.,0.,1.));
#3735 = ADVANCED_FACE('',(#3736),#3747,.F.);
#3736 = FACE_BOUND('',#3737,.F.);
#3737 = EDGE_LOOP('',(#3738,#3739,#3740,#3746));
#3738 = ORIENTED_EDGE('',*,*,#3725,.F.);
#3739 = ORIENTED_EDGE('',*,*,#3592,.T.);
#3740 = ORIENTED_EDGE('',*,*,#3741,.T.);
#3741 = EDGE_CURVE('',#3585,#3667,#3742,.T.);
#3742 = LINE('',#3743,#3744);
#3743 = CARTESIAN_POINT('',(12.3,0.,16.7));
#3744 = VECTOR('',#3745,1.);
#3745 = DIRECTION('',(-0.,1.,0.));
#3746 = ORIENTED_EDGE('',*,*,#3674,.F.);
#3747 = PLANE('',#3748);
#3748 = AXIS2_PLACEMENT_3D('',#3749,#3750,#3751);
#3749 = CARTESIAN_POINT('',(12.1,0.,16.7));
#3750 = DIRECTION('',(0.,0.,1.));
#3751 = DIRECTION('',(1.,0.,-0.));
#3752 = ADVANCED_FACE('',(#3753),#3764,.F.);
#3753 = FACE_BOUND('',#3754,.F.);
#3754 = EDGE_LOOP('',(#3755,#3756,#3762,#3763));
#3755 = ORIENTED_EDGE('',*,*,#3584,.F.);
#3756 = ORIENTED_EDGE('',*,*,#3757,.T.);
#3757 = EDGE_CURVE('',#3577,#3659,#3758,.T.);
#3758 = LINE('',#3759,#3760);
#3759 = CARTESIAN_POINT('',(12.3,0.,16.5));
#3760 = VECTOR('',#3761,1.);
#3761 = DIRECTION('',(-0.,1.,0.));
#3762 = ORIENTED_EDGE('',*,*,#3666,.T.);
#3763 = ORIENTED_EDGE('',*,*,#3741,.F.);
#3764 = PLANE('',#3765);
#3765 = AXIS2_PLACEMENT_3D('',#3766,#3767,#3768);
#3766 = CARTESIAN_POINT('',(12.3,0.,16.5));
#3767 = DIRECTION('',(1.,0.,-0.));
#3768 = DIRECTION('',(0.,0.,1.));
#3769 = ADVANCED_FACE('',(#3770),#3776,.T.);
#3770 = FACE_BOUND('',#3771,.T.);
#3771 = EDGE_LOOP('',(#3772,#3773,#3774,#3775));
#3772 = ORIENTED_EDGE('',*,*,#3718,.F.);
#3773 = ORIENTED_EDGE('',*,*,#3576,.T.);
#3774 = ORIENTED_EDGE('',*,*,#3757,.T.);
#3775 = ORIENTED_EDGE('',*,*,#3658,.F.);
#3776 = PLANE('',#3777);
#3777 = AXIS2_PLACEMENT_3D('',#3778,#3779,#3780);
#3778 = CARTESIAN_POINT('',(12.1,0.,16.5));
#3779 = DIRECTION('',(0.,0.,1.));
#3780 = DIRECTION('',(1.,0.,-0.));
#3781 = ( GEOMETRIC_REPRESENTATION_CONTEXT(3) 
GLOBAL_UNCERTAINTY_ASSIGNED_CONTEXT((#3785)) 
GLOBAL_UNIT_ASSIGNED_CONTEXT((#3782,#3783,#3784)) REPRESENTATION_CONTEXT
('Context #1','3D Context with UNIT and UNCERTAINTY') );
#3782 = ( LENGTH_UNIT() NAMED_UNIT(*) SI_UNIT(.MILLI.,.METRE.) );
#3783 = ( NAMED_UNIT(*) PLANE_ANGLE_UNIT() SI_UNIT($,.RADIAN.) );
#3784 = ( NAMED_UNIT(*) SI_UNIT($,.STERADIAN.) SOLID_ANGLE_UNIT() );
#3785 = UNCERTAINTY_MEASURE_WITH_UNIT(LENGTH_MEASURE(1.E-07),#3782,
  'distance_accuracy_value','confusion accuracy');
#3786 = CONTEXT_DEPENDENT_SHAPE_REPRESENTATION(#3787,#3789);
#3787 = ( REPRESENTATION_RELATIONSHIP('','',#3494,#56) 
REPRESENTATION_RELATIONSHIP_WITH_TRANSFORMATION(#3788) 
SHAPE_REPRESENTATION_RELATIONSHIP() );
#3788 = ITEM_DEFINED_TRANSFORMATION('','',#11,#101);
#3789 = PRODUCT_DEFINITION_SHAPE('Placement','Placement of an item',
  #3790);
#3790 = NEXT_ASSEMBLY_USAGE_OCCURRENCE('390','Core_3_4','',#51,#3489,$);
#3791 = PRODUCT_RELATED_PRODUCT_CATEGORY('part',$,(#3491));
#3792 = SHAPE_DEFINITION_REPRESENTATION(#3793,#3799);
#3793 = PRODUCT_DEFINITION_SHAPE('','',#3794);
#3794 = PRODUCT_DEFINITION('design','',#3795,#3798);
#3795 = PRODUCT_DEFINITION_FORMATION('','',#3796);
#3796 = PRODUCT('Core_4_1','Core_4_1','',(#3797));
#3797 = PRODUCT_CONTEXT('',#2,'mechanical');
#3798 = PRODUCT_DEFINITION_CONTEXT('part definition',#2,'design');
#3799 = ADVANCED_BREP_SHAPE_REPRESENTATION('',(#11,#3800),#4086);
#3800 = MANIFOLD_SOLID_BREP('',#3801);
#3801 = CLOSED_SHELL('',(#3802,#3842,#3907,#3931,#3989,#4006,#4018,#4040
    ,#4057,#4074));
#3802 = ADVANCED_FACE('',(#3803),#3837,.F.);
#3803 = FACE_BOUND('',#3804,.F.);
#3804 = EDGE_LOOP('',(#3805,#3815,#3823,#3831));
#3805 = ORIENTED_EDGE('',*,*,#3806,.F.);
#3806 = EDGE_CURVE('',#3807,#3809,#3811,.T.);
#3807 = VERTEX_POINT('',#3808);
#3808 = CARTESIAN_POINT('',(15.6,0.,2.4));
#3809 = VERTEX_POINT('',#3810);
#3810 = CARTESIAN_POINT('',(15.6,0.,4.4));
#3811 = LINE('',#3812,#3813);
#3812 = CARTESIAN_POINT('',(15.6,0.,2.4));
#3813 = VECTOR('',#3814,1.);
#3814 = DIRECTION('',(0.,0.,1.));
#3815 = ORIENTED_EDGE('',*,*,#3816,.T.);
#3816 = EDGE_CURVE('',#3807,#3817,#3819,.T.);
#3817 = VERTEX_POINT('',#3818);
#3818 = CARTESIAN_POINT('',(15.6,0.5,2.4));
#3819 = LINE('',#3820,#3821);
#3820 = CARTESIAN_POINT('',(15.6,0.,2.4));
#3821 = VECTOR('',#3822,1.);
#3822 = DIRECTION('',(-0.,1.,0.));
#3823 = ORIENTED_EDGE('',*,*,#3824,.T.);
#3824 = EDGE_CURVE('',#3817,#3825,#3827,.T.);
#3825 = VERTEX_POINT('',#3826);
#3826 = CARTESIAN_POINT('',(15.6,0.5,4.4));
#3827 = LINE('',#3828,#3829);
#3828 = CARTESIAN_POINT('',(15.6,0.5,2.4));
#3829 = VECTOR('',#3830,1.);
#3830 = DIRECTION('',(0.,0.,1.));
#3831 = ORIENTED_EDGE('',*,*,#3832,.F.);
#3832 = EDGE_CURVE('',#3809,#3825,#3833,.T.);
#3833 = LINE('',#3834,#3835);
#3834 = CARTESIAN_POINT('',(15.6,0.,4.4));
#3835 = VECTOR('',#3836,1.);
#3836 = DIRECTION('',(-0.,1.,0.));
#3837 = PLANE('',#3838);
#3838 = AXIS2_PLACEMENT_3D('',#3839,#3840,#3841);
#3839 = CARTESIAN_POINT('',(15.6,0.,2.4));
#3840 = DIRECTION('',(1.,0.,-0.));
#3841 = DIRECTION('',(0.,0.,1.));
#3842 = ADVANCED_FACE('',(#3843,#3868),#3902,.F.);
#3843 = FACE_BOUND('',#3844,.F.);
#3844 = EDGE_LOOP('',(#3845,#3853,#3854,#3862));
#3845 = ORIENTED_EDGE('',*,*,#3846,.F.);
#3846 = EDGE_CURVE('',#3807,#3847,#3849,.T.);
#3847 = VERTEX_POINT('',#3848);
#3848 = CARTESIAN_POINT('',(17.6,0.,2.4));
#3849 = LINE('',#3850,#3851);
#3850 = CARTESIAN_POINT('',(15.6,0.,2.4));
#3851 = VECTOR('',#3852,1.);
#3852 = DIRECTION('',(1.,0.,-0.));
#3853 = ORIENTED_EDGE('',*,*,#3806,.T.);
#3854 = ORIENTED_EDGE('',*,*,#3855,.T.);
#3855 = EDGE_CURVE('',#3809,#3856,#3858,.T.);
#3856 = VERTEX_POINT('',#3857);
#3857 = CARTESIAN_POINT('',(17.6,0.,4.4));
#3858 = LINE('',#3859,#3860);
#3859 = CARTESIAN_POINT('',(15.6,0.,4.4));
#3860 = VECTOR('',#3861,1.);
#3861 = DIRECTION('',(1.,0.,-0.));
#3862 = ORIENTED_EDGE('',*,*,#3863,.F.);
#3863 = EDGE_CURVE('',#3847,#3856,#3864,.T.);
#3864 = LINE('',#3865,#3866);
#3865 = CARTESIAN_POINT('',(17.6,0.,2.4));
#3866 = VECTOR('',#3867,1.);
#3867 = DIRECTION('',(0.,0.,1.));
#3868 = FACE_BOUND('',#3869,.F.);
#3869 = EDGE_LOOP('',(#3870,#3880,#3888,#3896));
#3870 = ORIENTED_EDGE('',*,*,#3871,.F.);
#3871 = EDGE_CURVE('',#3872,#3874,#3876,.T.);
#3872 = VERTEX_POINT('',#3873);
#3873 = CARTESIAN_POINT('',(16.5,0.,3.3));
#3874 = VERTEX_POINT('',#3875);
#3875 = CARTESIAN_POINT('',(16.5,0.,3.5));
#3876 = LINE('',#3877,#3878);
#3877 = CARTESIAN_POINT('',(16.5,0.,3.3));
#3878 = VECTOR('',#3879,1.);
#3879 = DIRECTION('',(0.,0.,1.));
#3880 = ORIENTED_EDGE('',*,*,#3881,.T.);
#3881 = EDGE_CURVE('',#3872,#3882,#3884,.T.);
#3882 = VERTEX_POINT('',#3883);
#3883 = CARTESIAN_POINT('',(16.7,0.,3.3));
#3884 = LINE('',#3885,#3886);
#3885 = CARTESIAN_POINT('',(16.5,0.,3.3));
#3886 = VECTOR('',#3887,1.);
#3887 = DIRECTION('',(1.,0.,-0.));
#3888 = ORIENTED_EDGE('',*,*,#3889,.T.);
#3889 = EDGE_CURVE('',#3882,#3890,#3892,.T.);
#3890 = VERTEX_POINT('',#3891);
#3891 = CARTESIAN_POINT('',(16.7,0.,3.5));
#3892 = LINE('',#3893,#3894);
#3893 = CARTESIAN_POINT('',(16.7,0.,3.3));
#3894 = VECTOR('',#3895,1.);
#3895 = DIRECTION('',(0.,0.,1.));
#3896 = ORIENTED_EDGE('',*,*,#3897,.F.);
#3897 = EDGE_CURVE('',#3874,#3890,#3898,.T.);
#3898 = LINE('',#3899,#3900);
#3899 = CARTESIAN_POINT('',(16.5,0.,3.5));
#3900 = VECTOR('',#3901,1.);
#3901 = DIRECTION('',(1.,0.,-0.));
#3902 = PLANE('',#3903);
#3903 = AXIS2_PLACEMENT_3D('',#3904,#3905,#3906);
#3904 = CARTESIAN_POINT('',(15.6,0.,2.4));
#3905 = DIRECTION('',(-0.,1.,0.));
#3906 = DIRECTION('',(0.,0.,1.));
#3907 = ADVANCED_FACE('',(#3908),#3926,.T.);
#3908 = FACE_BOUND('',#3909,.T.);
#3909 = EDGE_LOOP('',(#3910,#3911,#3912,#3920));
#3910 = ORIENTED_EDGE('',*,*,#3832,.F.);
#3911 = ORIENTED_EDGE('',*,*,#3855,.T.);
#3912 = ORIENTED_EDGE('',*,*,#3913,.T.);
#3913 = EDGE_CURVE('',#3856,#3914,#3916,.T.);
#3914 = VERTEX_POINT('',#3915);
#3915 = CARTESIAN_POINT('',(17.6,0.5,4.4));
#3916 = LINE('',#3917,#3918);
#3917 = CARTESIAN_POINT('',(17.6,0.,4.4));
#3918 = VECTOR('',#3919,1.);
#3919 = DIRECTION('',(-0.,1.,0.));
#3920 = ORIENTED_EDGE('',*,*,#3921,.F.);
#3921 = EDGE_CURVE('',#3825,#3914,#3922,.T.);
#3922 = LINE('',#3923,#3924);
#3923 = CARTESIAN_POINT('',(15.6,0.5,4.4));
#3924 = VECTOR('',#3925,1.);
#3925 = DIRECTION('',(1.,0.,-0.));
#3926 = PLANE('',#3927);
#3927 = AXIS2_PLACEMENT_3D('',#3928,#3929,#3930);
#3928 = CARTESIAN_POINT('',(15.6,0.,4.4));
#3929 = DIRECTION('',(0.,0.,1.));
#3930 = DIRECTION('',(1.,0.,-0.));
#3931 = ADVANCED_FACE('',(#3932,#3950),#3984,.T.);
#3932 = FACE_BOUND('',#3933,.T.);
#3933 = EDGE_LOOP('',(#3934,#3942,#3943,#3944));
#3934 = ORIENTED_EDGE('',*,*,#3935,.F.);
#3935 = EDGE_CURVE('',#3817,#3936,#3938,.T.);
#3936 = VERTEX_POINT('',#3937);
#3937 = CARTESIAN_POINT('',(17.6,0.5,2.4));
#3938 = LINE('',#3939,#3940);
#3939 = CARTESIAN_POINT('',(15.6,0.5,2.4));
#3940 = VECTOR('',#3941,1.);
#3941 = DIRECTION('',(1.,0.,-0.));
#3942 = ORIENTED_EDGE('',*,*,#3824,.T.);
#3943 = ORIENTED_EDGE('',*,*,#3921,.T.);
#3944 = ORIENTED_EDGE('',*,*,#3945,.F.);
#3945 = EDGE_CURVE('',#3936,#3914,#3946,.T.);
#3946 = LINE('',#3947,#3948);
#3947 = CARTESIAN_POINT('',(17.6,0.5,2.4));
#3948 = VECTOR('',#3949,1.);
#3949 = DIRECTION('',(0.,0.,1.));
#3950 = FACE_BOUND('',#3951,.T.);
#3951 = EDGE_LOOP('',(#3952,#3962,#3970,#3978));
#3952 = ORIENTED_EDGE('',*,*,#3953,.F.);
#3953 = EDGE_CURVE('',#3954,#3956,#3958,.T.);
#3954 = VERTEX_POINT('',#3955);
#3955 = CARTESIAN_POINT('',(16.5,0.5,3.3));
#3956 = VERTEX_POINT('',#3957);
#3957 = CARTESIAN_POINT('',(16.5,0.5,3.5));
#3958 = LINE('',#3959,#3960);
#3959 = CARTESIAN_POINT('',(16.5,0.5,3.3));
#3960 = VECTOR('',#3961,1.);
#3961 = DIRECTION('',(0.,0.,1.));
#3962 = ORIENTED_EDGE('',*,*,#3963,.T.);
#3963 = EDGE_CURVE('',#3954,#3964,#3966,.T.);
#3964 = VERTEX_POINT('',#3965);
#3965 = CARTESIAN_POINT('',(16.7,0.5,3.3));
#3966 = LINE('',#3967,#3968);
#3967 = CARTESIAN_POINT('',(16.5,0.5,3.3));
#3968 = VECTOR('',#3969,1.);
#3969 = DIRECTION('',(1.,0.,-0.));
#3970 = ORIENTED_EDGE('',*,*,#3971,.T.);
#3971 = EDGE_CURVE('',#3964,#3972,#3974,.T.);
#3972 = VERTEX_POINT('',#3973);
#3973 = CARTESIAN_POINT('',(16.7,0.5,3.5));
#3974 = LINE('',#3975,#3976);
#3975 = CARTESIAN_POINT('',(16.7,0.5,3.3));
#3976 = VECTOR('',#3977,1.);
#3977 = DIRECTION('',(0.,0.,1.));
#3978 = ORIENTED_EDGE('',*,*,#3979,.F.);
#3979 = EDGE_CURVE('',#3956,#3972,#3980,.T.);
#3980 = LINE('',#3981,#3982);
#3981 = CARTESIAN_POINT('',(16.5,0.5,3.5));
#3982 = VECTOR('',#3983,1.);
#3983 = DIRECTION('',(1.,0.,-0.));
#3984 = PLANE('',#3985);
#3985 = AXIS2_PLACEMENT_3D('',#3986,#3987,#3988);
#3986 = CARTESIAN_POINT('',(15.6,0.5,2.4));
#3987 = DIRECTION('',(-0.,1.,0.));
#3988 = DIRECTION('',(0.,0.,1.));
#3989 = ADVANCED_FACE('',(#3990),#4001,.F.);
#3990 = FACE_BOUND('',#3991,.F.);
#3991 = EDGE_LOOP('',(#3992,#3993,#3994,#4000));
#3992 = ORIENTED_EDGE('',*,*,#3816,.F.);
#3993 = ORIENTED_EDGE('',*,*,#3846,.T.);
#3994 = ORIENTED_EDGE('',*,*,#3995,.T.);
#3995 = EDGE_CURVE('',#3847,#3936,#3996,.T.);
#3996 = LINE('',#3997,#3998);
#3997 = CARTESIAN_POINT('',(17.6,0.,2.4));
#3998 = VECTOR('',#3999,1.);
#3999 = DIRECTION('',(-0.,1.,0.));
#4000 = ORIENTED_EDGE('',*,*,#3935,.F.);
#4001 = PLANE('',#4002);
#4002 = AXIS2_PLACEMENT_3D('',#4003,#4004,#4005);
#4003 = CARTESIAN_POINT('',(15.6,0.,2.4));
#4004 = DIRECTION('',(0.,0.,1.));
#4005 = DIRECTION('',(1.,0.,-0.));
#4006 = ADVANCED_FACE('',(#4007),#4013,.T.);
#4007 = FACE_BOUND('',#4008,.T.);
#4008 = EDGE_LOOP('',(#4009,#4010,#4011,#4012));
#4009 = ORIENTED_EDGE('',*,*,#3863,.F.);
#4010 = ORIENTED_EDGE('',*,*,#3995,.T.);
#4011 = ORIENTED_EDGE('',*,*,#3945,.T.);
#4012 = ORIENTED_EDGE('',*,*,#3913,.F.);
#4013 = PLANE('',#4014);
#4014 = AXIS2_PLACEMENT_3D('',#4015,#4016,#4017);
#4015 = CARTESIAN_POINT('',(17.6,0.,2.4));
#4016 = DIRECTION('',(1.,0.,-0.));
#4017 = DIRECTION('',(0.,0.,1.));
#4018 = ADVANCED_FACE('',(#4019),#4035,.T.);
#4019 = FACE_BOUND('',#4020,.T.);
#4020 = EDGE_LOOP('',(#4021,#4022,#4028,#4029));
#4021 = ORIENTED_EDGE('',*,*,#3871,.F.);
#4022 = ORIENTED_EDGE('',*,*,#4023,.T.);
#4023 = EDGE_CURVE('',#3872,#3954,#4024,.T.);
#4024 = LINE('',#4025,#4026);
#4025 = CARTESIAN_POINT('',(16.5,0.,3.3));
#4026 = VECTOR('',#4027,1.);
#4027 = DIRECTION('',(-0.,1.,0.));
#4028 = ORIENTED_EDGE('',*,*,#3953,.T.);
#4029 = ORIENTED_EDGE('',*,*,#4030,.F.);
#4030 = EDGE_CURVE('',#3874,#3956,#4031,.T.);
#4031 = LINE('',#4032,#4033);
#4032 = CARTESIAN_POINT('',(16.5,0.,3.5));
#4033 = VECTOR('',#4034,1.);
#4034 = DIRECTION('',(-0.,1.,0.));
#4035 = PLANE('',#4036);
#4036 = AXIS2_PLACEMENT_3D('',#4037,#4038,#4039);
#4037 = CARTESIAN_POINT('',(16.5,0.,3.3));
#4038 = DIRECTION('',(1.,0.,-0.));
#4039 = DIRECTION('',(0.,0.,1.));
#4040 = ADVANCED_FACE('',(#4041),#4052,.F.);
#4041 = FACE_BOUND('',#4042,.F.);
#4042 = EDGE_LOOP('',(#4043,#4044,#4045,#4051));
#4043 = ORIENTED_EDGE('',*,*,#4030,.F.);
#4044 = ORIENTED_EDGE('',*,*,#3897,.T.);
#4045 = ORIENTED_EDGE('',*,*,#4046,.T.);
#4046 = EDGE_CURVE('',#3890,#3972,#4047,.T.);
#4047 = LINE('',#4048,#4049);
#4048 = CARTESIAN_POINT('',(16.7,0.,3.5));
#4049 = VECTOR('',#4050,1.);
#4050 = DIRECTION('',(-0.,1.,0.));
#4051 = ORIENTED_EDGE('',*,*,#3979,.F.);
#4052 = PLANE('',#4053);
#4053 = AXIS2_PLACEMENT_3D('',#4054,#4055,#4056);
#4054 = CARTESIAN_POINT('',(16.5,0.,3.5));
#4055 = DIRECTION('',(0.,0.,1.));
#4056 = DIRECTION('',(1.,0.,-0.));
#4057 = ADVANCED_FACE('',(#4058),#4069,.F.);
#4058 = FACE_BOUND('',#4059,.F.);
#4059 = EDGE_LOOP('',(#4060,#4061,#4067,#4068));
#4060 = ORIENTED_EDGE('',*,*,#3889,.F.);
#4061 = ORIENTED_EDGE('',*,*,#4062,.T.);
#4062 = EDGE_CURVE('',#3882,#3964,#4063,.T.);
#4063 = LINE('',#4064,#4065);
#4064 = CARTESIAN_POINT('',(16.7,0.,3.3));
#4065 = VECTOR('',#4066,1.);
#4066 = DIRECTION('',(-0.,1.,0.));
#4067 = ORIENTED_EDGE('',*,*,#3971,.T.);
#4068 = ORIENTED_EDGE('',*,*,#4046,.F.);
#4069 = PLANE('',#4070);
#4070 = AXIS2_PLACEMENT_3D('',#4071,#4072,#4073);
#4071 = CARTESIAN_POINT('',(16.7,0.,3.3));
#4072 = DIRECTION('',(1.,0.,-0.));
#4073 = DIRECTION('',(0.,0.,1.));
#4074 = ADVANCED_FACE('',(#4075),#4081,.T.);
#4075 = FACE_BOUND('',#4076,.T.);
#4076 = EDGE_LOOP('',(#4077,#4078,#4079,#4080));
#4077 = ORIENTED_EDGE('',*,*,#4023,.F.);
#4078 = ORIENTED_EDGE('',*,*,#3881,.T.);
#4079 = ORIENTED_EDGE('',*,*,#4062,.T.);
#4080 = ORIENTED_EDGE('',*,*,#3963,.F.);
#4081 = PLANE('',#4082);
#4082 = AXIS2_PLACEMENT_3D('',#4083,#4084,#4085);
#4083 = CARTESIAN_POINT('',(16.5,0.,3.3));
#4084 = DIRECTION('',(0.,0.,1.));
#4085 = DIRECTION('',(1.,0.,-0.));
#4086 = ( GEOMETRIC_REPRESENTATION_CONTEXT(3) 
GLOBAL_UNCERTAINTY_ASSIGNED_CONTEXT((#4090)) 
GLOBAL_UNIT_ASSIGNED_CONTEXT((#4087,#4088,#4089)) REPRESENTATION_CONTEXT
('Context #1','3D Context with UNIT and UNCERTAINTY') );
#4087 = ( LENGTH_UNIT() NAMED_UNIT(*) SI_UNIT(.MILLI.,.METRE.) );
#4088 = ( NAMED_UNIT(*) PLANE_ANGLE_UNIT() SI_UNIT($,.RADIAN.) );
#4089 = ( NAMED_UNIT(*) SI_UNIT($,.STERADIAN.) SOLID_ANGLE_UNIT() );
#4090 = UNCERTAINTY_MEASURE_WITH_UNIT(LENGTH_MEASURE(1.E-07),#4087,
  'distance_accuracy_value','confusion accuracy');
#4091 = CONTEXT_DEPENDENT_SHAPE_REPRESENTATION(#4092,#4094);
#4092 = ( REPRESENTATION_RELATIONSHIP('','',#3799,#56) 
REPRESENTATION_RELATIONSHIP_WITH_TRANSFORMATION(#4093) 
SHAPE_REPRESENTATION_RELATIONSHIP() );
#4093 = ITEM_DEFINED_TRANSFORMATION('','',#11,#105);
#4094 = PRODUCT_DEFINITION_SHAPE('Placement','Placement of an item',
  #4095);
#4095 = NEXT_ASSEMBLY_USAGE_OCCURRENCE('391','Core_4_1','',#51,#3794,$);
#4096 = PRODUCT_RELATED_PRODUCT_CATEGORY('part',$,(#3796));
#4097 = SHAPE_DEFINITION_REPRESENTATION(#4098,#4104);
#4098 = PRODUCT_DEFINITION_SHAPE('','',#4099);
#4099 = PRODUCT_DEFINITION('design','',#4100,#4103);
#4100 = PRODUCT_DEFINITION_FORMATION('','',#4101);
#4101 = PRODUCT('Core_4_2','Core_4_2','',(#4102));
#4102 = PRODUCT_CONTEXT('',#2,'mechanical');
#4103 = PRODUCT_DEFINITION_CONTEXT('part definition',#2,'design');
#4104 = ADVANCED_BREP_SHAPE_REPRESENTATION('',(#11,#4105),#4391);
#4105 = MANIFOLD_SOLID_BREP('',#4106);
#4106 = CLOSED_SHELL('',(#4107,#4147,#4212,#4236,#4294,#4311,#4323,#4345
    ,#4362,#4379));
#4107 = ADVANCED_FACE('',(#4108),#4142,.F.);
#4108 = FACE_BOUND('',#4109,.F.);
#4109 = EDGE_LOOP('',(#4110,#4120,#4128,#4136));
#4110 = ORIENTED_EDGE('',*,*,#4111,.F.);
#4111 = EDGE_CURVE('',#4112,#4114,#4116,.T.);
#4112 = VERTEX_POINT('',#4113);
#4113 = CARTESIAN_POINT('',(15.6,0.,6.8));
#4114 = VERTEX_POINT('',#4115);
#4115 = CARTESIAN_POINT('',(15.6,0.,8.8));
#4116 = LINE('',#4117,#4118);
#4117 = CARTESIAN_POINT('',(15.6,0.,6.8));
#4118 = VECTOR('',#4119,1.);
#4119 = DIRECTION('',(0.,0.,1.));
#4120 = ORIENTED_EDGE('',*,*,#4121,.T.);
#4121 = EDGE_CURVE('',#4112,#4122,#4124,.T.);
#4122 = VERTEX_POINT('',#4123);
#4123 = CARTESIAN_POINT('',(15.6,0.5,6.8));
#4124 = LINE('',#4125,#4126);
#4125 = CARTESIAN_POINT('',(15.6,0.,6.8));
#4126 = VECTOR('',#4127,1.);
#4127 = DIRECTION('',(-0.,1.,0.));
#4128 = ORIENTED_EDGE('',*,*,#4129,.T.);
#4129 = EDGE_CURVE('',#4122,#4130,#4132,.T.);
#4130 = VERTEX_POINT('',#4131);
#4131 = CARTESIAN_POINT('',(15.6,0.5,8.8));
#4132 = LINE('',#4133,#4134);
#4133 = CARTESIAN_POINT('',(15.6,0.5,6.8));
#4134 = VECTOR('',#4135,1.);
#4135 = DIRECTION('',(0.,0.,1.));
#4136 = ORIENTED_EDGE('',*,*,#4137,.F.);
#4137 = EDGE_CURVE('',#4114,#4130,#4138,.T.);
#4138 = LINE('',#4139,#4140);
#4139 = CARTESIAN_POINT('',(15.6,0.,8.8));
#4140 = VECTOR('',#4141,1.);
#4141 = DIRECTION('',(-0.,1.,0.));
#4142 = PLANE('',#4143);
#4143 = AXIS2_PLACEMENT_3D('',#4144,#4145,#4146);
#4144 = CARTESIAN_POINT('',(15.6,0.,6.8));
#4145 = DIRECTION('',(1.,0.,-0.));
#4146 = DIRECTION('',(0.,0.,1.));
#4147 = ADVANCED_FACE('',(#4148,#4173),#4207,.F.);
#4148 = FACE_BOUND('',#4149,.F.);
#4149 = EDGE_LOOP('',(#4150,#4158,#4159,#4167));
#4150 = ORIENTED_EDGE('',*,*,#4151,.F.);
#4151 = EDGE_CURVE('',#4112,#4152,#4154,.T.);
#4152 = VERTEX_POINT('',#4153);
#4153 = CARTESIAN_POINT('',(17.6,0.,6.8));
#4154 = LINE('',#4155,#4156);
#4155 = CARTESIAN_POINT('',(15.6,0.,6.8));
#4156 = VECTOR('',#4157,1.);
#4157 = DIRECTION('',(1.,0.,-0.));
#4158 = ORIENTED_EDGE('',*,*,#4111,.T.);
#4159 = ORIENTED_EDGE('',*,*,#4160,.T.);
#4160 = EDGE_CURVE('',#4114,#4161,#4163,.T.);
#4161 = VERTEX_POINT('',#4162);
#4162 = CARTESIAN_POINT('',(17.6,0.,8.8));
#4163 = LINE('',#4164,#4165);
#4164 = CARTESIAN_POINT('',(15.6,0.,8.8));
#4165 = VECTOR('',#4166,1.);
#4166 = DIRECTION('',(1.,0.,-0.));
#4167 = ORIENTED_EDGE('',*,*,#4168,.F.);
#4168 = EDGE_CURVE('',#4152,#4161,#4169,.T.);
#4169 = LINE('',#4170,#4171);
#4170 = CARTESIAN_POINT('',(17.6,0.,6.8));
#4171 = VECTOR('',#4172,1.);
#4172 = DIRECTION('',(0.,0.,1.));
#4173 = FACE_BOUND('',#4174,.F.);
#4174 = EDGE_LOOP('',(#4175,#4185,#4193,#4201));
#4175 = ORIENTED_EDGE('',*,*,#4176,.F.);
#4176 = EDGE_CURVE('',#4177,#4179,#4181,.T.);
#4177 = VERTEX_POINT('',#4178);
#4178 = CARTESIAN_POINT('',(16.5,0.,7.7));
#4179 = VERTEX_POINT('',#4180);
#4180 = CARTESIAN_POINT('',(16.5,0.,7.9));
#4181 = LINE('',#4182,#4183);
#4182 = CARTESIAN_POINT('',(16.5,0.,7.7));
#4183 = VECTOR('',#4184,1.);
#4184 = DIRECTION('',(0.,0.,1.));
#4185 = ORIENTED_EDGE('',*,*,#4186,.T.);
#4186 = EDGE_CURVE('',#4177,#4187,#4189,.T.);
#4187 = VERTEX_POINT('',#4188);
#4188 = CARTESIAN_POINT('',(16.7,0.,7.7));
#4189 = LINE('',#4190,#4191);
#4190 = CARTESIAN_POINT('',(16.5,0.,7.7));
#4191 = VECTOR('',#4192,1.);
#4192 = DIRECTION('',(1.,0.,-0.));
#4193 = ORIENTED_EDGE('',*,*,#4194,.T.);
#4194 = EDGE_CURVE('',#4187,#4195,#4197,.T.);
#4195 = VERTEX_POINT('',#4196);
#4196 = CARTESIAN_POINT('',(16.7,0.,7.9));
#4197 = LINE('',#4198,#4199);
#4198 = CARTESIAN_POINT('',(16.7,0.,7.7));
#4199 = VECTOR('',#4200,1.);
#4200 = DIRECTION('',(0.,0.,1.));
#4201 = ORIENTED_EDGE('',*,*,#4202,.F.);
#4202 = EDGE_CURVE('',#4179,#4195,#4203,.T.);
#4203 = LINE('',#4204,#4205);
#4204 = CARTESIAN_POINT('',(16.5,0.,7.9));
#4205 = VECTOR('',#4206,1.);
#4206 = DIRECTION('',(1.,0.,-0.));
#4207 = PLANE('',#4208);
#4208 = AXIS2_PLACEMENT_3D('',#4209,#4210,#4211);
#4209 = CARTESIAN_POINT('',(15.6,0.,6.8));
#4210 = DIRECTION('',(-0.,1.,0.));
#4211 = DIRECTION('',(0.,0.,1.));
#4212 = ADVANCED_FACE('',(#4213),#4231,.T.);
#4213 = FACE_BOUND('',#4214,.T.);
#4214 = EDGE_LOOP('',(#4215,#4216,#4217,#4225));
#4215 = ORIENTED_EDGE('',*,*,#4137,.F.);
#4216 = ORIENTED_EDGE('',*,*,#4160,.T.);
#4217 = ORIENTED_EDGE('',*,*,#4218,.T.);
#4218 = EDGE_CURVE('',#4161,#4219,#4221,.T.);
#4219 = VERTEX_POINT('',#4220);
#4220 = CARTESIAN_POINT('',(17.6,0.5,8.8));
#4221 = LINE('',#4222,#4223);
#4222 = CARTESIAN_POINT('',(17.6,0.,8.8));
#4223 = VECTOR('',#4224,1.);
#4224 = DIRECTION('',(-0.,1.,0.));
#4225 = ORIENTED_EDGE('',*,*,#4226,.F.);
#4226 = EDGE_CURVE('',#4130,#4219,#4227,.T.);
#4227 = LINE('',#4228,#4229);
#4228 = CARTESIAN_POINT('',(15.6,0.5,8.8));
#4229 = VECTOR('',#4230,1.);
#4230 = DIRECTION('',(1.,0.,-0.));
#4231 = PLANE('',#4232);
#4232 = AXIS2_PLACEMENT_3D('',#4233,#4234,#4235);
#4233 = CARTESIAN_POINT('',(15.6,0.,8.8));
#4234 = DIRECTION('',(0.,0.,1.));
#4235 = DIRECTION('',(1.,0.,-0.));
#4236 = ADVANCED_FACE('',(#4237,#4255),#4289,.T.);
#4237 = FACE_BOUND('',#4238,.T.);
#4238 = EDGE_LOOP('',(#4239,#4247,#4248,#4249));
#4239 = ORIENTED_EDGE('',*,*,#4240,.F.);
#4240 = EDGE_CURVE('',#4122,#4241,#4243,.T.);
#4241 = VERTEX_POINT('',#4242);
#4242 = CARTESIAN_POINT('',(17.6,0.5,6.8));
#4243 = LINE('',#4244,#4245);
#4244 = CARTESIAN_POINT('',(15.6,0.5,6.8));
#4245 = VECTOR('',#4246,1.);
#4246 = DIRECTION('',(1.,0.,-0.));
#4247 = ORIENTED_EDGE('',*,*,#4129,.T.);
#4248 = ORIENTED_EDGE('',*,*,#4226,.T.);
#4249 = ORIENTED_EDGE('',*,*,#4250,.F.);
#4250 = EDGE_CURVE('',#4241,#4219,#4251,.T.);
#4251 = LINE('',#4252,#4253);
#4252 = CARTESIAN_POINT('',(17.6,0.5,6.8));
#4253 = VECTOR('',#4254,1.);
#4254 = DIRECTION('',(0.,0.,1.));
#4255 = FACE_BOUND('',#4256,.T.);
#4256 = EDGE_LOOP('',(#4257,#4267,#4275,#4283));
#4257 = ORIENTED_EDGE('',*,*,#4258,.F.);
#4258 = EDGE_CURVE('',#4259,#4261,#4263,.T.);
#4259 = VERTEX_POINT('',#4260);
#4260 = CARTESIAN_POINT('',(16.5,0.5,7.7));
#4261 = VERTEX_POINT('',#4262);
#4262 = CARTESIAN_POINT('',(16.5,0.5,7.9));
#4263 = LINE('',#4264,#4265);
#4264 = CARTESIAN_POINT('',(16.5,0.5,7.7));
#4265 = VECTOR('',#4266,1.);
#4266 = DIRECTION('',(0.,0.,1.));
#4267 = ORIENTED_EDGE('',*,*,#4268,.T.);
#4268 = EDGE_CURVE('',#4259,#4269,#4271,.T.);
#4269 = VERTEX_POINT('',#4270);
#4270 = CARTESIAN_POINT('',(16.7,0.5,7.7));
#4271 = LINE('',#4272,#4273);
#4272 = CARTESIAN_POINT('',(16.5,0.5,7.7));
#4273 = VECTOR('',#4274,1.);
#4274 = DIRECTION('',(1.,0.,-0.));
#4275 = ORIENTED_EDGE('',*,*,#4276,.T.);
#4276 = EDGE_CURVE('',#4269,#4277,#4279,.T.);
#4277 = VERTEX_POINT('',#4278);
#4278 = CARTESIAN_POINT('',(16.7,0.5,7.9));
#4279 = LINE('',#4280,#4281);
#4280 = CARTESIAN_POINT('',(16.7,0.5,7.7));
#4281 = VECTOR('',#4282,1.);
#4282 = DIRECTION('',(0.,0.,1.));
#4283 = ORIENTED_EDGE('',*,*,#4284,.F.);
#4284 = EDGE_CURVE('',#4261,#4277,#4285,.T.);
#4285 = LINE('',#4286,#4287);
#4286 = CARTESIAN_POINT('',(16.5,0.5,7.9));
#4287 = VECTOR('',#4288,1.);
#4288 = DIRECTION('',(1.,0.,-0.));
#4289 = PLANE('',#4290);
#4290 = AXIS2_PLACEMENT_3D('',#4291,#4292,#4293);
#4291 = CARTESIAN_POINT('',(15.6,0.5,6.8));
#4292 = DIRECTION('',(-0.,1.,0.));
#4293 = DIRECTION('',(0.,0.,1.));
#4294 = ADVANCED_FACE('',(#4295),#4306,.F.);
#4295 = FACE_BOUND('',#4296,.F.);
#4296 = EDGE_LOOP('',(#4297,#4298,#4299,#4305));
#4297 = ORIENTED_EDGE('',*,*,#4121,.F.);
#4298 = ORIENTED_EDGE('',*,*,#4151,.T.);
#4299 = ORIENTED_EDGE('',*,*,#4300,.T.);
#4300 = EDGE_CURVE('',#4152,#4241,#4301,.T.);
#4301 = LINE('',#4302,#4303);
#4302 = CARTESIAN_POINT('',(17.6,0.,6.8));
#4303 = VECTOR('',#4304,1.);
#4304 = DIRECTION('',(-0.,1.,0.));
#4305 = ORIENTED_EDGE('',*,*,#4240,.F.);
#4306 = PLANE('',#4307);
#4307 = AXIS2_PLACEMENT_3D('',#4308,#4309,#4310);
#4308 = CARTESIAN_POINT('',(15.6,0.,6.8));
#4309 = DIRECTION('',(0.,0.,1.));
#4310 = DIRECTION('',(1.,0.,-0.));
#4311 = ADVANCED_FACE('',(#4312),#4318,.T.);
#4312 = FACE_BOUND('',#4313,.T.);
#4313 = EDGE_LOOP('',(#4314,#4315,#4316,#4317));
#4314 = ORIENTED_EDGE('',*,*,#4168,.F.);
#4315 = ORIENTED_EDGE('',*,*,#4300,.T.);
#4316 = ORIENTED_EDGE('',*,*,#4250,.T.);
#4317 = ORIENTED_EDGE('',*,*,#4218,.F.);
#4318 = PLANE('',#4319);
#4319 = AXIS2_PLACEMENT_3D('',#4320,#4321,#4322);
#4320 = CARTESIAN_POINT('',(17.6,0.,6.8));
#4321 = DIRECTION('',(1.,0.,-0.));
#4322 = DIRECTION('',(0.,0.,1.));
#4323 = ADVANCED_FACE('',(#4324),#4340,.T.);
#4324 = FACE_BOUND('',#4325,.T.);
#4325 = EDGE_LOOP('',(#4326,#4327,#4333,#4334));
#4326 = ORIENTED_EDGE('',*,*,#4176,.F.);
#4327 = ORIENTED_EDGE('',*,*,#4328,.T.);
#4328 = EDGE_CURVE('',#4177,#4259,#4329,.T.);
#4329 = LINE('',#4330,#4331);
#4330 = CARTESIAN_POINT('',(16.5,0.,7.7));
#4331 = VECTOR('',#4332,1.);
#4332 = DIRECTION('',(-0.,1.,0.));
#4333 = ORIENTED_EDGE('',*,*,#4258,.T.);
#4334 = ORIENTED_EDGE('',*,*,#4335,.F.);
#4335 = EDGE_CURVE('',#4179,#4261,#4336,.T.);
#4336 = LINE('',#4337,#4338);
#4337 = CARTESIAN_POINT('',(16.5,0.,7.9));
#4338 = VECTOR('',#4339,1.);
#4339 = DIRECTION('',(-0.,1.,0.));
#4340 = PLANE('',#4341);
#4341 = AXIS2_PLACEMENT_3D('',#4342,#4343,#4344);
#4342 = CARTESIAN_POINT('',(16.5,0.,7.7));
#4343 = DIRECTION('',(1.,0.,-0.));
#4344 = DIRECTION('',(0.,0.,1.));
#4345 = ADVANCED_FACE('',(#4346),#4357,.F.);
#4346 = FACE_BOUND('',#4347,.F.);
#4347 = EDGE_LOOP('',(#4348,#4349,#4350,#4356));
#4348 = ORIENTED_EDGE('',*,*,#4335,.F.);
#4349 = ORIENTED_EDGE('',*,*,#4202,.T.);
#4350 = ORIENTED_EDGE('',*,*,#4351,.T.);
#4351 = EDGE_CURVE('',#4195,#4277,#4352,.T.);
#4352 = LINE('',#4353,#4354);
#4353 = CARTESIAN_POINT('',(16.7,0.,7.9));
#4354 = VECTOR('',#4355,1.);
#4355 = DIRECTION('',(-0.,1.,0.));
#4356 = ORIENTED_EDGE('',*,*,#4284,.F.);
#4357 = PLANE('',#4358);
#4358 = AXIS2_PLACEMENT_3D('',#4359,#4360,#4361);
#4359 = CARTESIAN_POINT('',(16.5,0.,7.9));
#4360 = DIRECTION('',(0.,0.,1.));
#4361 = DIRECTION('',(1.,0.,-0.));
#4362 = ADVANCED_FACE('',(#4363),#4374,.F.);
#4363 = FACE_BOUND('',#4364,.F.);
#4364 = EDGE_LOOP('',(#4365,#4366,#4372,#4373));
#4365 = ORIENTED_EDGE('',*,*,#4194,.F.);
#4366 = ORIENTED_EDGE('',*,*,#4367,.T.);
#4367 = EDGE_CURVE('',#4187,#4269,#4368,.T.);
#4368 = LINE('',#4369,#4370);
#4369 = CARTESIAN_POINT('',(16.7,0.,7.7));
#4370 = VECTOR('',#4371,1.);
#4371 = DIRECTION('',(-0.,1.,0.));
#4372 = ORIENTED_EDGE('',*,*,#4276,.T.);
#4373 = ORIENTED_EDGE('',*,*,#4351,.F.);
#4374 = PLANE('',#4375);
#4375 = AXIS2_PLACEMENT_3D('',#4376,#4377,#4378);
#4376 = CARTESIAN_POINT('',(16.7,0.,7.7));
#4377 = DIRECTION('',(1.,0.,-0.));
#4378 = DIRECTION('',(0.,0.,1.));
#4379 = ADVANCED_FACE('',(#4380),#4386,.T.);
#4380 = FACE_BOUND('',#4381,.T.);
#4381 = EDGE_LOOP('',(#4382,#4383,#4384,#4385));
#4382 = ORIENTED_EDGE('',*,*,#4328,.F.);
#4383 = ORIENTED_EDGE('',*,*,#4186,.T.);
#4384 = ORIENTED_EDGE('',*,*,#4367,.T.);
#4385 = ORIENTED_EDGE('',*,*,#4268,.F.);
#4386 = PLANE('',#4387);
#4387 = AXIS2_PLACEMENT_3D('',#4388,#4389,#4390);
#4388 = CARTESIAN_POINT('',(16.5,0.,7.7));
#4389 = DIRECTION('',(0.,0.,1.));
#4390 = DIRECTION('',(1.,0.,-0.));
#4391 = ( GEOMETRIC_REPRESENTATION_CONTEXT(3) 
GLOBAL_UNCERTAINTY_ASSIGNED_CONTEXT((#4395)) 
GLOBAL_UNIT_ASSIGNED_CONTEXT((#4392,#4393,#4394)) REPRESENTATION_CONTEXT
('Context #1','3D Context with UNIT and UNCERTAINTY') );
#4392 = ( LENGTH_UNIT() NAMED_UNIT(*) SI_UNIT(.MILLI.,.METRE.) );
#4393 = ( NAMED_UNIT(*) PLANE_ANGLE_UNIT() SI_UNIT($,.RADIAN.) );
#4394 = ( NAMED_UNIT(*) SI_UNIT($,.STERADIAN.) SOLID_ANGLE_UNIT() );
#4395 = UNCERTAINTY_MEASURE_WITH_UNIT(LENGTH_MEASURE(1.E-07),#4392,
  'distance_accuracy_value','confusion accuracy');
#4396 = CONTEXT_DEPENDENT_SHAPE_REPRESENTATION(#4397,#4399);
#4397 = ( REPRESENTATION_RELATIONSHIP('','',#4104,#56) 
REPRESENTATION_RELATIONSHIP_WITH_TRANSFORMATION(#4398) 
SHAPE_REPRESENTATION_RELATIONSHIP() );
#4398 = ITEM_DEFINED_TRANSFORMATION('','',#11,#109);
#4399 = PRODUCT_DEFINITION_SHAPE('Placement','Placement of an item',
  #4400);
#4400 = NEXT_ASSEMBLY_USAGE_OCCURRENCE('392','Core_4_2','',#51,#4099,$);
#4401 = PRODUCT_RELATED_PRODUCT_CATEGORY('part',$,(#4101));
#4402 = SHAPE_DEFINITION_REPRESENTATION(#4403,#4409);
#4403 = PRODUCT_DEFINITION_SHAPE('','',#4404);
#4404 = PRODUCT_DEFINITION('design','',#4405,#4408);
#4405 = PRODUCT_DEFINITION_FORMATION('','',#4406);
#4406 = PRODUCT('Core_4_3','Core_4_3','',(#4407));
#4407 = PRODUCT_CONTEXT('',#2,'mechanical');
#4408 = PRODUCT_DEFINITION_CONTEXT('part definition',#2,'design');
#4409 = ADVANCED_BREP_SHAPE_REPRESENTATION('',(#11,#4410),#4696);
#4410 = MANIFOLD_SOLID_BREP('',#4411);
#4411 = CLOSED_SHELL('',(#4412,#4452,#4517,#4541,#4599,#4616,#4628,#4650
    ,#4667,#4684));
#4412 = ADVANCED_FACE('',(#4413),#4447,.F.);
#4413 = FACE_BOUND('',#4414,.F.);
#4414 = EDGE_LOOP('',(#4415,#4425,#4433,#4441));
#4415 = ORIENTED_EDGE('',*,*,#4416,.F.);
#4416 = EDGE_CURVE('',#4417,#4419,#4421,.T.);
#4417 = VERTEX_POINT('',#4418);
#4418 = CARTESIAN_POINT('',(15.6,0.,11.2));
#4419 = VERTEX_POINT('',#4420);
#4420 = CARTESIAN_POINT('',(15.6,0.,13.2));
#4421 = LINE('',#4422,#4423);
#4422 = CARTESIAN_POINT('',(15.6,0.,11.2));
#4423 = VECTOR('',#4424,1.);
#4424 = DIRECTION('',(0.,0.,1.));
#4425 = ORIENTED_EDGE('',*,*,#4426,.T.);
#4426 = EDGE_CURVE('',#4417,#4427,#4429,.T.);
#4427 = VERTEX_POINT('',#4428);
#4428 = CARTESIAN_POINT('',(15.6,0.5,11.2));
#4429 = LINE('',#4430,#4431);
#4430 = CARTESIAN_POINT('',(15.6,0.,11.2));
#4431 = VECTOR('',#4432,1.);
#4432 = DIRECTION('',(-0.,1.,0.));
#4433 = ORIENTED_EDGE('',*,*,#4434,.T.);
#4434 = EDGE_CURVE('',#4427,#4435,#4437,.T.);
#4435 = VERTEX_POINT('',#4436);
#4436 = CARTESIAN_POINT('',(15.6,0.5,13.2));
#4437 = LINE('',#4438,#4439);
#4438 = CARTESIAN_POINT('',(15.6,0.5,11.2));
#4439 = VECTOR('',#4440,1.);
#4440 = DIRECTION('',(0.,0.,1.));
#4441 = ORIENTED_EDGE('',*,*,#4442,.F.);
#4442 = EDGE_CURVE('',#4419,#4435,#4443,.T.);
#4443 = LINE('',#4444,#4445);
#4444 = CARTESIAN_POINT('',(15.6,0.,13.2));
#4445 = VECTOR('',#4446,1.);
#4446 = DIRECTION('',(-0.,1.,0.));
#4447 = PLANE('',#4448);
#4448 = AXIS2_PLACEMENT_3D('',#4449,#4450,#4451);
#4449 = CARTESIAN_POINT('',(15.6,0.,11.2));
#4450 = DIRECTION('',(1.,0.,-0.));
#4451 = DIRECTION('',(0.,0.,1.));
#4452 = ADVANCED_FACE('',(#4453,#4478),#4512,.F.);
#4453 = FACE_BOUND('',#4454,.F.);
#4454 = EDGE_LOOP('',(#4455,#4463,#4464,#4472));
#4455 = ORIENTED_EDGE('',*,*,#4456,.F.);
#4456 = EDGE_CURVE('',#4417,#4457,#4459,.T.);
#4457 = VERTEX_POINT('',#4458);
#4458 = CARTESIAN_POINT('',(17.6,0.,11.2));
#4459 = LINE('',#4460,#4461);
#4460 = CARTESIAN_POINT('',(15.6,0.,11.2));
#4461 = VECTOR('',#4462,1.);
#4462 = DIRECTION('',(1.,0.,-0.));
#4463 = ORIENTED_EDGE('',*,*,#4416,.T.);
#4464 = ORIENTED_EDGE('',*,*,#4465,.T.);
#4465 = EDGE_CURVE('',#4419,#4466,#4468,.T.);
#4466 = VERTEX_POINT('',#4467);
#4467 = CARTESIAN_POINT('',(17.6,0.,13.2));
#4468 = LINE('',#4469,#4470);
#4469 = CARTESIAN_POINT('',(15.6,0.,13.2));
#4470 = VECTOR('',#4471,1.);
#4471 = DIRECTION('',(1.,0.,-0.));
#4472 = ORIENTED_EDGE('',*,*,#4473,.F.);
#4473 = EDGE_CURVE('',#4457,#4466,#4474,.T.);
#4474 = LINE('',#4475,#4476);
#4475 = CARTESIAN_POINT('',(17.6,0.,11.2));
#4476 = VECTOR('',#4477,1.);
#4477 = DIRECTION('',(0.,0.,1.));
#4478 = FACE_BOUND('',#4479,.F.);
#4479 = EDGE_LOOP('',(#4480,#4490,#4498,#4506));
#4480 = ORIENTED_EDGE('',*,*,#4481,.F.);
#4481 = EDGE_CURVE('',#4482,#4484,#4486,.T.);
#4482 = VERTEX_POINT('',#4483);
#4483 = CARTESIAN_POINT('',(16.5,0.,12.1));
#4484 = VERTEX_POINT('',#4485);
#4485 = CARTESIAN_POINT('',(16.5,0.,12.3));
#4486 = LINE('',#4487,#4488);
#4487 = CARTESIAN_POINT('',(16.5,0.,12.1));
#4488 = VECTOR('',#4489,1.);
#4489 = DIRECTION('',(0.,0.,1.));
#4490 = ORIENTED_EDGE('',*,*,#4491,.T.);
#4491 = EDGE_CURVE('',#4482,#4492,#4494,.T.);
#4492 = VERTEX_POINT('',#4493);
#4493 = CARTESIAN_POINT('',(16.7,0.,12.1));
#4494 = LINE('',#4495,#4496);
#4495 = CARTESIAN_POINT('',(16.5,0.,12.1));
#4496 = VECTOR('',#4497,1.);
#4497 = DIRECTION('',(1.,0.,-0.));
#4498 = ORIENTED_EDGE('',*,*,#4499,.T.);
#4499 = EDGE_CURVE('',#4492,#4500,#4502,.T.);
#4500 = VERTEX_POINT('',#4501);
#4501 = CARTESIAN_POINT('',(16.7,0.,12.3));
#4502 = LINE('',#4503,#4504);
#4503 = CARTESIAN_POINT('',(16.7,0.,12.1));
#4504 = VECTOR('',#4505,1.);
#4505 = DIRECTION('',(0.,0.,1.));
#4506 = ORIENTED_EDGE('',*,*,#4507,.F.);
#4507 = EDGE_CURVE('',#4484,#4500,#4508,.T.);
#4508 = LINE('',#4509,#4510);
#4509 = CARTESIAN_POINT('',(16.5,0.,12.3));
#4510 = VECTOR('',#4511,1.);
#4511 = DIRECTION('',(1.,0.,-0.));
#4512 = PLANE('',#4513);
#4513 = AXIS2_PLACEMENT_3D('',#4514,#4515,#4516);
#4514 = CARTESIAN_POINT('',(15.6,0.,11.2));
#4515 = DIRECTION('',(-0.,1.,0.));
#4516 = DIRECTION('',(0.,0.,1.));
#4517 = ADVANCED_FACE('',(#4518),#4536,.T.);
#4518 = FACE_BOUND('',#4519,.T.);
#4519 = EDGE_LOOP('',(#4520,#4521,#4522,#4530));
#4520 = ORIENTED_EDGE('',*,*,#4442,.F.);
#4521 = ORIENTED_EDGE('',*,*,#4465,.T.);
#4522 = ORIENTED_EDGE('',*,*,#4523,.T.);
#4523 = EDGE_CURVE('',#4466,#4524,#4526,.T.);
#4524 = VERTEX_POINT('',#4525);
#4525 = CARTESIAN_POINT('',(17.6,0.5,13.2));
#4526 = LINE('',#4527,#4528);
#4527 = CARTESIAN_POINT('',(17.6,0.,13.2));
#4528 = VECTOR('',#4529,1.);
#4529 = DIRECTION('',(-0.,1.,0.));
#4530 = ORIENTED_EDGE('',*,*,#4531,.F.);
#4531 = EDGE_CURVE('',#4435,#4524,#4532,.T.);
#4532 = LINE('',#4533,#4534);
#4533 = CARTESIAN_POINT('',(15.6,0.5,13.2));
#4534 = VECTOR('',#4535,1.);
#4535 = DIRECTION('',(1.,0.,-0.));
#4536 = PLANE('',#4537);
#4537 = AXIS2_PLACEMENT_3D('',#4538,#4539,#4540);
#4538 = CARTESIAN_POINT('',(15.6,0.,13.2));
#4539 = DIRECTION('',(0.,0.,1.));
#4540 = DIRECTION('',(1.,0.,-0.));
#4541 = ADVANCED_FACE('',(#4542,#4560),#4594,.T.);
#4542 = FACE_BOUND('',#4543,.T.);
#4543 = EDGE_LOOP('',(#4544,#4552,#4553,#4554));
#4544 = ORIENTED_EDGE('',*,*,#4545,.F.);
#4545 = EDGE_CURVE('',#4427,#4546,#4548,.T.);
#4546 = VERTEX_POINT('',#4547);
#4547 = CARTESIAN_POINT('',(17.6,0.5,11.2));
#4548 = LINE('',#4549,#4550);
#4549 = CARTESIAN_POINT('',(15.6,0.5,11.2));
#4550 = VECTOR('',#4551,1.);
#4551 = DIRECTION('',(1.,0.,-0.));
#4552 = ORIENTED_EDGE('',*,*,#4434,.T.);
#4553 = ORIENTED_EDGE('',*,*,#4531,.T.);
#4554 = ORIENTED_EDGE('',*,*,#4555,.F.);
#4555 = EDGE_CURVE('',#4546,#4524,#4556,.T.);
#4556 = LINE('',#4557,#4558);
#4557 = CARTESIAN_POINT('',(17.6,0.5,11.2));
#4558 = VECTOR('',#4559,1.);
#4559 = DIRECTION('',(0.,0.,1.));
#4560 = FACE_BOUND('',#4561,.T.);
#4561 = EDGE_LOOP('',(#4562,#4572,#4580,#4588));
#4562 = ORIENTED_EDGE('',*,*,#4563,.F.);
#4563 = EDGE_CURVE('',#4564,#4566,#4568,.T.);
#4564 = VERTEX_POINT('',#4565);
#4565 = CARTESIAN_POINT('',(16.5,0.5,12.1));
#4566 = VERTEX_POINT('',#4567);
#4567 = CARTESIAN_POINT('',(16.5,0.5,12.3));
#4568 = LINE('',#4569,#4570);
#4569 = CARTESIAN_POINT('',(16.5,0.5,12.1));
#4570 = VECTOR('',#4571,1.);
#4571 = DIRECTION('',(0.,0.,1.));
#4572 = ORIENTED_EDGE('',*,*,#4573,.T.);
#4573 = EDGE_CURVE('',#4564,#4574,#4576,.T.);
#4574 = VERTEX_POINT('',#4575);
#4575 = CARTESIAN_POINT('',(16.7,0.5,12.1));
#4576 = LINE('',#4577,#4578);
#4577 = CARTESIAN_POINT('',(16.5,0.5,12.1));
#4578 = VECTOR('',#4579,1.);
#4579 = DIRECTION('',(1.,0.,-0.));
#4580 = ORIENTED_EDGE('',*,*,#4581,.T.);
#4581 = EDGE_CURVE('',#4574,#4582,#4584,.T.);
#4582 = VERTEX_POINT('',#4583);
#4583 = CARTESIAN_POINT('',(16.7,0.5,12.3));
#4584 = LINE('',#4585,#4586);
#4585 = CARTESIAN_POINT('',(16.7,0.5,12.1));
#4586 = VECTOR('',#4587,1.);
#4587 = DIRECTION('',(0.,0.,1.));
#4588 = ORIENTED_EDGE('',*,*,#4589,.F.);
#4589 = EDGE_CURVE('',#4566,#4582,#4590,.T.);
#4590 = LINE('',#4591,#4592);
#4591 = CARTESIAN_POINT('',(16.5,0.5,12.3));
#4592 = VECTOR('',#4593,1.);
#4593 = DIRECTION('',(1.,0.,-0.));
#4594 = PLANE('',#4595);
#4595 = AXIS2_PLACEMENT_3D('',#4596,#4597,#4598);
#4596 = CARTESIAN_POINT('',(15.6,0.5,11.2));
#4597 = DIRECTION('',(-0.,1.,0.));
#4598 = DIRECTION('',(0.,0.,1.));
#4599 = ADVANCED_FACE('',(#4600),#4611,.F.);
#4600 = FACE_BOUND('',#4601,.F.);
#4601 = EDGE_LOOP('',(#4602,#4603,#4604,#4610));
#4602 = ORIENTED_EDGE('',*,*,#4426,.F.);
#4603 = ORIENTED_EDGE('',*,*,#4456,.T.);
#4604 = ORIENTED_EDGE('',*,*,#4605,.T.);
#4605 = EDGE_CURVE('',#4457,#4546,#4606,.T.);
#4606 = LINE('',#4607,#4608);
#4607 = CARTESIAN_POINT('',(17.6,0.,11.2));
#4608 = VECTOR('',#4609,1.);
#4609 = DIRECTION('',(-0.,1.,0.));
#4610 = ORIENTED_EDGE('',*,*,#4545,.F.);
#4611 = PLANE('',#4612);
#4612 = AXIS2_PLACEMENT_3D('',#4613,#4614,#4615);
#4613 = CARTESIAN_POINT('',(15.6,0.,11.2));
#4614 = DIRECTION('',(0.,0.,1.));
#4615 = DIRECTION('',(1.,0.,-0.));
#4616 = ADVANCED_FACE('',(#4617),#4623,.T.);
#4617 = FACE_BOUND('',#4618,.T.);
#4618 = EDGE_LOOP('',(#4619,#4620,#4621,#4622));
#4619 = ORIENTED_EDGE('',*,*,#4473,.F.);
#4620 = ORIENTED_EDGE('',*,*,#4605,.T.);
#4621 = ORIENTED_EDGE('',*,*,#4555,.T.);
#4622 = ORIENTED_EDGE('',*,*,#4523,.F.);
#4623 = PLANE('',#4624);
#4624 = AXIS2_PLACEMENT_3D('',#4625,#4626,#4627);
#4625 = CARTESIAN_POINT('',(17.6,0.,11.2));
#4626 = DIRECTION('',(1.,0.,-0.));
#4627 = DIRECTION('',(0.,0.,1.));
#4628 = ADVANCED_FACE('',(#4629),#4645,.T.);
#4629 = FACE_BOUND('',#4630,.T.);
#4630 = EDGE_LOOP('',(#4631,#4632,#4638,#4639));
#4631 = ORIENTED_EDGE('',*,*,#4481,.F.);
#4632 = ORIENTED_EDGE('',*,*,#4633,.T.);
#4633 = EDGE_CURVE('',#4482,#4564,#4634,.T.);
#4634 = LINE('',#4635,#4636);
#4635 = CARTESIAN_POINT('',(16.5,0.,12.1));
#4636 = VECTOR('',#4637,1.);
#4637 = DIRECTION('',(-0.,1.,0.));
#4638 = ORIENTED_EDGE('',*,*,#4563,.T.);
#4639 = ORIENTED_EDGE('',*,*,#4640,.F.);
#4640 = EDGE_CURVE('',#4484,#4566,#4641,.T.);
#4641 = LINE('',#4642,#4643);
#4642 = CARTESIAN_POINT('',(16.5,0.,12.3));
#4643 = VECTOR('',#4644,1.);
#4644 = DIRECTION('',(-0.,1.,0.));
#4645 = PLANE('',#4646);
#4646 = AXIS2_PLACEMENT_3D('',#4647,#4648,#4649);
#4647 = CARTESIAN_POINT('',(16.5,0.,12.1));
#4648 = DIRECTION('',(1.,0.,-0.));
#4649 = DIRECTION('',(0.,0.,1.));
#4650 = ADVANCED_FACE('',(#4651),#4662,.F.);
#4651 = FACE_BOUND('',#4652,.F.);
#4652 = EDGE_LOOP('',(#4653,#4654,#4655,#4661));
#4653 = ORIENTED_EDGE('',*,*,#4640,.F.);
#4654 = ORIENTED_EDGE('',*,*,#4507,.T.);
#4655 = ORIENTED_EDGE('',*,*,#4656,.T.);
#4656 = EDGE_CURVE('',#4500,#4582,#4657,.T.);
#4657 = LINE('',#4658,#4659);
#4658 = CARTESIAN_POINT('',(16.7,0.,12.3));
#4659 = VECTOR('',#4660,1.);
#4660 = DIRECTION('',(-0.,1.,0.));
#4661 = ORIENTED_EDGE('',*,*,#4589,.F.);
#4662 = PLANE('',#4663);
#4663 = AXIS2_PLACEMENT_3D('',#4664,#4665,#4666);
#4664 = CARTESIAN_POINT('',(16.5,0.,12.3));
#4665 = DIRECTION('',(0.,0.,1.));
#4666 = DIRECTION('',(1.,0.,-0.));
#4667 = ADVANCED_FACE('',(#4668),#4679,.F.);
#4668 = FACE_BOUND('',#4669,.F.);
#4669 = EDGE_LOOP('',(#4670,#4671,#4677,#4678));
#4670 = ORIENTED_EDGE('',*,*,#4499,.F.);
#4671 = ORIENTED_EDGE('',*,*,#4672,.T.);
#4672 = EDGE_CURVE('',#4492,#4574,#4673,.T.);
#4673 = LINE('',#4674,#4675);
#4674 = CARTESIAN_POINT('',(16.7,0.,12.1));
#4675 = VECTOR('',#4676,1.);
#4676 = DIRECTION('',(-0.,1.,0.));
#4677 = ORIENTED_EDGE('',*,*,#4581,.T.);
#4678 = ORIENTED_EDGE('',*,*,#4656,.F.);
#4679 = PLANE('',#4680);
#4680 = AXIS2_PLACEMENT_3D('',#4681,#4682,#4683);
#4681 = CARTESIAN_POINT('',(16.7,0.,12.1));
#4682 = DIRECTION('',(1.,0.,-0.));
#4683 = DIRECTION('',(0.,0.,1.));
#4684 = ADVANCED_FACE('',(#4685),#4691,.T.);
#4685 = FACE_BOUND('',#4686,.T.);
#4686 = EDGE_LOOP('',(#4687,#4688,#4689,#4690));
#4687 = ORIENTED_EDGE('',*,*,#4633,.F.);
#4688 = ORIENTED_EDGE('',*,*,#4491,.T.);
#4689 = ORIENTED_EDGE('',*,*,#4672,.T.);
#4690 = ORIENTED_EDGE('',*,*,#4573,.F.);
#4691 = PLANE('',#4692);
#4692 = AXIS2_PLACEMENT_3D('',#4693,#4694,#4695);
#4693 = CARTESIAN_POINT('',(16.5,0.,12.1));
#4694 = DIRECTION('',(0.,0.,1.));
#4695 = DIRECTION('',(1.,0.,-0.));
#4696 = ( GEOMETRIC_REPRESENTATION_CONTEXT(3) 
GLOBAL_UNCERTAINTY_ASSIGNED_CONTEXT((#4700)) 
GLOBAL_UNIT_ASSIGNED_CONTEXT((#4697,#4698,#4699)) REPRESENTATION_CONTEXT
('Context #1','3D Context with UNIT and UNCERTAINTY') );
#4697 = ( LENGTH_UNIT() NAMED_UNIT(*) SI_UNIT(.MILLI.,.METRE.) );
#4698 = ( NAMED_UNIT(*) PLANE_ANGLE_UNIT() SI_UNIT($,.RADIAN.) );
#4699 = ( NAMED_UNIT(*) SI_UNIT($,.STERADIAN.) SOLID_ANGLE_UNIT() );
#4700 = UNCERTAINTY_MEASURE_WITH_UNIT(LENGTH_MEASURE(1.E-07),#4697,
  'distance_accuracy_value','confusion accuracy');
#4701 = CONTEXT_DEPENDENT_SHAPE_REPRESENTATION(#4702,#4704);
#4702 = ( REPRESENTATION_RELATIONSHIP('','',#4409,#56) 
REPRESENTATION_RELATIONSHIP_WITH_TRANSFORMATION(#4703) 
SHAPE_REPRESENTATION_RELATIONSHIP() );
#4703 = ITEM_DEFINED_TRANSFORMATION('','',#11,#113);
#4704 = PRODUCT_DEFINITION_SHAPE('Placement','Placement of an item',
  #4705);
#4705 = NEXT_ASSEMBLY_USAGE_OCCURRENCE('393','Core_4_3','',#51,#4404,$);
#4706 = PRODUCT_RELATED_PRODUCT_CATEGORY('part',$,(#4406));
#4707 = SHAPE_DEFINITION_REPRESENTATION(#4708,#4714);
#4708 = PRODUCT_DEFINITION_SHAPE('','',#4709);
#4709 = PRODUCT_DEFINITION('design','',#4710,#4713);
#4710 = PRODUCT_DEFINITION_FORMATION('','',#4711);
#4711 = PRODUCT('Core_4_4','Core_4_4','',(#4712));
#4712 = PRODUCT_CONTEXT('',#2,'mechanical');
#4713 = PRODUCT_DEFINITION_CONTEXT('part definition',#2,'design');
#4714 = ADVANCED_BREP_SHAPE_REPRESENTATION('',(#11,#4715),#5001);
#4715 = MANIFOLD_SOLID_BREP('',#4716);
#4716 = CLOSED_SHELL('',(#4717,#4757,#4822,#4846,#4904,#4921,#4933,#4955
    ,#4972,#4989));
#4717 = ADVANCED_FACE('',(#4718),#4752,.F.);
#4718 = FACE_BOUND('',#4719,.F.);
#4719 = EDGE_LOOP('',(#4720,#4730,#4738,#4746));
#4720 = ORIENTED_EDGE('',*,*,#4721,.F.);
#4721 = EDGE_CURVE('',#4722,#4724,#4726,.T.);
#4722 = VERTEX_POINT('',#4723);
#4723 = CARTESIAN_POINT('',(15.6,0.,15.6));
#4724 = VERTEX_POINT('',#4725);
#4725 = CARTESIAN_POINT('',(15.6,0.,17.6));
#4726 = LINE('',#4727,#4728);
#4727 = CARTESIAN_POINT('',(15.6,0.,15.6));
#4728 = VECTOR('',#4729,1.);
#4729 = DIRECTION('',(0.,0.,1.));
#4730 = ORIENTED_EDGE('',*,*,#4731,.T.);
#4731 = EDGE_CURVE('',#4722,#4732,#4734,.T.);
#4732 = VERTEX_POINT('',#4733);
#4733 = CARTESIAN_POINT('',(15.6,0.5,15.6));
#4734 = LINE('',#4735,#4736);
#4735 = CARTESIAN_POINT('',(15.6,0.,15.6));
#4736 = VECTOR('',#4737,1.);
#4737 = DIRECTION('',(-0.,1.,0.));
#4738 = ORIENTED_EDGE('',*,*,#4739,.T.);
#4739 = EDGE_CURVE('',#4732,#4740,#4742,.T.);
#4740 = VERTEX_POINT('',#4741);
#4741 = CARTESIAN_POINT('',(15.6,0.5,17.6));
#4742 = LINE('',#4743,#4744);
#4743 = CARTESIAN_POINT('',(15.6,0.5,15.6));
#4744 = VECTOR('',#4745,1.);
#4745 = DIRECTION('',(0.,0.,1.));
#4746 = ORIENTED_EDGE('',*,*,#4747,.F.);
#4747 = EDGE_CURVE('',#4724,#4740,#4748,.T.);
#4748 = LINE('',#4749,#4750);
#4749 = CARTESIAN_POINT('',(15.6,0.,17.6));
#4750 = VECTOR('',#4751,1.);
#4751 = DIRECTION('',(-0.,1.,0.));
#4752 = PLANE('',#4753);
#4753 = AXIS2_PLACEMENT_3D('',#4754,#4755,#4756);
#4754 = CARTESIAN_POINT('',(15.6,0.,15.6));
#4755 = DIRECTION('',(1.,0.,-0.));
#4756 = DIRECTION('',(0.,0.,1.));
#4757 = ADVANCED_FACE('',(#4758,#4783),#4817,.F.);
#4758 = FACE_BOUND('',#4759,.F.);
#4759 = EDGE_LOOP('',(#4760,#4768,#4769,#4777));
#4760 = ORIENTED_EDGE('',*,*,#4761,.F.);
#4761 = EDGE_CURVE('',#4722,#4762,#4764,.T.);
#4762 = VERTEX_POINT('',#4763);
#4763 = CARTESIAN_POINT('',(17.6,0.,15.6));
#4764 = LINE('',#4765,#4766);
#4765 = CARTESIAN_POINT('',(15.6,0.,15.6));
#4766 = VECTOR('',#4767,1.);
#4767 = DIRECTION('',(1.,0.,-0.));
#4768 = ORIENTED_EDGE('',*,*,#4721,.T.);
#4769 = ORIENTED_EDGE('',*,*,#4770,.T.);
#4770 = EDGE_CURVE('',#4724,#4771,#4773,.T.);
#4771 = VERTEX_POINT('',#4772);
#4772 = CARTESIAN_POINT('',(17.6,0.,17.6));
#4773 = LINE('',#4774,#4775);
#4774 = CARTESIAN_POINT('',(15.6,0.,17.6));
#4775 = VECTOR('',#4776,1.);
#4776 = DIRECTION('',(1.,0.,-0.));
#4777 = ORIENTED_EDGE('',*,*,#4778,.F.);
#4778 = EDGE_CURVE('',#4762,#4771,#4779,.T.);
#4779 = LINE('',#4780,#4781);
#4780 = CARTESIAN_POINT('',(17.6,0.,15.6));
#4781 = VECTOR('',#4782,1.);
#4782 = DIRECTION('',(0.,0.,1.));
#4783 = FACE_BOUND('',#4784,.F.);
#4784 = EDGE_LOOP('',(#4785,#4795,#4803,#4811));
#4785 = ORIENTED_EDGE('',*,*,#4786,.F.);
#4786 = EDGE_CURVE('',#4787,#4789,#4791,.T.);
#4787 = VERTEX_POINT('',#4788);
#4788 = CARTESIAN_POINT('',(16.5,0.,16.5));
#4789 = VERTEX_POINT('',#4790);
#4790 = CARTESIAN_POINT('',(16.5,0.,16.7));
#4791 = LINE('',#4792,#4793);
#4792 = CARTESIAN_POINT('',(16.5,0.,16.5));
#4793 = VECTOR('',#4794,1.);
#4794 = DIRECTION('',(0.,0.,1.));
#4795 = ORIENTED_EDGE('',*,*,#4796,.T.);
#4796 = EDGE_CURVE('',#4787,#4797,#4799,.T.);
#4797 = VERTEX_POINT('',#4798);
#4798 = CARTESIAN_POINT('',(16.7,0.,16.5));
#4799 = LINE('',#4800,#4801);
#4800 = CARTESIAN_POINT('',(16.5,0.,16.5));
#4801 = VECTOR('',#4802,1.);
#4802 = DIRECTION('',(1.,0.,-0.));
#4803 = ORIENTED_EDGE('',*,*,#4804,.T.);
#4804 = EDGE_CURVE('',#4797,#4805,#4807,.T.);
#4805 = VERTEX_POINT('',#4806);
#4806 = CARTESIAN_POINT('',(16.7,0.,16.7));
#4807 = LINE('',#4808,#4809);
#4808 = CARTESIAN_POINT('',(16.7,0.,16.5));
#4809 = VECTOR('',#4810,1.);
#4810 = DIRECTION('',(0.,0.,1.));
#4811 = ORIENTED_EDGE('',*,*,#4812,.F.);
#4812 = EDGE_CURVE('',#4789,#4805,#4813,.T.);
#4813 = LINE('',#4814,#4815);
#4814 = CARTESIAN_POINT('',(16.5,0.,16.7));
#4815 = VECTOR('',#4816,1.);
#4816 = DIRECTION('',(1.,0.,-0.));
#4817 = PLANE('',#4818);
#4818 = AXIS2_PLACEMENT_3D('',#4819,#4820,#4821);
#4819 = CARTESIAN_POINT('',(15.6,0.,15.6));
#4820 = DIRECTION('',(-0.,1.,0.));
#4821 = DIRECTION('',(0.,0.,1.));
#4822 = ADVANCED_FACE('',(#4823),#4841,.T.);
#4823 = FACE_BOUND('',#4824,.T.);
#4824 = EDGE_LOOP('',(#4825,#4826,#4827,#4835));
#4825 = ORIENTED_EDGE('',*,*,#4747,.F.);
#4826 = ORIENTED_EDGE('',*,*,#4770,.T.);
#4827 = ORIENTED_EDGE('',*,*,#4828,.T.);
#4828 = EDGE_CURVE('',#4771,#4829,#4831,.T.);
#4829 = VERTEX_POINT('',#4830);
#4830 = CARTESIAN_POINT('',(17.6,0.5,17.6));
#4831 = LINE('',#4832,#4833);
#4832 = CARTESIAN_POINT('',(17.6,0.,17.6));
#4833 = VECTOR('',#4834,1.);
#4834 = DIRECTION('',(-0.,1.,0.));
#4835 = ORIENTED_EDGE('',*,*,#4836,.F.);
#4836 = EDGE_CURVE('',#4740,#4829,#4837,.T.);
#4837 = LINE('',#4838,#4839);
#4838 = CARTESIAN_POINT('',(15.6,0.5,17.6));
#4839 = VECTOR('',#4840,1.);
#4840 = DIRECTION('',(1.,0.,-0.));
#4841 = PLANE('',#4842);
#4842 = AXIS2_PLACEMENT_3D('',#4843,#4844,#4845);
#4843 = CARTESIAN_POINT('',(15.6,0.,17.6));
#4844 = DIRECTION('',(0.,0.,1.));
#4845 = DIRECTION('',(1.,0.,-0.));
#4846 = ADVANCED_FACE('',(#4847,#4865),#4899,.T.);
#4847 = FACE_BOUND('',#4848,.T.);
#4848 = EDGE_LOOP('',(#4849,#4857,#4858,#4859));
#4849 = ORIENTED_EDGE('',*,*,#4850,.F.);
#4850 = EDGE_CURVE('',#4732,#4851,#4853,.T.);
#4851 = VERTEX_POINT('',#4852);
#4852 = CARTESIAN_POINT('',(17.6,0.5,15.6));
#4853 = LINE('',#4854,#4855);
#4854 = CARTESIAN_POINT('',(15.6,0.5,15.6));
#4855 = VECTOR('',#4856,1.);
#4856 = DIRECTION('',(1.,0.,-0.));
#4857 = ORIENTED_EDGE('',*,*,#4739,.T.);
#4858 = ORIENTED_EDGE('',*,*,#4836,.T.);
#4859 = ORIENTED_EDGE('',*,*,#4860,.F.);
#4860 = EDGE_CURVE('',#4851,#4829,#4861,.T.);
#4861 = LINE('',#4862,#4863);
#4862 = CARTESIAN_POINT('',(17.6,0.5,15.6));
#4863 = VECTOR('',#4864,1.);
#4864 = DIRECTION('',(0.,0.,1.));
#4865 = FACE_BOUND('',#4866,.T.);
#4866 = EDGE_LOOP('',(#4867,#4877,#4885,#4893));
#4867 = ORIENTED_EDGE('',*,*,#4868,.F.);
#4868 = EDGE_CURVE('',#4869,#4871,#4873,.T.);
#4869 = VERTEX_POINT('',#4870);
#4870 = CARTESIAN_POINT('',(16.5,0.5,16.5));
#4871 = VERTEX_POINT('',#4872);
#4872 = CARTESIAN_POINT('',(16.5,0.5,16.7));
#4873 = LINE('',#4874,#4875);
#4874 = CARTESIAN_POINT('',(16.5,0.5,16.5));
#4875 = VECTOR('',#4876,1.);
#4876 = DIRECTION('',(0.,0.,1.));
#4877 = ORIENTED_EDGE('',*,*,#4878,.T.);
#4878 = EDGE_CURVE('',#4869,#4879,#4881,.T.);
#4879 = VERTEX_POINT('',#4880);
#4880 = CARTESIAN_POINT('',(16.7,0.5,16.5));
#4881 = LINE('',#4882,#4883);
#4882 = CARTESIAN_POINT('',(16.5,0.5,16.5));
#4883 = VECTOR('',#4884,1.);
#4884 = DIRECTION('',(1.,0.,-0.));
#4885 = ORIENTED_EDGE('',*,*,#4886,.T.);
#4886 = EDGE_CURVE('',#4879,#4887,#4889,.T.);
#4887 = VERTEX_POINT('',#4888);
#4888 = CARTESIAN_POINT('',(16.7,0.5,16.7));
#4889 = LINE('',#4890,#4891);
#4890 = CARTESIAN_POINT('',(16.7,0.5,16.5));
#4891 = VECTOR('',#4892,1.);
#4892 = DIRECTION('',(0.,0.,1.));
#4893 = ORIENTED_EDGE('',*,*,#4894,.F.);
#4894 = EDGE_CURVE('',#4871,#4887,#4895,.T.);
#4895 = LINE('',#4896,#4897);
#4896 = CARTESIAN_POINT('',(16.5,0.5,16.7));
#4897 = VECTOR('',#4898,1.);
#4898 = DIRECTION('',(1.,0.,-0.));
#4899 = PLANE('',#4900);
#4900 = AXIS2_PLACEMENT_3D('',#4901,#4902,#4903);
#4901 = CARTESIAN_POINT('',(15.6,0.5,15.6));
#4902 = DIRECTION('',(-0.,1.,0.));
#4903 = DIRECTION('',(0.,0.,1.));
#4904 = ADVANCED_FACE('',(#4905),#4916,.F.);
#4905 = FACE_BOUND('',#4906,.F.);
#4906 = EDGE_LOOP('',(#4907,#4908,#4909,#4915));
#4907 = ORIENTED_EDGE('',*,*,#4731,.F.);
#4908 = ORIENTED_EDGE('',*,*,#4761,.T.);
#4909 = ORIENTED_EDGE('',*,*,#4910,.T.);
#4910 = EDGE_CURVE('',#4762,#4851,#4911,.T.);
#4911 = LINE('',#4912,#4913);
#4912 = CARTESIAN_POINT('',(17.6,0.,15.6));
#4913 = VECTOR('',#4914,1.);
#4914 = DIRECTION('',(-0.,1.,0.));
#4915 = ORIENTED_EDGE('',*,*,#4850,.F.);
#4916 = PLANE('',#4917);
#4917 = AXIS2_PLACEMENT_3D('',#4918,#4919,#4920);
#4918 = CARTESIAN_POINT('',(15.6,0.,15.6));
#4919 = DIRECTION('',(0.,0.,1.));
#4920 = DIRECTION('',(1.,0.,-0.));
#4921 = ADVANCED_FACE('',(#4922),#4928,.T.);
#4922 = FACE_BOUND('',#4923,.T.);
#4923 = EDGE_LOOP('',(#4924,#4925,#4926,#4927));
#4924 = ORIENTED_EDGE('',*,*,#4778,.F.);
#4925 = ORIENTED_EDGE('',*,*,#4910,.T.);
#4926 = ORIENTED_EDGE('',*,*,#4860,.T.);
#4927 = ORIENTED_EDGE('',*,*,#4828,.F.);
#4928 = PLANE('',#4929);
#4929 = AXIS2_PLACEMENT_3D('',#4930,#4931,#4932);
#4930 = CARTESIAN_POINT('',(17.6,0.,15.6));
#4931 = DIRECTION('',(1.,0.,-0.));
#4932 = DIRECTION('',(0.,0.,1.));
#4933 = ADVANCED_FACE('',(#4934),#4950,.T.);
#4934 = FACE_BOUND('',#4935,.T.);
#4935 = EDGE_LOOP('',(#4936,#4937,#4943,#4944));
#4936 = ORIENTED_EDGE('',*,*,#4786,.F.);
#4937 = ORIENTED_EDGE('',*,*,#4938,.T.);
#4938 = EDGE_CURVE('',#4787,#4869,#4939,.T.);
#4939 = LINE('',#4940,#4941);
#4940 = CARTESIAN_POINT('',(16.5,0.,16.5));
#4941 = VECTOR('',#4942,1.);
#4942 = DIRECTION('',(-0.,1.,0.));
#4943 = ORIENTED_EDGE('',*,*,#4868,.T.);
#4944 = ORIENTED_EDGE('',*,*,#4945,.F.);
#4945 = EDGE_CURVE('',#4789,#4871,#4946,.T.);
#4946 = LINE('',#4947,#4948);
#4947 = CARTESIAN_POINT('',(16.5,0.,16.7));
#4948 = VECTOR('',#4949,1.);
#4949 = DIRECTION('',(-0.,1.,0.));
#4950 = PLANE('',#4951);
#4951 = AXIS2_PLACEMENT_3D('',#4952,#4953,#4954);
#4952 = CARTESIAN_POINT('',(16.5,0.,16.5));
#4953 = DIRECTION('',(1.,0.,-0.));
#4954 = DIRECTION('',(0.,0.,1.));
#4955 = ADVANCED_FACE('',(#4956),#4967,.F.);
#4956 = FACE_BOUND('',#4957,.F.);
#4957 = EDGE_LOOP('',(#4958,#4959,#4960,#4966));
#4958 = ORIENTED_EDGE('',*,*,#4945,.F.);
#4959 = ORIENTED_EDGE('',*,*,#4812,.T.);
#4960 = ORIENTED_EDGE('',*,*,#4961,.T.);
#4961 = EDGE_CURVE('',#4805,#4887,#4962,.T.);
#4962 = LINE('',#4963,#4964);
#4963 = CARTESIAN_POINT('',(16.7,0.,16.7));
#4964 = VECTOR('',#4965,1.);
#4965 = DIRECTION('',(-0.,1.,0.));
#4966 = ORIENTED_EDGE('',*,*,#4894,.F.);
#4967 = PLANE('',#4968);
#4968 = AXIS2_PLACEMENT_3D('',#4969,#4970,#4971);
#4969 = CARTESIAN_POINT('',(16.5,0.,16.7));
#4970 = DIRECTION('',(0.,0.,1.));
#4971 = DIRECTION('',(1.,0.,-0.));
#4972 = ADVANCED_FACE('',(#4973),#4984,.F.);
#4973 = FACE_BOUND('',#4974,.F.);
#4974 = EDGE_LOOP('',(#4975,#4976,#4982,#4983));
#4975 = ORIENTED_EDGE('',*,*,#4804,.F.);
#4976 = ORIENTED_EDGE('',*,*,#4977,.T.);
#4977 = EDGE_CURVE('',#4797,#4879,#4978,.T.);
#4978 = LINE('',#4979,#4980);
#4979 = CARTESIAN_POINT('',(16.7,0.,16.5));
#4980 = VECTOR('',#4981,1.);
#4981 = DIRECTION('',(-0.,1.,0.));
#4982 = ORIENTED_EDGE('',*,*,#4886,.T.);
#4983 = ORIENTED_EDGE('',*,*,#4961,.F.);
#4984 = PLANE('',#4985);
#4985 = AXIS2_PLACEMENT_3D('',#4986,#4987,#4988);
#4986 = CARTESIAN_POINT('',(16.7,0.,16.5));
#4987 = DIRECTION('',(1.,0.,-0.));
#4988 = DIRECTION('',(0.,0.,1.));
#4989 = ADVANCED_FACE('',(#4990),#4996,.T.);
#4990 = FACE_BOUND('',#4991,.T.);
#4991 = EDGE_LOOP('',(#4992,#4993,#4994,#4995));
#4992 = ORIENTED_EDGE('',*,*,#4938,.F.);
#4993 = ORIENTED_EDGE('',*,*,#4796,.T.);
#4994 = ORIENTED_EDGE('',*,*,#4977,.T.);
#4995 = ORIENTED_EDGE('',*,*,#4878,.F.);
#4996 = PLANE('',#4997);
#4997 = AXIS2_PLACEMENT_3D('',#4998,#4999,#5000);
#4998 = CARTESIAN_POINT('',(16.5,0.,16.5));
#4999 = DIRECTION('',(0.,0.,1.));
#5000 = DIRECTION('',(1.,0.,-0.));
#5001 = ( GEOMETRIC_REPRESENTATION_CONTEXT(3) 
GLOBAL_UNCERTAINTY_ASSIGNED_CONTEXT((#5005)) 
GLOBAL_UNIT_ASSIGNED_CONTEXT((#5002,#5003,#5004)) REPRESENTATION_CONTEXT
('Context #1','3D Context with UNIT and UNCERTAINTY') );
#5002 = ( LENGTH_UNIT() NAMED_UNIT(*) SI_UNIT(.MILLI.,.METRE.) );
#5003 = ( NAMED_UNIT(*) PLANE_ANGLE_UNIT() SI_UNIT($,.RADIAN.) );
#5004 = ( NAMED_UNIT(*) SI_UNIT($,.STERADIAN.) SOLID_ANGLE_UNIT() );
#5005 = UNCERTAINTY_MEASURE_WITH_UNIT(LENGTH_MEASURE(1.E-07),#5002,
  'distance_accuracy_value','confusion accuracy');
#5006 = CONTEXT_DEPENDENT_SHAPE_REPRESENTATION(#5007,#5009);
#5007 = ( REPRESENTATION_RELATIONSHIP('','',#4714,#56) 
REPRESENTATION_RELATIONSHIP_WITH_TRANSFORMATION(#5008) 
SHAPE_REPRESENTATION_RELATIONSHIP() );
#5008 = ITEM_DEFINED_TRANSFORMATION('','',#11,#117);
#5009 = PRODUCT_DEFINITION_SHAPE('Placement','Placement of an item',
  #5010);
#5010 = NEXT_ASSEMBLY_USAGE_OCCURRENCE('394','Core_4_4','',#51,#4709,$);
#5011 = PRODUCT_RELATED_PRODUCT_CATEGORY('part',$,(#4711));
#5012 = SHAPE_DEFINITION_REPRESENTATION(#5013,#5019);
#5013 = PRODUCT_DEFINITION_SHAPE('','',#5014);
#5014 = PRODUCT_DEFINITION('design','',#5015,#5018);
#5015 = PRODUCT_DEFINITION_FORMATION('','',#5016);
#5016 = PRODUCT('Hotspots','Hotspots','',(#5017));
#5017 = PRODUCT_CONTEXT('',#2,'mechanical');
#5018 = PRODUCT_DEFINITION_CONTEXT('part definition',#2,'design');
#5019 = SHAPE_REPRESENTATION('',(#11,#5020,#5024,#5028,#5032,#5036,#5040
    ,#5044,#5048,#5052,#5056,#5060,#5064,#5068,#5072,#5076,#5080),#5084
  );
#5020 = AXIS2_PLACEMENT_3D('',#5021,#5022,#5023);
#5021 = CARTESIAN_POINT('',(3.3,0.,3.3));
#5022 = DIRECTION('',(0.,0.,1.));
#5023 = DIRECTION('',(1.,0.,0.));
#5024 = AXIS2_PLACEMENT_3D('',#5025,#5026,#5027);
#5025 = CARTESIAN_POINT('',(3.3,0.,7.7));
#5026 = DIRECTION('',(0.,0.,1.));
#5027 = DIRECTION('',(1.,0.,0.));
#5028 = AXIS2_PLACEMENT_3D('',#5029,#5030,#5031);
#5029 = CARTESIAN_POINT('',(3.3,0.,12.1));
#5030 = DIRECTION('',(0.,0.,1.));
#5031 = DIRECTION('',(1.,0.,0.));
#5032 = AXIS2_PLACEMENT_3D('',#5033,#5034,#5035);
#5033 = CARTESIAN_POINT('',(3.3,0.,16.5));
#5034 = DIRECTION('',(0.,0.,1.));
#5035 = DIRECTION('',(1.,0.,0.));
#5036 = AXIS2_PLACEMENT_3D('',#5037,#5038,#5039);
#5037 = CARTESIAN_POINT('',(7.7,0.,3.3));
#5038 = DIRECTION('',(0.,0.,1.));
#5039 = DIRECTION('',(1.,0.,0.));
#5040 = AXIS2_PLACEMENT_3D('',#5041,#5042,#5043);
#5041 = CARTESIAN_POINT('',(7.7,0.,7.7));
#5042 = DIRECTION('',(0.,0.,1.));
#5043 = DIRECTION('',(1.,0.,0.));
#5044 = AXIS2_PLACEMENT_3D('',#5045,#5046,#5047);
#5045 = CARTESIAN_POINT('',(7.7,0.,12.1));
#5046 = DIRECTION('',(0.,0.,1.));
#5047 = DIRECTION('',(1.,0.,0.));
#5048 = AXIS2_PLACEMENT_3D('',#5049,#5050,#5051);
#5049 = CARTESIAN_POINT('',(7.7,0.,16.5));
#5050 = DIRECTION('',(0.,0.,1.));
#5051 = DIRECTION('',(1.,0.,0.));
#5052 = AXIS2_PLACEMENT_3D('',#5053,#5054,#5055);
#5053 = CARTESIAN_POINT('',(12.1,0.,3.3));
#5054 = DIRECTION('',(0.,0.,1.));
#5055 = DIRECTION('',(1.,0.,0.));
#5056 = AXIS2_PLACEMENT_3D('',#5057,#5058,#5059);
#5057 = CARTESIAN_POINT('',(12.1,0.,7.7));
#5058 = DIRECTION('',(0.,0.,1.));
#5059 = DIRECTION('',(1.,0.,0.));
#5060 = AXIS2_PLACEMENT_3D('',#5061,#5062,#5063);
#5061 = CARTESIAN_POINT('',(12.1,0.,12.1));
#5062 = DIRECTION('',(0.,0.,1.));
#5063 = DIRECTION('',(1.,0.,0.));
#5064 = AXIS2_PLACEMENT_3D('',#5065,#5066,#5067);
#5065 = CARTESIAN_POINT('',(12.1,0.,16.5));
#5066 = DIRECTION('',(0.,0.,1.));
#5067 = DIRECTION('',(1.,0.,0.));
#5068 = AXIS2_PLACEMENT_3D('',#5069,#5070,#5071);
#5069 = CARTESIAN_POINT('',(16.5,0.,3.3));
#5070 = DIRECTION('',(0.,0.,1.));
#5071 = DIRECTION('',(1.,0.,0.));
#5072 = AXIS2_PLACEMENT_3D('',#5073,#5074,#5075);
#5073 = CARTESIAN_POINT('',(16.5,0.,7.7));
#5074 = DIRECTION('',(0.,0.,1.));
#5075 = DIRECTION('',(1.,0.,0.));
#5076 = AXIS2_PLACEMENT_3D('',#5077,#5078,#5079);
#5077 = CARTESIAN_POINT('',(16.5,0.,12.1));
#5078 = DIRECTION('',(0.,0.,1.));
#5079 = DIRECTION('',(1.,0.,0.));
#5080 = AXIS2_PLACEMENT_3D('',#5081,#5082,#5083);
#5081 = CARTESIAN_POINT('',(16.5,0.,16.5));
#5082 = DIRECTION('',(0.,0.,1.));
#5083 = DIRECTION('',(1.,0.,0.));
#5084 = ( GEOMETRIC_REPRESENTATION_CONTEXT(3) 
GLOBAL_UNCERTAINTY_ASSIGNED_CONTEXT((#5088)) 
GLOBAL_UNIT_ASSIGNED_CONTEXT((#5085,#5086,#5087)) REPRESENTATION_CONTEXT
('Context #1','3D Context with UNIT and UNCERTAINTY') );
#5085 = ( LENGTH_UNIT() NAMED_UNIT(*) SI_UNIT(.MILLI.,.METRE.) );
#5086 = ( NAMED_UNIT(*) PLANE_ANGLE_UNIT() SI_UNIT($,.RADIAN.) );
#5087 = ( NAMED_UNIT(*) SI_UNIT($,.STERADIAN.) SOLID_ANGLE_UNIT() );
#5088 = UNCERTAINTY_MEASURE_WITH_UNIT(LENGTH_MEASURE(1.E-07),#5085,
  'distance_accuracy_value','confusion accuracy');
#5089 = CONTEXT_DEPENDENT_SHAPE_REPRESENTATION(#5090,#5092);
#5090 = ( REPRESENTATION_RELATIONSHIP('','',#5019,#10) 
REPRESENTATION_RELATIONSHIP_WITH_TRANSFORMATION(#5091) 
SHAPE_REPRESENTATION_RELATIONSHIP() );
#5091 = ITEM_DEFINED_TRANSFORMATION('','',#11,#19);
#5092 = PRODUCT_DEFINITION_SHAPE('Placement','Placement of an item',
  #5093);
#5093 = NEXT_ASSEMBLY_USAGE_OCCURRENCE('412','Hotspots','',#5,#5014,$);
#5094 = PRODUCT_RELATED_PRODUCT_CATEGORY('part',$,(#5016));
#5095 = SHAPE_DEFINITION_REPRESENTATION(#5096,#5102);
#5096 = PRODUCT_DEFINITION_SHAPE('','',#5097);
#5097 = PRODUCT_DEFINITION('design','',#5098,#5101);
#5098 = PRODUCT_DEFINITION_FORMATION('','',#5099);
#5099 = PRODUCT('Hotspot_1_1','Hotspot_1_1','',(#5100));
#5100 = PRODUCT_CONTEXT('',#2,'mechanical');
#5101 = PRODUCT_DEFINITION_CONTEXT('part definition',#2,'design');
#5102 = ADVANCED_BREP_SHAPE_REPRESENTATION('',(#11,#5103),#5253);
#5103 = MANIFOLD_SOLID_BREP('',#5104);
#5104 = CLOSED_SHELL('',(#5105,#5145,#5185,#5207,#5229,#5241));
#5105 = ADVANCED_FACE('',(#5106),#5140,.F.);
#5106 = FACE_BOUND('',#5107,.F.);
#5107 = EDGE_LOOP('',(#5108,#5118,#5126,#5134));
#5108 = ORIENTED_EDGE('',*,*,#5109,.F.);
#5109 = EDGE_CURVE('',#5110,#5112,#5114,.T.);
#5110 = VERTEX_POINT('',#5111);
#5111 = CARTESIAN_POINT('',(0.,0.,0.));
#5112 = VERTEX_POINT('',#5113);
#5113 = CARTESIAN_POINT('',(0.,0.,0.2));
#5114 = LINE('',#5115,#5116);
#5115 = CARTESIAN_POINT('',(0.,0.,0.));
#5116 = VECTOR('',#5117,1.);
#5117 = DIRECTION('',(0.,0.,1.));
#5118 = ORIENTED_EDGE('',*,*,#5119,.T.);
#5119 = EDGE_CURVE('',#5110,#5120,#5122,.T.);
#5120 = VERTEX_POINT('',#5121);
#5121 = CARTESIAN_POINT('',(0.,0.5,0.));
#5122 = LINE('',#5123,#5124);
#5123 = CARTESIAN_POINT('',(0.,0.,0.));
#5124 = VECTOR('',#5125,1.);
#5125 = DIRECTION('',(-0.,1.,0.));
#5126 = ORIENTED_EDGE('',*,*,#5127,.T.);
#5127 = EDGE_CURVE('',#5120,#5128,#5130,.T.);
#5128 = VERTEX_POINT('',#5129);
#5129 = CARTESIAN_POINT('',(0.,0.5,0.2));
#5130 = LINE('',#5131,#5132);
#5131 = CARTESIAN_POINT('',(0.,0.5,0.));
#5132 = VECTOR('',#5133,1.);
#5133 = DIRECTION('',(0.,0.,1.));
#5134 = ORIENTED_EDGE('',*,*,#5135,.F.);
#5135 = EDGE_CURVE('',#5112,#5128,#5136,.T.);
#5136 = LINE('',#5137,#5138);
#5137 = CARTESIAN_POINT('',(0.,0.,0.2));
#5138 = VECTOR('',#5139,1.);
#5139 = DIRECTION('',(-0.,1.,0.));
#5140 = PLANE('',#5141);
#5141 = AXIS2_PLACEMENT_3D('',#5142,#5143,#5144);
#5142 = CARTESIAN_POINT('',(0.,0.,0.));
#5143 = DIRECTION('',(1.,0.,-0.));
#5144 = DIRECTION('',(0.,0.,1.));
#5145 = ADVANCED_FACE('',(#5146),#5180,.T.);
#5146 = FACE_BOUND('',#5147,.T.);
#5147 = EDGE_LOOP('',(#5148,#5158,#5166,#5174));
#5148 = ORIENTED_EDGE('',*,*,#5149,.F.);
#5149 = EDGE_CURVE('',#5150,#5152,#5154,.T.);
#5150 = VERTEX_POINT('',#5151);
#5151 = CARTESIAN_POINT('',(0.2,0.,0.));
#5152 = VERTEX_POINT('',#5153);
#5153 = CARTESIAN_POINT('',(0.2,0.,0.2));
#5154 = LINE('',#5155,#5156);
#5155 = CARTESIAN_POINT('',(0.2,0.,0.));
#5156 = VECTOR('',#5157,1.);
#5157 = DIRECTION('',(0.,0.,1.));
#5158 = ORIENTED_EDGE('',*,*,#5159,.T.);
#5159 = EDGE_CURVE('',#5150,#5160,#5162,.T.);
#5160 = VERTEX_POINT('',#5161);
#5161 = CARTESIAN_POINT('',(0.2,0.5,0.));
#5162 = LINE('',#5163,#5164);
#5163 = CARTESIAN_POINT('',(0.2,0.,0.));
#5164 = VECTOR('',#5165,1.);
#5165 = DIRECTION('',(-0.,1.,0.));
#5166 = ORIENTED_EDGE('',*,*,#5167,.T.);
#5167 = EDGE_CURVE('',#5160,#5168,#5170,.T.);
#5168 = VERTEX_POINT('',#5169);
#5169 = CARTESIAN_POINT('',(0.2,0.5,0.2));
#5170 = LINE('',#5171,#5172);
#5171 = CARTESIAN_POINT('',(0.2,0.5,0.));
#5172 = VECTOR('',#5173,1.);
#5173 = DIRECTION('',(0.,0.,1.));
#5174 = ORIENTED_EDGE('',*,*,#5175,.F.);
#5175 = EDGE_CURVE('',#5152,#5168,#5176,.T.);
#5176 = LINE('',#5177,#5178);
#5177 = CARTESIAN_POINT('',(0.2,0.,0.2));
#5178 = VECTOR('',#5179,1.);
#5179 = DIRECTION('',(-0.,1.,0.));
#5180 = PLANE('',#5181);
#5181 = AXIS2_PLACEMENT_3D('',#5182,#5183,#5184);
#5182 = CARTESIAN_POINT('',(0.2,0.,0.));
#5183 = DIRECTION('',(1.,0.,-0.));
#5184 = DIRECTION('',(0.,0.,1.));
#5185 = ADVANCED_FACE('',(#5186),#5202,.F.);
#5186 = FACE_BOUND('',#5187,.F.);
#5187 = EDGE_LOOP('',(#5188,#5194,#5195,#5201));
#5188 = ORIENTED_EDGE('',*,*,#5189,.F.);
#5189 = EDGE_CURVE('',#5110,#5150,#5190,.T.);
#5190 = LINE('',#5191,#5192);
#5191 = CARTESIAN_POINT('',(0.,0.,0.));
#5192 = VECTOR('',#5193,1.);
#5193 = DIRECTION('',(1.,0.,-0.));
#5194 = ORIENTED_EDGE('',*,*,#5109,.T.);
#5195 = ORIENTED_EDGE('',*,*,#5196,.T.);
#5196 = EDGE_CURVE('',#5112,#5152,#5197,.T.);
#5197 = LINE('',#5198,#5199);
#5198 = CARTESIAN_POINT('',(0.,0.,0.2));
#5199 = VECTOR('',#5200,1.);
#5200 = DIRECTION('',(1.,0.,-0.));
#5201 = ORIENTED_EDGE('',*,*,#5149,.F.);
#5202 = PLANE('',#5203);
#5203 = AXIS2_PLACEMENT_3D('',#5204,#5205,#5206);
#5204 = CARTESIAN_POINT('',(0.,0.,0.));
#5205 = DIRECTION('',(-0.,1.,0.));
#5206 = DIRECTION('',(0.,0.,1.));
#5207 = ADVANCED_FACE('',(#5208),#5224,.T.);
#5208 = FACE_BOUND('',#5209,.T.);
#5209 = EDGE_LOOP('',(#5210,#5216,#5217,#5223));
#5210 = ORIENTED_EDGE('',*,*,#5211,.F.);
#5211 = EDGE_CURVE('',#5120,#5160,#5212,.T.);
#5212 = LINE('',#5213,#5214);
#5213 = CARTESIAN_POINT('',(0.,0.5,0.));
#5214 = VECTOR('',#5215,1.);
#5215 = DIRECTION('',(1.,0.,-0.));
#5216 = ORIENTED_EDGE('',*,*,#5127,.T.);
#5217 = ORIENTED_EDGE('',*,*,#5218,.T.);
#5218 = EDGE_CURVE('',#5128,#5168,#5219,.T.);
#5219 = LINE('',#5220,#5221);
#5220 = CARTESIAN_POINT('',(0.,0.5,0.2));
#5221 = VECTOR('',#5222,1.);
#5222 = DIRECTION('',(1.,0.,-0.));
#5223 = ORIENTED_EDGE('',*,*,#5167,.F.);
#5224 = PLANE('',#5225);
#5225 = AXIS2_PLACEMENT_3D('',#5226,#5227,#5228);
#5226 = CARTESIAN_POINT('',(0.,0.5,0.));
#5227 = DIRECTION('',(-0.,1.,0.));
#5228 = DIRECTION('',(0.,0.,1.));
#5229 = ADVANCED_FACE('',(#5230),#5236,.F.);
#5230 = FACE_BOUND('',#5231,.F.);
#5231 = EDGE_LOOP('',(#5232,#5233,#5234,#5235));
#5232 = ORIENTED_EDGE('',*,*,#5119,.F.);
#5233 = ORIENTED_EDGE('',*,*,#5189,.T.);
#5234 = ORIENTED_EDGE('',*,*,#5159,.T.);
#5235 = ORIENTED_EDGE('',*,*,#5211,.F.);
#5236 = PLANE('',#5237);
#5237 = AXIS2_PLACEMENT_3D('',#5238,#5239,#5240);
#5238 = CARTESIAN_POINT('',(0.,0.,0.));
#5239 = DIRECTION('',(0.,0.,1.));
#5240 = DIRECTION('',(1.,0.,-0.));
#5241 = ADVANCED_FACE('',(#5242),#5248,.T.);
#5242 = FACE_BOUND('',#5243,.T.);
#5243 = EDGE_LOOP('',(#5244,#5245,#5246,#5247));
#5244 = ORIENTED_EDGE('',*,*,#5135,.F.);
#5245 = ORIENTED_EDGE('',*,*,#5196,.T.);
#5246 = ORIENTED_EDGE('',*,*,#5175,.T.);
#5247 = ORIENTED_EDGE('',*,*,#5218,.F.);
#5248 = PLANE('',#5249);
#5249 = AXIS2_PLACEMENT_3D('',#5250,#5251,#5252);
#5250 = CARTESIAN_POINT('',(0.,0.,0.2));
#5251 = DIRECTION('',(0.,0.,1.));
#5252 = DIRECTION('',(1.,0.,-0.));
#5253 = ( GEOMETRIC_REPRESENTATION_CONTEXT(3) 
GLOBAL_UNCERTAINTY_ASSIGNED_CONTEXT((#5257)) 
GLOBAL_UNIT_ASSIGNED_CONTEXT((#5254,#5255,#5256)) REPRESENTATION_CONTEXT
('Context #1','3D Context with UNIT and UNCERTAINTY') );
#5254 = ( LENGTH_UNIT() NAMED_UNIT(*) SI_UNIT(.MILLI.,.METRE.) );
#5255 = ( NAMED_UNIT(*) PLANE_ANGLE_UNIT() SI_UNIT($,.RADIAN.) );
#5256 = ( NAMED_UNIT(*) SI_UNIT($,.STERADIAN.) SOLID_ANGLE_UNIT() );
#5257 = UNCERTAINTY_MEASURE_WITH_UNIT(LENGTH_MEASURE(1.E-07),#5254,
  'distance_accuracy_value','confusion accuracy');
#5258 = CONTEXT_DEPENDENT_SHAPE_REPRESENTATION(#5259,#5261);
#5259 = ( REPRESENTATION_RELATIONSHIP('','',#5102,#5019) 
REPRESENTATION_RELATIONSHIP_WITH_TRANSFORMATION(#5260) 
SHAPE_REPRESENTATION_RELATIONSHIP() );
#5260 = ITEM_DEFINED_TRANSFORMATION('','',#11,#5020);
#5261 = PRODUCT_DEFINITION_SHAPE('Placement','Placement of an item',
  #5262);
#5262 = NEXT_ASSEMBLY_USAGE_OCCURRENCE('396','Hotspot_1_1','',#5014,
  #5097,$);
#5263 = PRODUCT_RELATED_PRODUCT_CATEGORY('part',$,(#5099));
#5264 = SHAPE_DEFINITION_REPRESENTATION(#5265,#5271);
#5265 = PRODUCT_DEFINITION_SHAPE('','',#5266);
#5266 = PRODUCT_DEFINITION('design','',#5267,#5270);
#5267 = PRODUCT_DEFINITION_FORMATION('','',#5268);
#5268 = PRODUCT('Hotspot_1_2','Hotspot_1_2','',(#5269));
#5269 = PRODUCT_CONTEXT('',#2,'mechanical');
#5270 = PRODUCT_DEFINITION_CONTEXT('part definition',#2,'design');
#5271 = ADVANCED_BREP_SHAPE_REPRESENTATION('',(#11,#5272),#5422);
#5272 = MANIFOLD_SOLID_BREP('',#5273);
#5273 = CLOSED_SHELL('',(#5274,#5314,#5354,#5376,#5398,#5410));
#5274 = ADVANCED_FACE('',(#5275),#5309,.F.);
#5275 = FACE_BOUND('',#5276,.F.);
#5276 = EDGE_LOOP('',(#5277,#5287,#5295,#5303));
#5277 = ORIENTED_EDGE('',*,*,#5278,.F.);
#5278 = EDGE_CURVE('',#5279,#5281,#5283,.T.);
#5279 = VERTEX_POINT('',#5280);
#5280 = CARTESIAN_POINT('',(0.,0.,0.));
#5281 = VERTEX_POINT('',#5282);
#5282 = CARTESIAN_POINT('',(0.,0.,0.2));
#5283 = LINE('',#5284,#5285);
#5284 = CARTESIAN_POINT('',(0.,0.,0.));
#5285 = VECTOR('',#5286,1.);
#5286 = DIRECTION('',(0.,0.,1.));
#5287 = ORIENTED_EDGE('',*,*,#5288,.T.);
#5288 = EDGE_CURVE('',#5279,#5289,#5291,.T.);
#5289 = VERTEX_POINT('',#5290);
#5290 = CARTESIAN_POINT('',(0.,0.5,0.));
#5291 = LINE('',#5292,#5293);
#5292 = CARTESIAN_POINT('',(0.,0.,0.));
#5293 = VECTOR('',#5294,1.);
#5294 = DIRECTION('',(-0.,1.,0.));
#5295 = ORIENTED_EDGE('',*,*,#5296,.T.);
#5296 = EDGE_CURVE('',#5289,#5297,#5299,.T.);
#5297 = VERTEX_POINT('',#5298);
#5298 = CARTESIAN_POINT('',(0.,0.5,0.2));
#5299 = LINE('',#5300,#5301);
#5300 = CARTESIAN_POINT('',(0.,0.5,0.));
#5301 = VECTOR('',#5302,1.);
#5302 = DIRECTION('',(0.,0.,1.));
#5303 = ORIENTED_EDGE('',*,*,#5304,.F.);
#5304 = EDGE_CURVE('',#5281,#5297,#5305,.T.);
#5305 = LINE('',#5306,#5307);
#5306 = CARTESIAN_POINT('',(0.,0.,0.2));
#5307 = VECTOR('',#5308,1.);
#5308 = DIRECTION('',(-0.,1.,0.));
#5309 = PLANE('',#5310);
#5310 = AXIS2_PLACEMENT_3D('',#5311,#5312,#5313);
#5311 = CARTESIAN_POINT('',(0.,0.,0.));
#5312 = DIRECTION('',(1.,0.,-0.));
#5313 = DIRECTION('',(0.,0.,1.));
#5314 = ADVANCED_FACE('',(#5315),#5349,.T.);
#5315 = FACE_BOUND('',#5316,.T.);
#5316 = EDGE_LOOP('',(#5317,#5327,#5335,#5343));
#5317 = ORIENTED_EDGE('',*,*,#5318,.F.);
#5318 = EDGE_CURVE('',#5319,#5321,#5323,.T.);
#5319 = VERTEX_POINT('',#5320);
#5320 = CARTESIAN_POINT('',(0.2,0.,0.));
#5321 = VERTEX_POINT('',#5322);
#5322 = CARTESIAN_POINT('',(0.2,0.,0.2));
#5323 = LINE('',#5324,#5325);
#5324 = CARTESIAN_POINT('',(0.2,0.,0.));
#5325 = VECTOR('',#5326,1.);
#5326 = DIRECTION('',(0.,0.,1.));
#5327 = ORIENTED_EDGE('',*,*,#5328,.T.);
#5328 = EDGE_CURVE('',#5319,#5329,#5331,.T.);
#5329 = VERTEX_POINT('',#5330);
#5330 = CARTESIAN_POINT('',(0.2,0.5,0.));
#5331 = LINE('',#5332,#5333);
#5332 = CARTESIAN_POINT('',(0.2,0.,0.));
#5333 = VECTOR('',#5334,1.);
#5334 = DIRECTION('',(-0.,1.,0.));
#5335 = ORIENTED_EDGE('',*,*,#5336,.T.);
#5336 = EDGE_CURVE('',#5329,#5337,#5339,.T.);
#5337 = VERTEX_POINT('',#5338);
#5338 = CARTESIAN_POINT('',(0.2,0.5,0.2));
#5339 = LINE('',#5340,#5341);
#5340 = CARTESIAN_POINT('',(0.2,0.5,0.));
#5341 = VECTOR('',#5342,1.);
#5342 = DIRECTION('',(0.,0.,1.));
#5343 = ORIENTED_EDGE('',*,*,#5344,.F.);
#5344 = EDGE_CURVE('',#5321,#5337,#5345,.T.);
#5345 = LINE('',#5346,#5347);
#5346 = CARTESIAN_POINT('',(0.2,0.,0.2));
#5347 = VECTOR('',#5348,1.);
#5348 = DIRECTION('',(-0.,1.,0.));
#5349 = PLANE('',#5350);
#5350 = AXIS2_PLACEMENT_3D('',#5351,#5352,#5353);
#5351 = CARTESIAN_POINT('',(0.2,0.,0.));
#5352 = DIRECTION('',(1.,0.,-0.));
#5353 = DIRECTION('',(0.,0.,1.));
#5354 = ADVANCED_FACE('',(#5355),#5371,.F.);
#5355 = FACE_BOUND('',#5356,.F.);
#5356 = EDGE_LOOP('',(#5357,#5363,#5364,#5370));
#5357 = ORIENTED_EDGE('',*,*,#5358,.F.);
#5358 = EDGE_CURVE('',#5279,#5319,#5359,.T.);
#5359 = LINE('',#5360,#5361);
#5360 = CARTESIAN_POINT('',(0.,0.,0.));
#5361 = VECTOR('',#5362,1.);
#5362 = DIRECTION('',(1.,0.,-0.));
#5363 = ORIENTED_EDGE('',*,*,#5278,.T.);
#5364 = ORIENTED_EDGE('',*,*,#5365,.T.);
#5365 = EDGE_CURVE('',#5281,#5321,#5366,.T.);
#5366 = LINE('',#5367,#5368);
#5367 = CARTESIAN_POINT('',(0.,0.,0.2));
#5368 = VECTOR('',#5369,1.);
#5369 = DIRECTION('',(1.,0.,-0.));
#5370 = ORIENTED_EDGE('',*,*,#5318,.F.);
#5371 = PLANE('',#5372);
#5372 = AXIS2_PLACEMENT_3D('',#5373,#5374,#5375);
#5373 = CARTESIAN_POINT('',(0.,0.,0.));
#5374 = DIRECTION('',(-0.,1.,0.));
#5375 = DIRECTION('',(0.,0.,1.));
#5376 = ADVANCED_FACE('',(#5377),#5393,.T.);
#5377 = FACE_BOUND('',#5378,.T.);
#5378 = EDGE_LOOP('',(#5379,#5385,#5386,#5392));
#5379 = ORIENTED_EDGE('',*,*,#5380,.F.);
#5380 = EDGE_CURVE('',#5289,#5329,#5381,.T.);
#5381 = LINE('',#5382,#5383);
#5382 = CARTESIAN_POINT('',(0.,0.5,0.));
#5383 = VECTOR('',#5384,1.);
#5384 = DIRECTION('',(1.,0.,-0.));
#5385 = ORIENTED_EDGE('',*,*,#5296,.T.);
#5386 = ORIENTED_EDGE('',*,*,#5387,.T.);
#5387 = EDGE_CURVE('',#5297,#5337,#5388,.T.);
#5388 = LINE('',#5389,#5390);
#5389 = CARTESIAN_POINT('',(0.,0.5,0.2));
#5390 = VECTOR('',#5391,1.);
#5391 = DIRECTION('',(1.,0.,-0.));
#5392 = ORIENTED_EDGE('',*,*,#5336,.F.);
#5393 = PLANE('',#5394);
#5394 = AXIS2_PLACEMENT_3D('',#5395,#5396,#5397);
#5395 = CARTESIAN_POINT('',(0.,0.5,0.));
#5396 = DIRECTION('',(-0.,1.,0.));
#5397 = DIRECTION('',(0.,0.,1.));
#5398 = ADVANCED_FACE('',(#5399),#5405,.F.);
#5399 = FACE_BOUND('',#5400,.F.);
#5400 = EDGE_LOOP('',(#5401,#5402,#5403,#5404));
#5401 = ORIENTED_EDGE('',*,*,#5288,.F.);
#5402 = ORIENTED_EDGE('',*,*,#5358,.T.);
#5403 = ORIENTED_EDGE('',*,*,#5328,.T.);
#5404 = ORIENTED_EDGE('',*,*,#5380,.F.);
#5405 = PLANE('',#5406);
#5406 = AXIS2_PLACEMENT_3D('',#5407,#5408,#5409);
#5407 = CARTESIAN_POINT('',(0.,0.,0.));
#5408 = DIRECTION('',(0.,0.,1.));
#5409 = DIRECTION('',(1.,0.,-0.));
#5410 = ADVANCED_FACE('',(#5411),#5417,.T.);
#5411 = FACE_BOUND('',#5412,.T.);
#5412 = EDGE_LOOP('',(#5413,#5414,#5415,#5416));
#5413 = ORIENTED_EDGE('',*,*,#5304,.F.);
#5414 = ORIENTED_EDGE('',*,*,#5365,.T.);
#5415 = ORIENTED_EDGE('',*,*,#5344,.T.);
#5416 = ORIENTED_EDGE('',*,*,#5387,.F.);
#5417 = PLANE('',#5418);
#5418 = AXIS2_PLACEMENT_3D('',#5419,#5420,#5421);
#5419 = CARTESIAN_POINT('',(0.,0.,0.2));
#5420 = DIRECTION('',(0.,0.,1.));
#5421 = DIRECTION('',(1.,0.,-0.));
#5422 = ( GEOMETRIC_REPRESENTATION_CONTEXT(3) 
GLOBAL_UNCERTAINTY_ASSIGNED_CONTEXT((#5426)) 
GLOBAL_UNIT_ASSIGNED_CONTEXT((#5423,#5424,#5425)) REPRESENTATION_CONTEXT
('Context #1','3D Context with UNIT and UNCERTAINTY') );
#5423 = ( LENGTH_UNIT() NAMED_UNIT(*) SI_UNIT(.MILLI.,.METRE.) );
#5424 = ( NAMED_UNIT(*) PLANE_ANGLE_UNIT() SI_UNIT($,.RADIAN.) );
#5425 = ( NAMED_UNIT(*) SI_UNIT($,.STERADIAN.) SOLID_ANGLE_UNIT() );
#5426 = UNCERTAINTY_MEASURE_WITH_UNIT(LENGTH_MEASURE(1.E-07),#5423,
  'distance_accuracy_value','confusion accuracy');
#5427 = CONTEXT_DEPENDENT_SHAPE_REPRESENTATION(#5428,#5430);
#5428 = ( REPRESENTATION_RELATIONSHIP('','',#5271,#5019) 
REPRESENTATION_RELATIONSHIP_WITH_TRANSFORMATION(#5429) 
SHAPE_REPRESENTATION_RELATIONSHIP() );
#5429 = ITEM_DEFINED_TRANSFORMATION('','',#11,#5024);
#5430 = PRODUCT_DEFINITION_SHAPE('Placement','Placement of an item',
  #5431);
#5431 = NEXT_ASSEMBLY_USAGE_OCCURRENCE('397','Hotspot_1_2','',#5014,
  #5266,$);
#5432 = PRODUCT_RELATED_PRODUCT_CATEGORY('part',$,(#5268));
#5433 = SHAPE_DEFINITION_REPRESENTATION(#5434,#5440);
#5434 = PRODUCT_DEFINITION_SHAPE('','',#5435);
#5435 = PRODUCT_DEFINITION('design','',#5436,#5439);
#5436 = PRODUCT_DEFINITION_FORMATION('','',#5437);
#5437 = PRODUCT('Hotspot_1_3','Hotspot_1_3','',(#5438));
#5438 = PRODUCT_CONTEXT('',#2,'mechanical');
#5439 = PRODUCT_DEFINITION_CONTEXT('part definition',#2,'design');
#5440 = ADVANCED_BREP_SHAPE_REPRESENTATION('',(#11,#5441),#5591);
#5441 = MANIFOLD_SOLID_BREP('',#5442);
#5442 = CLOSED_SHELL('',(#5443,#5483,#5523,#5545,#5567,#5579));
#5443 = ADVANCED_FACE('',(#5444),#5478,.F.);
#5444 = FACE_BOUND('',#5445,.F.);
#5445 = EDGE_LOOP('',(#5446,#5456,#5464,#5472));
#5446 = ORIENTED_EDGE('',*,*,#5447,.F.);
#5447 = EDGE_CURVE('',#5448,#5450,#5452,.T.);
#5448 = VERTEX_POINT('',#5449);
#5449 = CARTESIAN_POINT('',(0.,0.,0.));
#5450 = VERTEX_POINT('',#5451);
#5451 = CARTESIAN_POINT('',(0.,0.,0.2));
#5452 = LINE('',#5453,#5454);
#5453 = CARTESIAN_POINT('',(0.,0.,0.));
#5454 = VECTOR('',#5455,1.);
#5455 = DIRECTION('',(0.,0.,1.));
#5456 = ORIENTED_EDGE('',*,*,#5457,.T.);
#5457 = EDGE_CURVE('',#5448,#5458,#5460,.T.);
#5458 = VERTEX_POINT('',#5459);
#5459 = CARTESIAN_POINT('',(0.,0.5,0.));
#5460 = LINE('',#5461,#5462);
#5461 = CARTESIAN_POINT('',(0.,0.,0.));
#5462 = VECTOR('',#5463,1.);
#5463 = DIRECTION('',(-0.,1.,0.));
#5464 = ORIENTED_EDGE('',*,*,#5465,.T.);
#5465 = EDGE_CURVE('',#5458,#5466,#5468,.T.);
#5466 = VERTEX_POINT('',#5467);
#5467 = CARTESIAN_POINT('',(0.,0.5,0.2));
#5468 = LINE('',#5469,#5470);
#5469 = CARTESIAN_POINT('',(0.,0.5,0.));
#5470 = VECTOR('',#5471,1.);
#5471 = DIRECTION('',(0.,0.,1.));
#5472 = ORIENTED_EDGE('',*,*,#5473,.F.);
#5473 = EDGE_CURVE('',#5450,#5466,#5474,.T.);
#5474 = LINE('',#5475,#5476);
#5475 = CARTESIAN_POINT('',(0.,0.,0.2));
#5476 = VECTOR('',#5477,1.);
#5477 = DIRECTION('',(-0.,1.,0.));
#5478 = PLANE('',#5479);
#5479 = AXIS2_PLACEMENT_3D('',#5480,#5481,#5482);
#5480 = CARTESIAN_POINT('',(0.,0.,0.));
#5481 = DIRECTION('',(1.,0.,-0.));
#5482 = DIRECTION('',(0.,0.,1.));
#5483 = ADVANCED_FACE('',(#5484),#5518,.T.);
#5484 = FACE_BOUND('',#5485,.T.);
#5485 = EDGE_LOOP('',(#5486,#5496,#5504,#5512));
#5486 = ORIENTED_EDGE('',*,*,#5487,.F.);
#5487 = EDGE_CURVE('',#5488,#5490,#5492,.T.);
#5488 = VERTEX_POINT('',#5489);
#5489 = CARTESIAN_POINT('',(0.2,0.,0.));
#5490 = VERTEX_POINT('',#5491);
#5491 = CARTESIAN_POINT('',(0.2,0.,0.2));
#5492 = LINE('',#5493,#5494);
#5493 = CARTESIAN_POINT('',(0.2,0.,0.));
#5494 = VECTOR('',#5495,1.);
#5495 = DIRECTION('',(0.,0.,1.));
#5496 = ORIENTED_EDGE('',*,*,#5497,.T.);
#5497 = EDGE_CURVE('',#5488,#5498,#5500,.T.);
#5498 = VERTEX_POINT('',#5499);
#5499 = CARTESIAN_POINT('',(0.2,0.5,0.));
#5500 = LINE('',#5501,#5502);
#5501 = CARTESIAN_POINT('',(0.2,0.,0.));
#5502 = VECTOR('',#5503,1.);
#5503 = DIRECTION('',(-0.,1.,0.));
#5504 = ORIENTED_EDGE('',*,*,#5505,.T.);
#5505 = EDGE_CURVE('',#5498,#5506,#5508,.T.);
#5506 = VERTEX_POINT('',#5507);
#5507 = CARTESIAN_POINT('',(0.2,0.5,0.2));
#5508 = LINE('',#5509,#5510);
#5509 = CARTESIAN_POINT('',(0.2,0.5,0.));
#5510 = VECTOR('',#5511,1.);
#5511 = DIRECTION('',(0.,0.,1.));
#5512 = ORIENTED_EDGE('',*,*,#5513,.F.);
#5513 = EDGE_CURVE('',#5490,#5506,#5514,.T.);
#5514 = LINE('',#5515,#5516);
#5515 = CARTESIAN_POINT('',(0.2,0.,0.2));
#5516 = VECTOR('',#5517,1.);
#5517 = DIRECTION('',(-0.,1.,0.));
#5518 = PLANE('',#5519);
#5519 = AXIS2_PLACEMENT_3D('',#5520,#5521,#5522);
#5520 = CARTESIAN_POINT('',(0.2,0.,0.));
#5521 = DIRECTION('',(1.,0.,-0.));
#5522 = DIRECTION('',(0.,0.,1.));
#5523 = ADVANCED_FACE('',(#5524),#5540,.F.);
#5524 = FACE_BOUND('',#5525,.F.);
#5525 = EDGE_LOOP('',(#5526,#5532,#5533,#5539));
#5526 = ORIENTED_EDGE('',*,*,#5527,.F.);
#5527 = EDGE_CURVE('',#5448,#5488,#5528,.T.);
#5528 = LINE('',#5529,#5530);
#5529 = CARTESIAN_POINT('',(0.,0.,0.));
#5530 = VECTOR('',#5531,1.);
#5531 = DIRECTION('',(1.,0.,-0.));
#5532 = ORIENTED_EDGE('',*,*,#5447,.T.);
#5533 = ORIENTED_EDGE('',*,*,#5534,.T.);
#5534 = EDGE_CURVE('',#5450,#5490,#5535,.T.);
#5535 = LINE('',#5536,#5537);
#5536 = CARTESIAN_POINT('',(0.,0.,0.2));
#5537 = VECTOR('',#5538,1.);
#5538 = DIRECTION('',(1.,0.,-0.));
#5539 = ORIENTED_EDGE('',*,*,#5487,.F.);
#5540 = PLANE('',#5541);
#5541 = AXIS2_PLACEMENT_3D('',#5542,#5543,#5544);
#5542 = CARTESIAN_POINT('',(0.,0.,0.));
#5543 = DIRECTION('',(-0.,1.,0.));
#5544 = DIRECTION('',(0.,0.,1.));
#5545 = ADVANCED_FACE('',(#5546),#5562,.T.);
#5546 = FACE_BOUND('',#5547,.T.);
#5547 = EDGE_LOOP('',(#5548,#5554,#5555,#5561));
#5548 = ORIENTED_EDGE('',*,*,#5549,.F.);
#5549 = EDGE_CURVE('',#5458,#5498,#5550,.T.);
#5550 = LINE('',#5551,#5552);
#5551 = CARTESIAN_POINT('',(0.,0.5,0.));
#5552 = VECTOR('',#5553,1.);
#5553 = DIRECTION('',(1.,0.,-0.));
#5554 = ORIENTED_EDGE('',*,*,#5465,.T.);
#5555 = ORIENTED_EDGE('',*,*,#5556,.T.);
#5556 = EDGE_CURVE('',#5466,#5506,#5557,.T.);
#5557 = LINE('',#5558,#5559);
#5558 = CARTESIAN_POINT('',(0.,0.5,0.2));
#5559 = VECTOR('',#5560,1.);
#5560 = DIRECTION('',(1.,0.,-0.));
#5561 = ORIENTED_EDGE('',*,*,#5505,.F.);
#5562 = PLANE('',#5563);
#5563 = AXIS2_PLACEMENT_3D('',#5564,#5565,#5566);
#5564 = CARTESIAN_POINT('',(0.,0.5,0.));
#5565 = DIRECTION('',(-0.,1.,0.));
#5566 = DIRECTION('',(0.,0.,1.));
#5567 = ADVANCED_FACE('',(#5568),#5574,.F.);
#5568 = FACE_BOUND('',#5569,.F.);
#5569 = EDGE_LOOP('',(#5570,#5571,#5572,#5573));
#5570 = ORIENTED_EDGE('',*,*,#5457,.F.);
#5571 = ORIENTED_EDGE('',*,*,#5527,.T.);
#5572 = ORIENTED_EDGE('',*,*,#5497,.T.);
#5573 = ORIENTED_EDGE('',*,*,#5549,.F.);
#5574 = PLANE('',#5575);
#5575 = AXIS2_PLACEMENT_3D('',#5576,#5577,#5578);
#5576 = CARTESIAN_POINT('',(0.,0.,0.));
#5577 = DIRECTION('',(0.,0.,1.));
#5578 = DIRECTION('',(1.,0.,-0.));
#5579 = ADVANCED_FACE('',(#5580),#5586,.T.);
#5580 = FACE_BOUND('',#5581,.T.);
#5581 = EDGE_LOOP('',(#5582,#5583,#5584,#5585));
#5582 = ORIENTED_EDGE('',*,*,#5473,.F.);
#5583 = ORIENTED_EDGE('',*,*,#5534,.T.);
#5584 = ORIENTED_EDGE('',*,*,#5513,.T.);
#5585 = ORIENTED_EDGE('',*,*,#5556,.F.);
#5586 = PLANE('',#5587);
#5587 = AXIS2_PLACEMENT_3D('',#5588,#5589,#5590);
#5588 = CARTESIAN_POINT('',(0.,0.,0.2));
#5589 = DIRECTION('',(0.,0.,1.));
#5590 = DIRECTION('',(1.,0.,-0.));
#5591 = ( GEOMETRIC_REPRESENTATION_CONTEXT(3) 
GLOBAL_UNCERTAINTY_ASSIGNED_CONTEXT((#5595)) 
GLOBAL_UNIT_ASSIGNED_CONTEXT((#5592,#5593,#5594)) REPRESENTATION_CONTEXT
('Context #1','3D Context with UNIT and UNCERTAINTY') );
#5592 = ( LENGTH_UNIT() NAMED_UNIT(*) SI_UNIT(.MILLI.,.METRE.) );
#5593 = ( NAMED_UNIT(*) PLANE_ANGLE_UNIT() SI_UNIT($,.RADIAN.) );
#5594 = ( NAMED_UNIT(*) SI_UNIT($,.STERADIAN.) SOLID_ANGLE_UNIT() );
#5595 = UNCERTAINTY_MEASURE_WITH_UNIT(LENGTH_MEASURE(1.E-07),#5592,
  'distance_accuracy_value','confusion accuracy');
#5596 = CONTEXT_DEPENDENT_SHAPE_REPRESENTATION(#5597,#5599);
#5597 = ( REPRESENTATION_RELATIONSHIP('','',#5440,#5019) 
REPRESENTATION_RELATIONSHIP_WITH_TRANSFORMATION(#5598) 
SHAPE_REPRESENTATION_RELATIONSHIP() );
#5598 = ITEM_DEFINED_TRANSFORMATION('','',#11,#5028);
#5599 = PRODUCT_DEFINITION_SHAPE('Placement','Placement of an item',
  #5600);
#5600 = NEXT_ASSEMBLY_USAGE_OCCURRENCE('398','Hotspot_1_3','',#5014,
  #5435,$);
#5601 = PRODUCT_RELATED_PRODUCT_CATEGORY('part',$,(#5437));
#5602 = SHAPE_DEFINITION_REPRESENTATION(#5603,#5609);
#5603 = PRODUCT_DEFINITION_SHAPE('','',#5604);
#5604 = PRODUCT_DEFINITION('design','',#5605,#5608);
#5605 = PRODUCT_DEFINITION_FORMATION('','',#5606);
#5606 = PRODUCT('Hotspot_1_4','Hotspot_1_4','',(#5607));
#5607 = PRODUCT_CONTEXT('',#2,'mechanical');
#5608 = PRODUCT_DEFINITION_CONTEXT('part definition',#2,'design');
#5609 = ADVANCED_BREP_SHAPE_REPRESENTATION('',(#11,#5610),#5760);
#5610 = MANIFOLD_SOLID_BREP('',#5611);
#5611 = CLOSED_SHELL('',(#5612,#5652,#5692,#5714,#5736,#5748));
#5612 = ADVANCED_FACE('',(#5613),#5647,.F.);
#5613 = FACE_BOUND('',#5614,.F.);
#5614 = EDGE_LOOP('',(#5615,#5625,#5633,#5641));
#5615 = ORIENTED_EDGE('',*,*,#5616,.F.);
#5616 = EDGE_CURVE('',#5617,#5619,#5621,.T.);
#5617 = VERTEX_POINT('',#5618);
#5618 = CARTESIAN_POINT('',(0.,0.,0.));
#5619 = VERTEX_POINT('',#5620);
#5620 = CARTESIAN_POINT('',(0.,0.,0.2));
#5621 = LINE('',#5622,#5623);
#5622 = CARTESIAN_POINT('',(0.,0.,0.));
#5623 = VECTOR('',#5624,1.);
#5624 = DIRECTION('',(0.,0.,1.));
#5625 = ORIENTED_EDGE('',*,*,#5626,.T.);
#5626 = EDGE_CURVE('',#5617,#5627,#5629,.T.);
#5627 = VERTEX_POINT('',#5628);
#5628 = CARTESIAN_POINT('',(0.,0.5,0.));
#5629 = LINE('',#5630,#5631);
#5630 = CARTESIAN_POINT('',(0.,0.,0.));
#5631 = VECTOR('',#5632,1.);
#5632 = DIRECTION('',(-0.,1.,0.));
#5633 = ORIENTED_EDGE('',*,*,#5634,.T.);
#5634 = EDGE_CURVE('',#5627,#5635,#5637,.T.);
#5635 = VERTEX_POINT('',#5636);
#5636 = CARTESIAN_POINT('',(0.,0.5,0.2));
#5637 = LINE('',#5638,#5639);
#5638 = CARTESIAN_POINT('',(0.,0.5,0.));
#5639 = VECTOR('',#5640,1.);
#5640 = DIRECTION('',(0.,0.,1.));
#5641 = ORIENTED_EDGE('',*,*,#5642,.F.);
#5642 = EDGE_CURVE('',#5619,#5635,#5643,.T.);
#5643 = LINE('',#5644,#5645);
#5644 = CARTESIAN_POINT('',(0.,0.,0.2));
#5645 = VECTOR('',#5646,1.);
#5646 = DIRECTION('',(-0.,1.,0.));
#5647 = PLANE('',#5648);
#5648 = AXIS2_PLACEMENT_3D('',#5649,#5650,#5651);
#5649 = CARTESIAN_POINT('',(0.,0.,0.));
#5650 = DIRECTION('',(1.,0.,-0.));
#5651 = DIRECTION('',(0.,0.,1.));
#5652 = ADVANCED_FACE('',(#5653),#5687,.T.);
#5653 = FACE_BOUND('',#5654,.T.);
#5654 = EDGE_LOOP('',(#5655,#5665,#5673,#5681));
#5655 = ORIENTED_EDGE('',*,*,#5656,.F.);
#5656 = EDGE_CURVE('',#5657,#5659,#5661,.T.);
#5657 = VERTEX_POINT('',#5658);
#5658 = CARTESIAN_POINT('',(0.2,0.,0.));
#5659 = VERTEX_POINT('',#5660);
#5660 = CARTESIAN_POINT('',(0.2,0.,0.2));
#5661 = LINE('',#5662,#5663);
#5662 = CARTESIAN_POINT('',(0.2,0.,0.));
#5663 = VECTOR('',#5664,1.);
#5664 = DIRECTION('',(0.,0.,1.));
#5665 = ORIENTED_EDGE('',*,*,#5666,.T.);
#5666 = EDGE_CURVE('',#5657,#5667,#5669,.T.);
#5667 = VERTEX_POINT('',#5668);
#5668 = CARTESIAN_POINT('',(0.2,0.5,0.));
#5669 = LINE('',#5670,#5671);
#5670 = CARTESIAN_POINT('',(0.2,0.,0.));
#5671 = VECTOR('',#5672,1.);
#5672 = DIRECTION('',(-0.,1.,0.));
#5673 = ORIENTED_EDGE('',*,*,#5674,.T.);
#5674 = EDGE_CURVE('',#5667,#5675,#5677,.T.);
#5675 = VERTEX_POINT('',#5676);
#5676 = CARTESIAN_POINT('',(0.2,0.5,0.2));
#5677 = LINE('',#5678,#5679);
#5678 = CARTESIAN_POINT('',(0.2,0.5,0.));
#5679 = VECTOR('',#5680,1.);
#5680 = DIRECTION('',(0.,0.,1.));
#5681 = ORIENTED_EDGE('',*,*,#5682,.F.);
#5682 = EDGE_CURVE('',#5659,#5675,#5683,.T.);
#5683 = LINE('',#5684,#5685);
#5684 = CARTESIAN_POINT('',(0.2,0.,0.2));
#5685 = VECTOR('',#5686,1.);
#5686 = DIRECTION('',(-0.,1.,0.));
#5687 = PLANE('',#5688);
#5688 = AXIS2_PLACEMENT_3D('',#5689,#5690,#5691);
#5689 = CARTESIAN_POINT('',(0.2,0.,0.));
#5690 = DIRECTION('',(1.,0.,-0.));
#5691 = DIRECTION('',(0.,0.,1.));
#5692 = ADVANCED_FACE('',(#5693),#5709,.F.);
#5693 = FACE_BOUND('',#5694,.F.);
#5694 = EDGE_LOOP('',(#5695,#5701,#5702,#5708));
#5695 = ORIENTED_EDGE('',*,*,#5696,.F.);
#5696 = EDGE_CURVE('',#5617,#5657,#5697,.T.);
#5697 = LINE('',#5698,#5699);
#5698 = CARTESIAN_POINT('',(0.,0.,0.));
#5699 = VECTOR('',#5700,1.);
#5700 = DIRECTION('',(1.,0.,-0.));
#5701 = ORIENTED_EDGE('',*,*,#5616,.T.);
#5702 = ORIENTED_EDGE('',*,*,#5703,.T.);
#5703 = EDGE_CURVE('',#5619,#5659,#5704,.T.);
#5704 = LINE('',#5705,#5706);
#5705 = CARTESIAN_POINT('',(0.,0.,0.2));
#5706 = VECTOR('',#5707,1.);
#5707 = DIRECTION('',(1.,0.,-0.));
#5708 = ORIENTED_EDGE('',*,*,#5656,.F.);
#5709 = PLANE('',#5710);
#5710 = AXIS2_PLACEMENT_3D('',#5711,#5712,#5713);
#5711 = CARTESIAN_POINT('',(0.,0.,0.));
#5712 = DIRECTION('',(-0.,1.,0.));
#5713 = DIRECTION('',(0.,0.,1.));
#5714 = ADVANCED_FACE('',(#5715),#5731,.T.);
#5715 = FACE_BOUND('',#5716,.T.);
#5716 = EDGE_LOOP('',(#5717,#5723,#5724,#5730));
#5717 = ORIENTED_EDGE('',*,*,#5718,.F.);
#5718 = EDGE_CURVE('',#5627,#5667,#5719,.T.);
#5719 = LINE('',#5720,#5721);
#5720 = CARTESIAN_POINT('',(0.,0.5,0.));
#5721 = VECTOR('',#5722,1.);
#5722 = DIRECTION('',(1.,0.,-0.));
#5723 = ORIENTED_EDGE('',*,*,#5634,.T.);
#5724 = ORIENTED_EDGE('',*,*,#5725,.T.);
#5725 = EDGE_CURVE('',#5635,#5675,#5726,.T.);
#5726 = LINE('',#5727,#5728);
#5727 = CARTESIAN_POINT('',(0.,0.5,0.2));
#5728 = VECTOR('',#5729,1.);
#5729 = DIRECTION('',(1.,0.,-0.));
#5730 = ORIENTED_EDGE('',*,*,#5674,.F.);
#5731 = PLANE('',#5732);
#5732 = AXIS2_PLACEMENT_3D('',#5733,#5734,#5735);
#5733 = CARTESIAN_POINT('',(0.,0.5,0.));
#5734 = DIRECTION('',(-0.,1.,0.));
#5735 = DIRECTION('',(0.,0.,1.));
#5736 = ADVANCED_FACE('',(#5737),#5743,.F.);
#5737 = FACE_BOUND('',#5738,.F.);
#5738 = EDGE_LOOP('',(#5739,#5740,#5741,#5742));
#5739 = ORIENTED_EDGE('',*,*,#5626,.F.);
#5740 = ORIENTED_EDGE('',*,*,#5696,.T.);
#5741 = ORIENTED_EDGE('',*,*,#5666,.T.);
#5742 = ORIENTED_EDGE('',*,*,#5718,.F.);
#5743 = PLANE('',#5744);
#5744 = AXIS2_PLACEMENT_3D('',#5745,#5746,#5747);
#5745 = CARTESIAN_POINT('',(0.,0.,0.));
#5746 = DIRECTION('',(0.,0.,1.));
#5747 = DIRECTION('',(1.,0.,-0.));
#5748 = ADVANCED_FACE('',(#5749),#5755,.T.);
#5749 = FACE_BOUND('',#5750,.T.);
#5750 = EDGE_LOOP('',(#5751,#5752,#5753,#5754));
#5751 = ORIENTED_EDGE('',*,*,#5642,.F.);
#5752 = ORIENTED_EDGE('',*,*,#5703,.T.);
#5753 = ORIENTED_EDGE('',*,*,#5682,.T.);
#5754 = ORIENTED_EDGE('',*,*,#5725,.F.);
#5755 = PLANE('',#5756);
#5756 = AXIS2_PLACEMENT_3D('',#5757,#5758,#5759);
#5757 = CARTESIAN_POINT('',(0.,0.,0.2));
#5758 = DIRECTION('',(0.,0.,1.));
#5759 = DIRECTION('',(1.,0.,-0.));
#5760 = ( GEOMETRIC_REPRESENTATION_CONTEXT(3) 
GLOBAL_UNCERTAINTY_ASSIGNED_CONTEXT((#5764)) 
GLOBAL_UNIT_ASSIGNED_CONTEXT((#5761,#5762,#5763)) REPRESENTATION_CONTEXT
('Context #1','3D Context with UNIT and UNCERTAINTY') );
#5761 = ( LENGTH_UNIT() NAMED_UNIT(*) SI_UNIT(.MILLI.,.METRE.) );
#5762 = ( NAMED_UNIT(*) PLANE_ANGLE_UNIT() SI_UNIT($,.RADIAN.) );
#5763 = ( NAMED_UNIT(*) SI_UNIT($,.STERADIAN.) SOLID_ANGLE_UNIT() );
#5764 = UNCERTAINTY_MEASURE_WITH_UNIT(LENGTH_MEASURE(1.E-07),#5761,
  'distance_accuracy_value','confusion accuracy');
#5765 = CONTEXT_DEPENDENT_SHAPE_REPRESENTATION(#5766,#5768);
#5766 = ( REPRESENTATION_RELATIONSHIP('','',#5609,#5019) 
REPRESENTATION_RELATIONSHIP_WITH_TRANSFORMATION(#5767) 
SHAPE_REPRESENTATION_RELATIONSHIP() );
#5767 = ITEM_DEFINED_TRANSFORMATION('','',#11,#5032);
#5768 = PRODUCT_DEFINITION_SHAPE('Placement','Placement of an item',
  #5769);
#5769 = NEXT_ASSEMBLY_USAGE_OCCURRENCE('399','Hotspot_1_4','',#5014,
  #5604,$);
#5770 = PRODUCT_RELATED_PRODUCT_CATEGORY('part',$,(#5606));
#5771 = SHAPE_DEFINITION_REPRESENTATION(#5772,#5778);
#5772 = PRODUCT_DEFINITION_SHAPE('','',#5773);
#5773 = PRODUCT_DEFINITION('design','',#5774,#5777);
#5774 = PRODUCT_DEFINITION_FORMATION('','',#5775);
#5775 = PRODUCT('Hotspot_2_1','Hotspot_2_1','',(#5776));
#5776 = PRODUCT_CONTEXT('',#2,'mechanical');
#5777 = PRODUCT_DEFINITION_CONTEXT('part definition',#2,'design');
#5778 = ADVANCED_BREP_SHAPE_REPRESENTATION('',(#11,#5779),#5929);
#5779 = MANIFOLD_SOLID_BREP('',#5780);
#5780 = CLOSED_SHELL('',(#5781,#5821,#5861,#5883,#5905,#5917));
#5781 = ADVANCED_FACE('',(#5782),#5816,.F.);
#5782 = FACE_BOUND('',#5783,.F.);
#5783 = EDGE_LOOP('',(#5784,#5794,#5802,#5810));
#5784 = ORIENTED_EDGE('',*,*,#5785,.F.);
#5785 = EDGE_CURVE('',#5786,#5788,#5790,.T.);
#5786 = VERTEX_POINT('',#5787);
#5787 = CARTESIAN_POINT('',(0.,0.,0.));
#5788 = VERTEX_POINT('',#5789);
#5789 = CARTESIAN_POINT('',(0.,0.,0.2));
#5790 = LINE('',#5791,#5792);
#5791 = CARTESIAN_POINT('',(0.,0.,0.));
#5792 = VECTOR('',#5793,1.);
#5793 = DIRECTION('',(0.,0.,1.));
#5794 = ORIENTED_EDGE('',*,*,#5795,.T.);
#5795 = EDGE_CURVE('',#5786,#5796,#5798,.T.);
#5796 = VERTEX_POINT('',#5797);
#5797 = CARTESIAN_POINT('',(0.,0.5,0.));
#5798 = LINE('',#5799,#5800);
#5799 = CARTESIAN_POINT('',(0.,0.,0.));
#5800 = VECTOR('',#5801,1.);
#5801 = DIRECTION('',(-0.,1.,0.));
#5802 = ORIENTED_EDGE('',*,*,#5803,.T.);
#5803 = EDGE_CURVE('',#5796,#5804,#5806,.T.);
#5804 = VERTEX_POINT('',#5805);
#5805 = CARTESIAN_POINT('',(0.,0.5,0.2));
#5806 = LINE('',#5807,#5808);
#5807 = CARTESIAN_POINT('',(0.,0.5,0.));
#5808 = VECTOR('',#5809,1.);
#5809 = DIRECTION('',(0.,0.,1.));
#5810 = ORIENTED_EDGE('',*,*,#5811,.F.);
#5811 = EDGE_CURVE('',#5788,#5804,#5812,.T.);
#5812 = LINE('',#5813,#5814);
#5813 = CARTESIAN_POINT('',(0.,0.,0.2));
#5814 = VECTOR('',#5815,1.);
#5815 = DIRECTION('',(-0.,1.,0.));
#5816 = PLANE('',#5817);
#5817 = AXIS2_PLACEMENT_3D('',#5818,#5819,#5820);
#5818 = CARTESIAN_POINT('',(0.,0.,0.));
#5819 = DIRECTION('',(1.,0.,-0.));
#5820 = DIRECTION('',(0.,0.,1.));
#5821 = ADVANCED_FACE('',(#5822),#5856,.T.);
#5822 = FACE_BOUND('',#5823,.T.);
#5823 = EDGE_LOOP('',(#5824,#5834,#5842,#5850));
#5824 = ORIENTED_EDGE('',*,*,#5825,.F.);
#5825 = EDGE_CURVE('',#5826,#5828,#5830,.T.);
#5826 = VERTEX_POINT('',#5827);
#5827 = CARTESIAN_POINT('',(0.2,0.,0.));
#5828 = VERTEX_POINT('',#5829);
#5829 = CARTESIAN_POINT('',(0.2,0.,0.2));
#5830 = LINE('',#5831,#5832);
#5831 = CARTESIAN_POINT('',(0.2,0.,0.));
#5832 = VECTOR('',#5833,1.);
#5833 = DIRECTION('',(0.,0.,1.));
#5834 = ORIENTED_EDGE('',*,*,#5835,.T.);
#5835 = EDGE_CURVE('',#5826,#5836,#5838,.T.);
#5836 = VERTEX_POINT('',#5837);
#5837 = CARTESIAN_POINT('',(0.2,0.5,0.));
#5838 = LINE('',#5839,#5840);
#5839 = CARTESIAN_POINT('',(0.2,0.,0.));
#5840 = VECTOR('',#5841,1.);
#5841 = DIRECTION('',(-0.,1.,0.));
#5842 = ORIENTED_EDGE('',*,*,#5843,.T.);
#5843 = EDGE_CURVE('',#5836,#5844,#5846,.T.);
#5844 = VERTEX_POINT('',#5845);
#5845 = CARTESIAN_POINT('',(0.2,0.5,0.2));
#5846 = LINE('',#5847,#5848);
#5847 = CARTESIAN_POINT('',(0.2,0.5,0.));
#5848 = VECTOR('',#5849,1.);
#5849 = DIRECTION('',(0.,0.,1.));
#5850 = ORIENTED_EDGE('',*,*,#5851,.F.);
#5851 = EDGE_CURVE('',#5828,#5844,#5852,.T.);
#5852 = LINE('',#5853,#5854);
#5853 = CARTESIAN_POINT('',(0.2,0.,0.2));
#5854 = VECTOR('',#5855,1.);
#5855 = DIRECTION('',(-0.,1.,0.));
#5856 = PLANE('',#5857);
#5857 = AXIS2_PLACEMENT_3D('',#5858,#5859,#5860);
#5858 = CARTESIAN_POINT('',(0.2,0.,0.));
#5859 = DIRECTION('',(1.,0.,-0.));
#5860 = DIRECTION('',(0.,0.,1.));
#5861 = ADVANCED_FACE('',(#5862),#5878,.F.);
#5862 = FACE_BOUND('',#5863,.F.);
#5863 = EDGE_LOOP('',(#5864,#5870,#5871,#5877));
#5864 = ORIENTED_EDGE('',*,*,#5865,.F.);
#5865 = EDGE_CURVE('',#5786,#5826,#5866,.T.);
#5866 = LINE('',#5867,#5868);
#5867 = CARTESIAN_POINT('',(0.,0.,0.));
#5868 = VECTOR('',#5869,1.);
#5869 = DIRECTION('',(1.,0.,-0.));
#5870 = ORIENTED_EDGE('',*,*,#5785,.T.);
#5871 = ORIENTED_EDGE('',*,*,#5872,.T.);
#5872 = EDGE_CURVE('',#5788,#5828,#5873,.T.);
#5873 = LINE('',#5874,#5875);
#5874 = CARTESIAN_POINT('',(0.,0.,0.2));
#5875 = VECTOR('',#5876,1.);
#5876 = DIRECTION('',(1.,0.,-0.));
#5877 = ORIENTED_EDGE('',*,*,#5825,.F.);
#5878 = PLANE('',#5879);
#5879 = AXIS2_PLACEMENT_3D('',#5880,#5881,#5882);
#5880 = CARTESIAN_POINT('',(0.,0.,0.));
#5881 = DIRECTION('',(-0.,1.,0.));
#5882 = DIRECTION('',(0.,0.,1.));
#5883 = ADVANCED_FACE('',(#5884),#5900,.T.);
#5884 = FACE_BOUND('',#5885,.T.);
#5885 = EDGE_LOOP('',(#5886,#5892,#5893,#5899));
#5886 = ORIENTED_EDGE('',*,*,#5887,.F.);
#5887 = EDGE_CURVE('',#5796,#5836,#5888,.T.);
#5888 = LINE('',#5889,#5890);
#5889 = CARTESIAN_POINT('',(0.,0.5,0.));
#5890 = VECTOR('',#5891,1.);
#5891 = DIRECTION('',(1.,0.,-0.));
#5892 = ORIENTED_EDGE('',*,*,#5803,.T.);
#5893 = ORIENTED_EDGE('',*,*,#5894,.T.);
#5894 = EDGE_CURVE('',#5804,#5844,#5895,.T.);
#5895 = LINE('',#5896,#5897);
#5896 = CARTESIAN_POINT('',(0.,0.5,0.2));
#5897 = VECTOR('',#5898,1.);
#5898 = DIRECTION('',(1.,0.,-0.));
#5899 = ORIENTED_EDGE('',*,*,#5843,.F.);
#5900 = PLANE('',#5901);
#5901 = AXIS2_PLACEMENT_3D('',#5902,#5903,#5904);
#5902 = CARTESIAN_POINT('',(0.,0.5,0.));
#5903 = DIRECTION('',(-0.,1.,0.));
#5904 = DIRECTION('',(0.,0.,1.));
#5905 = ADVANCED_FACE('',(#5906),#5912,.F.);
#5906 = FACE_BOUND('',#5907,.F.);
#5907 = EDGE_LOOP('',(#5908,#5909,#5910,#5911));
#5908 = ORIENTED_EDGE('',*,*,#5795,.F.);
#5909 = ORIENTED_EDGE('',*,*,#5865,.T.);
#5910 = ORIENTED_EDGE('',*,*,#5835,.T.);
#5911 = ORIENTED_EDGE('',*,*,#5887,.F.);
#5912 = PLANE('',#5913);
#5913 = AXIS2_PLACEMENT_3D('',#5914,#5915,#5916);
#5914 = CARTESIAN_POINT('',(0.,0.,0.));
#5915 = DIRECTION('',(0.,0.,1.));
#5916 = DIRECTION('',(1.,0.,-0.));
#5917 = ADVANCED_FACE('',(#5918),#5924,.T.);
#5918 = FACE_BOUND('',#5919,.T.);
#5919 = EDGE_LOOP('',(#5920,#5921,#5922,#5923));
#5920 = ORIENTED_EDGE('',*,*,#5811,.F.);
#5921 = ORIENTED_EDGE('',*,*,#5872,.T.);
#5922 = ORIENTED_EDGE('',*,*,#5851,.T.);
#5923 = ORIENTED_EDGE('',*,*,#5894,.F.);
#5924 = PLANE('',#5925);
#5925 = AXIS2_PLACEMENT_3D('',#5926,#5927,#5928);
#5926 = CARTESIAN_POINT('',(0.,0.,0.2));
#5927 = DIRECTION('',(0.,0.,1.));
#5928 = DIRECTION('',(1.,0.,-0.));
#5929 = ( GEOMETRIC_REPRESENTATION_CONTEXT(3) 
GLOBAL_UNCERTAINTY_ASSIGNED_CONTEXT((#5933)) 
GLOBAL_UNIT_ASSIGNED_CONTEXT((#5930,#5931,#5932)) REPRESENTATION_CONTEXT
('Context #1','3D Context with UNIT and UNCERTAINTY') );
#5930 = ( LENGTH_UNIT() NAMED_UNIT(*) SI_UNIT(.MILLI.,.METRE.) );
#5931 = ( NAMED_UNIT(*) PLANE_ANGLE_UNIT() SI_UNIT($,.RADIAN.) );
#5932 = ( NAMED_UNIT(*) SI_UNIT($,.STERADIAN.) SOLID_ANGLE_UNIT() );
#5933 = UNCERTAINTY_MEASURE_WITH_UNIT(LENGTH_MEASURE(1.E-07),#5930,
  'distance_accuracy_value','confusion accuracy');
#5934 = CONTEXT_DEPENDENT_SHAPE_REPRESENTATION(#5935,#5937);
#5935 = ( REPRESENTATION_RELATIONSHIP('','',#5778,#5019) 
REPRESENTATION_RELATIONSHIP_WITH_TRANSFORMATION(#5936) 
SHAPE_REPRESENTATION_RELATIONSHIP() );
#5936 = ITEM_DEFINED_TRANSFORMATION('','',#11,#5036);
#5937 = PRODUCT_DEFINITION_SHAPE('Placement','Placement of an item',
  #5938);
#5938 = NEXT_ASSEMBLY_USAGE_OCCURRENCE('400','Hotspot_2_1','',#5014,
  #5773,$);
#5939 = PRODUCT_RELATED_PRODUCT_CATEGORY('part',$,(#5775));
#5940 = SHAPE_DEFINITION_REPRESENTATION(#5941,#5947);
#5941 = PRODUCT_DEFINITION_SHAPE('','',#5942);
#5942 = PRODUCT_DEFINITION('design','',#5943,#5946);
#5943 = PRODUCT_DEFINITION_FORMATION('','',#5944);
#5944 = PRODUCT('Hotspot_2_2','Hotspot_2_2','',(#5945));
#5945 = PRODUCT_CONTEXT('',#2,'mechanical');
#5946 = PRODUCT_DEFINITION_CONTEXT('part definition',#2,'design');
#5947 = ADVANCED_BREP_SHAPE_REPRESENTATION('',(#11,#5948),#6098);
#5948 = MANIFOLD_SOLID_BREP('',#5949);
#5949 = CLOSED_SHELL('',(#5950,#5990,#6030,#6052,#6074,#6086));
#5950 = ADVANCED_FACE('',(#5951),#5985,.F.);
#5951 = FACE_BOUND('',#5952,.F.);
#5952 = EDGE_LOOP('',(#5953,#5963,#5971,#5979));
#5953 = ORIENTED_EDGE('',*,*,#5954,.F.);
#5954 = EDGE_CURVE('',#5955,#5957,#5959,.T.);
#5955 = VERTEX_POINT('',#5956);
#5956 = CARTESIAN_POINT('',(0.,0.,0.));
#5957 = VERTEX_POINT('',#5958);
#5958 = CARTESIAN_POINT('',(0.,0.,0.2));
#5959 = LINE('',#5960,#5961);
#5960 = CARTESIAN_POINT('',(0.,0.,0.));
#5961 = VECTOR('',#5962,1.);
#5962 = DIRECTION('',(0.,0.,1.));
#5963 = ORIENTED_EDGE('',*,*,#5964,.T.);
#5964 = EDGE_CURVE('',#5955,#5965,#5967,.T.);
#5965 = VERTEX_POINT('',#5966);
#5966 = CARTESIAN_POINT('',(0.,0.5,0.));
#5967 = LINE('',#5968,#5969);
#5968 = CARTESIAN_POINT('',(0.,0.,0.));
#5969 = VECTOR('',#5970,1.);
#5970 = DIRECTION('',(-0.,1.,0.));
#5971 = ORIENTED_EDGE('',*,*,#5972,.T.);
#5972 = EDGE_CURVE('',#5965,#5973,#5975,.T.);
#5973 = VERTEX_POINT('',#5974);
#5974 = CARTESIAN_POINT('',(0.,0.5,0.2));
#5975 = LINE('',#5976,#5977);
#5976 = CARTESIAN_POINT('',(0.,0.5,0.));
#5977 = VECTOR('',#5978,1.);
#5978 = DIRECTION('',(0.,0.,1.));
#5979 = ORIENTED_EDGE('',*,*,#5980,.F.);
#5980 = EDGE_CURVE('',#5957,#5973,#5981,.T.);
#5981 = LINE('',#5982,#5983);
#5982 = CARTESIAN_POINT('',(0.,0.,0.2));
#5983 = VECTOR('',#5984,1.);
#5984 = DIRECTION('',(-0.,1.,0.));
#5985 = PLANE('',#5986);
#5986 = AXIS2_PLACEMENT_3D('',#5987,#5988,#5989);
#5987 = CARTESIAN_POINT('',(0.,0.,0.));
#5988 = DIRECTION('',(1.,0.,-0.));
#5989 = DIRECTION('',(0.,0.,1.));
#5990 = ADVANCED_FACE('',(#5991),#6025,.T.);
#5991 = FACE_BOUND('',#5992,.T.);
#5992 = EDGE_LOOP('',(#5993,#6003,#6011,#6019));
#5993 = ORIENTED_EDGE('',*,*,#5994,.F.);
#5994 = EDGE_CURVE('',#5995,#5997,#5999,.T.);
#5995 = VERTEX_POINT('',#5996);
#5996 = CARTESIAN_POINT('',(0.2,0.,0.));
#5997 = VERTEX_POINT('',#5998);
#5998 = CARTESIAN_POINT('',(0.2,0.,0.2));
#5999 = LINE('',#6000,#6001);
#6000 = CARTESIAN_POINT('',(0.2,0.,0.));
#6001 = VECTOR('',#6002,1.);
#6002 = DIRECTION('',(0.,0.,1.));
#6003 = ORIENTED_EDGE('',*,*,#6004,.T.);
#6004 = EDGE_CURVE('',#5995,#6005,#6007,.T.);
#6005 = VERTEX_POINT('',#6006);
#6006 = CARTESIAN_POINT('',(0.2,0.5,0.));
#6007 = LINE('',#6008,#6009);
#6008 = CARTESIAN_POINT('',(0.2,0.,0.));
#6009 = VECTOR('',#6010,1.);
#6010 = DIRECTION('',(-0.,1.,0.));
#6011 = ORIENTED_EDGE('',*,*,#6012,.T.);
#6012 = EDGE_CURVE('',#6005,#6013,#6015,.T.);
#6013 = VERTEX_POINT('',#6014);
#6014 = CARTESIAN_POINT('',(0.2,0.5,0.2));
#6015 = LINE('',#6016,#6017);
#6016 = CARTESIAN_POINT('',(0.2,0.5,0.));
#6017 = VECTOR('',#6018,1.);
#6018 = DIRECTION('',(0.,0.,1.));
#6019 = ORIENTED_EDGE('',*,*,#6020,.F.);
#6020 = EDGE_CURVE('',#5997,#6013,#6021,.T.);
#6021 = LINE('',#6022,#6023);
#6022 = CARTESIAN_POINT('',(0.2,0.,0.2));
#6023 = VECTOR('',#6024,1.);
#6024 = DIRECTION('',(-0.,1.,0.));
#6025 = PLANE('',#6026);
#6026 = AXIS2_PLACEMENT_3D('',#6027,#6028,#6029);
#6027 = CARTESIAN_POINT('',(0.2,0.,0.));
#6028 = DIRECTION('',(1.,0.,-0.));
#6029 = DIRECTION('',(0.,0.,1.));
#6030 = ADVANCED_FACE('',(#6031),#6047,.F.);
#6031 = FACE_BOUND('',#6032,.F.);
#6032 = EDGE_LOOP('',(#6033,#6039,#6040,#6046));
#6033 = ORIENTED_EDGE('',*,*,#6034,.F.);
#6034 = EDGE_CURVE('',#5955,#5995,#6035,.T.);
#6035 = LINE('',#6036,#6037);
#6036 = CARTESIAN_POINT('',(0.,0.,0.));
#6037 = VECTOR('',#6038,1.);
#6038 = DIRECTION('',(1.,0.,-0.));
#6039 = ORIENTED_EDGE('',*,*,#5954,.T.);
#6040 = ORIENTED_EDGE('',*,*,#6041,.T.);
#6041 = EDGE_CURVE('',#5957,#5997,#6042,.T.);
#6042 = LINE('',#6043,#6044);
#6043 = CARTESIAN_POINT('',(0.,0.,0.2));
#6044 = VECTOR('',#6045,1.);
#6045 = DIRECTION('',(1.,0.,-0.));
#6046 = ORIENTED_EDGE('',*,*,#5994,.F.);
#6047 = PLANE('',#6048);
#6048 = AXIS2_PLACEMENT_3D('',#6049,#6050,#6051);
#6049 = CARTESIAN_POINT('',(0.,0.,0.));
#6050 = DIRECTION('',(-0.,1.,0.));
#6051 = DIRECTION('',(0.,0.,1.));
#6052 = ADVANCED_FACE('',(#6053),#6069,.T.);
#6053 = FACE_BOUND('',#6054,.T.);
#6054 = EDGE_LOOP('',(#6055,#6061,#6062,#6068));
#6055 = ORIENTED_EDGE('',*,*,#6056,.F.);
#6056 = EDGE_CURVE('',#5965,#6005,#6057,.T.);
#6057 = LINE('',#6058,#6059);
#6058 = CARTESIAN_POINT('',(0.,0.5,0.));
#6059 = VECTOR('',#6060,1.);
#6060 = DIRECTION('',(1.,0.,-0.));
#6061 = ORIENTED_EDGE('',*,*,#5972,.T.);
#6062 = ORIENTED_EDGE('',*,*,#6063,.T.);
#6063 = EDGE_CURVE('',#5973,#6013,#6064,.T.);
#6064 = LINE('',#6065,#6066);
#6065 = CARTESIAN_POINT('',(0.,0.5,0.2));
#6066 = VECTOR('',#6067,1.);
#6067 = DIRECTION('',(1.,0.,-0.));
#6068 = ORIENTED_EDGE('',*,*,#6012,.F.);
#6069 = PLANE('',#6070);
#6070 = AXIS2_PLACEMENT_3D('',#6071,#6072,#6073);
#6071 = CARTESIAN_POINT('',(0.,0.5,0.));
#6072 = DIRECTION('',(-0.,1.,0.));
#6073 = DIRECTION('',(0.,0.,1.));
#6074 = ADVANCED_FACE('',(#6075),#6081,.F.);
#6075 = FACE_BOUND('',#6076,.F.);
#6076 = EDGE_LOOP('',(#6077,#6078,#6079,#6080));
#6077 = ORIENTED_EDGE('',*,*,#5964,.F.);
#6078 = ORIENTED_EDGE('',*,*,#6034,.T.);
#6079 = ORIENTED_EDGE('',*,*,#6004,.T.);
#6080 = ORIENTED_EDGE('',*,*,#6056,.F.);
#6081 = PLANE('',#6082);
#6082 = AXIS2_PLACEMENT_3D('',#6083,#6084,#6085);
#6083 = CARTESIAN_POINT('',(0.,0.,0.));
#6084 = DIRECTION('',(0.,0.,1.));
#6085 = DIRECTION('',(1.,0.,-0.));
#6086 = ADVANCED_FACE('',(#6087),#6093,.T.);
#6087 = FACE_BOUND('',#6088,.T.);
#6088 = EDGE_LOOP('',(#6089,#6090,#6091,#6092));
#6089 = ORIENTED_EDGE('',*,*,#5980,.F.);
#6090 = ORIENTED_EDGE('',*,*,#6041,.T.);
#6091 = ORIENTED_EDGE('',*,*,#6020,.T.);
#6092 = ORIENTED_EDGE('',*,*,#6063,.F.);
#6093 = PLANE('',#6094);
#6094 = AXIS2_PLACEMENT_3D('',#6095,#6096,#6097);
#6095 = CARTESIAN_POINT('',(0.,0.,0.2));
#6096 = DIRECTION('',(0.,0.,1.));
#6097 = DIRECTION('',(1.,0.,-0.));
#6098 = ( GEOMETRIC_REPRESENTATION_CONTEXT(3) 
GLOBAL_UNCERTAINTY_ASSIGNED_CONTEXT((#6102)) 
GLOBAL_UNIT_ASSIGNED_CONTEXT((#6099,#6100,#6101)) REPRESENTATION_CONTEXT
('Context #1','3D Context with UNIT and UNCERTAINTY') );
#6099 = ( LENGTH_UNIT() NAMED_UNIT(*) SI_UNIT(.MILLI.,.METRE.) );
#6100 = ( NAMED_UNIT(*) PLANE_ANGLE_UNIT() SI_UNIT($,.RADIAN.) );
#6101 = ( NAMED_UNIT(*) SI_UNIT($,.STERADIAN.) SOLID_ANGLE_UNIT() );
#6102 = UNCERTAINTY_MEASURE_WITH_UNIT(LENGTH_MEASURE(1.E-07),#6099,
  'distance_accuracy_value','confusion accuracy');
#6103 = CONTEXT_DEPENDENT_SHAPE_REPRESENTATION(#6104,#6106);
#6104 = ( REPRESENTATION_RELATIONSHIP('','',#5947,#5019) 
REPRESENTATION_RELATIONSHIP_WITH_TRANSFORMATION(#6105) 
SHAPE_REPRESENTATION_RELATIONSHIP() );
#6105 = ITEM_DEFINED_TRANSFORMATION('','',#11,#5040);
#6106 = PRODUCT_DEFINITION_SHAPE('Placement','Placement of an item',
  #6107);
#6107 = NEXT_ASSEMBLY_USAGE_OCCURRENCE('401','Hotspot_2_2','',#5014,
  #5942,$);
#6108 = PRODUCT_RELATED_PRODUCT_CATEGORY('part',$,(#5944));
#6109 = SHAPE_DEFINITION_REPRESENTATION(#6110,#6116);
#6110 = PRODUCT_DEFINITION_SHAPE('','',#6111);
#6111 = PRODUCT_DEFINITION('design','',#6112,#6115);
#6112 = PRODUCT_DEFINITION_FORMATION('','',#6113);
#6113 = PRODUCT('Hotspot_2_3','Hotspot_2_3','',(#6114));
#6114 = PRODUCT_CONTEXT('',#2,'mechanical');
#6115 = PRODUCT_DEFINITION_CONTEXT('part definition',#2,'design');
#6116 = ADVANCED_BREP_SHAPE_REPRESENTATION('',(#11,#6117),#6267);
#6117 = MANIFOLD_SOLID_BREP('',#6118);
#6118 = CLOSED_SHELL('',(#6119,#6159,#6199,#6221,#6243,#6255));
#6119 = ADVANCED_FACE('',(#6120),#6154,.F.);
#6120 = FACE_BOUND('',#6121,.F.);
#6121 = EDGE_LOOP('',(#6122,#6132,#6140,#6148));
#6122 = ORIENTED_EDGE('',*,*,#6123,.F.);
#6123 = EDGE_CURVE('',#6124,#6126,#6128,.T.);
#6124 = VERTEX_POINT('',#6125);
#6125 = CARTESIAN_POINT('',(0.,0.,0.));
#6126 = VERTEX_POINT('',#6127);
#6127 = CARTESIAN_POINT('',(0.,0.,0.2));
#6128 = LINE('',#6129,#6130);
#6129 = CARTESIAN_POINT('',(0.,0.,0.));
#6130 = VECTOR('',#6131,1.);
#6131 = DIRECTION('',(0.,0.,1.));
#6132 = ORIENTED_EDGE('',*,*,#6133,.T.);
#6133 = EDGE_CURVE('',#6124,#6134,#6136,.T.);
#6134 = VERTEX_POINT('',#6135);
#6135 = CARTESIAN_POINT('',(0.,0.5,0.));
#6136 = LINE('',#6137,#6138);
#6137 = CARTESIAN_POINT('',(0.,0.,0.));
#6138 = VECTOR('',#6139,1.);
#6139 = DIRECTION('',(-0.,1.,0.));
#6140 = ORIENTED_EDGE('',*,*,#6141,.T.);
#6141 = EDGE_CURVE('',#6134,#6142,#6144,.T.);
#6142 = VERTEX_POINT('',#6143);
#6143 = CARTESIAN_POINT('',(0.,0.5,0.2));
#6144 = LINE('',#6145,#6146);
#6145 = CARTESIAN_POINT('',(0.,0.5,0.));
#6146 = VECTOR('',#6147,1.);
#6147 = DIRECTION('',(0.,0.,1.));
#6148 = ORIENTED_EDGE('',*,*,#6149,.F.);
#6149 = EDGE_CURVE('',#6126,#6142,#6150,.T.);
#6150 = LINE('',#6151,#6152);
#6151 = CARTESIAN_POINT('',(0.,0.,0.2));
#6152 = VECTOR('',#6153,1.);
#6153 = DIRECTION('',(-0.,1.,0.));
#6154 = PLANE('',#6155);
#6155 = AXIS2_PLACEMENT_3D('',#6156,#6157,#6158);
#6156 = CARTESIAN_POINT('',(0.,0.,0.));
#6157 = DIRECTION('',(1.,0.,-0.));
#6158 = DIRECTION('',(0.,0.,1.));
#6159 = ADVANCED_FACE('',(#6160),#6194,.T.);
#6160 = FACE_BOUND('',#6161,.T.);
#6161 = EDGE_LOOP('',(#6162,#6172,#6180,#6188));
#6162 = ORIENTED_EDGE('',*,*,#6163,.F.);
#6163 = EDGE_CURVE('',#6164,#6166,#6168,.T.);
#6164 = VERTEX_POINT('',#6165);
#6165 = CARTESIAN_POINT('',(0.2,0.,0.));
#6166 = VERTEX_POINT('',#6167);
#6167 = CARTESIAN_POINT('',(0.2,0.,0.2));
#6168 = LINE('',#6169,#6170);
#6169 = CARTESIAN_POINT('',(0.2,0.,0.));
#6170 = VECTOR('',#6171,1.);
#6171 = DIRECTION('',(0.,0.,1.));
#6172 = ORIENTED_EDGE('',*,*,#6173,.T.);
#6173 = EDGE_CURVE('',#6164,#6174,#6176,.T.);
#6174 = VERTEX_POINT('',#6175);
#6175 = CARTESIAN_POINT('',(0.2,0.5,0.));
#6176 = LINE('',#6177,#6178);
#6177 = CARTESIAN_POINT('',(0.2,0.,0.));
#6178 = VECTOR('',#6179,1.);
#6179 = DIRECTION('',(-0.,1.,0.));
#6180 = ORIENTED_EDGE('',*,*,#6181,.T.);
#6181 = EDGE_CURVE('',#6174,#6182,#6184,.T.);
#6182 = VERTEX_POINT('',#6183);
#6183 = CARTESIAN_POINT('',(0.2,0.5,0.2));
#6184 = LINE('',#6185,#6186);
#6185 = CARTESIAN_POINT('',(0.2,0.5,0.));
#6186 = VECTOR('',#6187,1.);
#6187 = DIRECTION('',(0.,0.,1.));
#6188 = ORIENTED_EDGE('',*,*,#6189,.F.);
#6189 = EDGE_CURVE('',#6166,#6182,#6190,.T.);
#6190 = LINE('',#6191,#6192);
#6191 = CARTESIAN_POINT('',(0.2,0.,0.2));
#6192 = VECTOR('',#6193,1.);
#6193 = DIRECTION('',(-0.,1.,0.));
#6194 = PLANE('',#6195);
#6195 = AXIS2_PLACEMENT_3D('',#6196,#6197,#6198);
#6196 = CARTESIAN_POINT('',(0.2,0.,0.));
#6197 = DIRECTION('',(1.,0.,-0.));
#6198 = DIRECTION('',(0.,0.,1.));
#6199 = ADVANCED_FACE('',(#6200),#6216,.F.);
#6200 = FACE_BOUND('',#6201,.F.);
#6201 = EDGE_LOOP('',(#6202,#6208,#6209,#6215));
#6202 = ORIENTED_EDGE('',*,*,#6203,.F.);
#6203 = EDGE_CURVE('',#6124,#6164,#6204,.T.);
#6204 = LINE('',#6205,#6206);
#6205 = CARTESIAN_POINT('',(0.,0.,0.));
#6206 = VECTOR('',#6207,1.);
#6207 = DIRECTION('',(1.,0.,-0.));
#6208 = ORIENTED_EDGE('',*,*,#6123,.T.);
#6209 = ORIENTED_EDGE('',*,*,#6210,.T.);
#6210 = EDGE_CURVE('',#6126,#6166,#6211,.T.);
#6211 = LINE('',#6212,#6213);
#6212 = CARTESIAN_POINT('',(0.,0.,0.2));
#6213 = VECTOR('',#6214,1.);
#6214 = DIRECTION('',(1.,0.,-0.));
#6215 = ORIENTED_EDGE('',*,*,#6163,.F.);
#6216 = PLANE('',#6217);
#6217 = AXIS2_PLACEMENT_3D('',#6218,#6219,#6220);
#6218 = CARTESIAN_POINT('',(0.,0.,0.));
#6219 = DIRECTION('',(-0.,1.,0.));
#6220 = DIRECTION('',(0.,0.,1.));
#6221 = ADVANCED_FACE('',(#6222),#6238,.T.);
#6222 = FACE_BOUND('',#6223,.T.);
#6223 = EDGE_LOOP('',(#6224,#6230,#6231,#6237));
#6224 = ORIENTED_EDGE('',*,*,#6225,.F.);
#6225 = EDGE_CURVE('',#6134,#6174,#6226,.T.);
#6226 = LINE('',#6227,#6228);
#6227 = CARTESIAN_POINT('',(0.,0.5,0.));
#6228 = VECTOR('',#6229,1.);
#6229 = DIRECTION('',(1.,0.,-0.));
#6230 = ORIENTED_EDGE('',*,*,#6141,.T.);
#6231 = ORIENTED_EDGE('',*,*,#6232,.T.);
#6232 = EDGE_CURVE('',#6142,#6182,#6233,.T.);
#6233 = LINE('',#6234,#6235);
#6234 = CARTESIAN_POINT('',(0.,0.5,0.2));
#6235 = VECTOR('',#6236,1.);
#6236 = DIRECTION('',(1.,0.,-0.));
#6237 = ORIENTED_EDGE('',*,*,#6181,.F.);
#6238 = PLANE('',#6239);
#6239 = AXIS2_PLACEMENT_3D('',#6240,#6241,#6242);
#6240 = CARTESIAN_POINT('',(0.,0.5,0.));
#6241 = DIRECTION('',(-0.,1.,0.));
#6242 = DIRECTION('',(0.,0.,1.));
#6243 = ADVANCED_FACE('',(#6244),#6250,.F.);
#6244 = FACE_BOUND('',#6245,.F.);
#6245 = EDGE_LOOP('',(#6246,#6247,#6248,#6249));
#6246 = ORIENTED_EDGE('',*,*,#6133,.F.);
#6247 = ORIENTED_EDGE('',*,*,#6203,.T.);
#6248 = ORIENTED_EDGE('',*,*,#6173,.T.);
#6249 = ORIENTED_EDGE('',*,*,#6225,.F.);
#6250 = PLANE('',#6251);
#6251 = AXIS2_PLACEMENT_3D('',#6252,#6253,#6254);
#6252 = CARTESIAN_POINT('',(0.,0.,0.));
#6253 = DIRECTION('',(0.,0.,1.));
#6254 = DIRECTION('',(1.,0.,-0.));
#6255 = ADVANCED_FACE('',(#6256),#6262,.T.);
#6256 = FACE_BOUND('',#6257,.T.);
#6257 = EDGE_LOOP('',(#6258,#6259,#6260,#6261));
#6258 = ORIENTED_EDGE('',*,*,#6149,.F.);
#6259 = ORIENTED_EDGE('',*,*,#6210,.T.);
#6260 = ORIENTED_EDGE('',*,*,#6189,.T.);
#6261 = ORIENTED_EDGE('',*,*,#6232,.F.);
#6262 = PLANE('',#6263);
#6263 = AXIS2_PLACEMENT_3D('',#6264,#6265,#6266);
#6264 = CARTESIAN_POINT('',(0.,0.,0.2));
#6265 = DIRECTION('',(0.,0.,1.));
#6266 = DIRECTION('',(1.,0.,-0.));
#6267 = ( GEOMETRIC_REPRESENTATION_CONTEXT(3) 
GLOBAL_UNCERTAINTY_ASSIGNED_CONTEXT((#6271)) 
GLOBAL_UNIT_ASSIGNED_CONTEXT((#6268,#6269,#6270)) REPRESENTATION_CONTEXT
('Context #1','3D Context with UNIT and UNCERTAINTY') );
#6268 = ( LENGTH_UNIT() NAMED_UNIT(*) SI_UNIT(.MILLI.,.METRE.) );
#6269 = ( NAMED_UNIT(*) PLANE_ANGLE_UNIT() SI_UNIT($,.RADIAN.) );
#6270 = ( NAMED_UNIT(*) SI_UNIT($,.STERADIAN.) SOLID_ANGLE_UNIT() );
#6271 = UNCERTAINTY_MEASURE_WITH_UNIT(LENGTH_MEASURE(1.E-07),#6268,
  'distance_accuracy_value','confusion accuracy');
#6272 = CONTEXT_DEPENDENT_SHAPE_REPRESENTATION(#6273,#6275);
#6273 = ( REPRESENTATION_RELATIONSHIP('','',#6116,#5019) 
REPRESENTATION_RELATIONSHIP_WITH_TRANSFORMATION(#6274) 
SHAPE_REPRESENTATION_RELATIONSHIP() );
#6274 = ITEM_DEFINED_TRANSFORMATION('','',#11,#5044);
#6275 = PRODUCT_DEFINITION_SHAPE('Placement','Placement of an item',
  #6276);
#6276 = NEXT_ASSEMBLY_USAGE_OCCURRENCE('402','Hotspot_2_3','',#5014,
  #6111,$);
#6277 = PRODUCT_RELATED_PRODUCT_CATEGORY('part',$,(#6113));
#6278 = SHAPE_DEFINITION_REPRESENTATION(#6279,#6285);
#6279 = PRODUCT_DEFINITION_SHAPE('','',#6280);
#6280 = PRODUCT_DEFINITION('design','',#6281,#6284);
#6281 = PRODUCT_DEFINITION_FORMATION('','',#6282);
#6282 = PRODUCT('Hotspot_2_4','Hotspot_2_4','',(#6283));
#6283 = PRODUCT_CONTEXT('',#2,'mechanical');
#6284 = PRODUCT_DEFINITION_CONTEXT('part definition',#2,'design');
#6285 = ADVANCED_BREP_SHAPE_REPRESENTATION('',(#11,#6286),#6436);
#6286 = MANIFOLD_SOLID_BREP('',#6287);
#6287 = CLOSED_SHELL('',(#6288,#6328,#6368,#6390,#6412,#6424));
#6288 = ADVANCED_FACE('',(#6289),#6323,.F.);
#6289 = FACE_BOUND('',#6290,.F.);
#6290 = EDGE_LOOP('',(#6291,#6301,#6309,#6317));
#6291 = ORIENTED_EDGE('',*,*,#6292,.F.);
#6292 = EDGE_CURVE('',#6293,#6295,#6297,.T.);
#6293 = VERTEX_POINT('',#6294);
#6294 = CARTESIAN_POINT('',(0.,0.,0.));
#6295 = VERTEX_POINT('',#6296);
#6296 = CARTESIAN_POINT('',(0.,0.,0.2));
#6297 = LINE('',#6298,#6299);
#6298 = CARTESIAN_POINT('',(0.,0.,0.));
#6299 = VECTOR('',#6300,1.);
#6300 = DIRECTION('',(0.,0.,1.));
#6301 = ORIENTED_EDGE('',*,*,#6302,.T.);
#6302 = EDGE_CURVE('',#6293,#6303,#6305,.T.);
#6303 = VERTEX_POINT('',#6304);
#6304 = CARTESIAN_POINT('',(0.,0.5,0.));
#6305 = LINE('',#6306,#6307);
#6306 = CARTESIAN_POINT('',(0.,0.,0.));
#6307 = VECTOR('',#6308,1.);
#6308 = DIRECTION('',(-0.,1.,0.));
#6309 = ORIENTED_EDGE('',*,*,#6310,.T.);
#6310 = EDGE_CURVE('',#6303,#6311,#6313,.T.);
#6311 = VERTEX_POINT('',#6312);
#6312 = CARTESIAN_POINT('',(0.,0.5,0.2));
#6313 = LINE('',#6314,#6315);
#6314 = CARTESIAN_POINT('',(0.,0.5,0.));
#6315 = VECTOR('',#6316,1.);
#6316 = DIRECTION('',(0.,0.,1.));
#6317 = ORIENTED_EDGE('',*,*,#6318,.F.);
#6318 = EDGE_CURVE('',#6295,#6311,#6319,.T.);
#6319 = LINE('',#6320,#6321);
#6320 = CARTESIAN_POINT('',(0.,0.,0.2));
#6321 = VECTOR('',#6322,1.);
#6322 = DIRECTION('',(-0.,1.,0.));
#6323 = PLANE('',#6324);
#6324 = AXIS2_PLACEMENT_3D('',#6325,#6326,#6327);
#6325 = CARTESIAN_POINT('',(0.,0.,0.));
#6326 = DIRECTION('',(1.,0.,-0.));
#6327 = DIRECTION('',(0.,0.,1.));
#6328 = ADVANCED_FACE('',(#6329),#6363,.T.);
#6329 = FACE_BOUND('',#6330,.T.);
#6330 = EDGE_LOOP('',(#6331,#6341,#6349,#6357));
#6331 = ORIENTED_EDGE('',*,*,#6332,.F.);
#6332 = EDGE_CURVE('',#6333,#6335,#6337,.T.);
#6333 = VERTEX_POINT('',#6334);
#6334 = CARTESIAN_POINT('',(0.2,0.,0.));
#6335 = VERTEX_POINT('',#6336);
#6336 = CARTESIAN_POINT('',(0.2,0.,0.2));
#6337 = LINE('',#6338,#6339);
#6338 = CARTESIAN_POINT('',(0.2,0.,0.));
#6339 = VECTOR('',#6340,1.);
#6340 = DIRECTION('',(0.,0.,1.));
#6341 = ORIENTED_EDGE('',*,*,#6342,.T.);
#6342 = EDGE_CURVE('',#6333,#6343,#6345,.T.);
#6343 = VERTEX_POINT('',#6344);
#6344 = CARTESIAN_POINT('',(0.2,0.5,0.));
#6345 = LINE('',#6346,#6347);
#6346 = CARTESIAN_POINT('',(0.2,0.,0.));
#6347 = VECTOR('',#6348,1.);
#6348 = DIRECTION('',(-0.,1.,0.));
#6349 = ORIENTED_EDGE('',*,*,#6350,.T.);
#6350 = EDGE_CURVE('',#6343,#6351,#6353,.T.);
#6351 = VERTEX_POINT('',#6352);
#6352 = CARTESIAN_POINT('',(0.2,0.5,0.2));
#6353 = LINE('',#6354,#6355);
#6354 = CARTESIAN_POINT('',(0.2,0.5,0.));
#6355 = VECTOR('',#6356,1.);
#6356 = DIRECTION('',(0.,0.,1.));
#6357 = ORIENTED_EDGE('',*,*,#6358,.F.);
#6358 = EDGE_CURVE('',#6335,#6351,#6359,.T.);
#6359 = LINE('',#6360,#6361);
#6360 = CARTESIAN_POINT('',(0.2,0.,0.2));
#6361 = VECTOR('',#6362,1.);
#6362 = DIRECTION('',(-0.,1.,0.));
#6363 = PLANE('',#6364);
#6364 = AXIS2_PLACEMENT_3D('',#6365,#6366,#6367);
#6365 = CARTESIAN_POINT('',(0.2,0.,0.));
#6366 = DIRECTION('',(1.,0.,-0.));
#6367 = DIRECTION('',(0.,0.,1.));
#6368 = ADVANCED_FACE('',(#6369),#6385,.F.);
#6369 = FACE_BOUND('',#6370,.F.);
#6370 = EDGE_LOOP('',(#6371,#6377,#6378,#6384));
#6371 = ORIENTED_EDGE('',*,*,#6372,.F.);
#6372 = EDGE_CURVE('',#6293,#6333,#6373,.T.);
#6373 = LINE('',#6374,#6375);
#6374 = CARTESIAN_POINT('',(0.,0.,0.));
#6375 = VECTOR('',#6376,1.);
#6376 = DIRECTION('',(1.,0.,-0.));
#6377 = ORIENTED_EDGE('',*,*,#6292,.T.);
#6378 = ORIENTED_EDGE('',*,*,#6379,.T.);
#6379 = EDGE_CURVE('',#6295,#6335,#6380,.T.);
#6380 = LINE('',#6381,#6382);
#6381 = CARTESIAN_POINT('',(0.,0.,0.2));
#6382 = VECTOR('',#6383,1.);
#6383 = DIRECTION('',(1.,0.,-0.));
#6384 = ORIENTED_EDGE('',*,*,#6332,.F.);
#6385 = PLANE('',#6386);
#6386 = AXIS2_PLACEMENT_3D('',#6387,#6388,#6389);
#6387 = CARTESIAN_POINT('',(0.,0.,0.));
#6388 = DIRECTION('',(-0.,1.,0.));
#6389 = DIRECTION('',(0.,0.,1.));
#6390 = ADVANCED_FACE('',(#6391),#6407,.T.);
#6391 = FACE_BOUND('',#6392,.T.);
#6392 = EDGE_LOOP('',(#6393,#6399,#6400,#6406));
#6393 = ORIENTED_EDGE('',*,*,#6394,.F.);
#6394 = EDGE_CURVE('',#6303,#6343,#6395,.T.);
#6395 = LINE('',#6396,#6397);
#6396 = CARTESIAN_POINT('',(0.,0.5,0.));
#6397 = VECTOR('',#6398,1.);
#6398 = DIRECTION('',(1.,0.,-0.));
#6399 = ORIENTED_EDGE('',*,*,#6310,.T.);
#6400 = ORIENTED_EDGE('',*,*,#6401,.T.);
#6401 = EDGE_CURVE('',#6311,#6351,#6402,.T.);
#6402 = LINE('',#6403,#6404);
#6403 = CARTESIAN_POINT('',(0.,0.5,0.2));
#6404 = VECTOR('',#6405,1.);
#6405 = DIRECTION('',(1.,0.,-0.));
#6406 = ORIENTED_EDGE('',*,*,#6350,.F.);
#6407 = PLANE('',#6408);
#6408 = AXIS2_PLACEMENT_3D('',#6409,#6410,#6411);
#6409 = CARTESIAN_POINT('',(0.,0.5,0.));
#6410 = DIRECTION('',(-0.,1.,0.));
#6411 = DIRECTION('',(0.,0.,1.));
#6412 = ADVANCED_FACE('',(#6413),#6419,.F.);
#6413 = FACE_BOUND('',#6414,.F.);
#6414 = EDGE_LOOP('',(#6415,#6416,#6417,#6418));
#6415 = ORIENTED_EDGE('',*,*,#6302,.F.);
#6416 = ORIENTED_EDGE('',*,*,#6372,.T.);
#6417 = ORIENTED_EDGE('',*,*,#6342,.T.);
#6418 = ORIENTED_EDGE('',*,*,#6394,.F.);
#6419 = PLANE('',#6420);
#6420 = AXIS2_PLACEMENT_3D('',#6421,#6422,#6423);
#6421 = CARTESIAN_POINT('',(0.,0.,0.));
#6422 = DIRECTION('',(0.,0.,1.));
#6423 = DIRECTION('',(1.,0.,-0.));
#6424 = ADVANCED_FACE('',(#6425),#6431,.T.);
#6425 = FACE_BOUND('',#6426,.T.);
#6426 = EDGE_LOOP('',(#6427,#6428,#6429,#6430));
#6427 = ORIENTED_EDGE('',*,*,#6318,.F.);
#6428 = ORIENTED_EDGE('',*,*,#6379,.T.);
#6429 = ORIENTED_EDGE('',*,*,#6358,.T.);
#6430 = ORIENTED_EDGE('',*,*,#6401,.F.);
#6431 = PLANE('',#6432);
#6432 = AXIS2_PLACEMENT_3D('',#6433,#6434,#6435);
#6433 = CARTESIAN_POINT('',(0.,0.,0.2));
#6434 = DIRECTION('',(0.,0.,1.));
#6435 = DIRECTION('',(1.,0.,-0.));
#6436 = ( GEOMETRIC_REPRESENTATION_CONTEXT(3) 
GLOBAL_UNCERTAINTY_ASSIGNED_CONTEXT((#6440)) 
GLOBAL_UNIT_ASSIGNED_CONTEXT((#6437,#6438,#6439)) REPRESENTATION_CONTEXT
('Context #1','3D Context with UNIT and UNCERTAINTY') );
#6437 = ( LENGTH_UNIT() NAMED_UNIT(*) SI_UNIT(.MILLI.,.METRE.) );
#6438 = ( NAMED_UNIT(*) PLANE_ANGLE_UNIT() SI_UNIT($,.RADIAN.) );
#6439 = ( NAMED_UNIT(*) SI_UNIT($,.STERADIAN.) SOLID_ANGLE_UNIT() );
#6440 = UNCERTAINTY_MEASURE_WITH_UNIT(LENGTH_MEASURE(1.E-07),#6437,
  'distance_accuracy_value','confusion accuracy');
#6441 = CONTEXT_DEPENDENT_SHAPE_REPRESENTATION(#6442,#6444);
#6442 = ( REPRESENTATION_RELATIONSHIP('','',#6285,#5019) 
REPRESENTATION_RELATIONSHIP_WITH_TRANSFORMATION(#6443) 
SHAPE_REPRESENTATION_RELATIONSHIP() );
#6443 = ITEM_DEFINED_TRANSFORMATION('','',#11,#5048);
#6444 = PRODUCT_DEFINITION_SHAPE('Placement','Placement of an item',
  #6445);
#6445 = NEXT_ASSEMBLY_USAGE_OCCURRENCE('403','Hotspot_2_4','',#5014,
  #6280,$);
#6446 = PRODUCT_RELATED_PRODUCT_CATEGORY('part',$,(#6282));
#6447 = SHAPE_DEFINITION_REPRESENTATION(#6448,#6454);
#6448 = PRODUCT_DEFINITION_SHAPE('','',#6449);
#6449 = PRODUCT_DEFINITION('design','',#6450,#6453);
#6450 = PRODUCT_DEFINITION_FORMATION('','',#6451);
#6451 = PRODUCT('Hotspot_3_1','Hotspot_3_1','',(#6452));
#6452 = PRODUCT_CONTEXT('',#2,'mechanical');
#6453 = PRODUCT_DEFINITION_CONTEXT('part definition',#2,'design');
#6454 = ADVANCED_BREP_SHAPE_REPRESENTATION('',(#11,#6455),#6605);
#6455 = MANIFOLD_SOLID_BREP('',#6456);
#6456 = CLOSED_SHELL('',(#6457,#6497,#6537,#6559,#6581,#6593));
#6457 = ADVANCED_FACE('',(#6458),#6492,.F.);
#6458 = FACE_BOUND('',#6459,.F.);
#6459 = EDGE_LOOP('',(#6460,#6470,#6478,#6486));
#6460 = ORIENTED_EDGE('',*,*,#6461,.F.);
#6461 = EDGE_CURVE('',#6462,#6464,#6466,.T.);
#6462 = VERTEX_POINT('',#6463);
#6463 = CARTESIAN_POINT('',(0.,0.,0.));
#6464 = VERTEX_POINT('',#6465);
#6465 = CARTESIAN_POINT('',(0.,0.,0.2));
#6466 = LINE('',#6467,#6468);
#6467 = CARTESIAN_POINT('',(0.,0.,0.));
#6468 = VECTOR('',#6469,1.);
#6469 = DIRECTION('',(0.,0.,1.));
#6470 = ORIENTED_EDGE('',*,*,#6471,.T.);
#6471 = EDGE_CURVE('',#6462,#6472,#6474,.T.);
#6472 = VERTEX_POINT('',#6473);
#6473 = CARTESIAN_POINT('',(0.,0.5,0.));
#6474 = LINE('',#6475,#6476);
#6475 = CARTESIAN_POINT('',(0.,0.,0.));
#6476 = VECTOR('',#6477,1.);
#6477 = DIRECTION('',(-0.,1.,0.));
#6478 = ORIENTED_EDGE('',*,*,#6479,.T.);
#6479 = EDGE_CURVE('',#6472,#6480,#6482,.T.);
#6480 = VERTEX_POINT('',#6481);
#6481 = CARTESIAN_POINT('',(0.,0.5,0.2));
#6482 = LINE('',#6483,#6484);
#6483 = CARTESIAN_POINT('',(0.,0.5,0.));
#6484 = VECTOR('',#6485,1.);
#6485 = DIRECTION('',(0.,0.,1.));
#6486 = ORIENTED_EDGE('',*,*,#6487,.F.);
#6487 = EDGE_CURVE('',#6464,#6480,#6488,.T.);
#6488 = LINE('',#6489,#6490);
#6489 = CARTESIAN_POINT('',(0.,0.,0.2));
#6490 = VECTOR('',#6491,1.);
#6491 = DIRECTION('',(-0.,1.,0.));
#6492 = PLANE('',#6493);
#6493 = AXIS2_PLACEMENT_3D('',#6494,#6495,#6496);
#6494 = CARTESIAN_POINT('',(0.,0.,0.));
#6495 = DIRECTION('',(1.,0.,-0.));
#6496 = DIRECTION('',(0.,0.,1.));
#6497 = ADVANCED_FACE('',(#6498),#6532,.T.);
#6498 = FACE_BOUND('',#6499,.T.);
#6499 = EDGE_LOOP('',(#6500,#6510,#6518,#6526));
#6500 = ORIENTED_EDGE('',*,*,#6501,.F.);
#6501 = EDGE_CURVE('',#6502,#6504,#6506,.T.);
#6502 = VERTEX_POINT('',#6503);
#6503 = CARTESIAN_POINT('',(0.2,0.,0.));
#6504 = VERTEX_POINT('',#6505);
#6505 = CARTESIAN_POINT('',(0.2,0.,0.2));
#6506 = LINE('',#6507,#6508);
#6507 = CARTESIAN_POINT('',(0.2,0.,0.));
#6508 = VECTOR('',#6509,1.);
#6509 = DIRECTION('',(0.,0.,1.));
#6510 = ORIENTED_EDGE('',*,*,#6511,.T.);
#6511 = EDGE_CURVE('',#6502,#6512,#6514,.T.);
#6512 = VERTEX_POINT('',#6513);
#6513 = CARTESIAN_POINT('',(0.2,0.5,0.));
#6514 = LINE('',#6515,#6516);
#6515 = CARTESIAN_POINT('',(0.2,0.,0.));
#6516 = VECTOR('',#6517,1.);
#6517 = DIRECTION('',(-0.,1.,0.));
#6518 = ORIENTED_EDGE('',*,*,#6519,.T.);
#6519 = EDGE_CURVE('',#6512,#6520,#6522,.T.);
#6520 = VERTEX_POINT('',#6521);
#6521 = CARTESIAN_POINT('',(0.2,0.5,0.2));
#6522 = LINE('',#6523,#6524);
#6523 = CARTESIAN_POINT('',(0.2,0.5,0.));
#6524 = VECTOR('',#6525,1.);
#6525 = DIRECTION('',(0.,0.,1.));
#6526 = ORIENTED_EDGE('',*,*,#6527,.F.);
#6527 = EDGE_CURVE('',#6504,#6520,#6528,.T.);
#6528 = LINE('',#6529,#6530);
#6529 = CARTESIAN_POINT('',(0.2,0.,0.2));
#6530 = VECTOR('',#6531,1.);
#6531 = DIRECTION('',(-0.,1.,0.));
#6532 = PLANE('',#6533);
#6533 = AXIS2_PLACEMENT_3D('',#6534,#6535,#6536);
#6534 = CARTESIAN_POINT('',(0.2,0.,0.));
#6535 = DIRECTION('',(1.,0.,-0.));
#6536 = DIRECTION('',(0.,0.,1.));
#6537 = ADVANCED_FACE('',(#6538),#6554,.F.);
#6538 = FACE_BOUND('',#6539,.F.);
#6539 = EDGE_LOOP('',(#6540,#6546,#6547,#6553));
#6540 = ORIENTED_EDGE('',*,*,#6541,.F.);
#6541 = EDGE_CURVE('',#6462,#6502,#6542,.T.);
#6542 = LINE('',#6543,#6544);
#6543 = CARTESIAN_POINT('',(0.,0.,0.));
#6544 = VECTOR('',#6545,1.);
#6545 = DIRECTION('',(1.,0.,-0.));
#6546 = ORIENTED_EDGE('',*,*,#6461,.T.);
#6547 = ORIENTED_EDGE('',*,*,#6548,.T.);
#6548 = EDGE_CURVE('',#6464,#6504,#6549,.T.);
#6549 = LINE('',#6550,#6551);
#6550 = CARTESIAN_POINT('',(0.,0.,0.2));
#6551 = VECTOR('',#6552,1.);
#6552 = DIRECTION('',(1.,0.,-0.));
#6553 = ORIENTED_EDGE('',*,*,#6501,.F.);
#6554 = PLANE('',#6555);
#6555 = AXIS2_PLACEMENT_3D('',#6556,#6557,#6558);
#6556 = CARTESIAN_POINT('',(0.,0.,0.));
#6557 = DIRECTION('',(-0.,1.,0.));
#6558 = DIRECTION('',(0.,0.,1.));
#6559 = ADVANCED_FACE('',(#6560),#6576,.T.);
#6560 = FACE_BOUND('',#6561,.T.);
#6561 = EDGE_LOOP('',(#6562,#6568,#6569,#6575));
#6562 = ORIENTED_EDGE('',*,*,#6563,.F.);
#6563 = EDGE_CURVE('',#6472,#6512,#6564,.T.);
#6564 = LINE('',#6565,#6566);
#6565 = CARTESIAN_POINT('',(0.,0.5,0.));
#6566 = VECTOR('',#6567,1.);
#6567 = DIRECTION('',(1.,0.,-0.));
#6568 = ORIENTED_EDGE('',*,*,#6479,.T.);
#6569 = ORIENTED_EDGE('',*,*,#6570,.T.);
#6570 = EDGE_CURVE('',#6480,#6520,#6571,.T.);
#6571 = LINE('',#6572,#6573);
#6572 = CARTESIAN_POINT('',(0.,0.5,0.2));
#6573 = VECTOR('',#6574,1.);
#6574 = DIRECTION('',(1.,0.,-0.));
#6575 = ORIENTED_EDGE('',*,*,#6519,.F.);
#6576 = PLANE('',#6577);
#6577 = AXIS2_PLACEMENT_3D('',#6578,#6579,#6580);
#6578 = CARTESIAN_POINT('',(0.,0.5,0.));
#6579 = DIRECTION('',(-0.,1.,0.));
#6580 = DIRECTION('',(0.,0.,1.));
#6581 = ADVANCED_FACE('',(#6582),#6588,.F.);
#6582 = FACE_BOUND('',#6583,.F.);
#6583 = EDGE_LOOP('',(#6584,#6585,#6586,#6587));
#6584 = ORIENTED_EDGE('',*,*,#6471,.F.);
#6585 = ORIENTED_EDGE('',*,*,#6541,.T.);
#6586 = ORIENTED_EDGE('',*,*,#6511,.T.);
#6587 = ORIENTED_EDGE('',*,*,#6563,.F.);
#6588 = PLANE('',#6589);
#6589 = AXIS2_PLACEMENT_3D('',#6590,#6591,#6592);
#6590 = CARTESIAN_POINT('',(0.,0.,0.));
#6591 = DIRECTION('',(0.,0.,1.));
#6592 = DIRECTION('',(1.,0.,-0.));
#6593 = ADVANCED_FACE('',(#6594),#6600,.T.);
#6594 = FACE_BOUND('',#6595,.T.);
#6595 = EDGE_LOOP('',(#6596,#6597,#6598,#6599));
#6596 = ORIENTED_EDGE('',*,*,#6487,.F.);
#6597 = ORIENTED_EDGE('',*,*,#6548,.T.);
#6598 = ORIENTED_EDGE('',*,*,#6527,.T.);
#6599 = ORIENTED_EDGE('',*,*,#6570,.F.);
#6600 = PLANE('',#6601);
#6601 = AXIS2_PLACEMENT_3D('',#6602,#6603,#6604);
#6602 = CARTESIAN_POINT('',(0.,0.,0.2));
#6603 = DIRECTION('',(0.,0.,1.));
#6604 = DIRECTION('',(1.,0.,-0.));
#6605 = ( GEOMETRIC_REPRESENTATION_CONTEXT(3) 
GLOBAL_UNCERTAINTY_ASSIGNED_CONTEXT((#6609)) 
GLOBAL_UNIT_ASSIGNED_CONTEXT((#6606,#6607,#6608)) REPRESENTATION_CONTEXT
('Context #1','3D Context with UNIT and UNCERTAINTY') );
#6606 = ( LENGTH_UNIT() NAMED_UNIT(*) SI_UNIT(.MILLI.,.METRE.) );
#6607 = ( NAMED_UNIT(*) PLANE_ANGLE_UNIT() SI_UNIT($,.RADIAN.) );
#6608 = ( NAMED_UNIT(*) SI_UNIT($,.STERADIAN.) SOLID_ANGLE_UNIT() );
#6609 = UNCERTAINTY_MEASURE_WITH_UNIT(LENGTH_MEASURE(1.E-07),#6606,
  'distance_accuracy_value','confusion accuracy');
#6610 = CONTEXT_DEPENDENT_SHAPE_REPRESENTATION(#6611,#6613);
#6611 = ( REPRESENTATION_RELATIONSHIP('','',#6454,#5019) 
REPRESENTATION_RELATIONSHIP_WITH_TRANSFORMATION(#6612) 
SHAPE_REPRESENTATION_RELATIONSHIP() );
#6612 = ITEM_DEFINED_TRANSFORMATION('','',#11,#5052);
#6613 = PRODUCT_DEFINITION_SHAPE('Placement','Placement of an item',
  #6614);
#6614 = NEXT_ASSEMBLY_USAGE_OCCURRENCE('404','Hotspot_3_1','',#5014,
  #6449,$);
#6615 = PRODUCT_RELATED_PRODUCT_CATEGORY('part',$,(#6451));
#6616 = SHAPE_DEFINITION_REPRESENTATION(#6617,#6623);
#6617 = PRODUCT_DEFINITION_SHAPE('','',#6618);
#6618 = PRODUCT_DEFINITION('design','',#6619,#6622);
#6619 = PRODUCT_DEFINITION_FORMATION('','',#6620);
#6620 = PRODUCT('Hotspot_3_2','Hotspot_3_2','',(#6621));
#6621 = PRODUCT_CONTEXT('',#2,'mechanical');
#6622 = PRODUCT_DEFINITION_CONTEXT('part definition',#2,'design');
#6623 = ADVANCED_BREP_SHAPE_REPRESENTATION('',(#11,#6624),#6774);
#6624 = MANIFOLD_SOLID_BREP('',#6625);
#6625 = CLOSED_SHELL('',(#6626,#6666,#6706,#6728,#6750,#6762));
#6626 = ADVANCED_FACE('',(#6627),#6661,.F.);
#6627 = FACE_BOUND('',#6628,.F.);
#6628 = EDGE_LOOP('',(#6629,#6639,#6647,#6655));
#6629 = ORIENTED_EDGE('',*,*,#6630,.F.);
#6630 = EDGE_CURVE('',#6631,#6633,#6635,.T.);
#6631 = VERTEX_POINT('',#6632);
#6632 = CARTESIAN_POINT('',(0.,0.,0.));
#6633 = VERTEX_POINT('',#6634);
#6634 = CARTESIAN_POINT('',(0.,0.,0.2));
#6635 = LINE('',#6636,#6637);
#6636 = CARTESIAN_POINT('',(0.,0.,0.));
#6637 = VECTOR('',#6638,1.);
#6638 = DIRECTION('',(0.,0.,1.));
#6639 = ORIENTED_EDGE('',*,*,#6640,.T.);
#6640 = EDGE_CURVE('',#6631,#6641,#6643,.T.);
#6641 = VERTEX_POINT('',#6642);
#6642 = CARTESIAN_POINT('',(0.,0.5,0.));
#6643 = LINE('',#6644,#6645);
#6644 = CARTESIAN_POINT('',(0.,0.,0.));
#6645 = VECTOR('',#6646,1.);
#6646 = DIRECTION('',(-0.,1.,0.));
#6647 = ORIENTED_EDGE('',*,*,#6648,.T.);
#6648 = EDGE_CURVE('',#6641,#6649,#6651,.T.);
#6649 = VERTEX_POINT('',#6650);
#6650 = CARTESIAN_POINT('',(0.,0.5,0.2));
#6651 = LINE('',#6652,#6653);
#6652 = CARTESIAN_POINT('',(0.,0.5,0.));
#6653 = VECTOR('',#6654,1.);
#6654 = DIRECTION('',(0.,0.,1.));
#6655 = ORIENTED_EDGE('',*,*,#6656,.F.);
#6656 = EDGE_CURVE('',#6633,#6649,#6657,.T.);
#6657 = LINE('',#6658,#6659);
#6658 = CARTESIAN_POINT('',(0.,0.,0.2));
#6659 = VECTOR('',#6660,1.);
#6660 = DIRECTION('',(-0.,1.,0.));
#6661 = PLANE('',#6662);
#6662 = AXIS2_PLACEMENT_3D('',#6663,#6664,#6665);
#6663 = CARTESIAN_POINT('',(0.,0.,0.));
#6664 = DIRECTION('',(1.,0.,-0.));
#6665 = DIRECTION('',(0.,0.,1.));
#6666 = ADVANCED_FACE('',(#6667),#6701,.T.);
#6667 = FACE_BOUND('',#6668,.T.);
#6668 = EDGE_LOOP('',(#6669,#6679,#6687,#6695));
#6669 = ORIENTED_EDGE('',*,*,#6670,.F.);
#6670 = EDGE_CURVE('',#6671,#6673,#6675,.T.);
#6671 = VERTEX_POINT('',#6672);
#6672 = CARTESIAN_POINT('',(0.2,0.,0.));
#6673 = VERTEX_POINT('',#6674);
#6674 = CARTESIAN_POINT('',(0.2,0.,0.2));
#6675 = LINE('',#6676,#6677);
#6676 = CARTESIAN_POINT('',(0.2,0.,0.));
#6677 = VECTOR('',#6678,1.);
#6678 = DIRECTION('',(0.,0.,1.));
#6679 = ORIENTED_EDGE('',*,*,#6680,.T.);
#6680 = EDGE_CURVE('',#6671,#6681,#6683,.T.);
#6681 = VERTEX_POINT('',#6682);
#6682 = CARTESIAN_POINT('',(0.2,0.5,0.));
#6683 = LINE('',#6684,#6685);
#6684 = CARTESIAN_POINT('',(0.2,0.,0.));
#6685 = VECTOR('',#6686,1.);
#6686 = DIRECTION('',(-0.,1.,0.));
#6687 = ORIENTED_EDGE('',*,*,#6688,.T.);
#6688 = EDGE_CURVE('',#6681,#6689,#6691,.T.);
#6689 = VERTEX_POINT('',#6690);
#6690 = CARTESIAN_POINT('',(0.2,0.5,0.2));
#6691 = LINE('',#6692,#6693);
#6692 = CARTESIAN_POINT('',(0.2,0.5,0.));
#6693 = VECTOR('',#6694,1.);
#6694 = DIRECTION('',(0.,0.,1.));
#6695 = ORIENTED_EDGE('',*,*,#6696,.F.);
#6696 = EDGE_CURVE('',#6673,#6689,#6697,.T.);
#6697 = LINE('',#6698,#6699);
#6698 = CARTESIAN_POINT('',(0.2,0.,0.2));
#6699 = VECTOR('',#6700,1.);
#6700 = DIRECTION('',(-0.,1.,0.));
#6701 = PLANE('',#6702);
#6702 = AXIS2_PLACEMENT_3D('',#6703,#6704,#6705);
#6703 = CARTESIAN_POINT('',(0.2,0.,0.));
#6704 = DIRECTION('',(1.,0.,-0.));
#6705 = DIRECTION('',(0.,0.,1.));
#6706 = ADVANCED_FACE('',(#6707),#6723,.F.);
#6707 = FACE_BOUND('',#6708,.F.);
#6708 = EDGE_LOOP('',(#6709,#6715,#6716,#6722));
#6709 = ORIENTED_EDGE('',*,*,#6710,.F.);
#6710 = EDGE_CURVE('',#6631,#6671,#6711,.T.);
#6711 = LINE('',#6712,#6713);
#6712 = CARTESIAN_POINT('',(0.,0.,0.));
#6713 = VECTOR('',#6714,1.);
#6714 = DIRECTION('',(1.,0.,-0.));
#6715 = ORIENTED_EDGE('',*,*,#6630,.T.);
#6716 = ORIENTED_EDGE('',*,*,#6717,.T.);
#6717 = EDGE_CURVE('',#6633,#6673,#6718,.T.);
#6718 = LINE('',#6719,#6720);
#6719 = CARTESIAN_POINT('',(0.,0.,0.2));
#6720 = VECTOR('',#6721,1.);
#6721 = DIRECTION('',(1.,0.,-0.));
#6722 = ORIENTED_EDGE('',*,*,#6670,.F.);
#6723 = PLANE('',#6724);
#6724 = AXIS2_PLACEMENT_3D('',#6725,#6726,#6727);
#6725 = CARTESIAN_POINT('',(0.,0.,0.));
#6726 = DIRECTION('',(-0.,1.,0.));
#6727 = DIRECTION('',(0.,0.,1.));
#6728 = ADVANCED_FACE('',(#6729),#6745,.T.);
#6729 = FACE_BOUND('',#6730,.T.);
#6730 = EDGE_LOOP('',(#6731,#6737,#6738,#6744));
#6731 = ORIENTED_EDGE('',*,*,#6732,.F.);
#6732 = EDGE_CURVE('',#6641,#6681,#6733,.T.);
#6733 = LINE('',#6734,#6735);
#6734 = CARTESIAN_POINT('',(0.,0.5,0.));
#6735 = VECTOR('',#6736,1.);
#6736 = DIRECTION('',(1.,0.,-0.));
#6737 = ORIENTED_EDGE('',*,*,#6648,.T.);
#6738 = ORIENTED_EDGE('',*,*,#6739,.T.);
#6739 = EDGE_CURVE('',#6649,#6689,#6740,.T.);
#6740 = LINE('',#6741,#6742);
#6741 = CARTESIAN_POINT('',(0.,0.5,0.2));
#6742 = VECTOR('',#6743,1.);
#6743 = DIRECTION('',(1.,0.,-0.));
#6744 = ORIENTED_EDGE('',*,*,#6688,.F.);
#6745 = PLANE('',#6746);
#6746 = AXIS2_PLACEMENT_3D('',#6747,#6748,#6749);
#6747 = CARTESIAN_POINT('',(0.,0.5,0.));
#6748 = DIRECTION('',(-0.,1.,0.));
#6749 = DIRECTION('',(0.,0.,1.));
#6750 = ADVANCED_FACE('',(#6751),#6757,.F.);
#6751 = FACE_BOUND('',#6752,.F.);
#6752 = EDGE_LOOP('',(#6753,#6754,#6755,#6756));
#6753 = ORIENTED_EDGE('',*,*,#6640,.F.);
#6754 = ORIENTED_EDGE('',*,*,#6710,.T.);
#6755 = ORIENTED_EDGE('',*,*,#6680,.T.);
#6756 = ORIENTED_EDGE('',*,*,#6732,.F.);
#6757 = PLANE('',#6758);
#6758 = AXIS2_PLACEMENT_3D('',#6759,#6760,#6761);
#6759 = CARTESIAN_POINT('',(0.,0.,0.));
#6760 = DIRECTION('',(0.,0.,1.));
#6761 = DIRECTION('',(1.,0.,-0.));
#6762 = ADVANCED_FACE('',(#6763),#6769,.T.);
#6763 = FACE_BOUND('',#6764,.T.);
#6764 = EDGE_LOOP('',(#6765,#6766,#6767,#6768));
#6765 = ORIENTED_EDGE('',*,*,#6656,.F.);
#6766 = ORIENTED_EDGE('',*,*,#6717,.T.);
#6767 = ORIENTED_EDGE('',*,*,#6696,.T.);
#6768 = ORIENTED_EDGE('',*,*,#6739,.F.);
#6769 = PLANE('',#6770);
#6770 = AXIS2_PLACEMENT_3D('',#6771,#6772,#6773);
#6771 = CARTESIAN_POINT('',(0.,0.,0.2));
#6772 = DIRECTION('',(0.,0.,1.));
#6773 = DIRECTION('',(1.,0.,-0.));
#6774 = ( GEOMETRIC_REPRESENTATION_CONTEXT(3) 
GLOBAL_UNCERTAINTY_ASSIGNED_CONTEXT((#6778)) 
GLOBAL_UNIT_ASSIGNED_CONTEXT((#6775,#6776,#6777)) REPRESENTATION_CONTEXT
('Context #1','3D Context with UNIT and UNCERTAINTY') );
#6775 = ( LENGTH_UNIT() NAMED_UNIT(*) SI_UNIT(.MILLI.,.METRE.) );
#6776 = ( NAMED_UNIT(*) PLANE_ANGLE_UNIT() SI_UNIT($,.RADIAN.) );
#6777 = ( NAMED_UNIT(*) SI_UNIT($,.STERADIAN.) SOLID_ANGLE_UNIT() );
#6778 = UNCERTAINTY_MEASURE_WITH_UNIT(LENGTH_MEASURE(1.E-07),#6775,
  'distance_accuracy_value','confusion accuracy');
#6779 = CONTEXT_DEPENDENT_SHAPE_REPRESENTATION(#6780,#6782);
#6780 = ( REPRESENTATION_RELATIONSHIP('','',#6623,#5019) 
REPRESENTATION_RELATIONSHIP_WITH_TRANSFORMATION(#6781) 
SHAPE_REPRESENTATION_RELATIONSHIP() );
#6781 = ITEM_DEFINED_TRANSFORMATION('','',#11,#5056);
#6782 = PRODUCT_DEFINITION_SHAPE('Placement','Placement of an item',
  #6783);
#6783 = NEXT_ASSEMBLY_USAGE_OCCURRENCE('405','Hotspot_3_2','',#5014,
  #6618,$);
#6784 = PRODUCT_RELATED_PRODUCT_CATEGORY('part',$,(#6620));
#6785 = SHAPE_DEFINITION_REPRESENTATION(#6786,#6792);
#6786 = PRODUCT_DEFINITION_SHAPE('','',#6787);
#6787 = PRODUCT_DEFINITION('design','',#6788,#6791);
#6788 = PRODUCT_DEFINITION_FORMATION('','',#6789);
#6789 = PRODUCT('Hotspot_3_3','Hotspot_3_3','',(#6790));
#6790 = PRODUCT_CONTEXT('',#2,'mechanical');
#6791 = PRODUCT_DEFINITION_CONTEXT('part definition',#2,'design');
#6792 = ADVANCED_BREP_SHAPE_REPRESENTATION('',(#11,#6793),#6943);
#6793 = MANIFOLD_SOLID_BREP('',#6794);
#6794 = CLOSED_SHELL('',(#6795,#6835,#6875,#6897,#6919,#6931));
#6795 = ADVANCED_FACE('',(#6796),#6830,.F.);
#6796 = FACE_BOUND('',#6797,.F.);
#6797 = EDGE_LOOP('',(#6798,#6808,#6816,#6824));
#6798 = ORIENTED_EDGE('',*,*,#6799,.F.);
#6799 = EDGE_CURVE('',#6800,#6802,#6804,.T.);
#6800 = VERTEX_POINT('',#6801);
#6801 = CARTESIAN_POINT('',(0.,0.,0.));
#6802 = VERTEX_POINT('',#6803);
#6803 = CARTESIAN_POINT('',(0.,0.,0.2));
#6804 = LINE('',#6805,#6806);
#6805 = CARTESIAN_POINT('',(0.,0.,0.));
#6806 = VECTOR('',#6807,1.);
#6807 = DIRECTION('',(0.,0.,1.));
#6808 = ORIENTED_EDGE('',*,*,#6809,.T.);
#6809 = EDGE_CURVE('',#6800,#6810,#6812,.T.);
#6810 = VERTEX_POINT('',#6811);
#6811 = CARTESIAN_POINT('',(0.,0.5,0.));
#6812 = LINE('',#6813,#6814);
#6813 = CARTESIAN_POINT('',(0.,0.,0.));
#6814 = VECTOR('',#6815,1.);
#6815 = DIRECTION('',(-0.,1.,0.));
#6816 = ORIENTED_EDGE('',*,*,#6817,.T.);
#6817 = EDGE_CURVE('',#6810,#6818,#6820,.T.);
#6818 = VERTEX_POINT('',#6819);
#6819 = CARTESIAN_POINT('',(0.,0.5,0.2));
#6820 = LINE('',#6821,#6822);
#6821 = CARTESIAN_POINT('',(0.,0.5,0.));
#6822 = VECTOR('',#6823,1.);
#6823 = DIRECTION('',(0.,0.,1.));
#6824 = ORIENTED_EDGE('',*,*,#6825,.F.);
#6825 = EDGE_CURVE('',#6802,#6818,#6826,.T.);
#6826 = LINE('',#6827,#6828);
#6827 = CARTESIAN_POINT('',(0.,0.,0.2));
#6828 = VECTOR('',#6829,1.);
#6829 = DIRECTION('',(-0.,1.,0.));
#6830 = PLANE('',#6831);
#6831 = AXIS2_PLACEMENT_3D('',#6832,#6833,#6834);
#6832 = CARTESIAN_POINT('',(0.,0.,0.));
#6833 = DIRECTION('',(1.,0.,-0.));
#6834 = DIRECTION('',(0.,0.,1.));
#6835 = ADVANCED_FACE('',(#6836),#6870,.T.);
#6836 = FACE_BOUND('',#6837,.T.);
#6837 = EDGE_LOOP('',(#6838,#6848,#6856,#6864));
#6838 = ORIENTED_EDGE('',*,*,#6839,.F.);
#6839 = EDGE_CURVE('',#6840,#6842,#6844,.T.);
#6840 = VERTEX_POINT('',#6841);
#6841 = CARTESIAN_POINT('',(0.2,0.,0.));
#6842 = VERTEX_POINT('',#6843);
#6843 = CARTESIAN_POINT('',(0.2,0.,0.2));
#6844 = LINE('',#6845,#6846);
#6845 = CARTESIAN_POINT('',(0.2,0.,0.));
#6846 = VECTOR('',#6847,1.);
#6847 = DIRECTION('',(0.,0.,1.));
#6848 = ORIENTED_EDGE('',*,*,#6849,.T.);
#6849 = EDGE_CURVE('',#6840,#6850,#6852,.T.);
#6850 = VERTEX_POINT('',#6851);
#6851 = CARTESIAN_POINT('',(0.2,0.5,0.));
#6852 = LINE('',#6853,#6854);
#6853 = CARTESIAN_POINT('',(0.2,0.,0.));
#6854 = VECTOR('',#6855,1.);
#6855 = DIRECTION('',(-0.,1.,0.));
#6856 = ORIENTED_EDGE('',*,*,#6857,.T.);
#6857 = EDGE_CURVE('',#6850,#6858,#6860,.T.);
#6858 = VERTEX_POINT('',#6859);
#6859 = CARTESIAN_POINT('',(0.2,0.5,0.2));
#6860 = LINE('',#6861,#6862);
#6861 = CARTESIAN_POINT('',(0.2,0.5,0.));
#6862 = VECTOR('',#6863,1.);
#6863 = DIRECTION('',(0.,0.,1.));
#6864 = ORIENTED_EDGE('',*,*,#6865,.F.);
#6865 = EDGE_CURVE('',#6842,#6858,#6866,.T.);
#6866 = LINE('',#6867,#6868);
#6867 = CARTESIAN_POINT('',(0.2,0.,0.2));
#6868 = VECTOR('',#6869,1.);
#6869 = DIRECTION('',(-0.,1.,0.));
#6870 = PLANE('',#6871);
#6871 = AXIS2_PLACEMENT_3D('',#6872,#6873,#6874);
#6872 = CARTESIAN_POINT('',(0.2,0.,0.));
#6873 = DIRECTION('',(1.,0.,-0.));
#6874 = DIRECTION('',(0.,0.,1.));
#6875 = ADVANCED_FACE('',(#6876),#6892,.F.);
#6876 = FACE_BOUND('',#6877,.F.);
#6877 = EDGE_LOOP('',(#6878,#6884,#6885,#6891));
#6878 = ORIENTED_EDGE('',*,*,#6879,.F.);
#6879 = EDGE_CURVE('',#6800,#6840,#6880,.T.);
#6880 = LINE('',#6881,#6882);
#6881 = CARTESIAN_POINT('',(0.,0.,0.));
#6882 = VECTOR('',#6883,1.);
#6883 = DIRECTION('',(1.,0.,-0.));
#6884 = ORIENTED_EDGE('',*,*,#6799,.T.);
#6885 = ORIENTED_EDGE('',*,*,#6886,.T.);
#6886 = EDGE_CURVE('',#6802,#6842,#6887,.T.);
#6887 = LINE('',#6888,#6889);
#6888 = CARTESIAN_POINT('',(0.,0.,0.2));
#6889 = VECTOR('',#6890,1.);
#6890 = DIRECTION('',(1.,0.,-0.));
#6891 = ORIENTED_EDGE('',*,*,#6839,.F.);
#6892 = PLANE('',#6893);
#6893 = AXIS2_PLACEMENT_3D('',#6894,#6895,#6896);
#6894 = CARTESIAN_POINT('',(0.,0.,0.));
#6895 = DIRECTION('',(-0.,1.,0.));
#6896 = DIRECTION('',(0.,0.,1.));
#6897 = ADVANCED_FACE('',(#6898),#6914,.T.);
#6898 = FACE_BOUND('',#6899,.T.);
#6899 = EDGE_LOOP('',(#6900,#6906,#6907,#6913));
#6900 = ORIENTED_EDGE('',*,*,#6901,.F.);
#6901 = EDGE_CURVE('',#6810,#6850,#6902,.T.);
#6902 = LINE('',#6903,#6904);
#6903 = CARTESIAN_POINT('',(0.,0.5,0.));
#6904 = VECTOR('',#6905,1.);
#6905 = DIRECTION('',(1.,0.,-0.));
#6906 = ORIENTED_EDGE('',*,*,#6817,.T.);
#6907 = ORIENTED_EDGE('',*,*,#6908,.T.);
#6908 = EDGE_CURVE('',#6818,#6858,#6909,.T.);
#6909 = LINE('',#6910,#6911);
#6910 = CARTESIAN_POINT('',(0.,0.5,0.2));
#6911 = VECTOR('',#6912,1.);
#6912 = DIRECTION('',(1.,0.,-0.));
#6913 = ORIENTED_EDGE('',*,*,#6857,.F.);
#6914 = PLANE('',#6915);
#6915 = AXIS2_PLACEMENT_3D('',#6916,#6917,#6918);
#6916 = CARTESIAN_POINT('',(0.,0.5,0.));
#6917 = DIRECTION('',(-0.,1.,0.));
#6918 = DIRECTION('',(0.,0.,1.));
#6919 = ADVANCED_FACE('',(#6920),#6926,.F.);
#6920 = FACE_BOUND('',#6921,.F.);
#6921 = EDGE_LOOP('',(#6922,#6923,#6924,#6925));
#6922 = ORIENTED_EDGE('',*,*,#6809,.F.);
#6923 = ORIENTED_EDGE('',*,*,#6879,.T.);
#6924 = ORIENTED_EDGE('',*,*,#6849,.T.);
#6925 = ORIENTED_EDGE('',*,*,#6901,.F.);
#6926 = PLANE('',#6927);
#6927 = AXIS2_PLACEMENT_3D('',#6928,#6929,#6930);
#6928 = CARTESIAN_POINT('',(0.,0.,0.));
#6929 = DIRECTION('',(0.,0.,1.));
#6930 = DIRECTION('',(1.,0.,-0.));
#6931 = ADVANCED_FACE('',(#6932),#6938,.T.);
#6932 = FACE_BOUND('',#6933,.T.);
#6933 = EDGE_LOOP('',(#6934,#6935,#6936,#6937));
#6934 = ORIENTED_EDGE('',*,*,#6825,.F.);
#6935 = ORIENTED_EDGE('',*,*,#6886,.T.);
#6936 = ORIENTED_EDGE('',*,*,#6865,.T.);
#6937 = ORIENTED_EDGE('',*,*,#6908,.F.);
#6938 = PLANE('',#6939);
#6939 = AXIS2_PLACEMENT_3D('',#6940,#6941,#6942);
#6940 = CARTESIAN_POINT('',(0.,0.,0.2));
#6941 = DIRECTION('',(0.,0.,1.));
#6942 = DIRECTION('',(1.,0.,-0.));
#6943 = ( GEOMETRIC_REPRESENTATION_CONTEXT(3) 
GLOBAL_UNCERTAINTY_ASSIGNED_CONTEXT((#6947)) 
GLOBAL_UNIT_ASSIGNED_CONTEXT((#6944,#6945,#6946)) REPRESENTATION_CONTEXT
('Context #1','3D Context with UNIT and UNCERTAINTY') );
#6944 = ( LENGTH_UNIT() NAMED_UNIT(*) SI_UNIT(.MILLI.,.METRE.) );
#6945 = ( NAMED_UNIT(*) PLANE_ANGLE_UNIT() SI_UNIT($,.RADIAN.) );
#6946 = ( NAMED_UNIT(*) SI_UNIT($,.STERADIAN.) SOLID_ANGLE_UNIT() );
#6947 = UNCERTAINTY_MEASURE_WITH_UNIT(LENGTH_MEASURE(1.E-07),#6944,
  'distance_accuracy_value','confusion accuracy');
#6948 = CONTEXT_DEPENDENT_SHAPE_REPRESENTATION(#6949,#6951);
#6949 = ( REPRESENTATION_RELATIONSHIP('','',#6792,#5019) 
REPRESENTATION_RELATIONSHIP_WITH_TRANSFORMATION(#6950) 
SHAPE_REPRESENTATION_RELATIONSHIP() );
#6950 = ITEM_DEFINED_TRANSFORMATION('','',#11,#5060);
#6951 = PRODUCT_DEFINITION_SHAPE('Placement','Placement of an item',
  #6952);
#6952 = NEXT_ASSEMBLY_USAGE_OCCURRENCE('406','Hotspot_3_3','',#5014,
  #6787,$);
#6953 = PRODUCT_RELATED_PRODUCT_CATEGORY('part',$,(#6789));
#6954 = SHAPE_DEFINITION_REPRESENTATION(#6955,#6961);
#6955 = PRODUCT_DEFINITION_SHAPE('','',#6956);
#6956 = PRODUCT_DEFINITION('design','',#6957,#6960);
#6957 = PRODUCT_DEFINITION_FORMATION('','',#6958);
#6958 = PRODUCT('Hotspot_3_4','Hotspot_3_4','',(#6959));
#6959 = PRODUCT_CONTEXT('',#2,'mechanical');
#6960 = PRODUCT_DEFINITION_CONTEXT('part definition',#2,'design');
#6961 = ADVANCED_BREP_SHAPE_REPRESENTATION('',(#11,#6962),#7112);
#6962 = MANIFOLD_SOLID_BREP('',#6963);
#6963 = CLOSED_SHELL('',(#6964,#7004,#7044,#7066,#7088,#7100));
#6964 = ADVANCED_FACE('',(#6965),#6999,.F.);
#6965 = FACE_BOUND('',#6966,.F.);
#6966 = EDGE_LOOP('',(#6967,#6977,#6985,#6993));
#6967 = ORIENTED_EDGE('',*,*,#6968,.F.);
#6968 = EDGE_CURVE('',#6969,#6971,#6973,.T.);
#6969 = VERTEX_POINT('',#6970);
#6970 = CARTESIAN_POINT('',(0.,0.,0.));
#6971 = VERTEX_POINT('',#6972);
#6972 = CARTESIAN_POINT('',(0.,0.,0.2));
#6973 = LINE('',#6974,#6975);
#6974 = CARTESIAN_POINT('',(0.,0.,0.));
#6975 = VECTOR('',#6976,1.);
#6976 = DIRECTION('',(0.,0.,1.));
#6977 = ORIENTED_EDGE('',*,*,#6978,.T.);
#6978 = EDGE_CURVE('',#6969,#6979,#6981,.T.);
#6979 = VERTEX_POINT('',#6980);
#6980 = CARTESIAN_POINT('',(0.,0.5,0.));
#6981 = LINE('',#6982,#6983);
#6982 = CARTESIAN_POINT('',(0.,0.,0.));
#6983 = VECTOR('',#6984,1.);
#6984 = DIRECTION('',(-0.,1.,0.));
#6985 = ORIENTED_EDGE('',*,*,#6986,.T.);
#6986 = EDGE_CURVE('',#6979,#6987,#6989,.T.);
#6987 = VERTEX_POINT('',#6988);
#6988 = CARTESIAN_POINT('',(0.,0.5,0.2));
#6989 = LINE('',#6990,#6991);
#6990 = CARTESIAN_POINT('',(0.,0.5,0.));
#6991 = VECTOR('',#6992,1.);
#6992 = DIRECTION('',(0.,0.,1.));
#6993 = ORIENTED_EDGE('',*,*,#6994,.F.);
#6994 = EDGE_CURVE('',#6971,#6987,#6995,.T.);
#6995 = LINE('',#6996,#6997);
#6996 = CARTESIAN_POINT('',(0.,0.,0.2));
#6997 = VECTOR('',#6998,1.);
#6998 = DIRECTION('',(-0.,1.,0.));
#6999 = PLANE('',#7000);
#7000 = AXIS2_PLACEMENT_3D('',#7001,#7002,#7003);
#7001 = CARTESIAN_POINT('',(0.,0.,0.));
#7002 = DIRECTION('',(1.,0.,-0.));
#7003 = DIRECTION('',(0.,0.,1.));
#7004 = ADVANCED_FACE('',(#7005),#7039,.T.);
#7005 = FACE_BOUND('',#7006,.T.);
#7006 = EDGE_LOOP('',(#7007,#7017,#7025,#7033));
#7007 = ORIENTED_EDGE('',*,*,#7008,.F.);
#7008 = EDGE_CURVE('',#7009,#7011,#7013,.T.);
#7009 = VERTEX_POINT('',#7010);
#7010 = CARTESIAN_POINT('',(0.2,0.,0.));
#7011 = VERTEX_POINT('',#7012);
#7012 = CARTESIAN_POINT('',(0.2,0.,0.2));
#7013 = LINE('',#7014,#7015);
#7014 = CARTESIAN_POINT('',(0.2,0.,0.));
#7015 = VECTOR('',#7016,1.);
#7016 = DIRECTION('',(0.,0.,1.));
#7017 = ORIENTED_EDGE('',*,*,#7018,.T.);
#7018 = EDGE_CURVE('',#7009,#7019,#7021,.T.);
#7019 = VERTEX_POINT('',#7020);
#7020 = CARTESIAN_POINT('',(0.2,0.5,0.));
#7021 = LINE('',#7022,#7023);
#7022 = CARTESIAN_POINT('',(0.2,0.,0.));
#7023 = VECTOR('',#7024,1.);
#7024 = DIRECTION('',(-0.,1.,0.));
#7025 = ORIENTED_EDGE('',*,*,#7026,.T.);
#7026 = EDGE_CURVE('',#7019,#7027,#7029,.T.);
#7027 = VERTEX_POINT('',#7028);
#7028 = CARTESIAN_POINT('',(0.2,0.5,0.2));
#7029 = LINE('',#7030,#7031);
#7030 = CARTESIAN_POINT('',(0.2,0.5,0.));
#7031 = VECTOR('',#7032,1.);
#7032 = DIRECTION('',(0.,0.,1.));
#7033 = ORIENTED_EDGE('',*,*,#7034,.F.);
#7034 = EDGE_CURVE('',#7011,#7027,#7035,.T.);
#7035 = LINE('',#7036,#7037);
#7036 = CARTESIAN_POINT('',(0.2,0.,0.2));
#7037 = VECTOR('',#7038,1.);
#7038 = DIRECTION('',(-0.,1.,0.));
#7039 = PLANE('',#7040);
#7040 = AXIS2_PLACEMENT_3D('',#7041,#7042,#7043);
#7041 = CARTESIAN_POINT('',(0.2,0.,0.));
#7042 = DIRECTION('',(1.,0.,-0.));
#7043 = DIRECTION('',(0.,0.,1.));
#7044 = ADVANCED_FACE('',(#7045),#7061,.F.);
#7045 = FACE_BOUND('',#7046,.F.);
#7046 = EDGE_LOOP('',(#7047,#7053,#7054,#7060));
#7047 = ORIENTED_EDGE('',*,*,#7048,.F.);
#7048 = EDGE_CURVE('',#6969,#7009,#7049,.T.);
#7049 = LINE('',#7050,#7051);
#7050 = CARTESIAN_POINT('',(0.,0.,0.));
#7051 = VECTOR('',#7052,1.);
#7052 = DIRECTION('',(1.,0.,-0.));
#7053 = ORIENTED_EDGE('',*,*,#6968,.T.);
#7054 = ORIENTED_EDGE('',*,*,#7055,.T.);
#7055 = EDGE_CURVE('',#6971,#7011,#7056,.T.);
#7056 = LINE('',#7057,#7058);
#7057 = CARTESIAN_POINT('',(0.,0.,0.2));
#7058 = VECTOR('',#7059,1.);
#7059 = DIRECTION('',(1.,0.,-0.));
#7060 = ORIENTED_EDGE('',*,*,#7008,.F.);
#7061 = PLANE('',#7062);
#7062 = AXIS2_PLACEMENT_3D('',#7063,#7064,#7065);
#7063 = CARTESIAN_POINT('',(0.,0.,0.));
#7064 = DIRECTION('',(-0.,1.,0.));
#7065 = DIRECTION('',(0.,0.,1.));
#7066 = ADVANCED_FACE('',(#7067),#7083,.T.);
#7067 = FACE_BOUND('',#7068,.T.);
#7068 = EDGE_LOOP('',(#7069,#7075,#7076,#7082));
#7069 = ORIENTED_EDGE('',*,*,#7070,.F.);
#7070 = EDGE_CURVE('',#6979,#7019,#7071,.T.);
#7071 = LINE('',#7072,#7073);
#7072 = CARTESIAN_POINT('',(0.,0.5,0.));
#7073 = VECTOR('',#7074,1.);
#7074 = DIRECTION('',(1.,0.,-0.));
#7075 = ORIENTED_EDGE('',*,*,#6986,.T.);
#7076 = ORIENTED_EDGE('',*,*,#7077,.T.);
#7077 = EDGE_CURVE('',#6987,#7027,#7078,.T.);
#7078 = LINE('',#7079,#7080);
#7079 = CARTESIAN_POINT('',(0.,0.5,0.2));
#7080 = VECTOR('',#7081,1.);
#7081 = DIRECTION('',(1.,0.,-0.));
#7082 = ORIENTED_EDGE('',*,*,#7026,.F.);
#7083 = PLANE('',#7084);
#7084 = AXIS2_PLACEMENT_3D('',#7085,#7086,#7087);
#7085 = CARTESIAN_POINT('',(0.,0.5,0.));
#7086 = DIRECTION('',(-0.,1.,0.));
#7087 = DIRECTION('',(0.,0.,1.));
#7088 = ADVANCED_FACE('',(#7089),#7095,.F.);
#7089 = FACE_BOUND('',#7090,.F.);
#7090 = EDGE_LOOP('',(#7091,#7092,#7093,#7094));
#7091 = ORIENTED_EDGE('',*,*,#6978,.F.);
#7092 = ORIENTED_EDGE('',*,*,#7048,.T.);
#7093 = ORIENTED_EDGE('',*,*,#7018,.T.);
#7094 = ORIENTED_EDGE('',*,*,#7070,.F.);
#7095 = PLANE('',#7096);
#7096 = AXIS2_PLACEMENT_3D('',#7097,#7098,#7099);
#7097 = CARTESIAN_POINT('',(0.,0.,0.));
#7098 = DIRECTION('',(0.,0.,1.));
#7099 = DIRECTION('',(1.,0.,-0.));
#7100 = ADVANCED_FACE('',(#7101),#7107,.T.);
#7101 = FACE_BOUND('',#7102,.T.);
#7102 = EDGE_LOOP('',(#7103,#7104,#7105,#7106));
#7103 = ORIENTED_EDGE('',*,*,#6994,.F.);
#7104 = ORIENTED_EDGE('',*,*,#7055,.T.);
#7105 = ORIENTED_EDGE('',*,*,#7034,.T.);
#7106 = ORIENTED_EDGE('',*,*,#7077,.F.);
#7107 = PLANE('',#7108);
#7108 = AXIS2_PLACEMENT_3D('',#7109,#7110,#7111);
#7109 = CARTESIAN_POINT('',(0.,0.,0.2));
#7110 = DIRECTION('',(0.,0.,1.));
#7111 = DIRECTION('',(1.,0.,-0.));
#7112 = ( GEOMETRIC_REPRESENTATION_CONTEXT(3) 
GLOBAL_UNCERTAINTY_ASSIGNED_CONTEXT((#7116)) 
GLOBAL_UNIT_ASSIGNED_CONTEXT((#7113,#7114,#7115)) REPRESENTATION_CONTEXT
('Context #1','3D Context with UNIT and UNCERTAINTY') );
#7113 = ( LENGTH_UNIT() NAMED_UNIT(*) SI_UNIT(.MILLI.,.METRE.) );
#7114 = ( NAMED_UNIT(*) PLANE_ANGLE_UNIT() SI_UNIT($,.RADIAN.) );
#7115 = ( NAMED_UNIT(*) SI_UNIT($,.STERADIAN.) SOLID_ANGLE_UNIT() );
#7116 = UNCERTAINTY_MEASURE_WITH_UNIT(LENGTH_MEASURE(1.E-07),#7113,
  'distance_accuracy_value','confusion accuracy');
#7117 = CONTEXT_DEPENDENT_SHAPE_REPRESENTATION(#7118,#7120);
#7118 = ( REPRESENTATION_RELATIONSHIP('','',#6961,#5019) 
REPRESENTATION_RELATIONSHIP_WITH_TRANSFORMATION(#7119) 
SHAPE_REPRESENTATION_RELATIONSHIP() );
#7119 = ITEM_DEFINED_TRANSFORMATION('','',#11,#5064);
#7120 = PRODUCT_DEFINITION_SHAPE('Placement','Placement of an item',
  #7121);
#7121 = NEXT_ASSEMBLY_USAGE_OCCURRENCE('407','Hotspot_3_4','',#5014,
  #6956,$);
#7122 = PRODUCT_RELATED_PRODUCT_CATEGORY('part',$,(#6958));
#7123 = SHAPE_DEFINITION_REPRESENTATION(#7124,#7130);
#7124 = PRODUCT_DEFINITION_SHAPE('','',#7125);
#7125 = PRODUCT_DEFINITION('design','',#7126,#7129);
#7126 = PRODUCT_DEFINITION_FORMATION('','',#7127);
#7127 = PRODUCT('Hotspot_4_1','Hotspot_4_1','',(#7128));
#7128 = PRODUCT_CONTEXT('',#2,'mechanical');
#7129 = PRODUCT_DEFINITION_CONTEXT('part definition',#2,'design');
#7130 = ADVANCED_BREP_SHAPE_REPRESENTATION('',(#11,#7131),#7281);
#7131 = MANIFOLD_SOLID_BREP('',#7132);
#7132 = CLOSED_SHELL('',(#7133,#7173,#7213,#7235,#7257,#7269));
#7133 = ADVANCED_FACE('',(#7134),#7168,.F.);
#7134 = FACE_BOUND('',#7135,.F.);
#7135 = EDGE_LOOP('',(#7136,#7146,#7154,#7162));
#7136 = ORIENTED_EDGE('',*,*,#7137,.F.);
#7137 = EDGE_CURVE('',#7138,#7140,#7142,.T.);
#7138 = VERTEX_POINT('',#7139);
#7139 = CARTESIAN_POINT('',(0.,0.,0.));
#7140 = VERTEX_POINT('',#7141);
#7141 = CARTESIAN_POINT('',(0.,0.,0.2));
#7142 = LINE('',#7143,#7144);
#7143 = CARTESIAN_POINT('',(0.,0.,0.));
#7144 = VECTOR('',#7145,1.);
#7145 = DIRECTION('',(0.,0.,1.));
#7146 = ORIENTED_EDGE('',*,*,#7147,.T.);
#7147 = EDGE_CURVE('',#7138,#7148,#7150,.T.);
#7148 = VERTEX_POINT('',#7149);
#7149 = CARTESIAN_POINT('',(0.,0.5,0.));
#7150 = LINE('',#7151,#7152);
#7151 = CARTESIAN_POINT('',(0.,0.,0.));
#7152 = VECTOR('',#7153,1.);
#7153 = DIRECTION('',(-0.,1.,0.));
#7154 = ORIENTED_EDGE('',*,*,#7155,.T.);
#7155 = EDGE_CURVE('',#7148,#7156,#7158,.T.);
#7156 = VERTEX_POINT('',#7157);
#7157 = CARTESIAN_POINT('',(0.,0.5,0.2));
#7158 = LINE('',#7159,#7160);
#7159 = CARTESIAN_POINT('',(0.,0.5,0.));
#7160 = VECTOR('',#7161,1.);
#7161 = DIRECTION('',(0.,0.,1.));
#7162 = ORIENTED_EDGE('',*,*,#7163,.F.);
#7163 = EDGE_CURVE('',#7140,#7156,#7164,.T.);
#7164 = LINE('',#7165,#7166);
#7165 = CARTESIAN_POINT('',(0.,0.,0.2));
#7166 = VECTOR('',#7167,1.);
#7167 = DIRECTION('',(-0.,1.,0.));
#7168 = PLANE('',#7169);
#7169 = AXIS2_PLACEMENT_3D('',#7170,#7171,#7172);
#7170 = CARTESIAN_POINT('',(0.,0.,0.));
#7171 = DIRECTION('',(1.,0.,-0.));
#7172 = DIRECTION('',(0.,0.,1.));
#7173 = ADVANCED_FACE('',(#7174),#7208,.T.);
#7174 = FACE_BOUND('',#7175,.T.);
#7175 = EDGE_LOOP('',(#7176,#7186,#7194,#7202));
#7176 = ORIENTED_EDGE('',*,*,#7177,.F.);
#7177 = EDGE_CURVE('',#7178,#7180,#7182,.T.);
#7178 = VERTEX_POINT('',#7179);
#7179 = CARTESIAN_POINT('',(0.2,0.,0.));
#7180 = VERTEX_POINT('',#7181);
#7181 = CARTESIAN_POINT('',(0.2,0.,0.2));
#7182 = LINE('',#7183,#7184);
#7183 = CARTESIAN_POINT('',(0.2,0.,0.));
#7184 = VECTOR('',#7185,1.);
#7185 = DIRECTION('',(0.,0.,1.));
#7186 = ORIENTED_EDGE('',*,*,#7187,.T.);
#7187 = EDGE_CURVE('',#7178,#7188,#7190,.T.);
#7188 = VERTEX_POINT('',#7189);
#7189 = CARTESIAN_POINT('',(0.2,0.5,0.));
#7190 = LINE('',#7191,#7192);
#7191 = CARTESIAN_POINT('',(0.2,0.,0.));
#7192 = VECTOR('',#7193,1.);
#7193 = DIRECTION('',(-0.,1.,0.));
#7194 = ORIENTED_EDGE('',*,*,#7195,.T.);
#7195 = EDGE_CURVE('',#7188,#7196,#7198,.T.);
#7196 = VERTEX_POINT('',#7197);
#7197 = CARTESIAN_POINT('',(0.2,0.5,0.2));
#7198 = LINE('',#7199,#7200);
#7199 = CARTESIAN_POINT('',(0.2,0.5,0.));
#7200 = VECTOR('',#7201,1.);
#7201 = DIRECTION('',(0.,0.,1.));
#7202 = ORIENTED_EDGE('',*,*,#7203,.F.);
#7203 = EDGE_CURVE('',#7180,#7196,#7204,.T.);
#7204 = LINE('',#7205,#7206);
#7205 = CARTESIAN_POINT('',(0.2,0.,0.2));
#7206 = VECTOR('',#7207,1.);
#7207 = DIRECTION('',(-0.,1.,0.));
#7208 = PLANE('',#7209);
#7209 = AXIS2_PLACEMENT_3D('',#7210,#7211,#7212);
#7210 = CARTESIAN_POINT('',(0.2,0.,0.));
#7211 = DIRECTION('',(1.,0.,-0.));
#7212 = DIRECTION('',(0.,0.,1.));
#7213 = ADVANCED_FACE('',(#7214),#7230,.F.);
#7214 = FACE_BOUND('',#7215,.F.);
#7215 = EDGE_LOOP('',(#7216,#7222,#7223,#7229));
#7216 = ORIENTED_EDGE('',*,*,#7217,.F.);
#7217 = EDGE_CURVE('',#7138,#7178,#7218,.T.);
#7218 = LINE('',#7219,#7220);
#7219 = CARTESIAN_POINT('',(0.,0.,0.));
#7220 = VECTOR('',#7221,1.);
#7221 = DIRECTION('',(1.,0.,-0.));
#7222 = ORIENTED_EDGE('',*,*,#7137,.T.);
#7223 = ORIENTED_EDGE('',*,*,#7224,.T.);
#7224 = EDGE_CURVE('',#7140,#7180,#7225,.T.);
#7225 = LINE('',#7226,#7227);
#7226 = CARTESIAN_POINT('',(0.,0.,0.2));
#7227 = VECTOR('',#7228,1.);
#7228 = DIRECTION('',(1.,0.,-0.));
#7229 = ORIENTED_EDGE('',*,*,#7177,.F.);
#7230 = PLANE('',#7231);
#7231 = AXIS2_PLACEMENT_3D('',#7232,#7233,#7234);
#7232 = CARTESIAN_POINT('',(0.,0.,0.));
#7233 = DIRECTION('',(-0.,1.,0.));
#7234 = DIRECTION('',(0.,0.,1.));
#7235 = ADVANCED_FACE('',(#7236),#7252,.T.);
#7236 = FACE_BOUND('',#7237,.T.);
#7237 = EDGE_LOOP('',(#7238,#7244,#7245,#7251));
#7238 = ORIENTED_EDGE('',*,*,#7239,.F.);
#7239 = EDGE_CURVE('',#7148,#7188,#7240,.T.);
#7240 = LINE('',#7241,#7242);
#7241 = CARTESIAN_POINT('',(0.,0.5,0.));
#7242 = VECTOR('',#7243,1.);
#7243 = DIRECTION('',(1.,0.,-0.));
#7244 = ORIENTED_EDGE('',*,*,#7155,.T.);
#7245 = ORIENTED_EDGE('',*,*,#7246,.T.);
#7246 = EDGE_CURVE('',#7156,#7196,#7247,.T.);
#7247 = LINE('',#7248,#7249);
#7248 = CARTESIAN_POINT('',(0.,0.5,0.2));
#7249 = VECTOR('',#7250,1.);
#7250 = DIRECTION('',(1.,0.,-0.));
#7251 = ORIENTED_EDGE('',*,*,#7195,.F.);
#7252 = PLANE('',#7253);
#7253 = AXIS2_PLACEMENT_3D('',#7254,#7255,#7256);
#7254 = CARTESIAN_POINT('',(0.,0.5,0.));
#7255 = DIRECTION('',(-0.,1.,0.));
#7256 = DIRECTION('',(0.,0.,1.));
#7257 = ADVANCED_FACE('',(#7258),#7264,.F.);
#7258 = FACE_BOUND('',#7259,.F.);
#7259 = EDGE_LOOP('',(#7260,#7261,#7262,#7263));
#7260 = ORIENTED_EDGE('',*,*,#7147,.F.);
#7261 = ORIENTED_EDGE('',*,*,#7217,.T.);
#7262 = ORIENTED_EDGE('',*,*,#7187,.T.);
#7263 = ORIENTED_EDGE('',*,*,#7239,.F.);
#7264 = PLANE('',#7265);
#7265 = AXIS2_PLACEMENT_3D('',#7266,#7267,#7268);
#7266 = CARTESIAN_POINT('',(0.,0.,0.));
#7267 = DIRECTION('',(0.,0.,1.));
#7268 = DIRECTION('',(1.,0.,-0.));
#7269 = ADVANCED_FACE('',(#7270),#7276,.T.);
#7270 = FACE_BOUND('',#7271,.T.);
#7271 = EDGE_LOOP('',(#7272,#7273,#7274,#7275));
#7272 = ORIENTED_EDGE('',*,*,#7163,.F.);
#7273 = ORIENTED_EDGE('',*,*,#7224,.T.);
#7274 = ORIENTED_EDGE('',*,*,#7203,.T.);
#7275 = ORIENTED_EDGE('',*,*,#7246,.F.);
#7276 = PLANE('',#7277);
#7277 = AXIS2_PLACEMENT_3D('',#7278,#7279,#7280);
#7278 = CARTESIAN_POINT('',(0.,0.,0.2));
#7279 = DIRECTION('',(0.,0.,1.));
#7280 = DIRECTION('',(1.,0.,-0.));
#7281 = ( GEOMETRIC_REPRESENTATION_CONTEXT(3) 
GLOBAL_UNCERTAINTY_ASSIGNED_CONTEXT((#7285)) 
GLOBAL_UNIT_ASSIGNED_CONTEXT((#7282,#7283,#7284)) REPRESENTATION_CONTEXT
('Context #1','3D Context with UNIT and UNCERTAINTY') );
#7282 = ( LENGTH_UNIT() NAMED_UNIT(*) SI_UNIT(.MILLI.,.METRE.) );
#7283 = ( NAMED_UNIT(*) PLANE_ANGLE_UNIT() SI_UNIT($,.RADIAN.) );
#7284 = ( NAMED_UNIT(*) SI_UNIT($,.STERADIAN.) SOLID_ANGLE_UNIT() );
#7285 = UNCERTAINTY_MEASURE_WITH_UNIT(LENGTH_MEASURE(1.E-07),#7282,
  'distance_accuracy_value','confusion accuracy');
#7286 = CONTEXT_DEPENDENT_SHAPE_REPRESENTATION(#7287,#7289);
#7287 = ( REPRESENTATION_RELATIONSHIP('','',#7130,#5019) 
REPRESENTATION_RELATIONSHIP_WITH_TRANSFORMATION(#7288) 
SHAPE_REPRESENTATION_RELATIONSHIP() );
#7288 = ITEM_DEFINED_TRANSFORMATION('','',#11,#5068);
#7289 = PRODUCT_DEFINITION_SHAPE('Placement','Placement of an item',
  #7290);
#7290 = NEXT_ASSEMBLY_USAGE_OCCURRENCE('408','Hotspot_4_1','',#5014,
  #7125,$);
#7291 = PRODUCT_RELATED_PRODUCT_CATEGORY('part',$,(#7127));
#7292 = SHAPE_DEFINITION_REPRESENTATION(#7293,#7299);
#7293 = PRODUCT_DEFINITION_SHAPE('','',#7294);
#7294 = PRODUCT_DEFINITION('design','',#7295,#7298);
#7295 = PRODUCT_DEFINITION_FORMATION('','',#7296);
#7296 = PRODUCT('Hotspot_4_2','Hotspot_4_2','',(#7297));
#7297 = PRODUCT_CONTEXT('',#2,'mechanical');
#7298 = PRODUCT_DEFINITION_CONTEXT('part definition',#2,'design');
#7299 = ADVANCED_BREP_SHAPE_REPRESENTATION('',(#11,#7300),#7450);
#7300 = MANIFOLD_SOLID_BREP('',#7301);
#7301 = CLOSED_SHELL('',(#7302,#7342,#7382,#7404,#7426,#7438));
#7302 = ADVANCED_FACE('',(#7303),#7337,.F.);
#7303 = FACE_BOUND('',#7304,.F.);
#7304 = EDGE_LOOP('',(#7305,#7315,#7323,#7331));
#7305 = ORIENTED_EDGE('',*,*,#7306,.F.);
#7306 = EDGE_CURVE('',#7307,#7309,#7311,.T.);
#7307 = VERTEX_POINT('',#7308);
#7308 = CARTESIAN_POINT('',(0.,0.,0.));
#7309 = VERTEX_POINT('',#7310);
#7310 = CARTESIAN_POINT('',(0.,0.,0.2));
#7311 = LINE('',#7312,#7313);
#7312 = CARTESIAN_POINT('',(0.,0.,0.));
#7313 = VECTOR('',#7314,1.);
#7314 = DIRECTION('',(0.,0.,1.));
#7315 = ORIENTED_EDGE('',*,*,#7316,.T.);
#7316 = EDGE_CURVE('',#7307,#7317,#7319,.T.);
#7317 = VERTEX_POINT('',#7318);
#7318 = CARTESIAN_POINT('',(0.,0.5,0.));
#7319 = LINE('',#7320,#7321);
#7320 = CARTESIAN_POINT('',(0.,0.,0.));
#7321 = VECTOR('',#7322,1.);
#7322 = DIRECTION('',(-0.,1.,0.));
#7323 = ORIENTED_EDGE('',*,*,#7324,.T.);
#7324 = EDGE_CURVE('',#7317,#7325,#7327,.T.);
#7325 = VERTEX_POINT('',#7326);
#7326 = CARTESIAN_POINT('',(0.,0.5,0.2));
#7327 = LINE('',#7328,#7329);
#7328 = CARTESIAN_POINT('',(0.,0.5,0.));
#7329 = VECTOR('',#7330,1.);
#7330 = DIRECTION('',(0.,0.,1.));
#7331 = ORIENTED_EDGE('',*,*,#7332,.F.);
#7332 = EDGE_CURVE('',#7309,#7325,#7333,.T.);
#7333 = LINE('',#7334,#7335);
#7334 = CARTESIAN_POINT('',(0.,0.,0.2));
#7335 = VECTOR('',#7336,1.);
#7336 = DIRECTION('',(-0.,1.,0.));
#7337 = PLANE('',#7338);
#7338 = AXIS2_PLACEMENT_3D('',#7339,#7340,#7341);
#7339 = CARTESIAN_POINT('',(0.,0.,0.));
#7340 = DIRECTION('',(1.,0.,-0.));
#7341 = DIRECTION('',(0.,0.,1.));
#7342 = ADVANCED_FACE('',(#7343),#7377,.T.);
#7343 = FACE_BOUND('',#7344,.T.);
#7344 = EDGE_LOOP('',(#7345,#7355,#7363,#7371));
#7345 = ORIENTED_EDGE('',*,*,#7346,.F.);
#7346 = EDGE_CURVE('',#7347,#7349,#7351,.T.);
#7347 = VERTEX_POINT('',#7348);
#7348 = CARTESIAN_POINT('',(0.2,0.,0.));
#7349 = VERTEX_POINT('',#7350);
#7350 = CARTESIAN_POINT('',(0.2,0.,0.2));
#7351 = LINE('',#7352,#7353);
#7352 = CARTESIAN_POINT('',(0.2,0.,0.));
#7353 = VECTOR('',#7354,1.);
#7354 = DIRECTION('',(0.,0.,1.));
#7355 = ORIENTED_EDGE('',*,*,#7356,.T.);
#7356 = EDGE_CURVE('',#7347,#7357,#7359,.T.);
#7357 = VERTEX_POINT('',#7358);
#7358 = CARTESIAN_POINT('',(0.2,0.5,0.));
#7359 = LINE('',#7360,#7361);
#7360 = CARTESIAN_POINT('',(0.2,0.,0.));
#7361 = VECTOR('',#7362,1.);
#7362 = DIRECTION('',(-0.,1.,0.));
#7363 = ORIENTED_EDGE('',*,*,#7364,.T.);
#7364 = EDGE_CURVE('',#7357,#7365,#7367,.T.);
#7365 = VERTEX_POINT('',#7366);
#7366 = CARTESIAN_POINT('',(0.2,0.5,0.2));
#7367 = LINE('',#7368,#7369);
#7368 = CARTESIAN_POINT('',(0.2,0.5,0.));
#7369 = VECTOR('',#7370,1.);
#7370 = DIRECTION('',(0.,0.,1.));
#7371 = ORIENTED_EDGE('',*,*,#7372,.F.);
#7372 = EDGE_CURVE('',#7349,#7365,#7373,.T.);
#7373 = LINE('',#7374,#7375);
#7374 = CARTESIAN_POINT('',(0.2,0.,0.2));
#7375 = VECTOR('',#7376,1.);
#7376 = DIRECTION('',(-0.,1.,0.));
#7377 = PLANE('',#7378);
#7378 = AXIS2_PLACEMENT_3D('',#7379,#7380,#7381);
#7379 = CARTESIAN_POINT('',(0.2,0.,0.));
#7380 = DIRECTION('',(1.,0.,-0.));
#7381 = DIRECTION('',(0.,0.,1.));
#7382 = ADVANCED_FACE('',(#7383),#7399,.F.);
#7383 = FACE_BOUND('',#7384,.F.);
#7384 = EDGE_LOOP('',(#7385,#7391,#7392,#7398));
#7385 = ORIENTED_EDGE('',*,*,#7386,.F.);
#7386 = EDGE_CURVE('',#7307,#7347,#7387,.T.);
#7387 = LINE('',#7388,#7389);
#7388 = CARTESIAN_POINT('',(0.,0.,0.));
#7389 = VECTOR('',#7390,1.);
#7390 = DIRECTION('',(1.,0.,-0.));
#7391 = ORIENTED_EDGE('',*,*,#7306,.T.);
#7392 = ORIENTED_EDGE('',*,*,#7393,.T.);
#7393 = EDGE_CURVE('',#7309,#7349,#7394,.T.);
#7394 = LINE('',#7395,#7396);
#7395 = CARTESIAN_POINT('',(0.,0.,0.2));
#7396 = VECTOR('',#7397,1.);
#7397 = DIRECTION('',(1.,0.,-0.));
#7398 = ORIENTED_EDGE('',*,*,#7346,.F.);
#7399 = PLANE('',#7400);
#7400 = AXIS2_PLACEMENT_3D('',#7401,#7402,#7403);
#7401 = CARTESIAN_POINT('',(0.,0.,0.));
#7402 = DIRECTION('',(-0.,1.,0.));
#7403 = DIRECTION('',(0.,0.,1.));
#7404 = ADVANCED_FACE('',(#7405),#7421,.T.);
#7405 = FACE_BOUND('',#7406,.T.);
#7406 = EDGE_LOOP('',(#7407,#7413,#7414,#7420));
#7407 = ORIENTED_EDGE('',*,*,#7408,.F.);
#7408 = EDGE_CURVE('',#7317,#7357,#7409,.T.);
#7409 = LINE('',#7410,#7411);
#7410 = CARTESIAN_POINT('',(0.,0.5,0.));
#7411 = VECTOR('',#7412,1.);
#7412 = DIRECTION('',(1.,0.,-0.));
#7413 = ORIENTED_EDGE('',*,*,#7324,.T.);
#7414 = ORIENTED_EDGE('',*,*,#7415,.T.);
#7415 = EDGE_CURVE('',#7325,#7365,#7416,.T.);
#7416 = LINE('',#7417,#7418);
#7417 = CARTESIAN_POINT('',(0.,0.5,0.2));
#7418 = VECTOR('',#7419,1.);
#7419 = DIRECTION('',(1.,0.,-0.));
#7420 = ORIENTED_EDGE('',*,*,#7364,.F.);
#7421 = PLANE('',#7422);
#7422 = AXIS2_PLACEMENT_3D('',#7423,#7424,#7425);
#7423 = CARTESIAN_POINT('',(0.,0.5,0.));
#7424 = DIRECTION('',(-0.,1.,0.));
#7425 = DIRECTION('',(0.,0.,1.));
#7426 = ADVANCED_FACE('',(#7427),#7433,.F.);
#7427 = FACE_BOUND('',#7428,.F.);
#7428 = EDGE_LOOP('',(#7429,#7430,#7431,#7432));
#7429 = ORIENTED_EDGE('',*,*,#7316,.F.);
#7430 = ORIENTED_EDGE('',*,*,#7386,.T.);
#7431 = ORIENTED_EDGE('',*,*,#7356,.T.);
#7432 = ORIENTED_EDGE('',*,*,#7408,.F.);
#7433 = PLANE('',#7434);
#7434 = AXIS2_PLACEMENT_3D('',#7435,#7436,#7437);
#7435 = CARTESIAN_POINT('',(0.,0.,0.));
#7436 = DIRECTION('',(0.,0.,1.));
#7437 = DIRECTION('',(1.,0.,-0.));
#7438 = ADVANCED_FACE('',(#7439),#7445,.T.);
#7439 = FACE_BOUND('',#7440,.T.);
#7440 = EDGE_LOOP('',(#7441,#7442,#7443,#7444));
#7441 = ORIENTED_EDGE('',*,*,#7332,.F.);
#7442 = ORIENTED_EDGE('',*,*,#7393,.T.);
#7443 = ORIENTED_EDGE('',*,*,#7372,.T.);
#7444 = ORIENTED_EDGE('',*,*,#7415,.F.);
#7445 = PLANE('',#7446);
#7446 = AXIS2_PLACEMENT_3D('',#7447,#7448,#7449);
#7447 = CARTESIAN_POINT('',(0.,0.,0.2));
#7448 = DIRECTION('',(0.,0.,1.));
#7449 = DIRECTION('',(1.,0.,-0.));
#7450 = ( GEOMETRIC_REPRESENTATION_CONTEXT(3) 
GLOBAL_UNCERTAINTY_ASSIGNED_CONTEXT((#7454)) 
GLOBAL_UNIT_ASSIGNED_CONTEXT((#7451,#7452,#7453)) REPRESENTATION_CONTEXT
('Context #1','3D Context with UNIT and UNCERTAINTY') );
#7451 = ( LENGTH_UNIT() NAMED_UNIT(*) SI_UNIT(.MILLI.,.METRE.) );
#7452 = ( NAMED_UNIT(*) PLANE_ANGLE_UNIT() SI_UNIT($,.RADIAN.) );
#7453 = ( NAMED_UNIT(*) SI_UNIT($,.STERADIAN.) SOLID_ANGLE_UNIT() );
#7454 = UNCERTAINTY_MEASURE_WITH_UNIT(LENGTH_MEASURE(1.E-07),#7451,
  'distance_accuracy_value','confusion accuracy');
#7455 = CONTEXT_DEPENDENT_SHAPE_REPRESENTATION(#7456,#7458);
#7456 = ( REPRESENTATION_RELATIONSHIP('','',#7299,#5019) 
REPRESENTATION_RELATIONSHIP_WITH_TRANSFORMATION(#7457) 
SHAPE_REPRESENTATION_RELATIONSHIP() );
#7457 = ITEM_DEFINED_TRANSFORMATION('','',#11,#5072);
#7458 = PRODUCT_DEFINITION_SHAPE('Placement','Placement of an item',
  #7459);
#7459 = NEXT_ASSEMBLY_USAGE_OCCURRENCE('409','Hotspot_4_2','',#5014,
  #7294,$);
#7460 = PRODUCT_RELATED_PRODUCT_CATEGORY('part',$,(#7296));
#7461 = SHAPE_DEFINITION_REPRESENTATION(#7462,#7468);
#7462 = PRODUCT_DEFINITION_SHAPE('','',#7463);
#7463 = PRODUCT_DEFINITION('design','',#7464,#7467);
#7464 = PRODUCT_DEFINITION_FORMATION('','',#7465);
#7465 = PRODUCT('Hotspot_4_3','Hotspot_4_3','',(#7466));
#7466 = PRODUCT_CONTEXT('',#2,'mechanical');
#7467 = PRODUCT_DEFINITION_CONTEXT('part definition',#2,'design');
#7468 = ADVANCED_BREP_SHAPE_REPRESENTATION('',(#11,#7469),#7619);
#7469 = MANIFOLD_SOLID_BREP('',#7470);
#7470 = CLOSED_SHELL('',(#7471,#7511,#7551,#7573,#7595,#7607));
#7471 = ADVANCED_FACE('',(#7472),#7506,.F.);
#7472 = FACE_BOUND('',#7473,.F.);
#7473 = EDGE_LOOP('',(#7474,#7484,#7492,#7500));
#7474 = ORIENTED_EDGE('',*,*,#7475,.F.);
#7475 = EDGE_CURVE('',#7476,#7478,#7480,.T.);
#7476 = VERTEX_POINT('',#7477);
#7477 = CARTESIAN_POINT('',(0.,0.,0.));
#7478 = VERTEX_POINT('',#7479);
#7479 = CARTESIAN_POINT('',(0.,0.,0.2));
#7480 = LINE('',#7481,#7482);
#7481 = CARTESIAN_POINT('',(0.,0.,0.));
#7482 = VECTOR('',#7483,1.);
#7483 = DIRECTION('',(0.,0.,1.));
#7484 = ORIENTED_EDGE('',*,*,#7485,.T.);
#7485 = EDGE_CURVE('',#7476,#7486,#7488,.T.);
#7486 = VERTEX_POINT('',#7487);
#7487 = CARTESIAN_POINT('',(0.,0.5,0.));
#7488 = LINE('',#7489,#7490);
#7489 = CARTESIAN_POINT('',(0.,0.,0.));
#7490 = VECTOR('',#7491,1.);
#7491 = DIRECTION('',(-0.,1.,0.));
#7492 = ORIENTED_EDGE('',*,*,#7493,.T.);
#7493 = EDGE_CURVE('',#7486,#7494,#7496,.T.);
#7494 = VERTEX_POINT('',#7495);
#7495 = CARTESIAN_POINT('',(0.,0.5,0.2));
#7496 = LINE('',#7497,#7498);
#7497 = CARTESIAN_POINT('',(0.,0.5,0.));
#7498 = VECTOR('',#7499,1.);
#7499 = DIRECTION('',(0.,0.,1.));
#7500 = ORIENTED_EDGE('',*,*,#7501,.F.);
#7501 = EDGE_CURVE('',#7478,#7494,#7502,.T.);
#7502 = LINE('',#7503,#7504);
#7503 = CARTESIAN_POINT('',(0.,0.,0.2));
#7504 = VECTOR('',#7505,1.);
#7505 = DIRECTION('',(-0.,1.,0.));
#7506 = PLANE('',#7507);
#7507 = AXIS2_PLACEMENT_3D('',#7508,#7509,#7510);
#7508 = CARTESIAN_POINT('',(0.,0.,0.));
#7509 = DIRECTION('',(1.,0.,-0.));
#7510 = DIRECTION('',(0.,0.,1.));
#7511 = ADVANCED_FACE('',(#7512),#7546,.T.);
#7512 = FACE_BOUND('',#7513,.T.);
#7513 = EDGE_LOOP('',(#7514,#7524,#7532,#7540));
#7514 = ORIENTED_EDGE('',*,*,#7515,.F.);
#7515 = EDGE_CURVE('',#7516,#7518,#7520,.T.);
#7516 = VERTEX_POINT('',#7517);
#7517 = CARTESIAN_POINT('',(0.2,0.,0.));
#7518 = VERTEX_POINT('',#7519);
#7519 = CARTESIAN_POINT('',(0.2,0.,0.2));
#7520 = LINE('',#7521,#7522);
#7521 = CARTESIAN_POINT('',(0.2,0.,0.));
#7522 = VECTOR('',#7523,1.);
#7523 = DIRECTION('',(0.,0.,1.));
#7524 = ORIENTED_EDGE('',*,*,#7525,.T.);
#7525 = EDGE_CURVE('',#7516,#7526,#7528,.T.);
#7526 = VERTEX_POINT('',#7527);
#7527 = CARTESIAN_POINT('',(0.2,0.5,0.));
#7528 = LINE('',#7529,#7530);
#7529 = CARTESIAN_POINT('',(0.2,0.,0.));
#7530 = VECTOR('',#7531,1.);
#7531 = DIRECTION('',(-0.,1.,0.));
#7532 = ORIENTED_EDGE('',*,*,#7533,.T.);
#7533 = EDGE_CURVE('',#7526,#7534,#7536,.T.);
#7534 = VERTEX_POINT('',#7535);
#7535 = CARTESIAN_POINT('',(0.2,0.5,0.2));
#7536 = LINE('',#7537,#7538);
#7537 = CARTESIAN_POINT('',(0.2,0.5,0.));
#7538 = VECTOR('',#7539,1.);
#7539 = DIRECTION('',(0.,0.,1.));
#7540 = ORIENTED_EDGE('',*,*,#7541,.F.);
#7541 = EDGE_CURVE('',#7518,#7534,#7542,.T.);
#7542 = LINE('',#7543,#7544);
#7543 = CARTESIAN_POINT('',(0.2,0.,0.2));
#7544 = VECTOR('',#7545,1.);
#7545 = DIRECTION('',(-0.,1.,0.));
#7546 = PLANE('',#7547);
#7547 = AXIS2_PLACEMENT_3D('',#7548,#7549,#7550);
#7548 = CARTESIAN_POINT('',(0.2,0.,0.));
#7549 = DIRECTION('',(1.,0.,-0.));
#7550 = DIRECTION('',(0.,0.,1.));
#7551 = ADVANCED_FACE('',(#7552),#7568,.F.);
#7552 = FACE_BOUND('',#7553,.F.);
#7553 = EDGE_LOOP('',(#7554,#7560,#7561,#7567));
#7554 = ORIENTED_EDGE('',*,*,#7555,.F.);
#7555 = EDGE_CURVE('',#7476,#7516,#7556,.T.);
#7556 = LINE('',#7557,#7558);
#7557 = CARTESIAN_POINT('',(0.,0.,0.));
#7558 = VECTOR('',#7559,1.);
#7559 = DIRECTION('',(1.,0.,-0.));
#7560 = ORIENTED_EDGE('',*,*,#7475,.T.);
#7561 = ORIENTED_EDGE('',*,*,#7562,.T.);
#7562 = EDGE_CURVE('',#7478,#7518,#7563,.T.);
#7563 = LINE('',#7564,#7565);
#7564 = CARTESIAN_POINT('',(0.,0.,0.2));
#7565 = VECTOR('',#7566,1.);
#7566 = DIRECTION('',(1.,0.,-0.));
#7567 = ORIENTED_EDGE('',*,*,#7515,.F.);
#7568 = PLANE('',#7569);
#7569 = AXIS2_PLACEMENT_3D('',#7570,#7571,#7572);
#7570 = CARTESIAN_POINT('',(0.,0.,0.));
#7571 = DIRECTION('',(-0.,1.,0.));
#7572 = DIRECTION('',(0.,0.,1.));
#7573 = ADVANCED_FACE('',(#7574),#7590,.T.);
#7574 = FACE_BOUND('',#7575,.T.);
#7575 = EDGE_LOOP('',(#7576,#7582,#7583,#7589));
#7576 = ORIENTED_EDGE('',*,*,#7577,.F.);
#7577 = EDGE_CURVE('',#7486,#7526,#7578,.T.);
#7578 = LINE('',#7579,#7580);
#7579 = CARTESIAN_POINT('',(0.,0.5,0.));
#7580 = VECTOR('',#7581,1.);
#7581 = DIRECTION('',(1.,0.,-0.));
#7582 = ORIENTED_EDGE('',*,*,#7493,.T.);
#7583 = ORIENTED_EDGE('',*,*,#7584,.T.);
#7584 = EDGE_CURVE('',#7494,#7534,#7585,.T.);
#7585 = LINE('',#7586,#7587);
#7586 = CARTESIAN_POINT('',(0.,0.5,0.2));
#7587 = VECTOR('',#7588,1.);
#7588 = DIRECTION('',(1.,0.,-0.));
#7589 = ORIENTED_EDGE('',*,*,#7533,.F.);
#7590 = PLANE('',#7591);
#7591 = AXIS2_PLACEMENT_3D('',#7592,#7593,#7594);
#7592 = CARTESIAN_POINT('',(0.,0.5,0.));
#7593 = DIRECTION('',(-0.,1.,0.));
#7594 = DIRECTION('',(0.,0.,1.));
#7595 = ADVANCED_FACE('',(#7596),#7602,.F.);
#7596 = FACE_BOUND('',#7597,.F.);
#7597 = EDGE_LOOP('',(#7598,#7599,#7600,#7601));
#7598 = ORIENTED_EDGE('',*,*,#7485,.F.);
#7599 = ORIENTED_EDGE('',*,*,#7555,.T.);
#7600 = ORIENTED_EDGE('',*,*,#7525,.T.);
#7601 = ORIENTED_EDGE('',*,*,#7577,.F.);
#7602 = PLANE('',#7603);
#7603 = AXIS2_PLACEMENT_3D('',#7604,#7605,#7606);
#7604 = CARTESIAN_POINT('',(0.,0.,0.));
#7605 = DIRECTION('',(0.,0.,1.));
#7606 = DIRECTION('',(1.,0.,-0.));
#7607 = ADVANCED_FACE('',(#7608),#7614,.T.);
#7608 = FACE_BOUND('',#7609,.T.);
#7609 = EDGE_LOOP('',(#7610,#7611,#7612,#7613));
#7610 = ORIENTED_EDGE('',*,*,#7501,.F.);
#7611 = ORIENTED_EDGE('',*,*,#7562,.T.);
#7612 = ORIENTED_EDGE('',*,*,#7541,.T.);
#7613 = ORIENTED_EDGE('',*,*,#7584,.F.);
#7614 = PLANE('',#7615);
#7615 = AXIS2_PLACEMENT_3D('',#7616,#7617,#7618);
#7616 = CARTESIAN_POINT('',(0.,0.,0.2));
#7617 = DIRECTION('',(0.,0.,1.));
#7618 = DIRECTION('',(1.,0.,-0.));
#7619 = ( GEOMETRIC_REPRESENTATION_CONTEXT(3) 
GLOBAL_UNCERTAINTY_ASSIGNED_CONTEXT((#7623)) 
GLOBAL_UNIT_ASSIGNED_CONTEXT((#7620,#7621,#7622)) REPRESENTATION_CONTEXT
('Context #1','3D Context with UNIT and UNCERTAINTY') );
#7620 = ( LENGTH_UNIT() NAMED_UNIT(*) SI_UNIT(.MILLI.,.METRE.) );
#7621 = ( NAMED_UNIT(*) PLANE_ANGLE_UNIT() SI_UNIT($,.RADIAN.) );
#7622 = ( NAMED_UNIT(*) SI_UNIT($,.STERADIAN.) SOLID_ANGLE_UNIT() );
#7623 = UNCERTAINTY_MEASURE_WITH_UNIT(LENGTH_MEASURE(1.E-07),#7620,
  'distance_accuracy_value','confusion accuracy');
#7624 = CONTEXT_DEPENDENT_SHAPE_REPRESENTATION(#7625,#7627);
#7625 = ( REPRESENTATION_RELATIONSHIP('','',#7468,#5019) 
REPRESENTATION_RELATIONSHIP_WITH_TRANSFORMATION(#7626) 
SHAPE_REPRESENTATION_RELATIONSHIP() );
#7626 = ITEM_DEFINED_TRANSFORMATION('','',#11,#5076);
#7627 = PRODUCT_DEFINITION_SHAPE('Placement','Placement of an item',
  #7628);
#7628 = NEXT_ASSEMBLY_USAGE_OCCURRENCE('410','Hotspot_4_3','',#5014,
  #7463,$);
#7629 = PRODUCT_RELATED_PRODUCT_CATEGORY('part',$,(#7465));
#7630 = SHAPE_DEFINITION_REPRESENTATION(#7631,#7637);
#7631 = PRODUCT_DEFINITION_SHAPE('','',#7632);
#7632 = PRODUCT_DEFINITION('design','',#7633,#7636);
#7633 = PRODUCT_DEFINITION_FORMATION('','',#7634);
#7634 = PRODUCT('Hotspot_4_4','Hotspot_4_4','',(#7635));
#7635 = PRODUCT_CONTEXT('',#2,'mechanical');
#7636 = PRODUCT_DEFINITION_CONTEXT('part definition',#2,'design');
#7637 = ADVANCED_BREP_SHAPE_REPRESENTATION('',(#11,#7638),#7788);
#7638 = MANIFOLD_SOLID_BREP('',#7639);
#7639 = CLOSED_SHELL('',(#7640,#7680,#7720,#7742,#7764,#7776));
#7640 = ADVANCED_FACE('',(#7641),#7675,.F.);
#7641 = FACE_BOUND('',#7642,.F.);
#7642 = EDGE_LOOP('',(#7643,#7653,#7661,#7669));
#7643 = ORIENTED_EDGE('',*,*,#7644,.F.);
#7644 = EDGE_CURVE('',#7645,#7647,#7649,.T.);
#7645 = VERTEX_POINT('',#7646);
#7646 = CARTESIAN_POINT('',(0.,0.,0.));
#7647 = VERTEX_POINT('',#7648);
#7648 = CARTESIAN_POINT('',(0.,0.,0.2));
#7649 = LINE('',#7650,#7651);
#7650 = CARTESIAN_POINT('',(0.,0.,0.));
#7651 = VECTOR('',#7652,1.);
#7652 = DIRECTION('',(0.,0.,1.));
#7653 = ORIENTED_EDGE('',*,*,#7654,.T.);
#7654 = EDGE_CURVE('',#7645,#7655,#7657,.T.);
#7655 = VERTEX_POINT('',#7656);
#7656 = CARTESIAN_POINT('',(0.,0.5,0.));
#7657 = LINE('',#7658,#7659);
#7658 = CARTESIAN_POINT('',(0.,0.,0.));
#7659 = VECTOR('',#7660,1.);
#7660 = DIRECTION('',(-0.,1.,0.));
#7661 = ORIENTED_EDGE('',*,*,#7662,.T.);
#7662 = EDGE_CURVE('',#7655,#7663,#7665,.T.);
#7663 = VERTEX_POINT('',#7664);
#7664 = CARTESIAN_POINT('',(0.,0.5,0.2));
#7665 = LINE('',#7666,#7667);
#7666 = CARTESIAN_POINT('',(0.,0.5,0.));
#7667 = VECTOR('',#7668,1.);
#7668 = DIRECTION('',(0.,0.,1.));
#7669 = ORIENTED_EDGE('',*,*,#7670,.F.);
#7670 = EDGE_CURVE('',#7647,#7663,#7671,.T.);
#7671 = LINE('',#7672,#7673);
#7672 = CARTESIAN_POINT('',(0.,0.,0.2));
#7673 = VECTOR('',#7674,1.);
#7674 = DIRECTION('',(-0.,1.,0.));
#7675 = PLANE('',#7676);
#7676 = AXIS2_PLACEMENT_3D('',#7677,#7678,#7679);
#7677 = CARTESIAN_POINT('',(0.,0.,0.));
#7678 = DIRECTION('',(1.,0.,-0.));
#7679 = DIRECTION('',(0.,0.,1.));
#7680 = ADVANCED_FACE('',(#7681),#7715,.T.);
#7681 = FACE_BOUND('',#7682,.T.);
#7682 = EDGE_LOOP('',(#7683,#7693,#7701,#7709));
#7683 = ORIENTED_EDGE('',*,*,#7684,.F.);
#7684 = EDGE_CURVE('',#7685,#7687,#7689,.T.);
#7685 = VERTEX_POINT('',#7686);
#7686 = CARTESIAN_POINT('',(0.2,0.,0.));
#7687 = VERTEX_POINT('',#7688);
#7688 = CARTESIAN_POINT('',(0.2,0.,0.2));
#7689 = LINE('',#7690,#7691);
#7690 = CARTESIAN_POINT('',(0.2,0.,0.));
#7691 = VECTOR('',#7692,1.);
#7692 = DIRECTION('',(0.,0.,1.));
#7693 = ORIENTED_EDGE('',*,*,#7694,.T.);
#7694 = EDGE_CURVE('',#7685,#7695,#7697,.T.);
#7695 = VERTEX_POINT('',#7696);
#7696 = CARTESIAN_POINT('',(0.2,0.5,0.));
#7697 = LINE('',#7698,#7699);
#7698 = CARTESIAN_POINT('',(0.2,0.,0.));
#7699 = VECTOR('',#7700,1.);
#7700 = DIRECTION('',(-0.,1.,0.));
#7701 = ORIENTED_EDGE('',*,*,#7702,.T.);
#7702 = EDGE_CURVE('',#7695,#7703,#7705,.T.);
#7703 = VERTEX_POINT('',#7704);
#7704 = CARTESIAN_POINT('',(0.2,0.5,0.2));
#7705 = LINE('',#7706,#7707);
#7706 = CARTESIAN_POINT('',(0.2,0.5,0.));
#7707 = VECTOR('',#7708,1.);
#7708 = DIRECTION('',(0.,0.,1.));
#7709 = ORIENTED_EDGE('',*,*,#7710,.F.);
#7710 = EDGE_CURVE('',#7687,#7703,#7711,.T.);
#7711 = LINE('',#7712,#7713);
#7712 = CARTESIAN_POINT('',(0.2,0.,0.2));
#7713 = VECTOR('',#7714,1.);
#7714 = DIRECTION('',(-0.,1.,0.));
#7715 = PLANE('',#7716);
#7716 = AXIS2_PLACEMENT_3D('',#7717,#7718,#7719);
#7717 = CARTESIAN_POINT('',(0.2,0.,0.));
#7718 = DIRECTION('',(1.,0.,-0.));
#7719 = DIRECTION('',(0.,0.,1.));
#7720 = ADVANCED_FACE('',(#7721),#7737,.F.);
#7721 = FACE_BOUND('',#7722,.F.);
#7722 = EDGE_LOOP('',(#7723,#7729,#7730,#7736));
#7723 = ORIENTED_EDGE('',*,*,#7724,.F.);
#7724 = EDGE_CURVE('',#7645,#7685,#7725,.T.);
#7725 = LINE('',#7726,#7727);
#7726 = CARTESIAN_POINT('',(0.,0.,0.));
#7727 = VECTOR('',#7728,1.);
#7728 = DIRECTION('',(1.,0.,-0.));
#7729 = ORIENTED_EDGE('',*,*,#7644,.T.);
#7730 = ORIENTED_EDGE('',*,*,#7731,.T.);
#7731 = EDGE_CURVE('',#7647,#7687,#7732,.T.);
#7732 = LINE('',#7733,#7734);
#7733 = CARTESIAN_POINT('',(0.,0.,0.2));
#7734 = VECTOR('',#7735,1.);
#7735 = DIRECTION('',(1.,0.,-0.));
#7736 = ORIENTED_EDGE('',*,*,#7684,.F.);
#7737 = PLANE('',#7738);
#7738 = AXIS2_PLACEMENT_3D('',#7739,#7740,#7741);
#7739 = CARTESIAN_POINT('',(0.,0.,0.));
#7740 = DIRECTION('',(-0.,1.,0.));
#7741 = DIRECTION('',(0.,0.,1.));
#7742 = ADVANCED_FACE('',(#7743),#7759,.T.);
#7743 = FACE_BOUND('',#7744,.T.);
#7744 = EDGE_LOOP('',(#7745,#7751,#7752,#7758));
#7745 = ORIENTED_EDGE('',*,*,#7746,.F.);
#7746 = EDGE_CURVE('',#7655,#7695,#7747,.T.);
#7747 = LINE('',#7748,#7749);
#7748 = CARTESIAN_POINT('',(0.,0.5,0.));
#7749 = VECTOR('',#7750,1.);
#7750 = DIRECTION('',(1.,0.,-0.));
#7751 = ORIENTED_EDGE('',*,*,#7662,.T.);
#7752 = ORIENTED_EDGE('',*,*,#7753,.T.);
#7753 = EDGE_CURVE('',#7663,#7703,#7754,.T.);
#7754 = LINE('',#7755,#7756);
#7755 = CARTESIAN_POINT('',(0.,0.5,0.2));
#7756 = VECTOR('',#7757,1.);
#7757 = DIRECTION('',(1.,0.,-0.));
#7758 = ORIENTED_EDGE('',*,*,#7702,.F.);
#7759 = PLANE('',#7760);
#7760 = AXIS2_PLACEMENT_3D('',#7761,#7762,#7763);
#7761 = CARTESIAN_POINT('',(0.,0.5,0.));
#7762 = DIRECTION('',(-0.,1.,0.));
#7763 = DIRECTION('',(0.,0.,1.));
#7764 = ADVANCED_FACE('',(#7765),#7771,.F.);
#7765 = FACE_BOUND('',#7766,.F.);
#7766 = EDGE_LOOP('',(#7767,#7768,#7769,#7770));
#7767 = ORIENTED_EDGE('',*,*,#7654,.F.);
#7768 = ORIENTED_EDGE('',*,*,#7724,.T.);
#7769 = ORIENTED_EDGE('',*,*,#7694,.T.);
#7770 = ORIENTED_EDGE('',*,*,#7746,.F.);
#7771 = PLANE('',#7772);
#7772 = AXIS2_PLACEMENT_3D('',#7773,#7774,#7775);
#7773 = CARTESIAN_POINT('',(0.,0.,0.));
#7774 = DIRECTION('',(0.,0.,1.));
#7775 = DIRECTION('',(1.,0.,-0.));
#7776 = ADVANCED_FACE('',(#7777),#7783,.T.);
#7777 = FACE_BOUND('',#7778,.T.);
#7778 = EDGE_LOOP('',(#7779,#7780,#7781,#7782));
#7779 = ORIENTED_EDGE('',*,*,#7670,.F.);
#7780 = ORIENTED_EDGE('',*,*,#7731,.T.);
#7781 = ORIENTED_EDGE('',*,*,#7710,.T.);
#7782 = ORIENTED_EDGE('',*,*,#7753,.F.);
#7783 = PLANE('',#7784);
#7784 = AXIS2_PLACEMENT_3D('',#7785,#7786,#7787);
#7785 = CARTESIAN_POINT('',(0.,0.,0.2));
#7786 = DIRECTION('',(0.,0.,1.));
#7787 = DIRECTION('',(1.,0.,-0.));
#7788 = ( GEOMETRIC_REPRESENTATION_CONTEXT(3) 
GLOBAL_UNCERTAINTY_ASSIGNED_CONTEXT((#7792)) 
GLOBAL_UNIT_ASSIGNED_CONTEXT((#7789,#7790,#7791)) REPRESENTATION_CONTEXT
('Context #1','3D Context with UNIT and UNCERTAINTY') );
#7789 = ( LENGTH_UNIT() NAMED_UNIT(*) SI_UNIT(.MILLI.,.METRE.) );
#7790 = ( NAMED_UNIT(*) PLANE_ANGLE_UNIT() SI_UNIT($,.RADIAN.) );
#7791 = ( NAMED_UNIT(*) SI_UNIT($,.STERADIAN.) SOLID_ANGLE_UNIT() );
#7792 = UNCERTAINTY_MEASURE_WITH_UNIT(LENGTH_MEASURE(1.E-07),#7789,
  'distance_accuracy_value','confusion accuracy');
#7793 = CONTEXT_DEPENDENT_SHAPE_REPRESENTATION(#7794,#7796);
#7794 = ( REPRESENTATION_RELATIONSHIP('','',#7637,#5019) 
REPRESENTATION_RELATIONSHIP_WITH_TRANSFORMATION(#7795) 
SHAPE_REPRESENTATION_RELATIONSHIP() );
#7795 = ITEM_DEFINED_TRANSFORMATION('','',#11,#5080);
#7796 = PRODUCT_DEFINITION_SHAPE('Placement','Placement of an item',
  #7797);
#7797 = NEXT_ASSEMBLY_USAGE_OCCURRENCE('411','Hotspot_4_4','',#5014,
  #7632,$);
#7798 = PRODUCT_RELATED_PRODUCT_CATEGORY('part',$,(#7634));
#7799 = SHAPE_DEFINITION_REPRESENTATION(#7800,#7806);
#7800 = PRODUCT_DEFINITION_SHAPE('','',#7801);
#7801 = PRODUCT_DEFINITION('design','',#7802,#7805);
#7802 = PRODUCT_DEFINITION_FORMATION('','',#7803);
#7803 = PRODUCT('Hotspot_bottom_surfaces','Hotspot_bottom_surfaces','',(
    #7804));
#7804 = PRODUCT_CONTEXT('',#2,'mechanical');
#7805 = PRODUCT_DEFINITION_CONTEXT('part definition',#2,'design');
#7806 = SHAPE_REPRESENTATION('',(#11,#7807,#7811,#7815,#7819,#7823,#7827
    ,#7831,#7835,#7839,#7843,#7847,#7851,#7855,#7859,#7863,#7867),#7871
  );
#7807 = AXIS2_PLACEMENT_3D('',#7808,#7809,#7810);
#7808 = CARTESIAN_POINT('',(3.3,0.,3.3));
#7809 = DIRECTION('',(0.,0.,1.));
#7810 = DIRECTION('',(1.,0.,0.));
#7811 = AXIS2_PLACEMENT_3D('',#7812,#7813,#7814);
#7812 = CARTESIAN_POINT('',(3.3,0.,7.7));
#7813 = DIRECTION('',(0.,0.,1.));
#7814 = DIRECTION('',(1.,0.,0.));
#7815 = AXIS2_PLACEMENT_3D('',#7816,#7817,#7818);
#7816 = CARTESIAN_POINT('',(3.3,0.,12.1));
#7817 = DIRECTION('',(0.,0.,1.));
#7818 = DIRECTION('',(1.,0.,0.));
#7819 = AXIS2_PLACEMENT_3D('',#7820,#7821,#7822);
#7820 = CARTESIAN_POINT('',(3.3,0.,16.5));
#7821 = DIRECTION('',(0.,0.,1.));
#7822 = DIRECTION('',(1.,0.,0.));
#7823 = AXIS2_PLACEMENT_3D('',#7824,#7825,#7826);
#7824 = CARTESIAN_POINT('',(7.7,0.,3.3));
#7825 = DIRECTION('',(0.,0.,1.));
#7826 = DIRECTION('',(1.,0.,0.));
#7827 = AXIS2_PLACEMENT_3D('',#7828,#7829,#7830);
#7828 = CARTESIAN_POINT('',(7.7,0.,7.7));
#7829 = DIRECTION('',(0.,0.,1.));
#7830 = DIRECTION('',(1.,0.,0.));
#7831 = AXIS2_PLACEMENT_3D('',#7832,#7833,#7834);
#7832 = CARTESIAN_POINT('',(7.7,0.,12.1));
#7833 = DIRECTION('',(0.,0.,1.));
#7834 = DIRECTION('',(1.,0.,0.));
#7835 = AXIS2_PLACEMENT_3D('',#7836,#7837,#7838);
#7836 = CARTESIAN_POINT('',(7.7,0.,16.5));
#7837 = DIRECTION('',(0.,0.,1.));
#7838 = DIRECTION('',(1.,0.,0.));
#7839 = AXIS2_PLACEMENT_3D('',#7840,#7841,#7842);
#7840 = CARTESIAN_POINT('',(12.1,0.,3.3));
#7841 = DIRECTION('',(0.,0.,1.));
#7842 = DIRECTION('',(1.,0.,0.));
#7843 = AXIS2_PLACEMENT_3D('',#7844,#7845,#7846);
#7844 = CARTESIAN_POINT('',(12.1,0.,7.7));
#7845 = DIRECTION('',(0.,0.,1.));
#7846 = DIRECTION('',(1.,0.,0.));
#7847 = AXIS2_PLACEMENT_3D('',#7848,#7849,#7850);
#7848 = CARTESIAN_POINT('',(12.1,0.,12.1));
#7849 = DIRECTION('',(0.,0.,1.));
#7850 = DIRECTION('',(1.,0.,0.));
#7851 = AXIS2_PLACEMENT_3D('',#7852,#7853,#7854);
#7852 = CARTESIAN_POINT('',(12.1,0.,16.5));
#7853 = DIRECTION('',(0.,0.,1.));
#7854 = DIRECTION('',(1.,0.,0.));
#7855 = AXIS2_PLACEMENT_3D('',#7856,#7857,#7858);
#7856 = CARTESIAN_POINT('',(16.5,0.,3.3));
#7857 = DIRECTION('',(0.,0.,1.));
#7858 = DIRECTION('',(1.,0.,0.));
#7859 = AXIS2_PLACEMENT_3D('',#7860,#7861,#7862);
#7860 = CARTESIAN_POINT('',(16.5,0.,7.7));
#7861 = DIRECTION('',(0.,0.,1.));
#7862 = DIRECTION('',(1.,0.,0.));
#7863 = AXIS2_PLACEMENT_3D('',#7864,#7865,#7866);
#7864 = CARTESIAN_POINT('',(16.5,0.,12.1));
#7865 = DIRECTION('',(0.,0.,1.));
#7866 = DIRECTION('',(1.,0.,0.));
#7867 = AXIS2_PLACEMENT_3D('',#7868,#7869,#7870);
#7868 = CARTESIAN_POINT('',(16.5,0.,16.5));
#7869 = DIRECTION('',(0.,0.,1.));
#7870 = DIRECTION('',(1.,0.,0.));
#7871 = ( GEOMETRIC_REPRESENTATION_CONTEXT(3) 
GLOBAL_UNCERTAINTY_ASSIGNED_CONTEXT((#7875)) 
GLOBAL_UNIT_ASSIGNED_CONTEXT((#7872,#7873,#7874)) REPRESENTATION_CONTEXT
('Context #1','3D Context with UNIT and UNCERTAINTY') );
#7872 = ( LENGTH_UNIT() NAMED_UNIT(*) SI_UNIT(.MILLI.,.METRE.) );
#7873 = ( NAMED_UNIT(*) PLANE_ANGLE_UNIT() SI_UNIT($,.RADIAN.) );
#7874 = ( NAMED_UNIT(*) SI_UNIT($,.STERADIAN.) SOLID_ANGLE_UNIT() );
#7875 = UNCERTAINTY_MEASURE_WITH_UNIT(LENGTH_MEASURE(1.E-07),#7872,
  'distance_accuracy_value','confusion accuracy');
#7876 = CONTEXT_DEPENDENT_SHAPE_REPRESENTATION(#7877,#7879);
#7877 = ( REPRESENTATION_RELATIONSHIP('','',#7806,#10) 
REPRESENTATION_RELATIONSHIP_WITH_TRANSFORMATION(#7878) 
SHAPE_REPRESENTATION_RELATIONSHIP() );
#7878 = ITEM_DEFINED_TRANSFORMATION('','',#11,#23);
#7879 = PRODUCT_DEFINITION_SHAPE('Placement','Placement of an item',
  #7880);
#7880 = NEXT_ASSEMBLY_USAGE_OCCURRENCE('429','Hotspot_bottom_surfaces',
  '',#5,#7801,$);
#7881 = PRODUCT_RELATED_PRODUCT_CATEGORY('part',$,(#7803));
#7882 = SHAPE_DEFINITION_REPRESENTATION(#7883,#7889);
#7883 = PRODUCT_DEFINITION_SHAPE('','',#7884);
#7884 = PRODUCT_DEFINITION('design','',#7885,#7888);
#7885 = PRODUCT_DEFINITION_FORMATION('','',#7886);
#7886 = PRODUCT('Hotspot_bottom_surface_1_1',
  'Hotspot_bottom_surface_1_1','',(#7887));
#7887 = PRODUCT_CONTEXT('',#2,'mechanical');
#7888 = PRODUCT_DEFINITION_CONTEXT('part definition',#2,'design');
#7889 = MANIFOLD_SURFACE_SHAPE_REPRESENTATION('',(#11,#7890),#7932);
#7890 = SHELL_BASED_SURFACE_MODEL('',(#7891));
#7891 = OPEN_SHELL('',(#7892));
#7892 = ADVANCED_FACE('',(#7893),#7927,.F.);
#7893 = FACE_BOUND('',#7894,.F.);
#7894 = EDGE_LOOP('',(#7895,#7905,#7913,#7921));
#7895 = ORIENTED_EDGE('',*,*,#7896,.F.);
#7896 = EDGE_CURVE('',#7897,#7899,#7901,.T.);
#7897 = VERTEX_POINT('',#7898);
#7898 = CARTESIAN_POINT('',(0.,0.,0.));
#7899 = VERTEX_POINT('',#7900);
#7900 = CARTESIAN_POINT('',(0.2,0.,0.));
#7901 = LINE('',#7902,#7903);
#7902 = CARTESIAN_POINT('',(0.,0.,0.));
#7903 = VECTOR('',#7904,1.);
#7904 = DIRECTION('',(1.,0.,-0.));
#7905 = ORIENTED_EDGE('',*,*,#7906,.T.);
#7906 = EDGE_CURVE('',#7897,#7907,#7909,.T.);
#7907 = VERTEX_POINT('',#7908);
#7908 = CARTESIAN_POINT('',(0.,0.,0.2));
#7909 = LINE('',#7910,#7911);
#7910 = CARTESIAN_POINT('',(0.,0.,0.));
#7911 = VECTOR('',#7912,1.);
#7912 = DIRECTION('',(0.,0.,1.));
#7913 = ORIENTED_EDGE('',*,*,#7914,.T.);
#7914 = EDGE_CURVE('',#7907,#7915,#7917,.T.);
#7915 = VERTEX_POINT('',#7916);
#7916 = CARTESIAN_POINT('',(0.2,0.,0.2));
#7917 = LINE('',#7918,#7919);
#7918 = CARTESIAN_POINT('',(0.,0.,0.2));
#7919 = VECTOR('',#7920,1.);
#7920 = DIRECTION('',(1.,0.,-0.));
#7921 = ORIENTED_EDGE('',*,*,#7922,.F.);
#7922 = EDGE_CURVE('',#7899,#7915,#7923,.T.);
#7923 = LINE('',#7924,#7925);
#7924 = CARTESIAN_POINT('',(0.2,0.,0.));
#7925 = VECTOR('',#7926,1.);
#7926 = DIRECTION('',(0.,0.,1.));
#7927 = PLANE('',#7928);
#7928 = AXIS2_PLACEMENT_3D('',#7929,#7930,#7931);
#7929 = CARTESIAN_POINT('',(0.,0.,0.));
#7930 = DIRECTION('',(-0.,1.,0.));
#7931 = DIRECTION('',(0.,0.,1.));
#7932 = ( GEOMETRIC_REPRESENTATION_CONTEXT(3) 
GLOBAL_UNCERTAINTY_ASSIGNED_CONTEXT((#7936)) 
GLOBAL_UNIT_ASSIGNED_CONTEXT((#7933,#7934,#7935)) REPRESENTATION_CONTEXT
('Context #1','3D Context with UNIT and UNCERTAINTY') );
#7933 = ( LENGTH_UNIT() NAMED_UNIT(*) SI_UNIT(.MILLI.,.METRE.) );
#7934 = ( NAMED_UNIT(*) PLANE_ANGLE_UNIT() SI_UNIT($,.RADIAN.) );
#7935 = ( NAMED_UNIT(*) SI_UNIT($,.STERADIAN.) SOLID_ANGLE_UNIT() );
#7936 = UNCERTAINTY_MEASURE_WITH_UNIT(LENGTH_MEASURE(1.E-07),#7933,
  'distance_accuracy_value','confusion accuracy');
#7937 = CONTEXT_DEPENDENT_SHAPE_REPRESENTATION(#7938,#7940);
#7938 = ( REPRESENTATION_RELATIONSHIP('','',#7889,#7806) 
REPRESENTATION_RELATIONSHIP_WITH_TRANSFORMATION(#7939) 
SHAPE_REPRESENTATION_RELATIONSHIP() );
#7939 = ITEM_DEFINED_TRANSFORMATION('','',#11,#7807);
#7940 = PRODUCT_DEFINITION_SHAPE('Placement','Placement of an item',
  #7941);
#7941 = NEXT_ASSEMBLY_USAGE_OCCURRENCE('413',
  'Hotspot_bottom_surface_1_1','',#7801,#7884,$);
#7942 = PRODUCT_RELATED_PRODUCT_CATEGORY('part',$,(#7886));
#7943 = SHAPE_DEFINITION_REPRESENTATION(#7944,#7950);
#7944 = PRODUCT_DEFINITION_SHAPE('','',#7945);
#7945 = PRODUCT_DEFINITION('design','',#7946,#7949);
#7946 = PRODUCT_DEFINITION_FORMATION('','',#7947);
#7947 = PRODUCT('Hotspot_bottom_surface_1_2',
  'Hotspot_bottom_surface_1_2','',(#7948));
#7948 = PRODUCT_CONTEXT('',#2,'mechanical');
#7949 = PRODUCT_DEFINITION_CONTEXT('part definition',#2,'design');
#7950 = MANIFOLD_SURFACE_SHAPE_REPRESENTATION('',(#11,#7951),#7993);
#7951 = SHELL_BASED_SURFACE_MODEL('',(#7952));
#7952 = OPEN_SHELL('',(#7953));
#7953 = ADVANCED_FACE('',(#7954),#7988,.F.);
#7954 = FACE_BOUND('',#7955,.F.);
#7955 = EDGE_LOOP('',(#7956,#7966,#7974,#7982));
#7956 = ORIENTED_EDGE('',*,*,#7957,.F.);
#7957 = EDGE_CURVE('',#7958,#7960,#7962,.T.);
#7958 = VERTEX_POINT('',#7959);
#7959 = CARTESIAN_POINT('',(0.,0.,0.));
#7960 = VERTEX_POINT('',#7961);
#7961 = CARTESIAN_POINT('',(0.2,0.,0.));
#7962 = LINE('',#7963,#7964);
#7963 = CARTESIAN_POINT('',(0.,0.,0.));
#7964 = VECTOR('',#7965,1.);
#7965 = DIRECTION('',(1.,0.,-0.));
#7966 = ORIENTED_EDGE('',*,*,#7967,.T.);
#7967 = EDGE_CURVE('',#7958,#7968,#7970,.T.);
#7968 = VERTEX_POINT('',#7969);
#7969 = CARTESIAN_POINT('',(0.,0.,0.2));
#7970 = LINE('',#7971,#7972);
#7971 = CARTESIAN_POINT('',(0.,0.,0.));
#7972 = VECTOR('',#7973,1.);
#7973 = DIRECTION('',(0.,0.,1.));
#7974 = ORIENTED_EDGE('',*,*,#7975,.T.);
#7975 = EDGE_CURVE('',#7968,#7976,#7978,.T.);
#7976 = VERTEX_POINT('',#7977);
#7977 = CARTESIAN_POINT('',(0.2,0.,0.2));
#7978 = LINE('',#7979,#7980);
#7979 = CARTESIAN_POINT('',(0.,0.,0.2));
#7980 = VECTOR('',#7981,1.);
#7981 = DIRECTION('',(1.,0.,-0.));
#7982 = ORIENTED_EDGE('',*,*,#7983,.F.);
#7983 = EDGE_CURVE('',#7960,#7976,#7984,.T.);
#7984 = LINE('',#7985,#7986);
#7985 = CARTESIAN_POINT('',(0.2,0.,0.));
#7986 = VECTOR('',#7987,1.);
#7987 = DIRECTION('',(0.,0.,1.));
#7988 = PLANE('',#7989);
#7989 = AXIS2_PLACEMENT_3D('',#7990,#7991,#7992);
#7990 = CARTESIAN_POINT('',(0.,0.,0.));
#7991 = DIRECTION('',(-0.,1.,0.));
#7992 = DIRECTION('',(0.,0.,1.));
#7993 = ( GEOMETRIC_REPRESENTATION_CONTEXT(3) 
GLOBAL_UNCERTAINTY_ASSIGNED_CONTEXT((#7997)) 
GLOBAL_UNIT_ASSIGNED_CONTEXT((#7994,#7995,#7996)) REPRESENTATION_CONTEXT
('Context #1','3D Context with UNIT and UNCERTAINTY') );
#7994 = ( LENGTH_UNIT() NAMED_UNIT(*) SI_UNIT(.MILLI.,.METRE.) );
#7995 = ( NAMED_UNIT(*) PLANE_ANGLE_UNIT() SI_UNIT($,.RADIAN.) );
#7996 = ( NAMED_UNIT(*) SI_UNIT($,.STERADIAN.) SOLID_ANGLE_UNIT() );
#7997 = UNCERTAINTY_MEASURE_WITH_UNIT(LENGTH_MEASURE(1.E-07),#7994,
  'distance_accuracy_value','confusion accuracy');
#7998 = CONTEXT_DEPENDENT_SHAPE_REPRESENTATION(#7999,#8001);
#7999 = ( REPRESENTATION_RELATIONSHIP('','',#7950,#7806) 
REPRESENTATION_RELATIONSHIP_WITH_TRANSFORMATION(#8000) 
SHAPE_REPRESENTATION_RELATIONSHIP() );
#8000 = ITEM_DEFINED_TRANSFORMATION('','',#11,#7811);
#8001 = PRODUCT_DEFINITION_SHAPE('Placement','Placement of an item',
  #8002);
#8002 = NEXT_ASSEMBLY_USAGE_OCCURRENCE('414',
  'Hotspot_bottom_surface_1_2','',#7801,#7945,$);
#8003 = PRODUCT_RELATED_PRODUCT_CATEGORY('part',$,(#7947));
#8004 = SHAPE_DEFINITION_REPRESENTATION(#8005,#8011);
#8005 = PRODUCT_DEFINITION_SHAPE('','',#8006);
#8006 = PRODUCT_DEFINITION('design','',#8007,#8010);
#8007 = PRODUCT_DEFINITION_FORMATION('','',#8008);
#8008 = PRODUCT('Hotspot_bottom_surface_1_3',
  'Hotspot_bottom_surface_1_3','',(#8009));
#8009 = PRODUCT_CONTEXT('',#2,'mechanical');
#8010 = PRODUCT_DEFINITION_CONTEXT('part definition',#2,'design');
#8011 = MANIFOLD_SURFACE_SHAPE_REPRESENTATION('',(#11,#8012),#8054);
#8012 = SHELL_BASED_SURFACE_MODEL('',(#8013));
#8013 = OPEN_SHELL('',(#8014));
#8014 = ADVANCED_FACE('',(#8015),#8049,.F.);
#8015 = FACE_BOUND('',#8016,.F.);
#8016 = EDGE_LOOP('',(#8017,#8027,#8035,#8043));
#8017 = ORIENTED_EDGE('',*,*,#8018,.F.);
#8018 = EDGE_CURVE('',#8019,#8021,#8023,.T.);
#8019 = VERTEX_POINT('',#8020);
#8020 = CARTESIAN_POINT('',(0.,0.,0.));
#8021 = VERTEX_POINT('',#8022);
#8022 = CARTESIAN_POINT('',(0.2,0.,0.));
#8023 = LINE('',#8024,#8025);
#8024 = CARTESIAN_POINT('',(0.,0.,0.));
#8025 = VECTOR('',#8026,1.);
#8026 = DIRECTION('',(1.,0.,-0.));
#8027 = ORIENTED_EDGE('',*,*,#8028,.T.);
#8028 = EDGE_CURVE('',#8019,#8029,#8031,.T.);
#8029 = VERTEX_POINT('',#8030);
#8030 = CARTESIAN_POINT('',(0.,0.,0.2));
#8031 = LINE('',#8032,#8033);
#8032 = CARTESIAN_POINT('',(0.,0.,0.));
#8033 = VECTOR('',#8034,1.);
#8034 = DIRECTION('',(0.,0.,1.));
#8035 = ORIENTED_EDGE('',*,*,#8036,.T.);
#8036 = EDGE_CURVE('',#8029,#8037,#8039,.T.);
#8037 = VERTEX_POINT('',#8038);
#8038 = CARTESIAN_POINT('',(0.2,0.,0.2));
#8039 = LINE('',#8040,#8041);
#8040 = CARTESIAN_POINT('',(0.,0.,0.2));
#8041 = VECTOR('',#8042,1.);
#8042 = DIRECTION('',(1.,0.,-0.));
#8043 = ORIENTED_EDGE('',*,*,#8044,.F.);
#8044 = EDGE_CURVE('',#8021,#8037,#8045,.T.);
#8045 = LINE('',#8046,#8047);
#8046 = CARTESIAN_POINT('',(0.2,0.,0.));
#8047 = VECTOR('',#8048,1.);
#8048 = DIRECTION('',(0.,0.,1.));
#8049 = PLANE('',#8050);
#8050 = AXIS2_PLACEMENT_3D('',#8051,#8052,#8053);
#8051 = CARTESIAN_POINT('',(0.,0.,0.));
#8052 = DIRECTION('',(-0.,1.,0.));
#8053 = DIRECTION('',(0.,0.,1.));
#8054 = ( GEOMETRIC_REPRESENTATION_CONTEXT(3) 
GLOBAL_UNCERTAINTY_ASSIGNED_CONTEXT((#8058)) 
GLOBAL_UNIT_ASSIGNED_CONTEXT((#8055,#8056,#8057)) REPRESENTATION_CONTEXT
('Context #1','3D Context with UNIT and UNCERTAINTY') );
#8055 = ( LENGTH_UNIT() NAMED_UNIT(*) SI_UNIT(.MILLI.,.METRE.) );
#8056 = ( NAMED_UNIT(*) PLANE_ANGLE_UNIT() SI_UNIT($,.RADIAN.) );
#8057 = ( NAMED_UNIT(*) SI_UNIT($,.STERADIAN.) SOLID_ANGLE_UNIT() );
#8058 = UNCERTAINTY_MEASURE_WITH_UNIT(LENGTH_MEASURE(1.E-07),#8055,
  'distance_accuracy_value','confusion accuracy');
#8059 = CONTEXT_DEPENDENT_SHAPE_REPRESENTATION(#8060,#8062);
#8060 = ( REPRESENTATION_RELATIONSHIP('','',#8011,#7806) 
REPRESENTATION_RELATIONSHIP_WITH_TRANSFORMATION(#8061) 
SHAPE_REPRESENTATION_RELATIONSHIP() );
#8061 = ITEM_DEFINED_TRANSFORMATION('','',#11,#7815);
#8062 = PRODUCT_DEFINITION_SHAPE('Placement','Placement of an item',
  #8063);
#8063 = NEXT_ASSEMBLY_USAGE_OCCURRENCE('415',
  'Hotspot_bottom_surface_1_3','',#7801,#8006,$);
#8064 = PRODUCT_RELATED_PRODUCT_CATEGORY('part',$,(#8008));
#8065 = SHAPE_DEFINITION_REPRESENTATION(#8066,#8072);
#8066 = PRODUCT_DEFINITION_SHAPE('','',#8067);
#8067 = PRODUCT_DEFINITION('design','',#8068,#8071);
#8068 = PRODUCT_DEFINITION_FORMATION('','',#8069);
#8069 = PRODUCT('Hotspot_bottom_surface_1_4',
  'Hotspot_bottom_surface_1_4','',(#8070));
#8070 = PRODUCT_CONTEXT('',#2,'mechanical');
#8071 = PRODUCT_DEFINITION_CONTEXT('part definition',#2,'design');
#8072 = MANIFOLD_SURFACE_SHAPE_REPRESENTATION('',(#11,#8073),#8115);
#8073 = SHELL_BASED_SURFACE_MODEL('',(#8074));
#8074 = OPEN_SHELL('',(#8075));
#8075 = ADVANCED_FACE('',(#8076),#8110,.F.);
#8076 = FACE_BOUND('',#8077,.F.);
#8077 = EDGE_LOOP('',(#8078,#8088,#8096,#8104));
#8078 = ORIENTED_EDGE('',*,*,#8079,.F.);
#8079 = EDGE_CURVE('',#8080,#8082,#8084,.T.);
#8080 = VERTEX_POINT('',#8081);
#8081 = CARTESIAN_POINT('',(0.,0.,0.));
#8082 = VERTEX_POINT('',#8083);
#8083 = CARTESIAN_POINT('',(0.2,0.,0.));
#8084 = LINE('',#8085,#8086);
#8085 = CARTESIAN_POINT('',(0.,0.,0.));
#8086 = VECTOR('',#8087,1.);
#8087 = DIRECTION('',(1.,0.,-0.));
#8088 = ORIENTED_EDGE('',*,*,#8089,.T.);
#8089 = EDGE_CURVE('',#8080,#8090,#8092,.T.);
#8090 = VERTEX_POINT('',#8091);
#8091 = CARTESIAN_POINT('',(0.,0.,0.2));
#8092 = LINE('',#8093,#8094);
#8093 = CARTESIAN_POINT('',(0.,0.,0.));
#8094 = VECTOR('',#8095,1.);
#8095 = DIRECTION('',(0.,0.,1.));
#8096 = ORIENTED_EDGE('',*,*,#8097,.T.);
#8097 = EDGE_CURVE('',#8090,#8098,#8100,.T.);
#8098 = VERTEX_POINT('',#8099);
#8099 = CARTESIAN_POINT('',(0.2,0.,0.2));
#8100 = LINE('',#8101,#8102);
#8101 = CARTESIAN_POINT('',(0.,0.,0.2));
#8102 = VECTOR('',#8103,1.);
#8103 = DIRECTION('',(1.,0.,-0.));
#8104 = ORIENTED_EDGE('',*,*,#8105,.F.);
#8105 = EDGE_CURVE('',#8082,#8098,#8106,.T.);
#8106 = LINE('',#8107,#8108);
#8107 = CARTESIAN_POINT('',(0.2,0.,0.));
#8108 = VECTOR('',#8109,1.);
#8109 = DIRECTION('',(0.,0.,1.));
#8110 = PLANE('',#8111);
#8111 = AXIS2_PLACEMENT_3D('',#8112,#8113,#8114);
#8112 = CARTESIAN_POINT('',(0.,0.,0.));
#8113 = DIRECTION('',(-0.,1.,0.));
#8114 = DIRECTION('',(0.,0.,1.));
#8115 = ( GEOMETRIC_REPRESENTATION_CONTEXT(3) 
GLOBAL_UNCERTAINTY_ASSIGNED_CONTEXT((#8119)) 
GLOBAL_UNIT_ASSIGNED_CONTEXT((#8116,#8117,#8118)) REPRESENTATION_CONTEXT
('Context #1','3D Context with UNIT and UNCERTAINTY') );
#8116 = ( LENGTH_UNIT() NAMED_UNIT(*) SI_UNIT(.MILLI.,.METRE.) );
#8117 = ( NAMED_UNIT(*) PLANE_ANGLE_UNIT() SI_UNIT($,.RADIAN.) );
#8118 = ( NAMED_UNIT(*) SI_UNIT($,.STERADIAN.) SOLID_ANGLE_UNIT() );
#8119 = UNCERTAINTY_MEASURE_WITH_UNIT(LENGTH_MEASURE(1.E-07),#8116,
  'distance_accuracy_value','confusion accuracy');
#8120 = CONTEXT_DEPENDENT_SHAPE_REPRESENTATION(#8121,#8123);
#8121 = ( REPRESENTATION_RELATIONSHIP('','',#8072,#7806) 
REPRESENTATION_RELATIONSHIP_WITH_TRANSFORMATION(#8122) 
SHAPE_REPRESENTATION_RELATIONSHIP() );
#8122 = ITEM_DEFINED_TRANSFORMATION('','',#11,#7819);
#8123 = PRODUCT_DEFINITION_SHAPE('Placement','Placement of an item',
  #8124);
#8124 = NEXT_ASSEMBLY_USAGE_OCCURRENCE('416',
  'Hotspot_bottom_surface_1_4','',#7801,#8067,$);
#8125 = PRODUCT_RELATED_PRODUCT_CATEGORY('part',$,(#8069));
#8126 = SHAPE_DEFINITION_REPRESENTATION(#8127,#8133);
#8127 = PRODUCT_DEFINITION_SHAPE('','',#8128);
#8128 = PRODUCT_DEFINITION('design','',#8129,#8132);
#8129 = PRODUCT_DEFINITION_FORMATION('','',#8130);
#8130 = PRODUCT('Hotspot_bottom_surface_2_1',
  'Hotspot_bottom_surface_2_1','',(#8131));
#8131 = PRODUCT_CONTEXT('',#2,'mechanical');
#8132 = PRODUCT_DEFINITION_CONTEXT('part definition',#2,'design');
#8133 = MANIFOLD_SURFACE_SHAPE_REPRESENTATION('',(#11,#8134),#8176);
#8134 = SHELL_BASED_SURFACE_MODEL('',(#8135));
#8135 = OPEN_SHELL('',(#8136));
#8136 = ADVANCED_FACE('',(#8137),#8171,.F.);
#8137 = FACE_BOUND('',#8138,.F.);
#8138 = EDGE_LOOP('',(#8139,#8149,#8157,#8165));
#8139 = ORIENTED_EDGE('',*,*,#8140,.F.);
#8140 = EDGE_CURVE('',#8141,#8143,#8145,.T.);
#8141 = VERTEX_POINT('',#8142);
#8142 = CARTESIAN_POINT('',(0.,0.,0.));
#8143 = VERTEX_POINT('',#8144);
#8144 = CARTESIAN_POINT('',(0.2,0.,0.));
#8145 = LINE('',#8146,#8147);
#8146 = CARTESIAN_POINT('',(0.,0.,0.));
#8147 = VECTOR('',#8148,1.);
#8148 = DIRECTION('',(1.,0.,-0.));
#8149 = ORIENTED_EDGE('',*,*,#8150,.T.);
#8150 = EDGE_CURVE('',#8141,#8151,#8153,.T.);
#8151 = VERTEX_POINT('',#8152);
#8152 = CARTESIAN_POINT('',(0.,0.,0.2));
#8153 = LINE('',#8154,#8155);
#8154 = CARTESIAN_POINT('',(0.,0.,0.));
#8155 = VECTOR('',#8156,1.);
#8156 = DIRECTION('',(0.,0.,1.));
#8157 = ORIENTED_EDGE('',*,*,#8158,.T.);
#8158 = EDGE_CURVE('',#8151,#8159,#8161,.T.);
#8159 = VERTEX_POINT('',#8160);
#8160 = CARTESIAN_POINT('',(0.2,0.,0.2));
#8161 = LINE('',#8162,#8163);
#8162 = CARTESIAN_POINT('',(0.,0.,0.2));
#8163 = VECTOR('',#8164,1.);
#8164 = DIRECTION('',(1.,0.,-0.));
#8165 = ORIENTED_EDGE('',*,*,#8166,.F.);
#8166 = EDGE_CURVE('',#8143,#8159,#8167,.T.);
#8167 = LINE('',#8168,#8169);
#8168 = CARTESIAN_POINT('',(0.2,0.,0.));
#8169 = VECTOR('',#8170,1.);
#8170 = DIRECTION('',(0.,0.,1.));
#8171 = PLANE('',#8172);
#8172 = AXIS2_PLACEMENT_3D('',#8173,#8174,#8175);
#8173 = CARTESIAN_POINT('',(0.,0.,0.));
#8174 = DIRECTION('',(-0.,1.,0.));
#8175 = DIRECTION('',(0.,0.,1.));
#8176 = ( GEOMETRIC_REPRESENTATION_CONTEXT(3) 
GLOBAL_UNCERTAINTY_ASSIGNED_CONTEXT((#8180)) 
GLOBAL_UNIT_ASSIGNED_CONTEXT((#8177,#8178,#8179)) REPRESENTATION_CONTEXT
('Context #1','3D Context with UNIT and UNCERTAINTY') );
#8177 = ( LENGTH_UNIT() NAMED_UNIT(*) SI_UNIT(.MILLI.,.METRE.) );
#8178 = ( NAMED_UNIT(*) PLANE_ANGLE_UNIT() SI_UNIT($,.RADIAN.) );
#8179 = ( NAMED_UNIT(*) SI_UNIT($,.STERADIAN.) SOLID_ANGLE_UNIT() );
#8180 = UNCERTAINTY_MEASURE_WITH_UNIT(LENGTH_MEASURE(1.E-07),#8177,
  'distance_accuracy_value','confusion accuracy');
#8181 = CONTEXT_DEPENDENT_SHAPE_REPRESENTATION(#8182,#8184);
#8182 = ( REPRESENTATION_RELATIONSHIP('','',#8133,#7806) 
REPRESENTATION_RELATIONSHIP_WITH_TRANSFORMATION(#8183) 
SHAPE_REPRESENTATION_RELATIONSHIP() );
#8183 = ITEM_DEFINED_TRANSFORMATION('','',#11,#7823);
#8184 = PRODUCT_DEFINITION_SHAPE('Placement','Placement of an item',
  #8185);
#8185 = NEXT_ASSEMBLY_USAGE_OCCURRENCE('417',
  'Hotspot_bottom_surface_2_1','',#7801,#8128,$);
#8186 = PRODUCT_RELATED_PRODUCT_CATEGORY('part',$,(#8130));
#8187 = SHAPE_DEFINITION_REPRESENTATION(#8188,#8194);
#8188 = PRODUCT_DEFINITION_SHAPE('','',#8189);
#8189 = PRODUCT_DEFINITION('design','',#8190,#8193);
#8190 = PRODUCT_DEFINITION_FORMATION('','',#8191);
#8191 = PRODUCT('Hotspot_bottom_surface_2_2',
  'Hotspot_bottom_surface_2_2','',(#8192));
#8192 = PRODUCT_CONTEXT('',#2,'mechanical');
#8193 = PRODUCT_DEFINITION_CONTEXT('part definition',#2,'design');
#8194 = MANIFOLD_SURFACE_SHAPE_REPRESENTATION('',(#11,#8195),#8237);
#8195 = SHELL_BASED_SURFACE_MODEL('',(#8196));
#8196 = OPEN_SHELL('',(#8197));
#8197 = ADVANCED_FACE('',(#8198),#8232,.F.);
#8198 = FACE_BOUND('',#8199,.F.);
#8199 = EDGE_LOOP('',(#8200,#8210,#8218,#8226));
#8200 = ORIENTED_EDGE('',*,*,#8201,.F.);
#8201 = EDGE_CURVE('',#8202,#8204,#8206,.T.);
#8202 = VERTEX_POINT('',#8203);
#8203 = CARTESIAN_POINT('',(0.,0.,0.));
#8204 = VERTEX_POINT('',#8205);
#8205 = CARTESIAN_POINT('',(0.2,0.,0.));
#8206 = LINE('',#8207,#8208);
#8207 = CARTESIAN_POINT('',(0.,0.,0.));
#8208 = VECTOR('',#8209,1.);
#8209 = DIRECTION('',(1.,0.,-0.));
#8210 = ORIENTED_EDGE('',*,*,#8211,.T.);
#8211 = EDGE_CURVE('',#8202,#8212,#8214,.T.);
#8212 = VERTEX_POINT('',#8213);
#8213 = CARTESIAN_POINT('',(0.,0.,0.2));
#8214 = LINE('',#8215,#8216);
#8215 = CARTESIAN_POINT('',(0.,0.,0.));
#8216 = VECTOR('',#8217,1.);
#8217 = DIRECTION('',(0.,0.,1.));
#8218 = ORIENTED_EDGE('',*,*,#8219,.T.);
#8219 = EDGE_CURVE('',#8212,#8220,#8222,.T.);
#8220 = VERTEX_POINT('',#8221);
#8221 = CARTESIAN_POINT('',(0.2,0.,0.2));
#8222 = LINE('',#8223,#8224);
#8223 = CARTESIAN_POINT('',(0.,0.,0.2));
#8224 = VECTOR('',#8225,1.);
#8225 = DIRECTION('',(1.,0.,-0.));
#8226 = ORIENTED_EDGE('',*,*,#8227,.F.);
#8227 = EDGE_CURVE('',#8204,#8220,#8228,.T.);
#8228 = LINE('',#8229,#8230);
#8229 = CARTESIAN_POINT('',(0.2,0.,0.));
#8230 = VECTOR('',#8231,1.);
#8231 = DIRECTION('',(0.,0.,1.));
#8232 = PLANE('',#8233);
#8233 = AXIS2_PLACEMENT_3D('',#8234,#8235,#8236);
#8234 = CARTESIAN_POINT('',(0.,0.,0.));
#8235 = DIRECTION('',(-0.,1.,0.));
#8236 = DIRECTION('',(0.,0.,1.));
#8237 = ( GEOMETRIC_REPRESENTATION_CONTEXT(3) 
GLOBAL_UNCERTAINTY_ASSIGNED_CONTEXT((#8241)) 
GLOBAL_UNIT_ASSIGNED_CONTEXT((#8238,#8239,#8240)) REPRESENTATION_CONTEXT
('Context #1','3D Context with UNIT and UNCERTAINTY') );
#8238 = ( LENGTH_UNIT() NAMED_UNIT(*) SI_UNIT(.MILLI.,.METRE.) );
#8239 = ( NAMED_UNIT(*) PLANE_ANGLE_UNIT() SI_UNIT($,.RADIAN.) );
#8240 = ( NAMED_UNIT(*) SI_UNIT($,.STERADIAN.) SOLID_ANGLE_UNIT() );
#8241 = UNCERTAINTY_MEASURE_WITH_UNIT(LENGTH_MEASURE(1.E-07),#8238,
  'distance_accuracy_value','confusion accuracy');
#8242 = CONTEXT_DEPENDENT_SHAPE_REPRESENTATION(#8243,#8245);
#8243 = ( REPRESENTATION_RELATIONSHIP('','',#8194,#7806) 
REPRESENTATION_RELATIONSHIP_WITH_TRANSFORMATION(#8244) 
SHAPE_REPRESENTATION_RELATIONSHIP() );
#8244 = ITEM_DEFINED_TRANSFORMATION('','',#11,#7827);
#8245 = PRODUCT_DEFINITION_SHAPE('Placement','Placement of an item',
  #8246);
#8246 = NEXT_ASSEMBLY_USAGE_OCCURRENCE('418',
  'Hotspot_bottom_surface_2_2','',#7801,#8189,$);
#8247 = PRODUCT_RELATED_PRODUCT_CATEGORY('part',$,(#8191));
#8248 = SHAPE_DEFINITION_REPRESENTATION(#8249,#8255);
#8249 = PRODUCT_DEFINITION_SHAPE('','',#8250);
#8250 = PRODUCT_DEFINITION('design','',#8251,#8254);
#8251 = PRODUCT_DEFINITION_FORMATION('','',#8252);
#8252 = PRODUCT('Hotspot_bottom_surface_2_3',
  'Hotspot_bottom_surface_2_3','',(#8253));
#8253 = PRODUCT_CONTEXT('',#2,'mechanical');
#8254 = PRODUCT_DEFINITION_CONTEXT('part definition',#2,'design');
#8255 = MANIFOLD_SURFACE_SHAPE_REPRESENTATION('',(#11,#8256),#8298);
#8256 = SHELL_BASED_SURFACE_MODEL('',(#8257));
#8257 = OPEN_SHELL('',(#8258));
#8258 = ADVANCED_FACE('',(#8259),#8293,.F.);
#8259 = FACE_BOUND('',#8260,.F.);
#8260 = EDGE_LOOP('',(#8261,#8271,#8279,#8287));
#8261 = ORIENTED_EDGE('',*,*,#8262,.F.);
#8262 = EDGE_CURVE('',#8263,#8265,#8267,.T.);
#8263 = VERTEX_POINT('',#8264);
#8264 = CARTESIAN_POINT('',(0.,0.,0.));
#8265 = VERTEX_POINT('',#8266);
#8266 = CARTESIAN_POINT('',(0.2,0.,0.));
#8267 = LINE('',#8268,#8269);
#8268 = CARTESIAN_POINT('',(0.,0.,0.));
#8269 = VECTOR('',#8270,1.);
#8270 = DIRECTION('',(1.,0.,-0.));
#8271 = ORIENTED_EDGE('',*,*,#8272,.T.);
#8272 = EDGE_CURVE('',#8263,#8273,#8275,.T.);
#8273 = VERTEX_POINT('',#8274);
#8274 = CARTESIAN_POINT('',(0.,0.,0.2));
#8275 = LINE('',#8276,#8277);
#8276 = CARTESIAN_POINT('',(0.,0.,0.));
#8277 = VECTOR('',#8278,1.);
#8278 = DIRECTION('',(0.,0.,1.));
#8279 = ORIENTED_EDGE('',*,*,#8280,.T.);
#8280 = EDGE_CURVE('',#8273,#8281,#8283,.T.);
#8281 = VERTEX_POINT('',#8282);
#8282 = CARTESIAN_POINT('',(0.2,0.,0.2));
#8283 = LINE('',#8284,#8285);
#8284 = CARTESIAN_POINT('',(0.,0.,0.2));
#8285 = VECTOR('',#8286,1.);
#8286 = DIRECTION('',(1.,0.,-0.));
#8287 = ORIENTED_EDGE('',*,*,#8288,.F.);
#8288 = EDGE_CURVE('',#8265,#8281,#8289,.T.);
#8289 = LINE('',#8290,#8291);
#8290 = CARTESIAN_POINT('',(0.2,0.,0.));
#8291 = VECTOR('',#8292,1.);
#8292 = DIRECTION('',(0.,0.,1.));
#8293 = PLANE('',#8294);
#8294 = AXIS2_PLACEMENT_3D('',#8295,#8296,#8297);
#8295 = CARTESIAN_POINT('',(0.,0.,0.));
#8296 = DIRECTION('',(-0.,1.,0.));
#8297 = DIRECTION('',(0.,0.,1.));
#8298 = ( GEOMETRIC_REPRESENTATION_CONTEXT(3) 
GLOBAL_UNCERTAINTY_ASSIGNED_CONTEXT((#8302)) 
GLOBAL_UNIT_ASSIGNED_CONTEXT((#8299,#8300,#8301)) REPRESENTATION_CONTEXT
('Context #1','3D Context with UNIT and UNCERTAINTY') );
#8299 = ( LENGTH_UNIT() NAMED_UNIT(*) SI_UNIT(.MILLI.,.METRE.) );
#8300 = ( NAMED_UNIT(*) PLANE_ANGLE_UNIT() SI_UNIT($,.RADIAN.) );
#8301 = ( NAMED_UNIT(*) SI_UNIT($,.STERADIAN.) SOLID_ANGLE_UNIT() );
#8302 = UNCERTAINTY_MEASURE_WITH_UNIT(LENGTH_MEASURE(1.E-07),#8299,
  'distance_accuracy_value','confusion accuracy');
#8303 = CONTEXT_DEPENDENT_SHAPE_REPRESENTATION(#8304,#8306);
#8304 = ( REPRESENTATION_RELATIONSHIP('','',#8255,#7806) 
REPRESENTATION_RELATIONSHIP_WITH_TRANSFORMATION(#8305) 
SHAPE_REPRESENTATION_RELATIONSHIP() );
#8305 = ITEM_DEFINED_TRANSFORMATION('','',#11,#7831);
#8306 = PRODUCT_DEFINITION_SHAPE('Placement','Placement of an item',
  #8307);
#8307 = NEXT_ASSEMBLY_USAGE_OCCURRENCE('419',
  'Hotspot_bottom_surface_2_3','',#7801,#8250,$);
#8308 = PRODUCT_RELATED_PRODUCT_CATEGORY('part',$,(#8252));
#8309 = SHAPE_DEFINITION_REPRESENTATION(#8310,#8316);
#8310 = PRODUCT_DEFINITION_SHAPE('','',#8311);
#8311 = PRODUCT_DEFINITION('design','',#8312,#8315);
#8312 = PRODUCT_DEFINITION_FORMATION('','',#8313);
#8313 = PRODUCT('Hotspot_bottom_surface_2_4',
  'Hotspot_bottom_surface_2_4','',(#8314));
#8314 = PRODUCT_CONTEXT('',#2,'mechanical');
#8315 = PRODUCT_DEFINITION_CONTEXT('part definition',#2,'design');
#8316 = MANIFOLD_SURFACE_SHAPE_REPRESENTATION('',(#11,#8317),#8359);
#8317 = SHELL_BASED_SURFACE_MODEL('',(#8318));
#8318 = OPEN_SHELL('',(#8319));
#8319 = ADVANCED_FACE('',(#8320),#8354,.F.);
#8320 = FACE_BOUND('',#8321,.F.);
#8321 = EDGE_LOOP('',(#8322,#8332,#8340,#8348));
#8322 = ORIENTED_EDGE('',*,*,#8323,.F.);
#8323 = EDGE_CURVE('',#8324,#8326,#8328,.T.);
#8324 = VERTEX_POINT('',#8325);
#8325 = CARTESIAN_POINT('',(0.,0.,0.));
#8326 = VERTEX_POINT('',#8327);
#8327 = CARTESIAN_POINT('',(0.2,0.,0.));
#8328 = LINE('',#8329,#8330);
#8329 = CARTESIAN_POINT('',(0.,0.,0.));
#8330 = VECTOR('',#8331,1.);
#8331 = DIRECTION('',(1.,0.,-0.));
#8332 = ORIENTED_EDGE('',*,*,#8333,.T.);
#8333 = EDGE_CURVE('',#8324,#8334,#8336,.T.);
#8334 = VERTEX_POINT('',#8335);
#8335 = CARTESIAN_POINT('',(0.,0.,0.2));
#8336 = LINE('',#8337,#8338);
#8337 = CARTESIAN_POINT('',(0.,0.,0.));
#8338 = VECTOR('',#8339,1.);
#8339 = DIRECTION('',(0.,0.,1.));
#8340 = ORIENTED_EDGE('',*,*,#8341,.T.);
#8341 = EDGE_CURVE('',#8334,#8342,#8344,.T.);
#8342 = VERTEX_POINT('',#8343);
#8343 = CARTESIAN_POINT('',(0.2,0.,0.2));
#8344 = LINE('',#8345,#8346);
#8345 = CARTESIAN_POINT('',(0.,0.,0.2));
#8346 = VECTOR('',#8347,1.);
#8347 = DIRECTION('',(1.,0.,-0.));
#8348 = ORIENTED_EDGE('',*,*,#8349,.F.);
#8349 = EDGE_CURVE('',#8326,#8342,#8350,.T.);
#8350 = LINE('',#8351,#8352);
#8351 = CARTESIAN_POINT('',(0.2,0.,0.));
#8352 = VECTOR('',#8353,1.);
#8353 = DIRECTION('',(0.,0.,1.));
#8354 = PLANE('',#8355);
#8355 = AXIS2_PLACEMENT_3D('',#8356,#8357,#8358);
#8356 = CARTESIAN_POINT('',(0.,0.,0.));
#8357 = DIRECTION('',(-0.,1.,0.));
#8358 = DIRECTION('',(0.,0.,1.));
#8359 = ( GEOMETRIC_REPRESENTATION_CONTEXT(3) 
GLOBAL_UNCERTAINTY_ASSIGNED_CONTEXT((#8363)) 
GLOBAL_UNIT_ASSIGNED_CONTEXT((#8360,#8361,#8362)) REPRESENTATION_CONTEXT
('Context #1','3D Context with UNIT and UNCERTAINTY') );
#8360 = ( LENGTH_UNIT() NAMED_UNIT(*) SI_UNIT(.MILLI.,.METRE.) );
#8361 = ( NAMED_UNIT(*) PLANE_ANGLE_UNIT() SI_UNIT($,.RADIAN.) );
#8362 = ( NAMED_UNIT(*) SI_UNIT($,.STERADIAN.) SOLID_ANGLE_UNIT() );
#8363 = UNCERTAINTY_MEASURE_WITH_UNIT(LENGTH_MEASURE(1.E-07),#8360,
  'distance_accuracy_value','confusion accuracy');
#8364 = CONTEXT_DEPENDENT_SHAPE_REPRESENTATION(#8365,#8367);
#8365 = ( REPRESENTATION_RELATIONSHIP('','',#8316,#7806) 
REPRESENTATION_RELATIONSHIP_WITH_TRANSFORMATION(#8366) 
SHAPE_REPRESENTATION_RELATIONSHIP() );
#8366 = ITEM_DEFINED_TRANSFORMATION('','',#11,#7835);
#8367 = PRODUCT_DEFINITION_SHAPE('Placement','Placement of an item',
  #8368);
#8368 = NEXT_ASSEMBLY_USAGE_OCCURRENCE('420',
  'Hotspot_bottom_surface_2_4','',#7801,#8311,$);
#8369 = PRODUCT_RELATED_PRODUCT_CATEGORY('part',$,(#8313));
#8370 = SHAPE_DEFINITION_REPRESENTATION(#8371,#8377);
#8371 = PRODUCT_DEFINITION_SHAPE('','',#8372);
#8372 = PRODUCT_DEFINITION('design','',#8373,#8376);
#8373 = PRODUCT_DEFINITION_FORMATION('','',#8374);
#8374 = PRODUCT('Hotspot_bottom_surface_3_1',
  'Hotspot_bottom_surface_3_1','',(#8375));
#8375 = PRODUCT_CONTEXT('',#2,'mechanical');
#8376 = PRODUCT_DEFINITION_CONTEXT('part definition',#2,'design');
#8377 = MANIFOLD_SURFACE_SHAPE_REPRESENTATION('',(#11,#8378),#8420);
#8378 = SHELL_BASED_SURFACE_MODEL('',(#8379));
#8379 = OPEN_SHELL('',(#8380));
#8380 = ADVANCED_FACE('',(#8381),#8415,.F.);
#8381 = FACE_BOUND('',#8382,.F.);
#8382 = EDGE_LOOP('',(#8383,#8393,#8401,#8409));
#8383 = ORIENTED_EDGE('',*,*,#8384,.F.);
#8384 = EDGE_CURVE('',#8385,#8387,#8389,.T.);
#8385 = VERTEX_POINT('',#8386);
#8386 = CARTESIAN_POINT('',(0.,0.,0.));
#8387 = VERTEX_POINT('',#8388);
#8388 = CARTESIAN_POINT('',(0.2,0.,0.));
#8389 = LINE('',#8390,#8391);
#8390 = CARTESIAN_POINT('',(0.,0.,0.));
#8391 = VECTOR('',#8392,1.);
#8392 = DIRECTION('',(1.,0.,-0.));
#8393 = ORIENTED_EDGE('',*,*,#8394,.T.);
#8394 = EDGE_CURVE('',#8385,#8395,#8397,.T.);
#8395 = VERTEX_POINT('',#8396);
#8396 = CARTESIAN_POINT('',(0.,0.,0.2));
#8397 = LINE('',#8398,#8399);
#8398 = CARTESIAN_POINT('',(0.,0.,0.));
#8399 = VECTOR('',#8400,1.);
#8400 = DIRECTION('',(0.,0.,1.));
#8401 = ORIENTED_EDGE('',*,*,#8402,.T.);
#8402 = EDGE_CURVE('',#8395,#8403,#8405,.T.);
#8403 = VERTEX_POINT('',#8404);
#8404 = CARTESIAN_POINT('',(0.2,0.,0.2));
#8405 = LINE('',#8406,#8407);
#8406 = CARTESIAN_POINT('',(0.,0.,0.2));
#8407 = VECTOR('',#8408,1.);
#8408 = DIRECTION('',(1.,0.,-0.));
#8409 = ORIENTED_EDGE('',*,*,#8410,.F.);
#8410 = EDGE_CURVE('',#8387,#8403,#8411,.T.);
#8411 = LINE('',#8412,#8413);
#8412 = CARTESIAN_POINT('',(0.2,0.,0.));
#8413 = VECTOR('',#8414,1.);
#8414 = DIRECTION('',(0.,0.,1.));
#8415 = PLANE('',#8416);
#8416 = AXIS2_PLACEMENT_3D('',#8417,#8418,#8419);
#8417 = CARTESIAN_POINT('',(0.,0.,0.));
#8418 = DIRECTION('',(-0.,1.,0.));
#8419 = DIRECTION('',(0.,0.,1.));
#8420 = ( GEOMETRIC_REPRESENTATION_CONTEXT(3) 
GLOBAL_UNCERTAINTY_ASSIGNED_CONTEXT((#8424)) 
GLOBAL_UNIT_ASSIGNED_CONTEXT((#8421,#8422,#8423)) REPRESENTATION_CONTEXT
('Context #1','3D Context with UNIT and UNCERTAINTY') );
#8421 = ( LENGTH_UNIT() NAMED_UNIT(*) SI_UNIT(.MILLI.,.METRE.) );
#8422 = ( NAMED_UNIT(*) PLANE_ANGLE_UNIT() SI_UNIT($,.RADIAN.) );
#8423 = ( NAMED_UNIT(*) SI_UNIT($,.STERADIAN.) SOLID_ANGLE_UNIT() );
#8424 = UNCERTAINTY_MEASURE_WITH_UNIT(LENGTH_MEASURE(1.E-07),#8421,
  'distance_accuracy_value','confusion accuracy');
#8425 = CONTEXT_DEPENDENT_SHAPE_REPRESENTATION(#8426,#8428);
#8426 = ( REPRESENTATION_RELATIONSHIP('','',#8377,#7806) 
REPRESENTATION_RELATIONSHIP_WITH_TRANSFORMATION(#8427) 
SHAPE_REPRESENTATION_RELATIONSHIP() );
#8427 = ITEM_DEFINED_TRANSFORMATION('','',#11,#7839);
#8428 = PRODUCT_DEFINITION_SHAPE('Placement','Placement of an item',
  #8429);
#8429 = NEXT_ASSEMBLY_USAGE_OCCURRENCE('421',
  'Hotspot_bottom_surface_3_1','',#7801,#8372,$);
#8430 = PRODUCT_RELATED_PRODUCT_CATEGORY('part',$,(#8374));
#8431 = SHAPE_DEFINITION_REPRESENTATION(#8432,#8438);
#8432 = PRODUCT_DEFINITION_SHAPE('','',#8433);
#8433 = PRODUCT_DEFINITION('design','',#8434,#8437);
#8434 = PRODUCT_DEFINITION_FORMATION('','',#8435);
#8435 = PRODUCT('Hotspot_bottom_surface_3_2',
  'Hotspot_bottom_surface_3_2','',(#8436));
#8436 = PRODUCT_CONTEXT('',#2,'mechanical');
#8437 = PRODUCT_DEFINITION_CONTEXT('part definition',#2,'design');
#8438 = MANIFOLD_SURFACE_SHAPE_REPRESENTATION('',(#11,#8439),#8481);
#8439 = SHELL_BASED_SURFACE_MODEL('',(#8440));
#8440 = OPEN_SHELL('',(#8441));
#8441 = ADVANCED_FACE('',(#8442),#8476,.F.);
#8442 = FACE_BOUND('',#8443,.F.);
#8443 = EDGE_LOOP('',(#8444,#8454,#8462,#8470));
#8444 = ORIENTED_EDGE('',*,*,#8445,.F.);
#8445 = EDGE_CURVE('',#8446,#8448,#8450,.T.);
#8446 = VERTEX_POINT('',#8447);
#8447 = CARTESIAN_POINT('',(0.,0.,0.));
#8448 = VERTEX_POINT('',#8449);
#8449 = CARTESIAN_POINT('',(0.2,0.,0.));
#8450 = LINE('',#8451,#8452);
#8451 = CARTESIAN_POINT('',(0.,0.,0.));
#8452 = VECTOR('',#8453,1.);
#8453 = DIRECTION('',(1.,0.,-0.));
#8454 = ORIENTED_EDGE('',*,*,#8455,.T.);
#8455 = EDGE_CURVE('',#8446,#8456,#8458,.T.);
#8456 = VERTEX_POINT('',#8457);
#8457 = CARTESIAN_POINT('',(0.,0.,0.2));
#8458 = LINE('',#8459,#8460);
#8459 = CARTESIAN_POINT('',(0.,0.,0.));
#8460 = VECTOR('',#8461,1.);
#8461 = DIRECTION('',(0.,0.,1.));
#8462 = ORIENTED_EDGE('',*,*,#8463,.T.);
#8463 = EDGE_CURVE('',#8456,#8464,#8466,.T.);
#8464 = VERTEX_POINT('',#8465);
#8465 = CARTESIAN_POINT('',(0.2,0.,0.2));
#8466 = LINE('',#8467,#8468);
#8467 = CARTESIAN_POINT('',(0.,0.,0.2));
#8468 = VECTOR('',#8469,1.);
#8469 = DIRECTION('',(1.,0.,-0.));
#8470 = ORIENTED_EDGE('',*,*,#8471,.F.);
#8471 = EDGE_CURVE('',#8448,#8464,#8472,.T.);
#8472 = LINE('',#8473,#8474);
#8473 = CARTESIAN_POINT('',(0.2,0.,0.));
#8474 = VECTOR('',#8475,1.);
#8475 = DIRECTION('',(0.,0.,1.));
#8476 = PLANE('',#8477);
#8477 = AXIS2_PLACEMENT_3D('',#8478,#8479,#8480);
#8478 = CARTESIAN_POINT('',(0.,0.,0.));
#8479 = DIRECTION('',(-0.,1.,0.));
#8480 = DIRECTION('',(0.,0.,1.));
#8481 = ( GEOMETRIC_REPRESENTATION_CONTEXT(3) 
GLOBAL_UNCERTAINTY_ASSIGNED_CONTEXT((#8485)) 
GLOBAL_UNIT_ASSIGNED_CONTEXT((#8482,#8483,#8484)) REPRESENTATION_CONTEXT
('Context #1','3D Context with UNIT and UNCERTAINTY') );
#8482 = ( LENGTH_UNIT() NAMED_UNIT(*) SI_UNIT(.MILLI.,.METRE.) );
#8483 = ( NAMED_UNIT(*) PLANE_ANGLE_UNIT() SI_UNIT($,.RADIAN.) );
#8484 = ( NAMED_UNIT(*) SI_UNIT($,.STERADIAN.) SOLID_ANGLE_UNIT() );
#8485 = UNCERTAINTY_MEASURE_WITH_UNIT(LENGTH_MEASURE(1.E-07),#8482,
  'distance_accuracy_value','confusion accuracy');
#8486 = CONTEXT_DEPENDENT_SHAPE_REPRESENTATION(#8487,#8489);
#8487 = ( REPRESENTATION_RELATIONSHIP('','',#8438,#7806) 
REPRESENTATION_RELATIONSHIP_WITH_TRANSFORMATION(#8488) 
SHAPE_REPRESENTATION_RELATIONSHIP() );
#8488 = ITEM_DEFINED_TRANSFORMATION('','',#11,#7843);
#8489 = PRODUCT_DEFINITION_SHAPE('Placement','Placement of an item',
  #8490);
#8490 = NEXT_ASSEMBLY_USAGE_OCCURRENCE('422',
  'Hotspot_bottom_surface_3_2','',#7801,#8433,$);
#8491 = PRODUCT_RELATED_PRODUCT_CATEGORY('part',$,(#8435));
#8492 = SHAPE_DEFINITION_REPRESENTATION(#8493,#8499);
#8493 = PRODUCT_DEFINITION_SHAPE('','',#8494);
#8494 = PRODUCT_DEFINITION('design','',#8495,#8498);
#8495 = PRODUCT_DEFINITION_FORMATION('','',#8496);
#8496 = PRODUCT('Hotspot_bottom_surface_3_3',
  'Hotspot_bottom_surface_3_3','',(#8497));
#8497 = PRODUCT_CONTEXT('',#2,'mechanical');
#8498 = PRODUCT_DEFINITION_CONTEXT('part definition',#2,'design');
#8499 = MANIFOLD_SURFACE_SHAPE_REPRESENTATION('',(#11,#8500),#8542);
#8500 = SHELL_BASED_SURFACE_MODEL('',(#8501));
#8501 = OPEN_SHELL('',(#8502));
#8502 = ADVANCED_FACE('',(#8503),#8537,.F.);
#8503 = FACE_BOUND('',#8504,.F.);
#8504 = EDGE_LOOP('',(#8505,#8515,#8523,#8531));
#8505 = ORIENTED_EDGE('',*,*,#8506,.F.);
#8506 = EDGE_CURVE('',#8507,#8509,#8511,.T.);
#8507 = VERTEX_POINT('',#8508);
#8508 = CARTESIAN_POINT('',(0.,0.,0.));
#8509 = VERTEX_POINT('',#8510);
#8510 = CARTESIAN_POINT('',(0.2,0.,0.));
#8511 = LINE('',#8512,#8513);
#8512 = CARTESIAN_POINT('',(0.,0.,0.));
#8513 = VECTOR('',#8514,1.);
#8514 = DIRECTION('',(1.,0.,-0.));
#8515 = ORIENTED_EDGE('',*,*,#8516,.T.);
#8516 = EDGE_CURVE('',#8507,#8517,#8519,.T.);
#8517 = VERTEX_POINT('',#8518);
#8518 = CARTESIAN_POINT('',(0.,0.,0.2));
#8519 = LINE('',#8520,#8521);
#8520 = CARTESIAN_POINT('',(0.,0.,0.));
#8521 = VECTOR('',#8522,1.);
#8522 = DIRECTION('',(0.,0.,1.));
#8523 = ORIENTED_EDGE('',*,*,#8524,.T.);
#8524 = EDGE_CURVE('',#8517,#8525,#8527,.T.);
#8525 = VERTEX_POINT('',#8526);
#8526 = CARTESIAN_POINT('',(0.2,0.,0.2));
#8527 = LINE('',#8528,#8529);
#8528 = CARTESIAN_POINT('',(0.,0.,0.2));
#8529 = VECTOR('',#8530,1.);
#8530 = DIRECTION('',(1.,0.,-0.));
#8531 = ORIENTED_EDGE('',*,*,#8532,.F.);
#8532 = EDGE_CURVE('',#8509,#8525,#8533,.T.);
#8533 = LINE('',#8534,#8535);
#8534 = CARTESIAN_POINT('',(0.2,0.,0.));
#8535 = VECTOR('',#8536,1.);
#8536 = DIRECTION('',(0.,0.,1.));
#8537 = PLANE('',#8538);
#8538 = AXIS2_PLACEMENT_3D('',#8539,#8540,#8541);
#8539 = CARTESIAN_POINT('',(0.,0.,0.));
#8540 = DIRECTION('',(-0.,1.,0.));
#8541 = DIRECTION('',(0.,0.,1.));
#8542 = ( GEOMETRIC_REPRESENTATION_CONTEXT(3) 
GLOBAL_UNCERTAINTY_ASSIGNED_CONTEXT((#8546)) 
GLOBAL_UNIT_ASSIGNED_CONTEXT((#8543,#8544,#8545)) REPRESENTATION_CONTEXT
('Context #1','3D Context with UNIT and UNCERTAINTY') );
#8543 = ( LENGTH_UNIT() NAMED_UNIT(*) SI_UNIT(.MILLI.,.METRE.) );
#8544 = ( NAMED_UNIT(*) PLANE_ANGLE_UNIT() SI_UNIT($,.RADIAN.) );
#8545 = ( NAMED_UNIT(*) SI_UNIT($,.STERADIAN.) SOLID_ANGLE_UNIT() );
#8546 = UNCERTAINTY_MEASURE_WITH_UNIT(LENGTH_MEASURE(1.E-07),#8543,
  'distance_accuracy_value','confusion accuracy');
#8547 = CONTEXT_DEPENDENT_SHAPE_REPRESENTATION(#8548,#8550);
#8548 = ( REPRESENTATION_RELATIONSHIP('','',#8499,#7806) 
REPRESENTATION_RELATIONSHIP_WITH_TRANSFORMATION(#8549) 
SHAPE_REPRESENTATION_RELATIONSHIP() );
#8549 = ITEM_DEFINED_TRANSFORMATION('','',#11,#7847);
#8550 = PRODUCT_DEFINITION_SHAPE('Placement','Placement of an item',
  #8551);
#8551 = NEXT_ASSEMBLY_USAGE_OCCURRENCE('423',
  'Hotspot_bottom_surface_3_3','',#7801,#8494,$);
#8552 = PRODUCT_RELATED_PRODUCT_CATEGORY('part',$,(#8496));
#8553 = SHAPE_DEFINITION_REPRESENTATION(#8554,#8560);
#8554 = PRODUCT_DEFINITION_SHAPE('','',#8555);
#8555 = PRODUCT_DEFINITION('design','',#8556,#8559);
#8556 = PRODUCT_DEFINITION_FORMATION('','',#8557);
#8557 = PRODUCT('Hotspot_bottom_surface_3_4',
  'Hotspot_bottom_surface_3_4','',(#8558));
#8558 = PRODUCT_CONTEXT('',#2,'mechanical');
#8559 = PRODUCT_DEFINITION_CONTEXT('part definition',#2,'design');
#8560 = MANIFOLD_SURFACE_SHAPE_REPRESENTATION('',(#11,#8561),#8603);
#8561 = SHELL_BASED_SURFACE_MODEL('',(#8562));
#8562 = OPEN_SHELL('',(#8563));
#8563 = ADVANCED_FACE('',(#8564),#8598,.F.);
#8564 = FACE_BOUND('',#8565,.F.);
#8565 = EDGE_LOOP('',(#8566,#8576,#8584,#8592));
#8566 = ORIENTED_EDGE('',*,*,#8567,.F.);
#8567 = EDGE_CURVE('',#8568,#8570,#8572,.T.);
#8568 = VERTEX_POINT('',#8569);
#8569 = CARTESIAN_POINT('',(0.,0.,0.));
#8570 = VERTEX_POINT('',#8571);
#8571 = CARTESIAN_POINT('',(0.2,0.,0.));
#8572 = LINE('',#8573,#8574);
#8573 = CARTESIAN_POINT('',(0.,0.,0.));
#8574 = VECTOR('',#8575,1.);
#8575 = DIRECTION('',(1.,0.,-0.));
#8576 = ORIENTED_EDGE('',*,*,#8577,.T.);
#8577 = EDGE_CURVE('',#8568,#8578,#8580,.T.);
#8578 = VERTEX_POINT('',#8579);
#8579 = CARTESIAN_POINT('',(0.,0.,0.2));
#8580 = LINE('',#8581,#8582);
#8581 = CARTESIAN_POINT('',(0.,0.,0.));
#8582 = VECTOR('',#8583,1.);
#8583 = DIRECTION('',(0.,0.,1.));
#8584 = ORIENTED_EDGE('',*,*,#8585,.T.);
#8585 = EDGE_CURVE('',#8578,#8586,#8588,.T.);
#8586 = VERTEX_POINT('',#8587);
#8587 = CARTESIAN_POINT('',(0.2,0.,0.2));
#8588 = LINE('',#8589,#8590);
#8589 = CARTESIAN_POINT('',(0.,0.,0.2));
#8590 = VECTOR('',#8591,1.);
#8591 = DIRECTION('',(1.,0.,-0.));
#8592 = ORIENTED_EDGE('',*,*,#8593,.F.);
#8593 = EDGE_CURVE('',#8570,#8586,#8594,.T.);
#8594 = LINE('',#8595,#8596);
#8595 = CARTESIAN_POINT('',(0.2,0.,0.));
#8596 = VECTOR('',#8597,1.);
#8597 = DIRECTION('',(0.,0.,1.));
#8598 = PLANE('',#8599);
#8599 = AXIS2_PLACEMENT_3D('',#8600,#8601,#8602);
#8600 = CARTESIAN_POINT('',(0.,0.,0.));
#8601 = DIRECTION('',(-0.,1.,0.));
#8602 = DIRECTION('',(0.,0.,1.));
#8603 = ( GEOMETRIC_REPRESENTATION_CONTEXT(3) 
GLOBAL_UNCERTAINTY_ASSIGNED_CONTEXT((#8607)) 
GLOBAL_UNIT_ASSIGNED_CONTEXT((#8604,#8605,#8606)) REPRESENTATION_CONTEXT
('Context #1','3D Context with UNIT and UNCERTAINTY') );
#8604 = ( LENGTH_UNIT() NAMED_UNIT(*) SI_UNIT(.MILLI.,.METRE.) );
#8605 = ( NAMED_UNIT(*) PLANE_ANGLE_UNIT() SI_UNIT($,.RADIAN.) );
#8606 = ( NAMED_UNIT(*) SI_UNIT($,.STERADIAN.) SOLID_ANGLE_UNIT() );
#8607 = UNCERTAINTY_MEASURE_WITH_UNIT(LENGTH_MEASURE(1.E-07),#8604,
  'distance_accuracy_value','confusion accuracy');
#8608 = CONTEXT_DEPENDENT_SHAPE_REPRESENTATION(#8609,#8611);
#8609 = ( REPRESENTATION_RELATIONSHIP('','',#8560,#7806) 
REPRESENTATION_RELATIONSHIP_WITH_TRANSFORMATION(#8610) 
SHAPE_REPRESENTATION_RELATIONSHIP() );
#8610 = ITEM_DEFINED_TRANSFORMATION('','',#11,#7851);
#8611 = PRODUCT_DEFINITION_SHAPE('Placement','Placement of an item',
  #8612);
#8612 = NEXT_ASSEMBLY_USAGE_OCCURRENCE('424',
  'Hotspot_bottom_surface_3_4','',#7801,#8555,$);
#8613 = PRODUCT_RELATED_PRODUCT_CATEGORY('part',$,(#8557));
#8614 = SHAPE_DEFINITION_REPRESENTATION(#8615,#8621);
#8615 = PRODUCT_DEFINITION_SHAPE('','',#8616);
#8616 = PRODUCT_DEFINITION('design','',#8617,#8620);
#8617 = PRODUCT_DEFINITION_FORMATION('','',#8618);
#8618 = PRODUCT('Hotspot_bottom_surface_4_1',
  'Hotspot_bottom_surface_4_1','',(#8619));
#8619 = PRODUCT_CONTEXT('',#2,'mechanical');
#8620 = PRODUCT_DEFINITION_CONTEXT('part definition',#2,'design');
#8621 = MANIFOLD_SURFACE_SHAPE_REPRESENTATION('',(#11,#8622),#8664);
#8622 = SHELL_BASED_SURFACE_MODEL('',(#8623));
#8623 = OPEN_SHELL('',(#8624));
#8624 = ADVANCED_FACE('',(#8625),#8659,.F.);
#8625 = FACE_BOUND('',#8626,.F.);
#8626 = EDGE_LOOP('',(#8627,#8637,#8645,#8653));
#8627 = ORIENTED_EDGE('',*,*,#8628,.F.);
#8628 = EDGE_CURVE('',#8629,#8631,#8633,.T.);
#8629 = VERTEX_POINT('',#8630);
#8630 = CARTESIAN_POINT('',(0.,0.,0.));
#8631 = VERTEX_POINT('',#8632);
#8632 = CARTESIAN_POINT('',(0.2,0.,0.));
#8633 = LINE('',#8634,#8635);
#8634 = CARTESIAN_POINT('',(0.,0.,0.));
#8635 = VECTOR('',#8636,1.);
#8636 = DIRECTION('',(1.,0.,-0.));
#8637 = ORIENTED_EDGE('',*,*,#8638,.T.);
#8638 = EDGE_CURVE('',#8629,#8639,#8641,.T.);
#8639 = VERTEX_POINT('',#8640);
#8640 = CARTESIAN_POINT('',(0.,0.,0.2));
#8641 = LINE('',#8642,#8643);
#8642 = CARTESIAN_POINT('',(0.,0.,0.));
#8643 = VECTOR('',#8644,1.);
#8644 = DIRECTION('',(0.,0.,1.));
#8645 = ORIENTED_EDGE('',*,*,#8646,.T.);
#8646 = EDGE_CURVE('',#8639,#8647,#8649,.T.);
#8647 = VERTEX_POINT('',#8648);
#8648 = CARTESIAN_POINT('',(0.2,0.,0.2));
#8649 = LINE('',#8650,#8651);
#8650 = CARTESIAN_POINT('',(0.,0.,0.2));
#8651 = VECTOR('',#8652,1.);
#8652 = DIRECTION('',(1.,0.,-0.));
#8653 = ORIENTED_EDGE('',*,*,#8654,.F.);
#8654 = EDGE_CURVE('',#8631,#8647,#8655,.T.);
#8655 = LINE('',#8656,#8657);
#8656 = CARTESIAN_POINT('',(0.2,0.,0.));
#8657 = VECTOR('',#8658,1.);
#8658 = DIRECTION('',(0.,0.,1.));
#8659 = PLANE('',#8660);
#8660 = AXIS2_PLACEMENT_3D('',#8661,#8662,#8663);
#8661 = CARTESIAN_POINT('',(0.,0.,0.));
#8662 = DIRECTION('',(-0.,1.,0.));
#8663 = DIRECTION('',(0.,0.,1.));
#8664 = ( GEOMETRIC_REPRESENTATION_CONTEXT(3) 
GLOBAL_UNCERTAINTY_ASSIGNED_CONTEXT((#8668)) 
GLOBAL_UNIT_ASSIGNED_CONTEXT((#8665,#8666,#8667)) REPRESENTATION_CONTEXT
('Context #1','3D Context with UNIT and UNCERTAINTY') );
#8665 = ( LENGTH_UNIT() NAMED_UNIT(*) SI_UNIT(.MILLI.,.METRE.) );
#8666 = ( NAMED_UNIT(*) PLANE_ANGLE_UNIT() SI_UNIT($,.RADIAN.) );
#8667 = ( NAMED_UNIT(*) SI_UNIT($,.STERADIAN.) SOLID_ANGLE_UNIT() );
#8668 = UNCERTAINTY_MEASURE_WITH_UNIT(LENGTH_MEASURE(1.E-07),#8665,
  'distance_accuracy_value','confusion accuracy');
#8669 = CONTEXT_DEPENDENT_SHAPE_REPRESENTATION(#8670,#8672);
#8670 = ( REPRESENTATION_RELATIONSHIP('','',#8621,#7806) 
REPRESENTATION_RELATIONSHIP_WITH_TRANSFORMATION(#8671) 
SHAPE_REPRESENTATION_RELATIONSHIP() );
#8671 = ITEM_DEFINED_TRANSFORMATION('','',#11,#7855);
#8672 = PRODUCT_DEFINITION_SHAPE('Placement','Placement of an item',
  #8673);
#8673 = NEXT_ASSEMBLY_USAGE_OCCURRENCE('425',
  'Hotspot_bottom_surface_4_1','',#7801,#8616,$);
#8674 = PRODUCT_RELATED_PRODUCT_CATEGORY('part',$,(#8618));
#8675 = SHAPE_DEFINITION_REPRESENTATION(#8676,#8682);
#8676 = PRODUCT_DEFINITION_SHAPE('','',#8677);
#8677 = PRODUCT_DEFINITION('design','',#8678,#8681);
#8678 = PRODUCT_DEFINITION_FORMATION('','',#8679);
#8679 = PRODUCT('Hotspot_bottom_surface_4_2',
  'Hotspot_bottom_surface_4_2','',(#8680));
#8680 = PRODUCT_CONTEXT('',#2,'mechanical');
#8681 = PRODUCT_DEFINITION_CONTEXT('part definition',#2,'design');
#8682 = MANIFOLD_SURFACE_SHAPE_REPRESENTATION('',(#11,#8683),#8725);
#8683 = SHELL_BASED_SURFACE_MODEL('',(#8684));
#8684 = OPEN_SHELL('',(#8685));
#8685 = ADVANCED_FACE('',(#8686),#8720,.F.);
#8686 = FACE_BOUND('',#8687,.F.);
#8687 = EDGE_LOOP('',(#8688,#8698,#8706,#8714));
#8688 = ORIENTED_EDGE('',*,*,#8689,.F.);
#8689 = EDGE_CURVE('',#8690,#8692,#8694,.T.);
#8690 = VERTEX_POINT('',#8691);
#8691 = CARTESIAN_POINT('',(0.,0.,0.));
#8692 = VERTEX_POINT('',#8693);
#8693 = CARTESIAN_POINT('',(0.2,0.,0.));
#8694 = LINE('',#8695,#8696);
#8695 = CARTESIAN_POINT('',(0.,0.,0.));
#8696 = VECTOR('',#8697,1.);
#8697 = DIRECTION('',(1.,0.,-0.));
#8698 = ORIENTED_EDGE('',*,*,#8699,.T.);
#8699 = EDGE_CURVE('',#8690,#8700,#8702,.T.);
#8700 = VERTEX_POINT('',#8701);
#8701 = CARTESIAN_POINT('',(0.,0.,0.2));
#8702 = LINE('',#8703,#8704);
#8703 = CARTESIAN_POINT('',(0.,0.,0.));
#8704 = VECTOR('',#8705,1.);
#8705 = DIRECTION('',(0.,0.,1.));
#8706 = ORIENTED_EDGE('',*,*,#8707,.T.);
#8707 = EDGE_CURVE('',#8700,#8708,#8710,.T.);
#8708 = VERTEX_POINT('',#8709);
#8709 = CARTESIAN_POINT('',(0.2,0.,0.2));
#8710 = LINE('',#8711,#8712);
#8711 = CARTESIAN_POINT('',(0.,0.,0.2));
#8712 = VECTOR('',#8713,1.);
#8713 = DIRECTION('',(1.,0.,-0.));
#8714 = ORIENTED_EDGE('',*,*,#8715,.F.);
#8715 = EDGE_CURVE('',#8692,#8708,#8716,.T.);
#8716 = LINE('',#8717,#8718);
#8717 = CARTESIAN_POINT('',(0.2,0.,0.));
#8718 = VECTOR('',#8719,1.);
#8719 = DIRECTION('',(0.,0.,1.));
#8720 = PLANE('',#8721);
#8721 = AXIS2_PLACEMENT_3D('',#8722,#8723,#8724);
#8722 = CARTESIAN_POINT('',(0.,0.,0.));
#8723 = DIRECTION('',(-0.,1.,0.));
#8724 = DIRECTION('',(0.,0.,1.));
#8725 = ( GEOMETRIC_REPRESENTATION_CONTEXT(3) 
GLOBAL_UNCERTAINTY_ASSIGNED_CONTEXT((#8729)) 
GLOBAL_UNIT_ASSIGNED_CONTEXT((#8726,#8727,#8728)) REPRESENTATION_CONTEXT
('Context #1','3D Context with UNIT and UNCERTAINTY') );
#8726 = ( LENGTH_UNIT() NAMED_UNIT(*) SI_UNIT(.MILLI.,.METRE.) );
#8727 = ( NAMED_UNIT(*) PLANE_ANGLE_UNIT() SI_UNIT($,.RADIAN.) );
#8728 = ( NAMED_UNIT(*) SI_UNIT($,.STERADIAN.) SOLID_ANGLE_UNIT() );
#8729 = UNCERTAINTY_MEASURE_WITH_UNIT(LENGTH_MEASURE(1.E-07),#8726,
  'distance_accuracy_value','confusion accuracy');
#8730 = CONTEXT_DEPENDENT_SHAPE_REPRESENTATION(#8731,#8733);
#8731 = ( REPRESENTATION_RELATIONSHIP('','',#8682,#7806) 
REPRESENTATION_RELATIONSHIP_WITH_TRANSFORMATION(#8732) 
SHAPE_REPRESENTATION_RELATIONSHIP() );
#8732 = ITEM_DEFINED_TRANSFORMATION('','',#11,#7859);
#8733 = PRODUCT_DEFINITION_SHAPE('Placement','Placement of an item',
  #8734);
#8734 = NEXT_ASSEMBLY_USAGE_OCCURRENCE('426',
  'Hotspot_bottom_surface_4_2','',#7801,#8677,$);
#8735 = PRODUCT_RELATED_PRODUCT_CATEGORY('part',$,(#8679));
#8736 = SHAPE_DEFINITION_REPRESENTATION(#8737,#8743);
#8737 = PRODUCT_DEFINITION_SHAPE('','',#8738);
#8738 = PRODUCT_DEFINITION('design','',#8739,#8742);
#8739 = PRODUCT_DEFINITION_FORMATION('','',#8740);
#8740 = PRODUCT('Hotspot_bottom_surface_4_3',
  'Hotspot_bottom_surface_4_3','',(#8741));
#8741 = PRODUCT_CONTEXT('',#2,'mechanical');
#8742 = PRODUCT_DEFINITION_CONTEXT('part definition',#2,'design');
#8743 = MANIFOLD_SURFACE_SHAPE_REPRESENTATION('',(#11,#8744),#8786);
#8744 = SHELL_BASED_SURFACE_MODEL('',(#8745));
#8745 = OPEN_SHELL('',(#8746));
#8746 = ADVANCED_FACE('',(#8747),#8781,.F.);
#8747 = FACE_BOUND('',#8748,.F.);
#8748 = EDGE_LOOP('',(#8749,#8759,#8767,#8775));
#8749 = ORIENTED_EDGE('',*,*,#8750,.F.);
#8750 = EDGE_CURVE('',#8751,#8753,#8755,.T.);
#8751 = VERTEX_POINT('',#8752);
#8752 = CARTESIAN_POINT('',(0.,0.,0.));
#8753 = VERTEX_POINT('',#8754);
#8754 = CARTESIAN_POINT('',(0.2,0.,0.));
#8755 = LINE('',#8756,#8757);
#8756 = CARTESIAN_POINT('',(0.,0.,0.));
#8757 = VECTOR('',#8758,1.);
#8758 = DIRECTION('',(1.,0.,-0.));
#8759 = ORIENTED_EDGE('',*,*,#8760,.T.);
#8760 = EDGE_CURVE('',#8751,#8761,#8763,.T.);
#8761 = VERTEX_POINT('',#8762);
#8762 = CARTESIAN_POINT('',(0.,0.,0.2));
#8763 = LINE('',#8764,#8765);
#8764 = CARTESIAN_POINT('',(0.,0.,0.));
#8765 = VECTOR('',#8766,1.);
#8766 = DIRECTION('',(0.,0.,1.));
#8767 = ORIENTED_EDGE('',*,*,#8768,.T.);
#8768 = EDGE_CURVE('',#8761,#8769,#8771,.T.);
#8769 = VERTEX_POINT('',#8770);
#8770 = CARTESIAN_POINT('',(0.2,0.,0.2));
#8771 = LINE('',#8772,#8773);
#8772 = CARTESIAN_POINT('',(0.,0.,0.2));
#8773 = VECTOR('',#8774,1.);
#8774 = DIRECTION('',(1.,0.,-0.));
#8775 = ORIENTED_EDGE('',*,*,#8776,.F.);
#8776 = EDGE_CURVE('',#8753,#8769,#8777,.T.);
#8777 = LINE('',#8778,#8779);
#8778 = CARTESIAN_POINT('',(0.2,0.,0.));
#8779 = VECTOR('',#8780,1.);
#8780 = DIRECTION('',(0.,0.,1.));
#8781 = PLANE('',#8782);
#8782 = AXIS2_PLACEMENT_3D('',#8783,#8784,#8785);
#8783 = CARTESIAN_POINT('',(0.,0.,0.));
#8784 = DIRECTION('',(-0.,1.,0.));
#8785 = DIRECTION('',(0.,0.,1.));
#8786 = ( GEOMETRIC_REPRESENTATION_CONTEXT(3) 
GLOBAL_UNCERTAINTY_ASSIGNED_CONTEXT((#8790)) 
GLOBAL_UNIT_ASSIGNED_CONTEXT((#8787,#8788,#8789)) REPRESENTATION_CONTEXT
('Context #1','3D Context with UNIT and UNCERTAINTY') );
#8787 = ( LENGTH_UNIT() NAMED_UNIT(*) SI_UNIT(.MILLI.,.METRE.) );
#8788 = ( NAMED_UNIT(*) PLANE_ANGLE_UNIT() SI_UNIT($,.RADIAN.) );
#8789 = ( NAMED_UNIT(*) SI_UNIT($,.STERADIAN.) SOLID_ANGLE_UNIT() );
#8790 = UNCERTAINTY_MEASURE_WITH_UNIT(LENGTH_MEASURE(1.E-07),#8787,
  'distance_accuracy_value','confusion accuracy');
#8791 = CONTEXT_DEPENDENT_SHAPE_REPRESENTATION(#8792,#8794);
#8792 = ( REPRESENTATION_RELATIONSHIP('','',#8743,#7806) 
REPRESENTATION_RELATIONSHIP_WITH_TRANSFORMATION(#8793) 
SHAPE_REPRESENTATION_RELATIONSHIP() );
#8793 = ITEM_DEFINED_TRANSFORMATION('','',#11,#7863);
#8794 = PRODUCT_DEFINITION_SHAPE('Placement','Placement of an item',
  #8795);
#8795 = NEXT_ASSEMBLY_USAGE_OCCURRENCE('427',
  'Hotspot_bottom_surface_4_3','',#7801,#8738,$);
#8796 = PRODUCT_RELATED_PRODUCT_CATEGORY('part',$,(#8740));
#8797 = SHAPE_DEFINITION_REPRESENTATION(#8798,#8804);
#8798 = PRODUCT_DEFINITION_SHAPE('','',#8799);
#8799 = PRODUCT_DEFINITION('design','',#8800,#8803);
#8800 = PRODUCT_DEFINITION_FORMATION('','',#8801);
#8801 = PRODUCT('Hotspot_bottom_surface_4_4',
  'Hotspot_bottom_surface_4_4','',(#8802));
#8802 = PRODUCT_CONTEXT('',#2,'mechanical');
#8803 = PRODUCT_DEFINITION_CONTEXT('part definition',#2,'design');
#8804 = MANIFOLD_SURFACE_SHAPE_REPRESENTATION('',(#11,#8805),#8847);
#8805 = SHELL_BASED_SURFACE_MODEL('',(#8806));
#8806 = OPEN_SHELL('',(#8807));
#8807 = ADVANCED_FACE('',(#8808),#8842,.F.);
#8808 = FACE_BOUND('',#8809,.F.);
#8809 = EDGE_LOOP('',(#8810,#8820,#8828,#8836));
#8810 = ORIENTED_EDGE('',*,*,#8811,.F.);
#8811 = EDGE_CURVE('',#8812,#8814,#8816,.T.);
#8812 = VERTEX_POINT('',#8813);
#8813 = CARTESIAN_POINT('',(0.,0.,0.));
#8814 = VERTEX_POINT('',#8815);
#8815 = CARTESIAN_POINT('',(0.2,0.,0.));
#8816 = LINE('',#8817,#8818);
#8817 = CARTESIAN_POINT('',(0.,0.,0.));
#8818 = VECTOR('',#8819,1.);
#8819 = DIRECTION('',(1.,0.,-0.));
#8820 = ORIENTED_EDGE('',*,*,#8821,.T.);
#8821 = EDGE_CURVE('',#8812,#8822,#8824,.T.);
#8822 = VERTEX_POINT('',#8823);
#8823 = CARTESIAN_POINT('',(0.,0.,0.2));
#8824 = LINE('',#8825,#8826);
#8825 = CARTESIAN_POINT('',(0.,0.,0.));
#8826 = VECTOR('',#8827,1.);
#8827 = DIRECTION('',(0.,0.,1.));
#8828 = ORIENTED_EDGE('',*,*,#8829,.T.);
#8829 = EDGE_CURVE('',#8822,#8830,#8832,.T.);
#8830 = VERTEX_POINT('',#8831);
#8831 = CARTESIAN_POINT('',(0.2,0.,0.2));
#8832 = LINE('',#8833,#8834);
#8833 = CARTESIAN_POINT('',(0.,0.,0.2));
#8834 = VECTOR('',#8835,1.);
#8835 = DIRECTION('',(1.,0.,-0.));
#8836 = ORIENTED_EDGE('',*,*,#8837,.F.);
#8837 = EDGE_CURVE('',#8814,#8830,#8838,.T.);
#8838 = LINE('',#8839,#8840);
#8839 = CARTESIAN_POINT('',(0.2,0.,0.));
#8840 = VECTOR('',#8841,1.);
#8841 = DIRECTION('',(0.,0.,1.));
#8842 = PLANE('',#8843);
#8843 = AXIS2_PLACEMENT_3D('',#8844,#8845,#8846);
#8844 = CARTESIAN_POINT('',(0.,0.,0.));
#8845 = DIRECTION('',(-0.,1.,0.));
#8846 = DIRECTION('',(0.,0.,1.));
#8847 = ( GEOMETRIC_REPRESENTATION_CONTEXT(3) 
GLOBAL_UNCERTAINTY_ASSIGNED_CONTEXT((#8851)) 
GLOBAL_UNIT_ASSIGNED_CONTEXT((#8848,#8849,#8850)) REPRESENTATION_CONTEXT
('Context #1','3D Context with UNIT and UNCERTAINTY') );
#8848 = ( LENGTH_UNIT() NAMED_UNIT(*) SI_UNIT(.MILLI.,.METRE.) );
#8849 = ( NAMED_UNIT(*) PLANE_ANGLE_UNIT() SI_UNIT($,.RADIAN.) );
#8850 = ( NAMED_UNIT(*) SI_UNIT($,.STERADIAN.) SOLID_ANGLE_UNIT() );
#8851 = UNCERTAINTY_MEASURE_WITH_UNIT(LENGTH_MEASURE(1.E-07),#8848,
  'distance_accuracy_value','confusion accuracy');
#8852 = CONTEXT_DEPENDENT_SHAPE_REPRESENTATION(#8853,#8855);
#8853 = ( REPRESENTATION_RELATIONSHIP('','',#8804,#7806) 
REPRESENTATION_RELATIONSHIP_WITH_TRANSFORMATION(#8854) 
SHAPE_REPRESENTATION_RELATIONSHIP() );
#8854 = ITEM_DEFINED_TRANSFORMATION('','',#11,#7867);
#8855 = PRODUCT_DEFINITION_SHAPE('Placement','Placement of an item',
  #8856);
#8856 = NEXT_ASSEMBLY_USAGE_OCCURRENCE('428',
  'Hotspot_bottom_surface_4_4','',#7801,#8799,$);
#8857 = PRODUCT_RELATED_PRODUCT_CATEGORY('part',$,(#8801));
#8858 = SHAPE_DEFINITION_REPRESENTATION(#8859,#8865);
#8859 = PRODUCT_DEFINITION_SHAPE('','',#8860);
#8860 = PRODUCT_DEFINITION('design','',#8861,#8864);
#8861 = PRODUCT_DEFINITION_FORMATION('','',#8862);
#8862 = PRODUCT('Chip','Chip','',(#8863));
#8863 = PRODUCT_CONTEXT('',#2,'mechanical');
#8864 = PRODUCT_DEFINITION_CONTEXT('part definition',#2,'design');
#8865 = ADVANCED_BREP_SHAPE_REPRESENTATION('',(#11,#8866),#11192);
#8866 = MANIFOLD_SOLID_BREP('',#8867);
#8867 = CLOSED_SHELL('',(#8868,#8908,#9483,#9507,#10075,#10092,#10104,
    #10126,#10143,#10160,#10172,#10194,#10211,#10228,#10240,#10262,
    #10279,#10296,#10308,#10330,#10347,#10364,#10376,#10398,#10415,
    #10432,#10444,#10466,#10483,#10500,#10512,#10534,#10551,#10568,
    #10580,#10602,#10619,#10636,#10648,#10670,#10687,#10704,#10716,
    #10738,#10755,#10772,#10784,#10806,#10823,#10840,#10852,#10874,
    #10891,#10908,#10920,#10942,#10959,#10976,#10988,#11010,#11027,
    #11044,#11056,#11078,#11095,#11112,#11124,#11146,#11163,#11180));
#8868 = ADVANCED_FACE('',(#8869),#8903,.F.);
#8869 = FACE_BOUND('',#8870,.F.);
#8870 = EDGE_LOOP('',(#8871,#8881,#8889,#8897));
#8871 = ORIENTED_EDGE('',*,*,#8872,.F.);
#8872 = EDGE_CURVE('',#8873,#8875,#8877,.T.);
#8873 = VERTEX_POINT('',#8874);
#8874 = CARTESIAN_POINT('',(0.,0.,0.));
#8875 = VERTEX_POINT('',#8876);
#8876 = CARTESIAN_POINT('',(0.,0.,20.));
#8877 = LINE('',#8878,#8879);
#8878 = CARTESIAN_POINT('',(0.,0.,0.));
#8879 = VECTOR('',#8880,1.);
#8880 = DIRECTION('',(0.,0.,1.));
#8881 = ORIENTED_EDGE('',*,*,#8882,.T.);
#8882 = EDGE_CURVE('',#8873,#8883,#8885,.T.);
#8883 = VERTEX_POINT('',#8884);
#8884 = CARTESIAN_POINT('',(0.,0.5,0.));
#8885 = LINE('',#8886,#8887);
#8886 = CARTESIAN_POINT('',(0.,0.,0.));
#8887 = VECTOR('',#8888,1.);
#8888 = DIRECTION('',(-0.,1.,0.));
#8889 = ORIENTED_EDGE('',*,*,#8890,.T.);
#8890 = EDGE_CURVE('',#8883,#8891,#8893,.T.);
#8891 = VERTEX_POINT('',#8892);
#8892 = CARTESIAN_POINT('',(0.,0.5,20.));
#8893 = LINE('',#8894,#8895);
#8894 = CARTESIAN_POINT('',(0.,0.5,0.));
#8895 = VECTOR('',#8896,1.);
#8896 = DIRECTION('',(0.,0.,1.));
#8897 = ORIENTED_EDGE('',*,*,#8898,.F.);
#8898 = EDGE_CURVE('',#8875,#8891,#8899,.T.);
#8899 = LINE('',#8900,#8901);
#8900 = CARTESIAN_POINT('',(0.,0.,20.));
#8901 = VECTOR('',#8902,1.);
#8902 = DIRECTION('',(-0.,1.,0.));
#8903 = PLANE('',#8904);
#8904 = AXIS2_PLACEMENT_3D('',#8905,#8906,#8907);
#8905 = CARTESIAN_POINT('',(0.,0.,0.));
#8906 = DIRECTION('',(1.,0.,-0.));
#8907 = DIRECTION('',(0.,0.,1.));
#8908 = ADVANCED_FACE('',(#8909,#8934,#8968,#9002,#9036,#9070,#9104,
    #9138,#9172,#9206,#9240,#9274,#9308,#9342,#9376,#9410,#9444),#9478,
  .F.);
#8909 = FACE_BOUND('',#8910,.F.);
#8910 = EDGE_LOOP('',(#8911,#8919,#8920,#8928));
#8911 = ORIENTED_EDGE('',*,*,#8912,.F.);
#8912 = EDGE_CURVE('',#8873,#8913,#8915,.T.);
#8913 = VERTEX_POINT('',#8914);
#8914 = CARTESIAN_POINT('',(20.,0.,0.));
#8915 = LINE('',#8916,#8917);
#8916 = CARTESIAN_POINT('',(0.,0.,0.));
#8917 = VECTOR('',#8918,1.);
#8918 = DIRECTION('',(1.,0.,-0.));
#8919 = ORIENTED_EDGE('',*,*,#8872,.T.);
#8920 = ORIENTED_EDGE('',*,*,#8921,.T.);
#8921 = EDGE_CURVE('',#8875,#8922,#8924,.T.);
#8922 = VERTEX_POINT('',#8923);
#8923 = CARTESIAN_POINT('',(20.,0.,20.));
#8924 = LINE('',#8925,#8926);
#8925 = CARTESIAN_POINT('',(0.,0.,20.));
#8926 = VECTOR('',#8927,1.);
#8927 = DIRECTION('',(1.,0.,-0.));
#8928 = ORIENTED_EDGE('',*,*,#8929,.F.);
#8929 = EDGE_CURVE('',#8913,#8922,#8930,.T.);
#8930 = LINE('',#8931,#8932);
#8931 = CARTESIAN_POINT('',(20.,0.,0.));
#8932 = VECTOR('',#8933,1.);
#8933 = DIRECTION('',(0.,0.,1.));
#8934 = FACE_BOUND('',#8935,.F.);
#8935 = EDGE_LOOP('',(#8936,#8946,#8954,#8962));
#8936 = ORIENTED_EDGE('',*,*,#8937,.F.);
#8937 = EDGE_CURVE('',#8938,#8940,#8942,.T.);
#8938 = VERTEX_POINT('',#8939);
#8939 = CARTESIAN_POINT('',(2.4,0.,2.4));
#8940 = VERTEX_POINT('',#8941);
#8941 = CARTESIAN_POINT('',(2.4,0.,4.4));
#8942 = LINE('',#8943,#8944);
#8943 = CARTESIAN_POINT('',(2.4,0.,2.4));
#8944 = VECTOR('',#8945,1.);
#8945 = DIRECTION('',(0.,0.,1.));
#8946 = ORIENTED_EDGE('',*,*,#8947,.T.);
#8947 = EDGE_CURVE('',#8938,#8948,#8950,.T.);
#8948 = VERTEX_POINT('',#8949);
#8949 = CARTESIAN_POINT('',(4.4,0.,2.4));
#8950 = LINE('',#8951,#8952);
#8951 = CARTESIAN_POINT('',(2.4,0.,2.4));
#8952 = VECTOR('',#8953,1.);
#8953 = DIRECTION('',(1.,0.,-0.));
#8954 = ORIENTED_EDGE('',*,*,#8955,.T.);
#8955 = EDGE_CURVE('',#8948,#8956,#8958,.T.);
#8956 = VERTEX_POINT('',#8957);
#8957 = CARTESIAN_POINT('',(4.4,0.,4.4));
#8958 = LINE('',#8959,#8960);
#8959 = CARTESIAN_POINT('',(4.4,0.,2.4));
#8960 = VECTOR('',#8961,1.);
#8961 = DIRECTION('',(0.,0.,1.));
#8962 = ORIENTED_EDGE('',*,*,#8963,.F.);
#8963 = EDGE_CURVE('',#8940,#8956,#8964,.T.);
#8964 = LINE('',#8965,#8966);
#8965 = CARTESIAN_POINT('',(2.4,0.,4.4));
#8966 = VECTOR('',#8967,1.);
#8967 = DIRECTION('',(1.,0.,-0.));
#8968 = FACE_BOUND('',#8969,.F.);
#8969 = EDGE_LOOP('',(#8970,#8980,#8988,#8996));
#8970 = ORIENTED_EDGE('',*,*,#8971,.F.);
#8971 = EDGE_CURVE('',#8972,#8974,#8976,.T.);
#8972 = VERTEX_POINT('',#8973);
#8973 = CARTESIAN_POINT('',(2.4,0.,6.8));
#8974 = VERTEX_POINT('',#8975);
#8975 = CARTESIAN_POINT('',(2.4,0.,8.8));
#8976 = LINE('',#8977,#8978);
#8977 = CARTESIAN_POINT('',(2.4,0.,6.8));
#8978 = VECTOR('',#8979,1.);
#8979 = DIRECTION('',(0.,0.,1.));
#8980 = ORIENTED_EDGE('',*,*,#8981,.T.);
#8981 = EDGE_CURVE('',#8972,#8982,#8984,.T.);
#8982 = VERTEX_POINT('',#8983);
#8983 = CARTESIAN_POINT('',(4.4,0.,6.8));
#8984 = LINE('',#8985,#8986);
#8985 = CARTESIAN_POINT('',(2.4,0.,6.8));
#8986 = VECTOR('',#8987,1.);
#8987 = DIRECTION('',(1.,0.,-0.));
#8988 = ORIENTED_EDGE('',*,*,#8989,.T.);
#8989 = EDGE_CURVE('',#8982,#8990,#8992,.T.);
#8990 = VERTEX_POINT('',#8991);
#8991 = CARTESIAN_POINT('',(4.4,0.,8.8));
#8992 = LINE('',#8993,#8994);
#8993 = CARTESIAN_POINT('',(4.4,0.,6.8));
#8994 = VECTOR('',#8995,1.);
#8995 = DIRECTION('',(0.,0.,1.));
#8996 = ORIENTED_EDGE('',*,*,#8997,.F.);
#8997 = EDGE_CURVE('',#8974,#8990,#8998,.T.);
#8998 = LINE('',#8999,#9000);
#8999 = CARTESIAN_POINT('',(2.4,0.,8.8));
#9000 = VECTOR('',#9001,1.);
#9001 = DIRECTION('',(1.,0.,-0.));
#9002 = FACE_BOUND('',#9003,.F.);
#9003 = EDGE_LOOP('',(#9004,#9014,#9022,#9030));
#9004 = ORIENTED_EDGE('',*,*,#9005,.F.);
#9005 = EDGE_CURVE('',#9006,#9008,#9010,.T.);
#9006 = VERTEX_POINT('',#9007);
#9007 = CARTESIAN_POINT('',(6.8,0.,2.4));
#9008 = VERTEX_POINT('',#9009);
#9009 = CARTESIAN_POINT('',(6.8,0.,4.4));
#9010 = LINE('',#9011,#9012);
#9011 = CARTESIAN_POINT('',(6.8,0.,2.4));
#9012 = VECTOR('',#9013,1.);
#9013 = DIRECTION('',(0.,0.,1.));
#9014 = ORIENTED_EDGE('',*,*,#9015,.T.);
#9015 = EDGE_CURVE('',#9006,#9016,#9018,.T.);
#9016 = VERTEX_POINT('',#9017);
#9017 = CARTESIAN_POINT('',(8.8,0.,2.4));
#9018 = LINE('',#9019,#9020);
#9019 = CARTESIAN_POINT('',(6.8,0.,2.4));
#9020 = VECTOR('',#9021,1.);
#9021 = DIRECTION('',(1.,0.,-0.));
#9022 = ORIENTED_EDGE('',*,*,#9023,.T.);
#9023 = EDGE_CURVE('',#9016,#9024,#9026,.T.);
#9024 = VERTEX_POINT('',#9025);
#9025 = CARTESIAN_POINT('',(8.8,0.,4.4));
#9026 = LINE('',#9027,#9028);
#9027 = CARTESIAN_POINT('',(8.8,0.,2.4));
#9028 = VECTOR('',#9029,1.);
#9029 = DIRECTION('',(0.,0.,1.));
#9030 = ORIENTED_EDGE('',*,*,#9031,.F.);
#9031 = EDGE_CURVE('',#9008,#9024,#9032,.T.);
#9032 = LINE('',#9033,#9034);
#9033 = CARTESIAN_POINT('',(6.8,0.,4.4));
#9034 = VECTOR('',#9035,1.);
#9035 = DIRECTION('',(1.,0.,-0.));
#9036 = FACE_BOUND('',#9037,.F.);
#9037 = EDGE_LOOP('',(#9038,#9048,#9056,#9064));
#9038 = ORIENTED_EDGE('',*,*,#9039,.F.);
#9039 = EDGE_CURVE('',#9040,#9042,#9044,.T.);
#9040 = VERTEX_POINT('',#9041);
#9041 = CARTESIAN_POINT('',(6.8,0.,6.8));
#9042 = VERTEX_POINT('',#9043);
#9043 = CARTESIAN_POINT('',(6.8,0.,8.8));
#9044 = LINE('',#9045,#9046);
#9045 = CARTESIAN_POINT('',(6.8,0.,6.8));
#9046 = VECTOR('',#9047,1.);
#9047 = DIRECTION('',(0.,0.,1.));
#9048 = ORIENTED_EDGE('',*,*,#9049,.T.);
#9049 = EDGE_CURVE('',#9040,#9050,#9052,.T.);
#9050 = VERTEX_POINT('',#9051);
#9051 = CARTESIAN_POINT('',(8.8,0.,6.8));
#9052 = LINE('',#9053,#9054);
#9053 = CARTESIAN_POINT('',(6.8,0.,6.8));
#9054 = VECTOR('',#9055,1.);
#9055 = DIRECTION('',(1.,0.,-0.));
#9056 = ORIENTED_EDGE('',*,*,#9057,.T.);
#9057 = EDGE_CURVE('',#9050,#9058,#9060,.T.);
#9058 = VERTEX_POINT('',#9059);
#9059 = CARTESIAN_POINT('',(8.8,0.,8.8));
#9060 = LINE('',#9061,#9062);
#9061 = CARTESIAN_POINT('',(8.8,0.,6.8));
#9062 = VECTOR('',#9063,1.);
#9063 = DIRECTION('',(0.,0.,1.));
#9064 = ORIENTED_EDGE('',*,*,#9065,.F.);
#9065 = EDGE_CURVE('',#9042,#9058,#9066,.T.);
#9066 = LINE('',#9067,#9068);
#9067 = CARTESIAN_POINT('',(6.8,0.,8.8));
#9068 = VECTOR('',#9069,1.);
#9069 = DIRECTION('',(1.,0.,-0.));
#9070 = FACE_BOUND('',#9071,.F.);
#9071 = EDGE_LOOP('',(#9072,#9082,#9090,#9098));
#9072 = ORIENTED_EDGE('',*,*,#9073,.F.);
#9073 = EDGE_CURVE('',#9074,#9076,#9078,.T.);
#9074 = VERTEX_POINT('',#9075);
#9075 = CARTESIAN_POINT('',(2.4,0.,11.2));
#9076 = VERTEX_POINT('',#9077);
#9077 = CARTESIAN_POINT('',(2.4,0.,13.2));
#9078 = LINE('',#9079,#9080);
#9079 = CARTESIAN_POINT('',(2.4,0.,11.2));
#9080 = VECTOR('',#9081,1.);
#9081 = DIRECTION('',(0.,0.,1.));
#9082 = ORIENTED_EDGE('',*,*,#9083,.T.);
#9083 = EDGE_CURVE('',#9074,#9084,#9086,.T.);
#9084 = VERTEX_POINT('',#9085);
#9085 = CARTESIAN_POINT('',(4.4,0.,11.2));
#9086 = LINE('',#9087,#9088);
#9087 = CARTESIAN_POINT('',(2.4,0.,11.2));
#9088 = VECTOR('',#9089,1.);
#9089 = DIRECTION('',(1.,0.,-0.));
#9090 = ORIENTED_EDGE('',*,*,#9091,.T.);
#9091 = EDGE_CURVE('',#9084,#9092,#9094,.T.);
#9092 = VERTEX_POINT('',#9093);
#9093 = CARTESIAN_POINT('',(4.4,0.,13.2));
#9094 = LINE('',#9095,#9096);
#9095 = CARTESIAN_POINT('',(4.4,0.,11.2));
#9096 = VECTOR('',#9097,1.);
#9097 = DIRECTION('',(0.,0.,1.));
#9098 = ORIENTED_EDGE('',*,*,#9099,.F.);
#9099 = EDGE_CURVE('',#9076,#9092,#9100,.T.);
#9100 = LINE('',#9101,#9102);
#9101 = CARTESIAN_POINT('',(2.4,0.,13.2));
#9102 = VECTOR('',#9103,1.);
#9103 = DIRECTION('',(1.,0.,-0.));
#9104 = FACE_BOUND('',#9105,.F.);
#9105 = EDGE_LOOP('',(#9106,#9116,#9124,#9132));
#9106 = ORIENTED_EDGE('',*,*,#9107,.F.);
#9107 = EDGE_CURVE('',#9108,#9110,#9112,.T.);
#9108 = VERTEX_POINT('',#9109);
#9109 = CARTESIAN_POINT('',(2.4,0.,15.6));
#9110 = VERTEX_POINT('',#9111);
#9111 = CARTESIAN_POINT('',(2.4,0.,17.6));
#9112 = LINE('',#9113,#9114);
#9113 = CARTESIAN_POINT('',(2.4,0.,15.6));
#9114 = VECTOR('',#9115,1.);
#9115 = DIRECTION('',(0.,0.,1.));
#9116 = ORIENTED_EDGE('',*,*,#9117,.T.);
#9117 = EDGE_CURVE('',#9108,#9118,#9120,.T.);
#9118 = VERTEX_POINT('',#9119);
#9119 = CARTESIAN_POINT('',(4.4,0.,15.6));
#9120 = LINE('',#9121,#9122);
#9121 = CARTESIAN_POINT('',(2.4,0.,15.6));
#9122 = VECTOR('',#9123,1.);
#9123 = DIRECTION('',(1.,0.,-0.));
#9124 = ORIENTED_EDGE('',*,*,#9125,.T.);
#9125 = EDGE_CURVE('',#9118,#9126,#9128,.T.);
#9126 = VERTEX_POINT('',#9127);
#9127 = CARTESIAN_POINT('',(4.4,0.,17.6));
#9128 = LINE('',#9129,#9130);
#9129 = CARTESIAN_POINT('',(4.4,0.,15.6));
#9130 = VECTOR('',#9131,1.);
#9131 = DIRECTION('',(0.,0.,1.));
#9132 = ORIENTED_EDGE('',*,*,#9133,.F.);
#9133 = EDGE_CURVE('',#9110,#9126,#9134,.T.);
#9134 = LINE('',#9135,#9136);
#9135 = CARTESIAN_POINT('',(2.4,0.,17.6));
#9136 = VECTOR('',#9137,1.);
#9137 = DIRECTION('',(1.,0.,-0.));
#9138 = FACE_BOUND('',#9139,.F.);
#9139 = EDGE_LOOP('',(#9140,#9150,#9158,#9166));
#9140 = ORIENTED_EDGE('',*,*,#9141,.F.);
#9141 = EDGE_CURVE('',#9142,#9144,#9146,.T.);
#9142 = VERTEX_POINT('',#9143);
#9143 = CARTESIAN_POINT('',(6.8,0.,11.2));
#9144 = VERTEX_POINT('',#9145);
#9145 = CARTESIAN_POINT('',(6.8,0.,13.2));
#9146 = LINE('',#9147,#9148);
#9147 = CARTESIAN_POINT('',(6.8,0.,11.2));
#9148 = VECTOR('',#9149,1.);
#9149 = DIRECTION('',(0.,0.,1.));
#9150 = ORIENTED_EDGE('',*,*,#9151,.T.);
#9151 = EDGE_CURVE('',#9142,#9152,#9154,.T.);
#9152 = VERTEX_POINT('',#9153);
#9153 = CARTESIAN_POINT('',(8.8,0.,11.2));
#9154 = LINE('',#9155,#9156);
#9155 = CARTESIAN_POINT('',(6.8,0.,11.2));
#9156 = VECTOR('',#9157,1.);
#9157 = DIRECTION('',(1.,0.,-0.));
#9158 = ORIENTED_EDGE('',*,*,#9159,.T.);
#9159 = EDGE_CURVE('',#9152,#9160,#9162,.T.);
#9160 = VERTEX_POINT('',#9161);
#9161 = CARTESIAN_POINT('',(8.8,0.,13.2));
#9162 = LINE('',#9163,#9164);
#9163 = CARTESIAN_POINT('',(8.8,0.,11.2));
#9164 = VECTOR('',#9165,1.);
#9165 = DIRECTION('',(0.,0.,1.));
#9166 = ORIENTED_EDGE('',*,*,#9167,.F.);
#9167 = EDGE_CURVE('',#9144,#9160,#9168,.T.);
#9168 = LINE('',#9169,#9170);
#9169 = CARTESIAN_POINT('',(6.8,0.,13.2));
#9170 = VECTOR('',#9171,1.);
#9171 = DIRECTION('',(1.,0.,-0.));
#9172 = FACE_BOUND('',#9173,.F.);
#9173 = EDGE_LOOP('',(#9174,#9184,#9192,#9200));
#9174 = ORIENTED_EDGE('',*,*,#9175,.F.);
#9175 = EDGE_CURVE('',#9176,#9178,#9180,.T.);
#9176 = VERTEX_POINT('',#9177);
#9177 = CARTESIAN_POINT('',(6.8,0.,15.6));
#9178 = VERTEX_POINT('',#9179);
#9179 = CARTESIAN_POINT('',(6.8,0.,17.6));
#9180 = LINE('',#9181,#9182);
#9181 = CARTESIAN_POINT('',(6.8,0.,15.6));
#9182 = VECTOR('',#9183,1.);
#9183 = DIRECTION('',(0.,0.,1.));
#9184 = ORIENTED_EDGE('',*,*,#9185,.T.);
#9185 = EDGE_CURVE('',#9176,#9186,#9188,.T.);
#9186 = VERTEX_POINT('',#9187);
#9187 = CARTESIAN_POINT('',(8.8,0.,15.6));
#9188 = LINE('',#9189,#9190);
#9189 = CARTESIAN_POINT('',(6.8,0.,15.6));
#9190 = VECTOR('',#9191,1.);
#9191 = DIRECTION('',(1.,0.,-0.));
#9192 = ORIENTED_EDGE('',*,*,#9193,.T.);
#9193 = EDGE_CURVE('',#9186,#9194,#9196,.T.);
#9194 = VERTEX_POINT('',#9195);
#9195 = CARTESIAN_POINT('',(8.8,0.,17.6));
#9196 = LINE('',#9197,#9198);
#9197 = CARTESIAN_POINT('',(8.8,0.,15.6));
#9198 = VECTOR('',#9199,1.);
#9199 = DIRECTION('',(0.,0.,1.));
#9200 = ORIENTED_EDGE('',*,*,#9201,.F.);
#9201 = EDGE_CURVE('',#9178,#9194,#9202,.T.);
#9202 = LINE('',#9203,#9204);
#9203 = CARTESIAN_POINT('',(6.8,0.,17.6));
#9204 = VECTOR('',#9205,1.);
#9205 = DIRECTION('',(1.,0.,-0.));
#9206 = FACE_BOUND('',#9207,.F.);
#9207 = EDGE_LOOP('',(#9208,#9218,#9226,#9234));
#9208 = ORIENTED_EDGE('',*,*,#9209,.F.);
#9209 = EDGE_CURVE('',#9210,#9212,#9214,.T.);
#9210 = VERTEX_POINT('',#9211);
#9211 = CARTESIAN_POINT('',(11.2,0.,2.4));
#9212 = VERTEX_POINT('',#9213);
#9213 = CARTESIAN_POINT('',(11.2,0.,4.4));
#9214 = LINE('',#9215,#9216);
#9215 = CARTESIAN_POINT('',(11.2,0.,2.4));
#9216 = VECTOR('',#9217,1.);
#9217 = DIRECTION('',(0.,0.,1.));
#9218 = ORIENTED_EDGE('',*,*,#9219,.T.);
#9219 = EDGE_CURVE('',#9210,#9220,#9222,.T.);
#9220 = VERTEX_POINT('',#9221);
#9221 = CARTESIAN_POINT('',(13.2,0.,2.4));
#9222 = LINE('',#9223,#9224);
#9223 = CARTESIAN_POINT('',(11.2,0.,2.4));
#9224 = VECTOR('',#9225,1.);
#9225 = DIRECTION('',(1.,0.,-0.));
#9226 = ORIENTED_EDGE('',*,*,#9227,.T.);
#9227 = EDGE_CURVE('',#9220,#9228,#9230,.T.);
#9228 = VERTEX_POINT('',#9229);
#9229 = CARTESIAN_POINT('',(13.2,0.,4.4));
#9230 = LINE('',#9231,#9232);
#9231 = CARTESIAN_POINT('',(13.2,0.,2.4));
#9232 = VECTOR('',#9233,1.);
#9233 = DIRECTION('',(0.,0.,1.));
#9234 = ORIENTED_EDGE('',*,*,#9235,.F.);
#9235 = EDGE_CURVE('',#9212,#9228,#9236,.T.);
#9236 = LINE('',#9237,#9238);
#9237 = CARTESIAN_POINT('',(11.2,0.,4.4));
#9238 = VECTOR('',#9239,1.);
#9239 = DIRECTION('',(1.,0.,-0.));
#9240 = FACE_BOUND('',#9241,.F.);
#9241 = EDGE_LOOP('',(#9242,#9252,#9260,#9268));
#9242 = ORIENTED_EDGE('',*,*,#9243,.F.);
#9243 = EDGE_CURVE('',#9244,#9246,#9248,.T.);
#9244 = VERTEX_POINT('',#9245);
#9245 = CARTESIAN_POINT('',(11.2,0.,6.8));
#9246 = VERTEX_POINT('',#9247);
#9247 = CARTESIAN_POINT('',(11.2,0.,8.8));
#9248 = LINE('',#9249,#9250);
#9249 = CARTESIAN_POINT('',(11.2,0.,6.8));
#9250 = VECTOR('',#9251,1.);
#9251 = DIRECTION('',(0.,0.,1.));
#9252 = ORIENTED_EDGE('',*,*,#9253,.T.);
#9253 = EDGE_CURVE('',#9244,#9254,#9256,.T.);
#9254 = VERTEX_POINT('',#9255);
#9255 = CARTESIAN_POINT('',(13.2,0.,6.8));
#9256 = LINE('',#9257,#9258);
#9257 = CARTESIAN_POINT('',(11.2,0.,6.8));
#9258 = VECTOR('',#9259,1.);
#9259 = DIRECTION('',(1.,0.,-0.));
#9260 = ORIENTED_EDGE('',*,*,#9261,.T.);
#9261 = EDGE_CURVE('',#9254,#9262,#9264,.T.);
#9262 = VERTEX_POINT('',#9263);
#9263 = CARTESIAN_POINT('',(13.2,0.,8.8));
#9264 = LINE('',#9265,#9266);
#9265 = CARTESIAN_POINT('',(13.2,0.,6.8));
#9266 = VECTOR('',#9267,1.);
#9267 = DIRECTION('',(0.,0.,1.));
#9268 = ORIENTED_EDGE('',*,*,#9269,.F.);
#9269 = EDGE_CURVE('',#9246,#9262,#9270,.T.);
#9270 = LINE('',#9271,#9272);
#9271 = CARTESIAN_POINT('',(11.2,0.,8.8));
#9272 = VECTOR('',#9273,1.);
#9273 = DIRECTION('',(1.,0.,-0.));
#9274 = FACE_BOUND('',#9275,.F.);
#9275 = EDGE_LOOP('',(#9276,#9286,#9294,#9302));
#9276 = ORIENTED_EDGE('',*,*,#9277,.F.);
#9277 = EDGE_CURVE('',#9278,#9280,#9282,.T.);
#9278 = VERTEX_POINT('',#9279);
#9279 = CARTESIAN_POINT('',(15.6,0.,2.4));
#9280 = VERTEX_POINT('',#9281);
#9281 = CARTESIAN_POINT('',(15.6,0.,4.4));
#9282 = LINE('',#9283,#9284);
#9283 = CARTESIAN_POINT('',(15.6,0.,2.4));
#9284 = VECTOR('',#9285,1.);
#9285 = DIRECTION('',(0.,0.,1.));
#9286 = ORIENTED_EDGE('',*,*,#9287,.T.);
#9287 = EDGE_CURVE('',#9278,#9288,#9290,.T.);
#9288 = VERTEX_POINT('',#9289);
#9289 = CARTESIAN_POINT('',(17.6,0.,2.4));
#9290 = LINE('',#9291,#9292);
#9291 = CARTESIAN_POINT('',(15.6,0.,2.4));
#9292 = VECTOR('',#9293,1.);
#9293 = DIRECTION('',(1.,0.,-0.));
#9294 = ORIENTED_EDGE('',*,*,#9295,.T.);
#9295 = EDGE_CURVE('',#9288,#9296,#9298,.T.);
#9296 = VERTEX_POINT('',#9297);
#9297 = CARTESIAN_POINT('',(17.6,0.,4.4));
#9298 = LINE('',#9299,#9300);
#9299 = CARTESIAN_POINT('',(17.6,0.,2.4));
#9300 = VECTOR('',#9301,1.);
#9301 = DIRECTION('',(0.,0.,1.));
#9302 = ORIENTED_EDGE('',*,*,#9303,.F.);
#9303 = EDGE_CURVE('',#9280,#9296,#9304,.T.);
#9304 = LINE('',#9305,#9306);
#9305 = CARTESIAN_POINT('',(15.6,0.,4.4));
#9306 = VECTOR('',#9307,1.);
#9307 = DIRECTION('',(1.,0.,-0.));
#9308 = FACE_BOUND('',#9309,.F.);
#9309 = EDGE_LOOP('',(#9310,#9320,#9328,#9336));
#9310 = ORIENTED_EDGE('',*,*,#9311,.F.);
#9311 = EDGE_CURVE('',#9312,#9314,#9316,.T.);
#9312 = VERTEX_POINT('',#9313);
#9313 = CARTESIAN_POINT('',(15.6,0.,6.8));
#9314 = VERTEX_POINT('',#9315);
#9315 = CARTESIAN_POINT('',(15.6,0.,8.8));
#9316 = LINE('',#9317,#9318);
#9317 = CARTESIAN_POINT('',(15.6,0.,6.8));
#9318 = VECTOR('',#9319,1.);
#9319 = DIRECTION('',(0.,0.,1.));
#9320 = ORIENTED_EDGE('',*,*,#9321,.T.);
#9321 = EDGE_CURVE('',#9312,#9322,#9324,.T.);
#9322 = VERTEX_POINT('',#9323);
#9323 = CARTESIAN_POINT('',(17.6,0.,6.8));
#9324 = LINE('',#9325,#9326);
#9325 = CARTESIAN_POINT('',(15.6,0.,6.8));
#9326 = VECTOR('',#9327,1.);
#9327 = DIRECTION('',(1.,0.,-0.));
#9328 = ORIENTED_EDGE('',*,*,#9329,.T.);
#9329 = EDGE_CURVE('',#9322,#9330,#9332,.T.);
#9330 = VERTEX_POINT('',#9331);
#9331 = CARTESIAN_POINT('',(17.6,0.,8.8));
#9332 = LINE('',#9333,#9334);
#9333 = CARTESIAN_POINT('',(17.6,0.,6.8));
#9334 = VECTOR('',#9335,1.);
#9335 = DIRECTION('',(0.,0.,1.));
#9336 = ORIENTED_EDGE('',*,*,#9337,.F.);
#9337 = EDGE_CURVE('',#9314,#9330,#9338,.T.);
#9338 = LINE('',#9339,#9340);
#9339 = CARTESIAN_POINT('',(15.6,0.,8.8));
#9340 = VECTOR('',#9341,1.);
#9341 = DIRECTION('',(1.,0.,-0.));
#9342 = FACE_BOUND('',#9343,.F.);
#9343 = EDGE_LOOP('',(#9344,#9354,#9362,#9370));
#9344 = ORIENTED_EDGE('',*,*,#9345,.F.);
#9345 = EDGE_CURVE('',#9346,#9348,#9350,.T.);
#9346 = VERTEX_POINT('',#9347);
#9347 = CARTESIAN_POINT('',(11.2,0.,11.2));
#9348 = VERTEX_POINT('',#9349);
#9349 = CARTESIAN_POINT('',(11.2,0.,13.2));
#9350 = LINE('',#9351,#9352);
#9351 = CARTESIAN_POINT('',(11.2,0.,11.2));
#9352 = VECTOR('',#9353,1.);
#9353 = DIRECTION('',(0.,0.,1.));
#9354 = ORIENTED_EDGE('',*,*,#9355,.T.);
#9355 = EDGE_CURVE('',#9346,#9356,#9358,.T.);
#9356 = VERTEX_POINT('',#9357);
#9357 = CARTESIAN_POINT('',(13.2,0.,11.2));
#9358 = LINE('',#9359,#9360);
#9359 = CARTESIAN_POINT('',(11.2,0.,11.2));
#9360 = VECTOR('',#9361,1.);
#9361 = DIRECTION('',(1.,0.,-0.));
#9362 = ORIENTED_EDGE('',*,*,#9363,.T.);
#9363 = EDGE_CURVE('',#9356,#9364,#9366,.T.);
#9364 = VERTEX_POINT('',#9365);
#9365 = CARTESIAN_POINT('',(13.2,0.,13.2));
#9366 = LINE('',#9367,#9368);
#9367 = CARTESIAN_POINT('',(13.2,0.,11.2));
#9368 = VECTOR('',#9369,1.);
#9369 = DIRECTION('',(0.,0.,1.));
#9370 = ORIENTED_EDGE('',*,*,#9371,.F.);
#9371 = EDGE_CURVE('',#9348,#9364,#9372,.T.);
#9372 = LINE('',#9373,#9374);
#9373 = CARTESIAN_POINT('',(11.2,0.,13.2));
#9374 = VECTOR('',#9375,1.);
#9375 = DIRECTION('',(1.,0.,-0.));
#9376 = FACE_BOUND('',#9377,.F.);
#9377 = EDGE_LOOP('',(#9378,#9388,#9396,#9404));
#9378 = ORIENTED_EDGE('',*,*,#9379,.F.);
#9379 = EDGE_CURVE('',#9380,#9382,#9384,.T.);
#9380 = VERTEX_POINT('',#9381);
#9381 = CARTESIAN_POINT('',(11.2,0.,15.6));
#9382 = VERTEX_POINT('',#9383);
#9383 = CARTESIAN_POINT('',(11.2,0.,17.6));
#9384 = LINE('',#9385,#9386);
#9385 = CARTESIAN_POINT('',(11.2,0.,15.6));
#9386 = VECTOR('',#9387,1.);
#9387 = DIRECTION('',(0.,0.,1.));
#9388 = ORIENTED_EDGE('',*,*,#9389,.T.);
#9389 = EDGE_CURVE('',#9380,#9390,#9392,.T.);
#9390 = VERTEX_POINT('',#9391);
#9391 = CARTESIAN_POINT('',(13.2,0.,15.6));
#9392 = LINE('',#9393,#9394);
#9393 = CARTESIAN_POINT('',(11.2,0.,15.6));
#9394 = VECTOR('',#9395,1.);
#9395 = DIRECTION('',(1.,0.,-0.));
#9396 = ORIENTED_EDGE('',*,*,#9397,.T.);
#9397 = EDGE_CURVE('',#9390,#9398,#9400,.T.);
#9398 = VERTEX_POINT('',#9399);
#9399 = CARTESIAN_POINT('',(13.2,0.,17.6));
#9400 = LINE('',#9401,#9402);
#9401 = CARTESIAN_POINT('',(13.2,0.,15.6));
#9402 = VECTOR('',#9403,1.);
#9403 = DIRECTION('',(0.,0.,1.));
#9404 = ORIENTED_EDGE('',*,*,#9405,.F.);
#9405 = EDGE_CURVE('',#9382,#9398,#9406,.T.);
#9406 = LINE('',#9407,#9408);
#9407 = CARTESIAN_POINT('',(11.2,0.,17.6));
#9408 = VECTOR('',#9409,1.);
#9409 = DIRECTION('',(1.,0.,-0.));
#9410 = FACE_BOUND('',#9411,.F.);
#9411 = EDGE_LOOP('',(#9412,#9422,#9430,#9438));
#9412 = ORIENTED_EDGE('',*,*,#9413,.F.);
#9413 = EDGE_CURVE('',#9414,#9416,#9418,.T.);
#9414 = VERTEX_POINT('',#9415);
#9415 = CARTESIAN_POINT('',(15.6,0.,11.2));
#9416 = VERTEX_POINT('',#9417);
#9417 = CARTESIAN_POINT('',(15.6,0.,13.2));
#9418 = LINE('',#9419,#9420);
#9419 = CARTESIAN_POINT('',(15.6,0.,11.2));
#9420 = VECTOR('',#9421,1.);
#9421 = DIRECTION('',(0.,0.,1.));
#9422 = ORIENTED_EDGE('',*,*,#9423,.T.);
#9423 = EDGE_CURVE('',#9414,#9424,#9426,.T.);
#9424 = VERTEX_POINT('',#9425);
#9425 = CARTESIAN_POINT('',(17.6,0.,11.2));
#9426 = LINE('',#9427,#9428);
#9427 = CARTESIAN_POINT('',(15.6,0.,11.2));
#9428 = VECTOR('',#9429,1.);
#9429 = DIRECTION('',(1.,0.,-0.));
#9430 = ORIENTED_EDGE('',*,*,#9431,.T.);
#9431 = EDGE_CURVE('',#9424,#9432,#9434,.T.);
#9432 = VERTEX_POINT('',#9433);
#9433 = CARTESIAN_POINT('',(17.6,0.,13.2));
#9434 = LINE('',#9435,#9436);
#9435 = CARTESIAN_POINT('',(17.6,0.,11.2));
#9436 = VECTOR('',#9437,1.);
#9437 = DIRECTION('',(0.,0.,1.));
#9438 = ORIENTED_EDGE('',*,*,#9439,.F.);
#9439 = EDGE_CURVE('',#9416,#9432,#9440,.T.);
#9440 = LINE('',#9441,#9442);
#9441 = CARTESIAN_POINT('',(15.6,0.,13.2));
#9442 = VECTOR('',#9443,1.);
#9443 = DIRECTION('',(1.,0.,-0.));
#9444 = FACE_BOUND('',#9445,.F.);
#9445 = EDGE_LOOP('',(#9446,#9456,#9464,#9472));
#9446 = ORIENTED_EDGE('',*,*,#9447,.F.);
#9447 = EDGE_CURVE('',#9448,#9450,#9452,.T.);
#9448 = VERTEX_POINT('',#9449);
#9449 = CARTESIAN_POINT('',(15.6,0.,15.6));
#9450 = VERTEX_POINT('',#9451);
#9451 = CARTESIAN_POINT('',(15.6,0.,17.6));
#9452 = LINE('',#9453,#9454);
#9453 = CARTESIAN_POINT('',(15.6,0.,15.6));
#9454 = VECTOR('',#9455,1.);
#9455 = DIRECTION('',(0.,0.,1.));
#9456 = ORIENTED_EDGE('',*,*,#9457,.T.);
#9457 = EDGE_CURVE('',#9448,#9458,#9460,.T.);
#9458 = VERTEX_POINT('',#9459);
#9459 = CARTESIAN_POINT('',(17.6,0.,15.6));
#9460 = LINE('',#9461,#9462);
#9461 = CARTESIAN_POINT('',(15.6,0.,15.6));
#9462 = VECTOR('',#9463,1.);
#9463 = DIRECTION('',(1.,0.,-0.));
#9464 = ORIENTED_EDGE('',*,*,#9465,.T.);
#9465 = EDGE_CURVE('',#9458,#9466,#9468,.T.);
#9466 = VERTEX_POINT('',#9467);
#9467 = CARTESIAN_POINT('',(17.6,0.,17.6));
#9468 = LINE('',#9469,#9470);
#9469 = CARTESIAN_POINT('',(17.6,0.,15.6));
#9470 = VECTOR('',#9471,1.);
#9471 = DIRECTION('',(0.,0.,1.));
#9472 = ORIENTED_EDGE('',*,*,#9473,.F.);
#9473 = EDGE_CURVE('',#9450,#9466,#9474,.T.);
#9474 = LINE('',#9475,#9476);
#9475 = CARTESIAN_POINT('',(15.6,0.,17.6));
#9476 = VECTOR('',#9477,1.);
#9477 = DIRECTION('',(1.,0.,-0.));
#9478 = PLANE('',#9479);
#9479 = AXIS2_PLACEMENT_3D('',#9480,#9481,#9482);
#9480 = CARTESIAN_POINT('',(0.,0.,0.));
#9481 = DIRECTION('',(-0.,1.,0.));
#9482 = DIRECTION('',(0.,0.,1.));
#9483 = ADVANCED_FACE('',(#9484),#9502,.T.);
#9484 = FACE_BOUND('',#9485,.T.);
#9485 = EDGE_LOOP('',(#9486,#9487,#9488,#9496));
#9486 = ORIENTED_EDGE('',*,*,#8898,.F.);
#9487 = ORIENTED_EDGE('',*,*,#8921,.T.);
#9488 = ORIENTED_EDGE('',*,*,#9489,.T.);
#9489 = EDGE_CURVE('',#8922,#9490,#9492,.T.);
#9490 = VERTEX_POINT('',#9491);
#9491 = CARTESIAN_POINT('',(20.,0.5,20.));
#9492 = LINE('',#9493,#9494);
#9493 = CARTESIAN_POINT('',(20.,0.,20.));
#9494 = VECTOR('',#9495,1.);
#9495 = DIRECTION('',(-0.,1.,0.));
#9496 = ORIENTED_EDGE('',*,*,#9497,.F.);
#9497 = EDGE_CURVE('',#8891,#9490,#9498,.T.);
#9498 = LINE('',#9499,#9500);
#9499 = CARTESIAN_POINT('',(0.,0.5,20.));
#9500 = VECTOR('',#9501,1.);
#9501 = DIRECTION('',(1.,0.,-0.));
#9502 = PLANE('',#9503);
#9503 = AXIS2_PLACEMENT_3D('',#9504,#9505,#9506);
#9504 = CARTESIAN_POINT('',(0.,0.,20.));
#9505 = DIRECTION('',(0.,0.,1.));
#9506 = DIRECTION('',(1.,0.,-0.));
#9507 = ADVANCED_FACE('',(#9508,#9526,#9560,#9594,#9628,#9662,#9696,
    #9730,#9764,#9798,#9832,#9866,#9900,#9934,#9968,#10002,#10036),
  #10070,.T.);
#9508 = FACE_BOUND('',#9509,.T.);
#9509 = EDGE_LOOP('',(#9510,#9518,#9519,#9520));
#9510 = ORIENTED_EDGE('',*,*,#9511,.F.);
#9511 = EDGE_CURVE('',#8883,#9512,#9514,.T.);
#9512 = VERTEX_POINT('',#9513);
#9513 = CARTESIAN_POINT('',(20.,0.5,0.));
#9514 = LINE('',#9515,#9516);
#9515 = CARTESIAN_POINT('',(0.,0.5,0.));
#9516 = VECTOR('',#9517,1.);
#9517 = DIRECTION('',(1.,0.,-0.));
#9518 = ORIENTED_EDGE('',*,*,#8890,.T.);
#9519 = ORIENTED_EDGE('',*,*,#9497,.T.);
#9520 = ORIENTED_EDGE('',*,*,#9521,.F.);
#9521 = EDGE_CURVE('',#9512,#9490,#9522,.T.);
#9522 = LINE('',#9523,#9524);
#9523 = CARTESIAN_POINT('',(20.,0.5,0.));
#9524 = VECTOR('',#9525,1.);
#9525 = DIRECTION('',(0.,0.,1.));
#9526 = FACE_BOUND('',#9527,.T.);
#9527 = EDGE_LOOP('',(#9528,#9538,#9546,#9554));
#9528 = ORIENTED_EDGE('',*,*,#9529,.F.);
#9529 = EDGE_CURVE('',#9530,#9532,#9534,.T.);
#9530 = VERTEX_POINT('',#9531);
#9531 = CARTESIAN_POINT('',(2.4,0.5,2.4));
#9532 = VERTEX_POINT('',#9533);
#9533 = CARTESIAN_POINT('',(2.4,0.5,4.4));
#9534 = LINE('',#9535,#9536);
#9535 = CARTESIAN_POINT('',(2.4,0.5,2.4));
#9536 = VECTOR('',#9537,1.);
#9537 = DIRECTION('',(0.,0.,1.));
#9538 = ORIENTED_EDGE('',*,*,#9539,.T.);
#9539 = EDGE_CURVE('',#9530,#9540,#9542,.T.);
#9540 = VERTEX_POINT('',#9541);
#9541 = CARTESIAN_POINT('',(4.4,0.5,2.4));
#9542 = LINE('',#9543,#9544);
#9543 = CARTESIAN_POINT('',(2.4,0.5,2.4));
#9544 = VECTOR('',#9545,1.);
#9545 = DIRECTION('',(1.,0.,-0.));
#9546 = ORIENTED_EDGE('',*,*,#9547,.T.);
#9547 = EDGE_CURVE('',#9540,#9548,#9550,.T.);
#9548 = VERTEX_POINT('',#9549);
#9549 = CARTESIAN_POINT('',(4.4,0.5,4.4));
#9550 = LINE('',#9551,#9552);
#9551 = CARTESIAN_POINT('',(4.4,0.5,2.4));
#9552 = VECTOR('',#9553,1.);
#9553 = DIRECTION('',(0.,0.,1.));
#9554 = ORIENTED_EDGE('',*,*,#9555,.F.);
#9555 = EDGE_CURVE('',#9532,#9548,#9556,.T.);
#9556 = LINE('',#9557,#9558);
#9557 = CARTESIAN_POINT('',(2.4,0.5,4.4));
#9558 = VECTOR('',#9559,1.);
#9559 = DIRECTION('',(1.,0.,-0.));
#9560 = FACE_BOUND('',#9561,.T.);
#9561 = EDGE_LOOP('',(#9562,#9572,#9580,#9588));
#9562 = ORIENTED_EDGE('',*,*,#9563,.F.);
#9563 = EDGE_CURVE('',#9564,#9566,#9568,.T.);
#9564 = VERTEX_POINT('',#9565);
#9565 = CARTESIAN_POINT('',(2.4,0.5,6.8));
#9566 = VERTEX_POINT('',#9567);
#9567 = CARTESIAN_POINT('',(2.4,0.5,8.8));
#9568 = LINE('',#9569,#9570);
#9569 = CARTESIAN_POINT('',(2.4,0.5,6.8));
#9570 = VECTOR('',#9571,1.);
#9571 = DIRECTION('',(0.,0.,1.));
#9572 = ORIENTED_EDGE('',*,*,#9573,.T.);
#9573 = EDGE_CURVE('',#9564,#9574,#9576,.T.);
#9574 = VERTEX_POINT('',#9575);
#9575 = CARTESIAN_POINT('',(4.4,0.5,6.8));
#9576 = LINE('',#9577,#9578);
#9577 = CARTESIAN_POINT('',(2.4,0.5,6.8));
#9578 = VECTOR('',#9579,1.);
#9579 = DIRECTION('',(1.,0.,-0.));
#9580 = ORIENTED_EDGE('',*,*,#9581,.T.);
#9581 = EDGE_CURVE('',#9574,#9582,#9584,.T.);
#9582 = VERTEX_POINT('',#9583);
#9583 = CARTESIAN_POINT('',(4.4,0.5,8.8));
#9584 = LINE('',#9585,#9586);
#9585 = CARTESIAN_POINT('',(4.4,0.5,6.8));
#9586 = VECTOR('',#9587,1.);
#9587 = DIRECTION('',(0.,0.,1.));
#9588 = ORIENTED_EDGE('',*,*,#9589,.F.);
#9589 = EDGE_CURVE('',#9566,#9582,#9590,.T.);
#9590 = LINE('',#9591,#9592);
#9591 = CARTESIAN_POINT('',(2.4,0.5,8.8));
#9592 = VECTOR('',#9593,1.);
#9593 = DIRECTION('',(1.,0.,-0.));
#9594 = FACE_BOUND('',#9595,.T.);
#9595 = EDGE_LOOP('',(#9596,#9606,#9614,#9622));
#9596 = ORIENTED_EDGE('',*,*,#9597,.F.);
#9597 = EDGE_CURVE('',#9598,#9600,#9602,.T.);
#9598 = VERTEX_POINT('',#9599);
#9599 = CARTESIAN_POINT('',(6.8,0.5,2.4));
#9600 = VERTEX_POINT('',#9601);
#9601 = CARTESIAN_POINT('',(6.8,0.5,4.4));
#9602 = LINE('',#9603,#9604);
#9603 = CARTESIAN_POINT('',(6.8,0.5,2.4));
#9604 = VECTOR('',#9605,1.);
#9605 = DIRECTION('',(0.,0.,1.));
#9606 = ORIENTED_EDGE('',*,*,#9607,.T.);
#9607 = EDGE_CURVE('',#9598,#9608,#9610,.T.);
#9608 = VERTEX_POINT('',#9609);
#9609 = CARTESIAN_POINT('',(8.8,0.5,2.4));
#9610 = LINE('',#9611,#9612);
#9611 = CARTESIAN_POINT('',(6.8,0.5,2.4));
#9612 = VECTOR('',#9613,1.);
#9613 = DIRECTION('',(1.,0.,-0.));
#9614 = ORIENTED_EDGE('',*,*,#9615,.T.);
#9615 = EDGE_CURVE('',#9608,#9616,#9618,.T.);
#9616 = VERTEX_POINT('',#9617);
#9617 = CARTESIAN_POINT('',(8.8,0.5,4.4));
#9618 = LINE('',#9619,#9620);
#9619 = CARTESIAN_POINT('',(8.8,0.5,2.4));
#9620 = VECTOR('',#9621,1.);
#9621 = DIRECTION('',(0.,0.,1.));
#9622 = ORIENTED_EDGE('',*,*,#9623,.F.);
#9623 = EDGE_CURVE('',#9600,#9616,#9624,.T.);
#9624 = LINE('',#9625,#9626);
#9625 = CARTESIAN_POINT('',(6.8,0.5,4.4));
#9626 = VECTOR('',#9627,1.);
#9627 = DIRECTION('',(1.,0.,-0.));
#9628 = FACE_BOUND('',#9629,.T.);
#9629 = EDGE_LOOP('',(#9630,#9640,#9648,#9656));
#9630 = ORIENTED_EDGE('',*,*,#9631,.F.);
#9631 = EDGE_CURVE('',#9632,#9634,#9636,.T.);
#9632 = VERTEX_POINT('',#9633);
#9633 = CARTESIAN_POINT('',(6.8,0.5,6.8));
#9634 = VERTEX_POINT('',#9635);
#9635 = CARTESIAN_POINT('',(6.8,0.5,8.8));
#9636 = LINE('',#9637,#9638);
#9637 = CARTESIAN_POINT('',(6.8,0.5,6.8));
#9638 = VECTOR('',#9639,1.);
#9639 = DIRECTION('',(0.,0.,1.));
#9640 = ORIENTED_EDGE('',*,*,#9641,.T.);
#9641 = EDGE_CURVE('',#9632,#9642,#9644,.T.);
#9642 = VERTEX_POINT('',#9643);
#9643 = CARTESIAN_POINT('',(8.8,0.5,6.8));
#9644 = LINE('',#9645,#9646);
#9645 = CARTESIAN_POINT('',(6.8,0.5,6.8));
#9646 = VECTOR('',#9647,1.);
#9647 = DIRECTION('',(1.,0.,-0.));
#9648 = ORIENTED_EDGE('',*,*,#9649,.T.);
#9649 = EDGE_CURVE('',#9642,#9650,#9652,.T.);
#9650 = VERTEX_POINT('',#9651);
#9651 = CARTESIAN_POINT('',(8.8,0.5,8.8));
#9652 = LINE('',#9653,#9654);
#9653 = CARTESIAN_POINT('',(8.8,0.5,6.8));
#9654 = VECTOR('',#9655,1.);
#9655 = DIRECTION('',(0.,0.,1.));
#9656 = ORIENTED_EDGE('',*,*,#9657,.F.);
#9657 = EDGE_CURVE('',#9634,#9650,#9658,.T.);
#9658 = LINE('',#9659,#9660);
#9659 = CARTESIAN_POINT('',(6.8,0.5,8.8));
#9660 = VECTOR('',#9661,1.);
#9661 = DIRECTION('',(1.,0.,-0.));
#9662 = FACE_BOUND('',#9663,.T.);
#9663 = EDGE_LOOP('',(#9664,#9674,#9682,#9690));
#9664 = ORIENTED_EDGE('',*,*,#9665,.F.);
#9665 = EDGE_CURVE('',#9666,#9668,#9670,.T.);
#9666 = VERTEX_POINT('',#9667);
#9667 = CARTESIAN_POINT('',(2.4,0.5,11.2));
#9668 = VERTEX_POINT('',#9669);
#9669 = CARTESIAN_POINT('',(2.4,0.5,13.2));
#9670 = LINE('',#9671,#9672);
#9671 = CARTESIAN_POINT('',(2.4,0.5,11.2));
#9672 = VECTOR('',#9673,1.);
#9673 = DIRECTION('',(0.,0.,1.));
#9674 = ORIENTED_EDGE('',*,*,#9675,.T.);
#9675 = EDGE_CURVE('',#9666,#9676,#9678,.T.);
#9676 = VERTEX_POINT('',#9677);
#9677 = CARTESIAN_POINT('',(4.4,0.5,11.2));
#9678 = LINE('',#9679,#9680);
#9679 = CARTESIAN_POINT('',(2.4,0.5,11.2));
#9680 = VECTOR('',#9681,1.);
#9681 = DIRECTION('',(1.,0.,-0.));
#9682 = ORIENTED_EDGE('',*,*,#9683,.T.);
#9683 = EDGE_CURVE('',#9676,#9684,#9686,.T.);
#9684 = VERTEX_POINT('',#9685);
#9685 = CARTESIAN_POINT('',(4.4,0.5,13.2));
#9686 = LINE('',#9687,#9688);
#9687 = CARTESIAN_POINT('',(4.4,0.5,11.2));
#9688 = VECTOR('',#9689,1.);
#9689 = DIRECTION('',(0.,0.,1.));
#9690 = ORIENTED_EDGE('',*,*,#9691,.F.);
#9691 = EDGE_CURVE('',#9668,#9684,#9692,.T.);
#9692 = LINE('',#9693,#9694);
#9693 = CARTESIAN_POINT('',(2.4,0.5,13.2));
#9694 = VECTOR('',#9695,1.);
#9695 = DIRECTION('',(1.,0.,-0.));
#9696 = FACE_BOUND('',#9697,.T.);
#9697 = EDGE_LOOP('',(#9698,#9708,#9716,#9724));
#9698 = ORIENTED_EDGE('',*,*,#9699,.F.);
#9699 = EDGE_CURVE('',#9700,#9702,#9704,.T.);
#9700 = VERTEX_POINT('',#9701);
#9701 = CARTESIAN_POINT('',(2.4,0.5,15.6));
#9702 = VERTEX_POINT('',#9703);
#9703 = CARTESIAN_POINT('',(2.4,0.5,17.6));
#9704 = LINE('',#9705,#9706);
#9705 = CARTESIAN_POINT('',(2.4,0.5,15.6));
#9706 = VECTOR('',#9707,1.);
#9707 = DIRECTION('',(0.,0.,1.));
#9708 = ORIENTED_EDGE('',*,*,#9709,.T.);
#9709 = EDGE_CURVE('',#9700,#9710,#9712,.T.);
#9710 = VERTEX_POINT('',#9711);
#9711 = CARTESIAN_POINT('',(4.4,0.5,15.6));
#9712 = LINE('',#9713,#9714);
#9713 = CARTESIAN_POINT('',(2.4,0.5,15.6));
#9714 = VECTOR('',#9715,1.);
#9715 = DIRECTION('',(1.,0.,-0.));
#9716 = ORIENTED_EDGE('',*,*,#9717,.T.);
#9717 = EDGE_CURVE('',#9710,#9718,#9720,.T.);
#9718 = VERTEX_POINT('',#9719);
#9719 = CARTESIAN_POINT('',(4.4,0.5,17.6));
#9720 = LINE('',#9721,#9722);
#9721 = CARTESIAN_POINT('',(4.4,0.5,15.6));
#9722 = VECTOR('',#9723,1.);
#9723 = DIRECTION('',(0.,0.,1.));
#9724 = ORIENTED_EDGE('',*,*,#9725,.F.);
#9725 = EDGE_CURVE('',#9702,#9718,#9726,.T.);
#9726 = LINE('',#9727,#9728);
#9727 = CARTESIAN_POINT('',(2.4,0.5,17.6));
#9728 = VECTOR('',#9729,1.);
#9729 = DIRECTION('',(1.,0.,-0.));
#9730 = FACE_BOUND('',#9731,.T.);
#9731 = EDGE_LOOP('',(#9732,#9742,#9750,#9758));
#9732 = ORIENTED_EDGE('',*,*,#9733,.F.);
#9733 = EDGE_CURVE('',#9734,#9736,#9738,.T.);
#9734 = VERTEX_POINT('',#9735);
#9735 = CARTESIAN_POINT('',(6.8,0.5,11.2));
#9736 = VERTEX_POINT('',#9737);
#9737 = CARTESIAN_POINT('',(6.8,0.5,13.2));
#9738 = LINE('',#9739,#9740);
#9739 = CARTESIAN_POINT('',(6.8,0.5,11.2));
#9740 = VECTOR('',#9741,1.);
#9741 = DIRECTION('',(0.,0.,1.));
#9742 = ORIENTED_EDGE('',*,*,#9743,.T.);
#9743 = EDGE_CURVE('',#9734,#9744,#9746,.T.);
#9744 = VERTEX_POINT('',#9745);
#9745 = CARTESIAN_POINT('',(8.8,0.5,11.2));
#9746 = LINE('',#9747,#9748);
#9747 = CARTESIAN_POINT('',(6.8,0.5,11.2));
#9748 = VECTOR('',#9749,1.);
#9749 = DIRECTION('',(1.,0.,-0.));
#9750 = ORIENTED_EDGE('',*,*,#9751,.T.);
#9751 = EDGE_CURVE('',#9744,#9752,#9754,.T.);
#9752 = VERTEX_POINT('',#9753);
#9753 = CARTESIAN_POINT('',(8.8,0.5,13.2));
#9754 = LINE('',#9755,#9756);
#9755 = CARTESIAN_POINT('',(8.8,0.5,11.2));
#9756 = VECTOR('',#9757,1.);
#9757 = DIRECTION('',(0.,0.,1.));
#9758 = ORIENTED_EDGE('',*,*,#9759,.F.);
#9759 = EDGE_CURVE('',#9736,#9752,#9760,.T.);
#9760 = LINE('',#9761,#9762);
#9761 = CARTESIAN_POINT('',(6.8,0.5,13.2));
#9762 = VECTOR('',#9763,1.);
#9763 = DIRECTION('',(1.,0.,-0.));
#9764 = FACE_BOUND('',#9765,.T.);
#9765 = EDGE_LOOP('',(#9766,#9776,#9784,#9792));
#9766 = ORIENTED_EDGE('',*,*,#9767,.F.);
#9767 = EDGE_CURVE('',#9768,#9770,#9772,.T.);
#9768 = VERTEX_POINT('',#9769);
#9769 = CARTESIAN_POINT('',(6.8,0.5,15.6));
#9770 = VERTEX_POINT('',#9771);
#9771 = CARTESIAN_POINT('',(6.8,0.5,17.6));
#9772 = LINE('',#9773,#9774);
#9773 = CARTESIAN_POINT('',(6.8,0.5,15.6));
#9774 = VECTOR('',#9775,1.);
#9775 = DIRECTION('',(0.,0.,1.));
#9776 = ORIENTED_EDGE('',*,*,#9777,.T.);
#9777 = EDGE_CURVE('',#9768,#9778,#9780,.T.);
#9778 = VERTEX_POINT('',#9779);
#9779 = CARTESIAN_POINT('',(8.8,0.5,15.6));
#9780 = LINE('',#9781,#9782);
#9781 = CARTESIAN_POINT('',(6.8,0.5,15.6));
#9782 = VECTOR('',#9783,1.);
#9783 = DIRECTION('',(1.,0.,-0.));
#9784 = ORIENTED_EDGE('',*,*,#9785,.T.);
#9785 = EDGE_CURVE('',#9778,#9786,#9788,.T.);
#9786 = VERTEX_POINT('',#9787);
#9787 = CARTESIAN_POINT('',(8.8,0.5,17.6));
#9788 = LINE('',#9789,#9790);
#9789 = CARTESIAN_POINT('',(8.8,0.5,15.6));
#9790 = VECTOR('',#9791,1.);
#9791 = DIRECTION('',(0.,0.,1.));
#9792 = ORIENTED_EDGE('',*,*,#9793,.F.);
#9793 = EDGE_CURVE('',#9770,#9786,#9794,.T.);
#9794 = LINE('',#9795,#9796);
#9795 = CARTESIAN_POINT('',(6.8,0.5,17.6));
#9796 = VECTOR('',#9797,1.);
#9797 = DIRECTION('',(1.,0.,-0.));
#9798 = FACE_BOUND('',#9799,.T.);
#9799 = EDGE_LOOP('',(#9800,#9810,#9818,#9826));
#9800 = ORIENTED_EDGE('',*,*,#9801,.F.);
#9801 = EDGE_CURVE('',#9802,#9804,#9806,.T.);
#9802 = VERTEX_POINT('',#9803);
#9803 = CARTESIAN_POINT('',(11.2,0.5,2.4));
#9804 = VERTEX_POINT('',#9805);
#9805 = CARTESIAN_POINT('',(11.2,0.5,4.4));
#9806 = LINE('',#9807,#9808);
#9807 = CARTESIAN_POINT('',(11.2,0.5,2.4));
#9808 = VECTOR('',#9809,1.);
#9809 = DIRECTION('',(0.,0.,1.));
#9810 = ORIENTED_EDGE('',*,*,#9811,.T.);
#9811 = EDGE_CURVE('',#9802,#9812,#9814,.T.);
#9812 = VERTEX_POINT('',#9813);
#9813 = CARTESIAN_POINT('',(13.2,0.5,2.4));
#9814 = LINE('',#9815,#9816);
#9815 = CARTESIAN_POINT('',(11.2,0.5,2.4));
#9816 = VECTOR('',#9817,1.);
#9817 = DIRECTION('',(1.,0.,-0.));
#9818 = ORIENTED_EDGE('',*,*,#9819,.T.);
#9819 = EDGE_CURVE('',#9812,#9820,#9822,.T.);
#9820 = VERTEX_POINT('',#9821);
#9821 = CARTESIAN_POINT('',(13.2,0.5,4.4));
#9822 = LINE('',#9823,#9824);
#9823 = CARTESIAN_POINT('',(13.2,0.5,2.4));
#9824 = VECTOR('',#9825,1.);
#9825 = DIRECTION('',(0.,0.,1.));
#9826 = ORIENTED_EDGE('',*,*,#9827,.F.);
#9827 = EDGE_CURVE('',#9804,#9820,#9828,.T.);
#9828 = LINE('',#9829,#9830);
#9829 = CARTESIAN_POINT('',(11.2,0.5,4.4));
#9830 = VECTOR('',#9831,1.);
#9831 = DIRECTION('',(1.,0.,-0.));
#9832 = FACE_BOUND('',#9833,.T.);
#9833 = EDGE_LOOP('',(#9834,#9844,#9852,#9860));
#9834 = ORIENTED_EDGE('',*,*,#9835,.F.);
#9835 = EDGE_CURVE('',#9836,#9838,#9840,.T.);
#9836 = VERTEX_POINT('',#9837);
#9837 = CARTESIAN_POINT('',(11.2,0.5,6.8));
#9838 = VERTEX_POINT('',#9839);
#9839 = CARTESIAN_POINT('',(11.2,0.5,8.8));
#9840 = LINE('',#9841,#9842);
#9841 = CARTESIAN_POINT('',(11.2,0.5,6.8));
#9842 = VECTOR('',#9843,1.);
#9843 = DIRECTION('',(0.,0.,1.));
#9844 = ORIENTED_EDGE('',*,*,#9845,.T.);
#9845 = EDGE_CURVE('',#9836,#9846,#9848,.T.);
#9846 = VERTEX_POINT('',#9847);
#9847 = CARTESIAN_POINT('',(13.2,0.5,6.8));
#9848 = LINE('',#9849,#9850);
#9849 = CARTESIAN_POINT('',(11.2,0.5,6.8));
#9850 = VECTOR('',#9851,1.);
#9851 = DIRECTION('',(1.,0.,-0.));
#9852 = ORIENTED_EDGE('',*,*,#9853,.T.);
#9853 = EDGE_CURVE('',#9846,#9854,#9856,.T.);
#9854 = VERTEX_POINT('',#9855);
#9855 = CARTESIAN_POINT('',(13.2,0.5,8.8));
#9856 = LINE('',#9857,#9858);
#9857 = CARTESIAN_POINT('',(13.2,0.5,6.8));
#9858 = VECTOR('',#9859,1.);
#9859 = DIRECTION('',(0.,0.,1.));
#9860 = ORIENTED_EDGE('',*,*,#9861,.F.);
#9861 = EDGE_CURVE('',#9838,#9854,#9862,.T.);
#9862 = LINE('',#9863,#9864);
#9863 = CARTESIAN_POINT('',(11.2,0.5,8.8));
#9864 = VECTOR('',#9865,1.);
#9865 = DIRECTION('',(1.,0.,-0.));
#9866 = FACE_BOUND('',#9867,.T.);
#9867 = EDGE_LOOP('',(#9868,#9878,#9886,#9894));
#9868 = ORIENTED_EDGE('',*,*,#9869,.F.);
#9869 = EDGE_CURVE('',#9870,#9872,#9874,.T.);
#9870 = VERTEX_POINT('',#9871);
#9871 = CARTESIAN_POINT('',(15.6,0.5,2.4));
#9872 = VERTEX_POINT('',#9873);
#9873 = CARTESIAN_POINT('',(15.6,0.5,4.4));
#9874 = LINE('',#9875,#9876);
#9875 = CARTESIAN_POINT('',(15.6,0.5,2.4));
#9876 = VECTOR('',#9877,1.);
#9877 = DIRECTION('',(0.,0.,1.));
#9878 = ORIENTED_EDGE('',*,*,#9879,.T.);
#9879 = EDGE_CURVE('',#9870,#9880,#9882,.T.);
#9880 = VERTEX_POINT('',#9881);
#9881 = CARTESIAN_POINT('',(17.6,0.5,2.4));
#9882 = LINE('',#9883,#9884);
#9883 = CARTESIAN_POINT('',(15.6,0.5,2.4));
#9884 = VECTOR('',#9885,1.);
#9885 = DIRECTION('',(1.,0.,-0.));
#9886 = ORIENTED_EDGE('',*,*,#9887,.T.);
#9887 = EDGE_CURVE('',#9880,#9888,#9890,.T.);
#9888 = VERTEX_POINT('',#9889);
#9889 = CARTESIAN_POINT('',(17.6,0.5,4.4));
#9890 = LINE('',#9891,#9892);
#9891 = CARTESIAN_POINT('',(17.6,0.5,2.4));
#9892 = VECTOR('',#9893,1.);
#9893 = DIRECTION('',(0.,0.,1.));
#9894 = ORIENTED_EDGE('',*,*,#9895,.F.);
#9895 = EDGE_CURVE('',#9872,#9888,#9896,.T.);
#9896 = LINE('',#9897,#9898);
#9897 = CARTESIAN_POINT('',(15.6,0.5,4.4));
#9898 = VECTOR('',#9899,1.);
#9899 = DIRECTION('',(1.,0.,-0.));
#9900 = FACE_BOUND('',#9901,.T.);
#9901 = EDGE_LOOP('',(#9902,#9912,#9920,#9928));
#9902 = ORIENTED_EDGE('',*,*,#9903,.F.);
#9903 = EDGE_CURVE('',#9904,#9906,#9908,.T.);
#9904 = VERTEX_POINT('',#9905);
#9905 = CARTESIAN_POINT('',(15.6,0.5,6.8));
#9906 = VERTEX_POINT('',#9907);
#9907 = CARTESIAN_POINT('',(15.6,0.5,8.8));
#9908 = LINE('',#9909,#9910);
#9909 = CARTESIAN_POINT('',(15.6,0.5,6.8));
#9910 = VECTOR('',#9911,1.);
#9911 = DIRECTION('',(0.,0.,1.));
#9912 = ORIENTED_EDGE('',*,*,#9913,.T.);
#9913 = EDGE_CURVE('',#9904,#9914,#9916,.T.);
#9914 = VERTEX_POINT('',#9915);
#9915 = CARTESIAN_POINT('',(17.6,0.5,6.8));
#9916 = LINE('',#9917,#9918);
#9917 = CARTESIAN_POINT('',(15.6,0.5,6.8));
#9918 = VECTOR('',#9919,1.);
#9919 = DIRECTION('',(1.,0.,-0.));
#9920 = ORIENTED_EDGE('',*,*,#9921,.T.);
#9921 = EDGE_CURVE('',#9914,#9922,#9924,.T.);
#9922 = VERTEX_POINT('',#9923);
#9923 = CARTESIAN_POINT('',(17.6,0.5,8.8));
#9924 = LINE('',#9925,#9926);
#9925 = CARTESIAN_POINT('',(17.6,0.5,6.8));
#9926 = VECTOR('',#9927,1.);
#9927 = DIRECTION('',(0.,0.,1.));
#9928 = ORIENTED_EDGE('',*,*,#9929,.F.);
#9929 = EDGE_CURVE('',#9906,#9922,#9930,.T.);
#9930 = LINE('',#9931,#9932);
#9931 = CARTESIAN_POINT('',(15.6,0.5,8.8));
#9932 = VECTOR('',#9933,1.);
#9933 = DIRECTION('',(1.,0.,-0.));
#9934 = FACE_BOUND('',#9935,.T.);
#9935 = EDGE_LOOP('',(#9936,#9946,#9954,#9962));
#9936 = ORIENTED_EDGE('',*,*,#9937,.F.);
#9937 = EDGE_CURVE('',#9938,#9940,#9942,.T.);
#9938 = VERTEX_POINT('',#9939);
#9939 = CARTESIAN_POINT('',(11.2,0.5,11.2));
#9940 = VERTEX_POINT('',#9941);
#9941 = CARTESIAN_POINT('',(11.2,0.5,13.2));
#9942 = LINE('',#9943,#9944);
#9943 = CARTESIAN_POINT('',(11.2,0.5,11.2));
#9944 = VECTOR('',#9945,1.);
#9945 = DIRECTION('',(0.,0.,1.));
#9946 = ORIENTED_EDGE('',*,*,#9947,.T.);
#9947 = EDGE_CURVE('',#9938,#9948,#9950,.T.);
#9948 = VERTEX_POINT('',#9949);
#9949 = CARTESIAN_POINT('',(13.2,0.5,11.2));
#9950 = LINE('',#9951,#9952);
#9951 = CARTESIAN_POINT('',(11.2,0.5,11.2));
#9952 = VECTOR('',#9953,1.);
#9953 = DIRECTION('',(1.,0.,-0.));
#9954 = ORIENTED_EDGE('',*,*,#9955,.T.);
#9955 = EDGE_CURVE('',#9948,#9956,#9958,.T.);
#9956 = VERTEX_POINT('',#9957);
#9957 = CARTESIAN_POINT('',(13.2,0.5,13.2));
#9958 = LINE('',#9959,#9960);
#9959 = CARTESIAN_POINT('',(13.2,0.5,11.2));
#9960 = VECTOR('',#9961,1.);
#9961 = DIRECTION('',(0.,0.,1.));
#9962 = ORIENTED_EDGE('',*,*,#9963,.F.);
#9963 = EDGE_CURVE('',#9940,#9956,#9964,.T.);
#9964 = LINE('',#9965,#9966);
#9965 = CARTESIAN_POINT('',(11.2,0.5,13.2));
#9966 = VECTOR('',#9967,1.);
#9967 = DIRECTION('',(1.,0.,-0.));
#9968 = FACE_BOUND('',#9969,.T.);
#9969 = EDGE_LOOP('',(#9970,#9980,#9988,#9996));
#9970 = ORIENTED_EDGE('',*,*,#9971,.F.);
#9971 = EDGE_CURVE('',#9972,#9974,#9976,.T.);
#9972 = VERTEX_POINT('',#9973);
#9973 = CARTESIAN_POINT('',(11.2,0.5,15.6));
#9974 = VERTEX_POINT('',#9975);
#9975 = CARTESIAN_POINT('',(11.2,0.5,17.6));
#9976 = LINE('',#9977,#9978);
#9977 = CARTESIAN_POINT('',(11.2,0.5,15.6));
#9978 = VECTOR('',#9979,1.);
#9979 = DIRECTION('',(0.,0.,1.));
#9980 = ORIENTED_EDGE('',*,*,#9981,.T.);
#9981 = EDGE_CURVE('',#9972,#9982,#9984,.T.);
#9982 = VERTEX_POINT('',#9983);
#9983 = CARTESIAN_POINT('',(13.2,0.5,15.6));
#9984 = LINE('',#9985,#9986);
#9985 = CARTESIAN_POINT('',(11.2,0.5,15.6));
#9986 = VECTOR('',#9987,1.);
#9987 = DIRECTION('',(1.,0.,-0.));
#9988 = ORIENTED_EDGE('',*,*,#9989,.T.);
#9989 = EDGE_CURVE('',#9982,#9990,#9992,.T.);
#9990 = VERTEX_POINT('',#9991);
#9991 = CARTESIAN_POINT('',(13.2,0.5,17.6));
#9992 = LINE('',#9993,#9994);
#9993 = CARTESIAN_POINT('',(13.2,0.5,15.6));
#9994 = VECTOR('',#9995,1.);
#9995 = DIRECTION('',(0.,0.,1.));
#9996 = ORIENTED_EDGE('',*,*,#9997,.F.);
#9997 = EDGE_CURVE('',#9974,#9990,#9998,.T.);
#9998 = LINE('',#9999,#10000);
#9999 = CARTESIAN_POINT('',(11.2,0.5,17.6));
#10000 = VECTOR('',#10001,1.);
#10001 = DIRECTION('',(1.,0.,-0.));
#10002 = FACE_BOUND('',#10003,.T.);
#10003 = EDGE_LOOP('',(#10004,#10014,#10022,#10030));
#10004 = ORIENTED_EDGE('',*,*,#10005,.F.);
#10005 = EDGE_CURVE('',#10006,#10008,#10010,.T.);
#10006 = VERTEX_POINT('',#10007);
#10007 = CARTESIAN_POINT('',(15.6,0.5,11.2));
#10008 = VERTEX_POINT('',#10009);
#10009 = CARTESIAN_POINT('',(15.6,0.5,13.2));
#10010 = LINE('',#10011,#10012);
#10011 = CARTESIAN_POINT('',(15.6,0.5,11.2));
#10012 = VECTOR('',#10013,1.);
#10013 = DIRECTION('',(0.,0.,1.));
#10014 = ORIENTED_EDGE('',*,*,#10015,.T.);
#10015 = EDGE_CURVE('',#10006,#10016,#10018,.T.);
#10016 = VERTEX_POINT('',#10017);
#10017 = CARTESIAN_POINT('',(17.6,0.5,11.2));
#10018 = LINE('',#10019,#10020);
#10019 = CARTESIAN_POINT('',(15.6,0.5,11.2));
#10020 = VECTOR('',#10021,1.);
#10021 = DIRECTION('',(1.,0.,-0.));
#10022 = ORIENTED_EDGE('',*,*,#10023,.T.);
#10023 = EDGE_CURVE('',#10016,#10024,#10026,.T.);
#10024 = VERTEX_POINT('',#10025);
#10025 = CARTESIAN_POINT('',(17.6,0.5,13.2));
#10026 = LINE('',#10027,#10028);
#10027 = CARTESIAN_POINT('',(17.6,0.5,11.2));
#10028 = VECTOR('',#10029,1.);
#10029 = DIRECTION('',(0.,0.,1.));
#10030 = ORIENTED_EDGE('',*,*,#10031,.F.);
#10031 = EDGE_CURVE('',#10008,#10024,#10032,.T.);
#10032 = LINE('',#10033,#10034);
#10033 = CARTESIAN_POINT('',(15.6,0.5,13.2));
#10034 = VECTOR('',#10035,1.);
#10035 = DIRECTION('',(1.,0.,-0.));
#10036 = FACE_BOUND('',#10037,.T.);
#10037 = EDGE_LOOP('',(#10038,#10048,#10056,#10064));
#10038 = ORIENTED_EDGE('',*,*,#10039,.F.);
#10039 = EDGE_CURVE('',#10040,#10042,#10044,.T.);
#10040 = VERTEX_POINT('',#10041);
#10041 = CARTESIAN_POINT('',(15.6,0.5,15.6));
#10042 = VERTEX_POINT('',#10043);
#10043 = CARTESIAN_POINT('',(15.6,0.5,17.6));
#10044 = LINE('',#10045,#10046);
#10045 = CARTESIAN_POINT('',(15.6,0.5,15.6));
#10046 = VECTOR('',#10047,1.);
#10047 = DIRECTION('',(0.,0.,1.));
#10048 = ORIENTED_EDGE('',*,*,#10049,.T.);
#10049 = EDGE_CURVE('',#10040,#10050,#10052,.T.);
#10050 = VERTEX_POINT('',#10051);
#10051 = CARTESIAN_POINT('',(17.6,0.5,15.6));
#10052 = LINE('',#10053,#10054);
#10053 = CARTESIAN_POINT('',(15.6,0.5,15.6));
#10054 = VECTOR('',#10055,1.);
#10055 = DIRECTION('',(1.,0.,-0.));
#10056 = ORIENTED_EDGE('',*,*,#10057,.T.);
#10057 = EDGE_CURVE('',#10050,#10058,#10060,.T.);
#10058 = VERTEX_POINT('',#10059);
#10059 = CARTESIAN_POINT('',(17.6,0.5,17.6));
#10060 = LINE('',#10061,#10062);
#10061 = CARTESIAN_POINT('',(17.6,0.5,15.6));
#10062 = VECTOR('',#10063,1.);
#10063 = DIRECTION('',(0.,0.,1.));
#10064 = ORIENTED_EDGE('',*,*,#10065,.F.);
#10065 = EDGE_CURVE('',#10042,#10058,#10066,.T.);
#10066 = LINE('',#10067,#10068);
#10067 = CARTESIAN_POINT('',(15.6,0.5,17.6));
#10068 = VECTOR('',#10069,1.);
#10069 = DIRECTION('',(1.,0.,-0.));
#10070 = PLANE('',#10071);
#10071 = AXIS2_PLACEMENT_3D('',#10072,#10073,#10074);
#10072 = CARTESIAN_POINT('',(0.,0.5,0.));
#10073 = DIRECTION('',(-0.,1.,0.));
#10074 = DIRECTION('',(0.,0.,1.));
#10075 = ADVANCED_FACE('',(#10076),#10087,.F.);
#10076 = FACE_BOUND('',#10077,.F.);
#10077 = EDGE_LOOP('',(#10078,#10079,#10080,#10086));
#10078 = ORIENTED_EDGE('',*,*,#8882,.F.);
#10079 = ORIENTED_EDGE('',*,*,#8912,.T.);
#10080 = ORIENTED_EDGE('',*,*,#10081,.T.);
#10081 = EDGE_CURVE('',#8913,#9512,#10082,.T.);
#10082 = LINE('',#10083,#10084);
#10083 = CARTESIAN_POINT('',(20.,0.,0.));
#10084 = VECTOR('',#10085,1.);
#10085 = DIRECTION('',(-0.,1.,0.));
#10086 = ORIENTED_EDGE('',*,*,#9511,.F.);
#10087 = PLANE('',#10088);
#10088 = AXIS2_PLACEMENT_3D('',#10089,#10090,#10091);
#10089 = CARTESIAN_POINT('',(0.,0.,0.));
#10090 = DIRECTION('',(0.,0.,1.));
#10091 = DIRECTION('',(1.,0.,-0.));
#10092 = ADVANCED_FACE('',(#10093),#10099,.T.);
#10093 = FACE_BOUND('',#10094,.T.);
#10094 = EDGE_LOOP('',(#10095,#10096,#10097,#10098));
#10095 = ORIENTED_EDGE('',*,*,#8929,.F.);
#10096 = ORIENTED_EDGE('',*,*,#10081,.T.);
#10097 = ORIENTED_EDGE('',*,*,#9521,.T.);
#10098 = ORIENTED_EDGE('',*,*,#9489,.F.);
#10099 = PLANE('',#10100);
#10100 = AXIS2_PLACEMENT_3D('',#10101,#10102,#10103);
#10101 = CARTESIAN_POINT('',(20.,0.,0.));
#10102 = DIRECTION('',(1.,0.,-0.));
#10103 = DIRECTION('',(0.,0.,1.));
#10104 = ADVANCED_FACE('',(#10105),#10121,.T.);
#10105 = FACE_BOUND('',#10106,.T.);
#10106 = EDGE_LOOP('',(#10107,#10108,#10114,#10115));
#10107 = ORIENTED_EDGE('',*,*,#8937,.F.);
#10108 = ORIENTED_EDGE('',*,*,#10109,.T.);
#10109 = EDGE_CURVE('',#8938,#9530,#10110,.T.);
#10110 = LINE('',#10111,#10112);
#10111 = CARTESIAN_POINT('',(2.4,0.,2.4));
#10112 = VECTOR('',#10113,1.);
#10113 = DIRECTION('',(-0.,1.,0.));
#10114 = ORIENTED_EDGE('',*,*,#9529,.T.);
#10115 = ORIENTED_EDGE('',*,*,#10116,.F.);
#10116 = EDGE_CURVE('',#8940,#9532,#10117,.T.);
#10117 = LINE('',#10118,#10119);
#10118 = CARTESIAN_POINT('',(2.4,0.,4.4));
#10119 = VECTOR('',#10120,1.);
#10120 = DIRECTION('',(-0.,1.,0.));
#10121 = PLANE('',#10122);
#10122 = AXIS2_PLACEMENT_3D('',#10123,#10124,#10125);
#10123 = CARTESIAN_POINT('',(2.4,0.,2.4));
#10124 = DIRECTION('',(1.,0.,-0.));
#10125 = DIRECTION('',(0.,0.,1.));
#10126 = ADVANCED_FACE('',(#10127),#10138,.T.);
#10127 = FACE_BOUND('',#10128,.T.);
#10128 = EDGE_LOOP('',(#10129,#10130,#10131,#10137));
#10129 = ORIENTED_EDGE('',*,*,#10109,.F.);
#10130 = ORIENTED_EDGE('',*,*,#8947,.T.);
#10131 = ORIENTED_EDGE('',*,*,#10132,.T.);
#10132 = EDGE_CURVE('',#8948,#9540,#10133,.T.);
#10133 = LINE('',#10134,#10135);
#10134 = CARTESIAN_POINT('',(4.4,0.,2.4));
#10135 = VECTOR('',#10136,1.);
#10136 = DIRECTION('',(-0.,1.,0.));
#10137 = ORIENTED_EDGE('',*,*,#9539,.F.);
#10138 = PLANE('',#10139);
#10139 = AXIS2_PLACEMENT_3D('',#10140,#10141,#10142);
#10140 = CARTESIAN_POINT('',(2.4,0.,2.4));
#10141 = DIRECTION('',(0.,0.,1.));
#10142 = DIRECTION('',(1.,0.,-0.));
#10143 = ADVANCED_FACE('',(#10144),#10155,.F.);
#10144 = FACE_BOUND('',#10145,.F.);
#10145 = EDGE_LOOP('',(#10146,#10147,#10148,#10154));
#10146 = ORIENTED_EDGE('',*,*,#10116,.F.);
#10147 = ORIENTED_EDGE('',*,*,#8963,.T.);
#10148 = ORIENTED_EDGE('',*,*,#10149,.T.);
#10149 = EDGE_CURVE('',#8956,#9548,#10150,.T.);
#10150 = LINE('',#10151,#10152);
#10151 = CARTESIAN_POINT('',(4.4,0.,4.4));
#10152 = VECTOR('',#10153,1.);
#10153 = DIRECTION('',(-0.,1.,0.));
#10154 = ORIENTED_EDGE('',*,*,#9555,.F.);
#10155 = PLANE('',#10156);
#10156 = AXIS2_PLACEMENT_3D('',#10157,#10158,#10159);
#10157 = CARTESIAN_POINT('',(2.4,0.,4.4));
#10158 = DIRECTION('',(0.,0.,1.));
#10159 = DIRECTION('',(1.,0.,-0.));
#10160 = ADVANCED_FACE('',(#10161),#10167,.F.);
#10161 = FACE_BOUND('',#10162,.F.);
#10162 = EDGE_LOOP('',(#10163,#10164,#10165,#10166));
#10163 = ORIENTED_EDGE('',*,*,#8955,.F.);
#10164 = ORIENTED_EDGE('',*,*,#10132,.T.);
#10165 = ORIENTED_EDGE('',*,*,#9547,.T.);
#10166 = ORIENTED_EDGE('',*,*,#10149,.F.);
#10167 = PLANE('',#10168);
#10168 = AXIS2_PLACEMENT_3D('',#10169,#10170,#10171);
#10169 = CARTESIAN_POINT('',(4.4,0.,2.4));
#10170 = DIRECTION('',(1.,0.,-0.));
#10171 = DIRECTION('',(0.,0.,1.));
#10172 = ADVANCED_FACE('',(#10173),#10189,.T.);
#10173 = FACE_BOUND('',#10174,.T.);
#10174 = EDGE_LOOP('',(#10175,#10176,#10182,#10183));
#10175 = ORIENTED_EDGE('',*,*,#8971,.F.);
#10176 = ORIENTED_EDGE('',*,*,#10177,.T.);
#10177 = EDGE_CURVE('',#8972,#9564,#10178,.T.);
#10178 = LINE('',#10179,#10180);
#10179 = CARTESIAN_POINT('',(2.4,0.,6.8));
#10180 = VECTOR('',#10181,1.);
#10181 = DIRECTION('',(-0.,1.,0.));
#10182 = ORIENTED_EDGE('',*,*,#9563,.T.);
#10183 = ORIENTED_EDGE('',*,*,#10184,.F.);
#10184 = EDGE_CURVE('',#8974,#9566,#10185,.T.);
#10185 = LINE('',#10186,#10187);
#10186 = CARTESIAN_POINT('',(2.4,0.,8.8));
#10187 = VECTOR('',#10188,1.);
#10188 = DIRECTION('',(-0.,1.,0.));
#10189 = PLANE('',#10190);
#10190 = AXIS2_PLACEMENT_3D('',#10191,#10192,#10193);
#10191 = CARTESIAN_POINT('',(2.4,0.,6.8));
#10192 = DIRECTION('',(1.,0.,-0.));
#10193 = DIRECTION('',(0.,0.,1.));
#10194 = ADVANCED_FACE('',(#10195),#10206,.T.);
#10195 = FACE_BOUND('',#10196,.T.);
#10196 = EDGE_LOOP('',(#10197,#10198,#10199,#10205));
#10197 = ORIENTED_EDGE('',*,*,#10177,.F.);
#10198 = ORIENTED_EDGE('',*,*,#8981,.T.);
#10199 = ORIENTED_EDGE('',*,*,#10200,.T.);
#10200 = EDGE_CURVE('',#8982,#9574,#10201,.T.);
#10201 = LINE('',#10202,#10203);
#10202 = CARTESIAN_POINT('',(4.4,0.,6.8));
#10203 = VECTOR('',#10204,1.);
#10204 = DIRECTION('',(-0.,1.,0.));
#10205 = ORIENTED_EDGE('',*,*,#9573,.F.);
#10206 = PLANE('',#10207);
#10207 = AXIS2_PLACEMENT_3D('',#10208,#10209,#10210);
#10208 = CARTESIAN_POINT('',(2.4,0.,6.8));
#10209 = DIRECTION('',(0.,0.,1.));
#10210 = DIRECTION('',(1.,0.,-0.));
#10211 = ADVANCED_FACE('',(#10212),#10223,.F.);
#10212 = FACE_BOUND('',#10213,.F.);
#10213 = EDGE_LOOP('',(#10214,#10215,#10216,#10222));
#10214 = ORIENTED_EDGE('',*,*,#10184,.F.);
#10215 = ORIENTED_EDGE('',*,*,#8997,.T.);
#10216 = ORIENTED_EDGE('',*,*,#10217,.T.);
#10217 = EDGE_CURVE('',#8990,#9582,#10218,.T.);
#10218 = LINE('',#10219,#10220);
#10219 = CARTESIAN_POINT('',(4.4,0.,8.8));
#10220 = VECTOR('',#10221,1.);
#10221 = DIRECTION('',(-0.,1.,0.));
#10222 = ORIENTED_EDGE('',*,*,#9589,.F.);
#10223 = PLANE('',#10224);
#10224 = AXIS2_PLACEMENT_3D('',#10225,#10226,#10227);
#10225 = CARTESIAN_POINT('',(2.4,0.,8.8));
#10226 = DIRECTION('',(0.,0.,1.));
#10227 = DIRECTION('',(1.,0.,-0.));
#10228 = ADVANCED_FACE('',(#10229),#10235,.F.);
#10229 = FACE_BOUND('',#10230,.F.);
#10230 = EDGE_LOOP('',(#10231,#10232,#10233,#10234));
#10231 = ORIENTED_EDGE('',*,*,#8989,.F.);
#10232 = ORIENTED_EDGE('',*,*,#10200,.T.);
#10233 = ORIENTED_EDGE('',*,*,#9581,.T.);
#10234 = ORIENTED_EDGE('',*,*,#10217,.F.);
#10235 = PLANE('',#10236);
#10236 = AXIS2_PLACEMENT_3D('',#10237,#10238,#10239);
#10237 = CARTESIAN_POINT('',(4.4,0.,6.8));
#10238 = DIRECTION('',(1.,0.,-0.));
#10239 = DIRECTION('',(0.,0.,1.));
#10240 = ADVANCED_FACE('',(#10241),#10257,.T.);
#10241 = FACE_BOUND('',#10242,.T.);
#10242 = EDGE_LOOP('',(#10243,#10244,#10250,#10251));
#10243 = ORIENTED_EDGE('',*,*,#9005,.F.);
#10244 = ORIENTED_EDGE('',*,*,#10245,.T.);
#10245 = EDGE_CURVE('',#9006,#9598,#10246,.T.);
#10246 = LINE('',#10247,#10248);
#10247 = CARTESIAN_POINT('',(6.8,0.,2.4));
#10248 = VECTOR('',#10249,1.);
#10249 = DIRECTION('',(-0.,1.,0.));
#10250 = ORIENTED_EDGE('',*,*,#9597,.T.);
#10251 = ORIENTED_EDGE('',*,*,#10252,.F.);
#10252 = EDGE_CURVE('',#9008,#9600,#10253,.T.);
#10253 = LINE('',#10254,#10255);
#10254 = CARTESIAN_POINT('',(6.8,0.,4.4));
#10255 = VECTOR('',#10256,1.);
#10256 = DIRECTION('',(-0.,1.,0.));
#10257 = PLANE('',#10258);
#10258 = AXIS2_PLACEMENT_3D('',#10259,#10260,#10261);
#10259 = CARTESIAN_POINT('',(6.8,0.,2.4));
#10260 = DIRECTION('',(1.,0.,-0.));
#10261 = DIRECTION('',(0.,0.,1.));
#10262 = ADVANCED_FACE('',(#10263),#10274,.T.);
#10263 = FACE_BOUND('',#10264,.T.);
#10264 = EDGE_LOOP('',(#10265,#10266,#10267,#10273));
#10265 = ORIENTED_EDGE('',*,*,#10245,.F.);
#10266 = ORIENTED_EDGE('',*,*,#9015,.T.);
#10267 = ORIENTED_EDGE('',*,*,#10268,.T.);
#10268 = EDGE_CURVE('',#9016,#9608,#10269,.T.);
#10269 = LINE('',#10270,#10271);
#10270 = CARTESIAN_POINT('',(8.8,0.,2.4));
#10271 = VECTOR('',#10272,1.);
#10272 = DIRECTION('',(-0.,1.,0.));
#10273 = ORIENTED_EDGE('',*,*,#9607,.F.);
#10274 = PLANE('',#10275);
#10275 = AXIS2_PLACEMENT_3D('',#10276,#10277,#10278);
#10276 = CARTESIAN_POINT('',(6.8,0.,2.4));
#10277 = DIRECTION('',(0.,0.,1.));
#10278 = DIRECTION('',(1.,0.,-0.));
#10279 = ADVANCED_FACE('',(#10280),#10291,.F.);
#10280 = FACE_BOUND('',#10281,.F.);
#10281 = EDGE_LOOP('',(#10282,#10283,#10284,#10290));
#10282 = ORIENTED_EDGE('',*,*,#10252,.F.);
#10283 = ORIENTED_EDGE('',*,*,#9031,.T.);
#10284 = ORIENTED_EDGE('',*,*,#10285,.T.);
#10285 = EDGE_CURVE('',#9024,#9616,#10286,.T.);
#10286 = LINE('',#10287,#10288);
#10287 = CARTESIAN_POINT('',(8.8,0.,4.4));
#10288 = VECTOR('',#10289,1.);
#10289 = DIRECTION('',(-0.,1.,0.));
#10290 = ORIENTED_EDGE('',*,*,#9623,.F.);
#10291 = PLANE('',#10292);
#10292 = AXIS2_PLACEMENT_3D('',#10293,#10294,#10295);
#10293 = CARTESIAN_POINT('',(6.8,0.,4.4));
#10294 = DIRECTION('',(0.,0.,1.));
#10295 = DIRECTION('',(1.,0.,-0.));
#10296 = ADVANCED_FACE('',(#10297),#10303,.F.);
#10297 = FACE_BOUND('',#10298,.F.);
#10298 = EDGE_LOOP('',(#10299,#10300,#10301,#10302));
#10299 = ORIENTED_EDGE('',*,*,#9023,.F.);
#10300 = ORIENTED_EDGE('',*,*,#10268,.T.);
#10301 = ORIENTED_EDGE('',*,*,#9615,.T.);
#10302 = ORIENTED_EDGE('',*,*,#10285,.F.);
#10303 = PLANE('',#10304);
#10304 = AXIS2_PLACEMENT_3D('',#10305,#10306,#10307);
#10305 = CARTESIAN_POINT('',(8.8,0.,2.4));
#10306 = DIRECTION('',(1.,0.,-0.));
#10307 = DIRECTION('',(0.,0.,1.));
#10308 = ADVANCED_FACE('',(#10309),#10325,.T.);
#10309 = FACE_BOUND('',#10310,.T.);
#10310 = EDGE_LOOP('',(#10311,#10312,#10318,#10319));
#10311 = ORIENTED_EDGE('',*,*,#9039,.F.);
#10312 = ORIENTED_EDGE('',*,*,#10313,.T.);
#10313 = EDGE_CURVE('',#9040,#9632,#10314,.T.);
#10314 = LINE('',#10315,#10316);
#10315 = CARTESIAN_POINT('',(6.8,0.,6.8));
#10316 = VECTOR('',#10317,1.);
#10317 = DIRECTION('',(-0.,1.,0.));
#10318 = ORIENTED_EDGE('',*,*,#9631,.T.);
#10319 = ORIENTED_EDGE('',*,*,#10320,.F.);
#10320 = EDGE_CURVE('',#9042,#9634,#10321,.T.);
#10321 = LINE('',#10322,#10323);
#10322 = CARTESIAN_POINT('',(6.8,0.,8.8));
#10323 = VECTOR('',#10324,1.);
#10324 = DIRECTION('',(-0.,1.,0.));
#10325 = PLANE('',#10326);
#10326 = AXIS2_PLACEMENT_3D('',#10327,#10328,#10329);
#10327 = CARTESIAN_POINT('',(6.8,0.,6.8));
#10328 = DIRECTION('',(1.,0.,-0.));
#10329 = DIRECTION('',(0.,0.,1.));
#10330 = ADVANCED_FACE('',(#10331),#10342,.T.);
#10331 = FACE_BOUND('',#10332,.T.);
#10332 = EDGE_LOOP('',(#10333,#10334,#10335,#10341));
#10333 = ORIENTED_EDGE('',*,*,#10313,.F.);
#10334 = ORIENTED_EDGE('',*,*,#9049,.T.);
#10335 = ORIENTED_EDGE('',*,*,#10336,.T.);
#10336 = EDGE_CURVE('',#9050,#9642,#10337,.T.);
#10337 = LINE('',#10338,#10339);
#10338 = CARTESIAN_POINT('',(8.8,0.,6.8));
#10339 = VECTOR('',#10340,1.);
#10340 = DIRECTION('',(-0.,1.,0.));
#10341 = ORIENTED_EDGE('',*,*,#9641,.F.);
#10342 = PLANE('',#10343);
#10343 = AXIS2_PLACEMENT_3D('',#10344,#10345,#10346);
#10344 = CARTESIAN_POINT('',(6.8,0.,6.8));
#10345 = DIRECTION('',(0.,0.,1.));
#10346 = DIRECTION('',(1.,0.,-0.));
#10347 = ADVANCED_FACE('',(#10348),#10359,.F.);
#10348 = FACE_BOUND('',#10349,.F.);
#10349 = EDGE_LOOP('',(#10350,#10351,#10352,#10358));
#10350 = ORIENTED_EDGE('',*,*,#10320,.F.);
#10351 = ORIENTED_EDGE('',*,*,#9065,.T.);
#10352 = ORIENTED_EDGE('',*,*,#10353,.T.);
#10353 = EDGE_CURVE('',#9058,#9650,#10354,.T.);
#10354 = LINE('',#10355,#10356);
#10355 = CARTESIAN_POINT('',(8.8,0.,8.8));
#10356 = VECTOR('',#10357,1.);
#10357 = DIRECTION('',(-0.,1.,0.));
#10358 = ORIENTED_EDGE('',*,*,#9657,.F.);
#10359 = PLANE('',#10360);
#10360 = AXIS2_PLACEMENT_3D('',#10361,#10362,#10363);
#10361 = CARTESIAN_POINT('',(6.8,0.,8.8));
#10362 = DIRECTION('',(0.,0.,1.));
#10363 = DIRECTION('',(1.,0.,-0.));
#10364 = ADVANCED_FACE('',(#10365),#10371,.F.);
#10365 = FACE_BOUND('',#10366,.F.);
#10366 = EDGE_LOOP('',(#10367,#10368,#10369,#10370));
#10367 = ORIENTED_EDGE('',*,*,#9057,.F.);
#10368 = ORIENTED_EDGE('',*,*,#10336,.T.);
#10369 = ORIENTED_EDGE('',*,*,#9649,.T.);
#10370 = ORIENTED_EDGE('',*,*,#10353,.F.);
#10371 = PLANE('',#10372);
#10372 = AXIS2_PLACEMENT_3D('',#10373,#10374,#10375);
#10373 = CARTESIAN_POINT('',(8.8,0.,6.8));
#10374 = DIRECTION('',(1.,0.,-0.));
#10375 = DIRECTION('',(0.,0.,1.));
#10376 = ADVANCED_FACE('',(#10377),#10393,.T.);
#10377 = FACE_BOUND('',#10378,.T.);
#10378 = EDGE_LOOP('',(#10379,#10380,#10386,#10387));
#10379 = ORIENTED_EDGE('',*,*,#9073,.F.);
#10380 = ORIENTED_EDGE('',*,*,#10381,.T.);
#10381 = EDGE_CURVE('',#9074,#9666,#10382,.T.);
#10382 = LINE('',#10383,#10384);
#10383 = CARTESIAN_POINT('',(2.4,0.,11.2));
#10384 = VECTOR('',#10385,1.);
#10385 = DIRECTION('',(-0.,1.,0.));
#10386 = ORIENTED_EDGE('',*,*,#9665,.T.);
#10387 = ORIENTED_EDGE('',*,*,#10388,.F.);
#10388 = EDGE_CURVE('',#9076,#9668,#10389,.T.);
#10389 = LINE('',#10390,#10391);
#10390 = CARTESIAN_POINT('',(2.4,0.,13.2));
#10391 = VECTOR('',#10392,1.);
#10392 = DIRECTION('',(-0.,1.,0.));
#10393 = PLANE('',#10394);
#10394 = AXIS2_PLACEMENT_3D('',#10395,#10396,#10397);
#10395 = CARTESIAN_POINT('',(2.4,0.,11.2));
#10396 = DIRECTION('',(1.,0.,-0.));
#10397 = DIRECTION('',(0.,0.,1.));
#10398 = ADVANCED_FACE('',(#10399),#10410,.T.);
#10399 = FACE_BOUND('',#10400,.T.);
#10400 = EDGE_LOOP('',(#10401,#10402,#10403,#10409));
#10401 = ORIENTED_EDGE('',*,*,#10381,.F.);
#10402 = ORIENTED_EDGE('',*,*,#9083,.T.);
#10403 = ORIENTED_EDGE('',*,*,#10404,.T.);
#10404 = EDGE_CURVE('',#9084,#9676,#10405,.T.);
#10405 = LINE('',#10406,#10407);
#10406 = CARTESIAN_POINT('',(4.4,0.,11.2));
#10407 = VECTOR('',#10408,1.);
#10408 = DIRECTION('',(-0.,1.,0.));
#10409 = ORIENTED_EDGE('',*,*,#9675,.F.);
#10410 = PLANE('',#10411);
#10411 = AXIS2_PLACEMENT_3D('',#10412,#10413,#10414);
#10412 = CARTESIAN_POINT('',(2.4,0.,11.2));
#10413 = DIRECTION('',(0.,0.,1.));
#10414 = DIRECTION('',(1.,0.,-0.));
#10415 = ADVANCED_FACE('',(#10416),#10427,.F.);
#10416 = FACE_BOUND('',#10417,.F.);
#10417 = EDGE_LOOP('',(#10418,#10419,#10420,#10426));
#10418 = ORIENTED_EDGE('',*,*,#10388,.F.);
#10419 = ORIENTED_EDGE('',*,*,#9099,.T.);
#10420 = ORIENTED_EDGE('',*,*,#10421,.T.);
#10421 = EDGE_CURVE('',#9092,#9684,#10422,.T.);
#10422 = LINE('',#10423,#10424);
#10423 = CARTESIAN_POINT('',(4.4,0.,13.2));
#10424 = VECTOR('',#10425,1.);
#10425 = DIRECTION('',(-0.,1.,0.));
#10426 = ORIENTED_EDGE('',*,*,#9691,.F.);
#10427 = PLANE('',#10428);
#10428 = AXIS2_PLACEMENT_3D('',#10429,#10430,#10431);
#10429 = CARTESIAN_POINT('',(2.4,0.,13.2));
#10430 = DIRECTION('',(0.,0.,1.));
#10431 = DIRECTION('',(1.,0.,-0.));
#10432 = ADVANCED_FACE('',(#10433),#10439,.F.);
#10433 = FACE_BOUND('',#10434,.F.);
#10434 = EDGE_LOOP('',(#10435,#10436,#10437,#10438));
#10435 = ORIENTED_EDGE('',*,*,#9091,.F.);
#10436 = ORIENTED_EDGE('',*,*,#10404,.T.);
#10437 = ORIENTED_EDGE('',*,*,#9683,.T.);
#10438 = ORIENTED_EDGE('',*,*,#10421,.F.);
#10439 = PLANE('',#10440);
#10440 = AXIS2_PLACEMENT_3D('',#10441,#10442,#10443);
#10441 = CARTESIAN_POINT('',(4.4,0.,11.2));
#10442 = DIRECTION('',(1.,0.,-0.));
#10443 = DIRECTION('',(0.,0.,1.));
#10444 = ADVANCED_FACE('',(#10445),#10461,.T.);
#10445 = FACE_BOUND('',#10446,.T.);
#10446 = EDGE_LOOP('',(#10447,#10448,#10454,#10455));
#10447 = ORIENTED_EDGE('',*,*,#9107,.F.);
#10448 = ORIENTED_EDGE('',*,*,#10449,.T.);
#10449 = EDGE_CURVE('',#9108,#9700,#10450,.T.);
#10450 = LINE('',#10451,#10452);
#10451 = CARTESIAN_POINT('',(2.4,0.,15.6));
#10452 = VECTOR('',#10453,1.);
#10453 = DIRECTION('',(-0.,1.,0.));
#10454 = ORIENTED_EDGE('',*,*,#9699,.T.);
#10455 = ORIENTED_EDGE('',*,*,#10456,.F.);
#10456 = EDGE_CURVE('',#9110,#9702,#10457,.T.);
#10457 = LINE('',#10458,#10459);
#10458 = CARTESIAN_POINT('',(2.4,0.,17.6));
#10459 = VECTOR('',#10460,1.);
#10460 = DIRECTION('',(-0.,1.,0.));
#10461 = PLANE('',#10462);
#10462 = AXIS2_PLACEMENT_3D('',#10463,#10464,#10465);
#10463 = CARTESIAN_POINT('',(2.4,0.,15.6));
#10464 = DIRECTION('',(1.,0.,-0.));
#10465 = DIRECTION('',(0.,0.,1.));
#10466 = ADVANCED_FACE('',(#10467),#10478,.T.);
#10467 = FACE_BOUND('',#10468,.T.);
#10468 = EDGE_LOOP('',(#10469,#10470,#10471,#10477));
#10469 = ORIENTED_EDGE('',*,*,#10449,.F.);
#10470 = ORIENTED_EDGE('',*,*,#9117,.T.);
#10471 = ORIENTED_EDGE('',*,*,#10472,.T.);
#10472 = EDGE_CURVE('',#9118,#9710,#10473,.T.);
#10473 = LINE('',#10474,#10475);
#10474 = CARTESIAN_POINT('',(4.4,0.,15.6));
#10475 = VECTOR('',#10476,1.);
#10476 = DIRECTION('',(-0.,1.,0.));
#10477 = ORIENTED_EDGE('',*,*,#9709,.F.);
#10478 = PLANE('',#10479);
#10479 = AXIS2_PLACEMENT_3D('',#10480,#10481,#10482);
#10480 = CARTESIAN_POINT('',(2.4,0.,15.6));
#10481 = DIRECTION('',(0.,0.,1.));
#10482 = DIRECTION('',(1.,0.,-0.));
#10483 = ADVANCED_FACE('',(#10484),#10495,.F.);
#10484 = FACE_BOUND('',#10485,.F.);
#10485 = EDGE_LOOP('',(#10486,#10487,#10488,#10494));
#10486 = ORIENTED_EDGE('',*,*,#10456,.F.);
#10487 = ORIENTED_EDGE('',*,*,#9133,.T.);
#10488 = ORIENTED_EDGE('',*,*,#10489,.T.);
#10489 = EDGE_CURVE('',#9126,#9718,#10490,.T.);
#10490 = LINE('',#10491,#10492);
#10491 = CARTESIAN_POINT('',(4.4,0.,17.6));
#10492 = VECTOR('',#10493,1.);
#10493 = DIRECTION('',(-0.,1.,0.));
#10494 = ORIENTED_EDGE('',*,*,#9725,.F.);
#10495 = PLANE('',#10496);
#10496 = AXIS2_PLACEMENT_3D('',#10497,#10498,#10499);
#10497 = CARTESIAN_POINT('',(2.4,0.,17.6));
#10498 = DIRECTION('',(0.,0.,1.));
#10499 = DIRECTION('',(1.,0.,-0.));
#10500 = ADVANCED_FACE('',(#10501),#10507,.F.);
#10501 = FACE_BOUND('',#10502,.F.);
#10502 = EDGE_LOOP('',(#10503,#10504,#10505,#10506));
#10503 = ORIENTED_EDGE('',*,*,#9125,.F.);
#10504 = ORIENTED_EDGE('',*,*,#10472,.T.);
#10505 = ORIENTED_EDGE('',*,*,#9717,.T.);
#10506 = ORIENTED_EDGE('',*,*,#10489,.F.);
#10507 = PLANE('',#10508);
#10508 = AXIS2_PLACEMENT_3D('',#10509,#10510,#10511);
#10509 = CARTESIAN_POINT('',(4.4,0.,15.6));
#10510 = DIRECTION('',(1.,0.,-0.));
#10511 = DIRECTION('',(0.,0.,1.));
#10512 = ADVANCED_FACE('',(#10513),#10529,.T.);
#10513 = FACE_BOUND('',#10514,.T.);
#10514 = EDGE_LOOP('',(#10515,#10516,#10522,#10523));
#10515 = ORIENTED_EDGE('',*,*,#9141,.F.);
#10516 = ORIENTED_EDGE('',*,*,#10517,.T.);
#10517 = EDGE_CURVE('',#9142,#9734,#10518,.T.);
#10518 = LINE('',#10519,#10520);
#10519 = CARTESIAN_POINT('',(6.8,0.,11.2));
#10520 = VECTOR('',#10521,1.);
#10521 = DIRECTION('',(-0.,1.,0.));
#10522 = ORIENTED_EDGE('',*,*,#9733,.T.);
#10523 = ORIENTED_EDGE('',*,*,#10524,.F.);
#10524 = EDGE_CURVE('',#9144,#9736,#10525,.T.);
#10525 = LINE('',#10526,#10527);
#10526 = CARTESIAN_POINT('',(6.8,0.,13.2));
#10527 = VECTOR('',#10528,1.);
#10528 = DIRECTION('',(-0.,1.,0.));
#10529 = PLANE('',#10530);
#10530 = AXIS2_PLACEMENT_3D('',#10531,#10532,#10533);
#10531 = CARTESIAN_POINT('',(6.8,0.,11.2));
#10532 = DIRECTION('',(1.,0.,-0.));
#10533 = DIRECTION('',(0.,0.,1.));
#10534 = ADVANCED_FACE('',(#10535),#10546,.T.);
#10535 = FACE_BOUND('',#10536,.T.);
#10536 = EDGE_LOOP('',(#10537,#10538,#10539,#10545));
#10537 = ORIENTED_EDGE('',*,*,#10517,.F.);
#10538 = ORIENTED_EDGE('',*,*,#9151,.T.);
#10539 = ORIENTED_EDGE('',*,*,#10540,.T.);
#10540 = EDGE_CURVE('',#9152,#9744,#10541,.T.);
#10541 = LINE('',#10542,#10543);
#10542 = CARTESIAN_POINT('',(8.8,0.,11.2));
#10543 = VECTOR('',#10544,1.);
#10544 = DIRECTION('',(-0.,1.,0.));
#10545 = ORIENTED_EDGE('',*,*,#9743,.F.);
#10546 = PLANE('',#10547);
#10547 = AXIS2_PLACEMENT_3D('',#10548,#10549,#10550);
#10548 = CARTESIAN_POINT('',(6.8,0.,11.2));
#10549 = DIRECTION('',(0.,0.,1.));
#10550 = DIRECTION('',(1.,0.,-0.));
#10551 = ADVANCED_FACE('',(#10552),#10563,.F.);
#10552 = FACE_BOUND('',#10553,.F.);
#10553 = EDGE_LOOP('',(#10554,#10555,#10556,#10562));
#10554 = ORIENTED_EDGE('',*,*,#10524,.F.);
#10555 = ORIENTED_EDGE('',*,*,#9167,.T.);
#10556 = ORIENTED_EDGE('',*,*,#10557,.T.);
#10557 = EDGE_CURVE('',#9160,#9752,#10558,.T.);
#10558 = LINE('',#10559,#10560);
#10559 = CARTESIAN_POINT('',(8.8,0.,13.2));
#10560 = VECTOR('',#10561,1.);
#10561 = DIRECTION('',(-0.,1.,0.));
#10562 = ORIENTED_EDGE('',*,*,#9759,.F.);
#10563 = PLANE('',#10564);
#10564 = AXIS2_PLACEMENT_3D('',#10565,#10566,#10567);
#10565 = CARTESIAN_POINT('',(6.8,0.,13.2));
#10566 = DIRECTION('',(0.,0.,1.));
#10567 = DIRECTION('',(1.,0.,-0.));
#10568 = ADVANCED_FACE('',(#10569),#10575,.F.);
#10569 = FACE_BOUND('',#10570,.F.);
#10570 = EDGE_LOOP('',(#10571,#10572,#10573,#10574));
#10571 = ORIENTED_EDGE('',*,*,#9159,.F.);
#10572 = ORIENTED_EDGE('',*,*,#10540,.T.);
#10573 = ORIENTED_EDGE('',*,*,#9751,.T.);
#10574 = ORIENTED_EDGE('',*,*,#10557,.F.);
#10575 = PLANE('',#10576);
#10576 = AXIS2_PLACEMENT_3D('',#10577,#10578,#10579);
#10577 = CARTESIAN_POINT('',(8.8,0.,11.2));
#10578 = DIRECTION('',(1.,0.,-0.));
#10579 = DIRECTION('',(0.,0.,1.));
#10580 = ADVANCED_FACE('',(#10581),#10597,.T.);
#10581 = FACE_BOUND('',#10582,.T.);
#10582 = EDGE_LOOP('',(#10583,#10584,#10590,#10591));
#10583 = ORIENTED_EDGE('',*,*,#9175,.F.);
#10584 = ORIENTED_EDGE('',*,*,#10585,.T.);
#10585 = EDGE_CURVE('',#9176,#9768,#10586,.T.);
#10586 = LINE('',#10587,#10588);
#10587 = CARTESIAN_POINT('',(6.8,0.,15.6));
#10588 = VECTOR('',#10589,1.);
#10589 = DIRECTION('',(-0.,1.,0.));
#10590 = ORIENTED_EDGE('',*,*,#9767,.T.);
#10591 = ORIENTED_EDGE('',*,*,#10592,.F.);
#10592 = EDGE_CURVE('',#9178,#9770,#10593,.T.);
#10593 = LINE('',#10594,#10595);
#10594 = CARTESIAN_POINT('',(6.8,0.,17.6));
#10595 = VECTOR('',#10596,1.);
#10596 = DIRECTION('',(-0.,1.,0.));
#10597 = PLANE('',#10598);
#10598 = AXIS2_PLACEMENT_3D('',#10599,#10600,#10601);
#10599 = CARTESIAN_POINT('',(6.8,0.,15.6));
#10600 = DIRECTION('',(1.,0.,-0.));
#10601 = DIRECTION('',(0.,0.,1.));
#10602 = ADVANCED_FACE('',(#10603),#10614,.T.);
#10603 = FACE_BOUND('',#10604,.T.);
#10604 = EDGE_LOOP('',(#10605,#10606,#10607,#10613));
#10605 = ORIENTED_EDGE('',*,*,#10585,.F.);
#10606 = ORIENTED_EDGE('',*,*,#9185,.T.);
#10607 = ORIENTED_EDGE('',*,*,#10608,.T.);
#10608 = EDGE_CURVE('',#9186,#9778,#10609,.T.);
#10609 = LINE('',#10610,#10611);
#10610 = CARTESIAN_POINT('',(8.8,0.,15.6));
#10611 = VECTOR('',#10612,1.);
#10612 = DIRECTION('',(-0.,1.,0.));
#10613 = ORIENTED_EDGE('',*,*,#9777,.F.);
#10614 = PLANE('',#10615);
#10615 = AXIS2_PLACEMENT_3D('',#10616,#10617,#10618);
#10616 = CARTESIAN_POINT('',(6.8,0.,15.6));
#10617 = DIRECTION('',(0.,0.,1.));
#10618 = DIRECTION('',(1.,0.,-0.));
#10619 = ADVANCED_FACE('',(#10620),#10631,.F.);
#10620 = FACE_BOUND('',#10621,.F.);
#10621 = EDGE_LOOP('',(#10622,#10623,#10624,#10630));
#10622 = ORIENTED_EDGE('',*,*,#10592,.F.);
#10623 = ORIENTED_EDGE('',*,*,#9201,.T.);
#10624 = ORIENTED_EDGE('',*,*,#10625,.T.);
#10625 = EDGE_CURVE('',#9194,#9786,#10626,.T.);
#10626 = LINE('',#10627,#10628);
#10627 = CARTESIAN_POINT('',(8.8,0.,17.6));
#10628 = VECTOR('',#10629,1.);
#10629 = DIRECTION('',(-0.,1.,0.));
#10630 = ORIENTED_EDGE('',*,*,#9793,.F.);
#10631 = PLANE('',#10632);
#10632 = AXIS2_PLACEMENT_3D('',#10633,#10634,#10635);
#10633 = CARTESIAN_POINT('',(6.8,0.,17.6));
#10634 = DIRECTION('',(0.,0.,1.));
#10635 = DIRECTION('',(1.,0.,-0.));
#10636 = ADVANCED_FACE('',(#10637),#10643,.F.);
#10637 = FACE_BOUND('',#10638,.F.);
#10638 = EDGE_LOOP('',(#10639,#10640,#10641,#10642));
#10639 = ORIENTED_EDGE('',*,*,#9193,.F.);
#10640 = ORIENTED_EDGE('',*,*,#10608,.T.);
#10641 = ORIENTED_EDGE('',*,*,#9785,.T.);
#10642 = ORIENTED_EDGE('',*,*,#10625,.F.);
#10643 = PLANE('',#10644);
#10644 = AXIS2_PLACEMENT_3D('',#10645,#10646,#10647);
#10645 = CARTESIAN_POINT('',(8.8,0.,15.6));
#10646 = DIRECTION('',(1.,0.,-0.));
#10647 = DIRECTION('',(0.,0.,1.));
#10648 = ADVANCED_FACE('',(#10649),#10665,.T.);
#10649 = FACE_BOUND('',#10650,.T.);
#10650 = EDGE_LOOP('',(#10651,#10652,#10658,#10659));
#10651 = ORIENTED_EDGE('',*,*,#9209,.F.);
#10652 = ORIENTED_EDGE('',*,*,#10653,.T.);
#10653 = EDGE_CURVE('',#9210,#9802,#10654,.T.);
#10654 = LINE('',#10655,#10656);
#10655 = CARTESIAN_POINT('',(11.2,0.,2.4));
#10656 = VECTOR('',#10657,1.);
#10657 = DIRECTION('',(-0.,1.,0.));
#10658 = ORIENTED_EDGE('',*,*,#9801,.T.);
#10659 = ORIENTED_EDGE('',*,*,#10660,.F.);
#10660 = EDGE_CURVE('',#9212,#9804,#10661,.T.);
#10661 = LINE('',#10662,#10663);
#10662 = CARTESIAN_POINT('',(11.2,0.,4.4));
#10663 = VECTOR('',#10664,1.);
#10664 = DIRECTION('',(-0.,1.,0.));
#10665 = PLANE('',#10666);
#10666 = AXIS2_PLACEMENT_3D('',#10667,#10668,#10669);
#10667 = CARTESIAN_POINT('',(11.2,0.,2.4));
#10668 = DIRECTION('',(1.,0.,-0.));
#10669 = DIRECTION('',(0.,0.,1.));
#10670 = ADVANCED_FACE('',(#10671),#10682,.T.);
#10671 = FACE_BOUND('',#10672,.T.);
#10672 = EDGE_LOOP('',(#10673,#10674,#10675,#10681));
#10673 = ORIENTED_EDGE('',*,*,#10653,.F.);
#10674 = ORIENTED_EDGE('',*,*,#9219,.T.);
#10675 = ORIENTED_EDGE('',*,*,#10676,.T.);
#10676 = EDGE_CURVE('',#9220,#9812,#10677,.T.);
#10677 = LINE('',#10678,#10679);
#10678 = CARTESIAN_POINT('',(13.2,0.,2.4));
#10679 = VECTOR('',#10680,1.);
#10680 = DIRECTION('',(-0.,1.,0.));
#10681 = ORIENTED_EDGE('',*,*,#9811,.F.);
#10682 = PLANE('',#10683);
#10683 = AXIS2_PLACEMENT_3D('',#10684,#10685,#10686);
#10684 = CARTESIAN_POINT('',(11.2,0.,2.4));
#10685 = DIRECTION('',(0.,0.,1.));
#10686 = DIRECTION('',(1.,0.,-0.));
#10687 = ADVANCED_FACE('',(#10688),#10699,.F.);
#10688 = FACE_BOUND('',#10689,.F.);
#10689 = EDGE_LOOP('',(#10690,#10691,#10692,#10698));
#10690 = ORIENTED_EDGE('',*,*,#10660,.F.);
#10691 = ORIENTED_EDGE('',*,*,#9235,.T.);
#10692 = ORIENTED_EDGE('',*,*,#10693,.T.);
#10693 = EDGE_CURVE('',#9228,#9820,#10694,.T.);
#10694 = LINE('',#10695,#10696);
#10695 = CARTESIAN_POINT('',(13.2,0.,4.4));
#10696 = VECTOR('',#10697,1.);
#10697 = DIRECTION('',(-0.,1.,0.));
#10698 = ORIENTED_EDGE('',*,*,#9827,.F.);
#10699 = PLANE('',#10700);
#10700 = AXIS2_PLACEMENT_3D('',#10701,#10702,#10703);
#10701 = CARTESIAN_POINT('',(11.2,0.,4.4));
#10702 = DIRECTION('',(0.,0.,1.));
#10703 = DIRECTION('',(1.,0.,-0.));
#10704 = ADVANCED_FACE('',(#10705),#10711,.F.);
#10705 = FACE_BOUND('',#10706,.F.);
#10706 = EDGE_LOOP('',(#10707,#10708,#10709,#10710));
#10707 = ORIENTED_EDGE('',*,*,#9227,.F.);
#10708 = ORIENTED_EDGE('',*,*,#10676,.T.);
#10709 = ORIENTED_EDGE('',*,*,#9819,.T.);
#10710 = ORIENTED_EDGE('',*,*,#10693,.F.);
#10711 = PLANE('',#10712);
#10712 = AXIS2_PLACEMENT_3D('',#10713,#10714,#10715);
#10713 = CARTESIAN_POINT('',(13.2,0.,2.4));
#10714 = DIRECTION('',(1.,0.,-0.));
#10715 = DIRECTION('',(0.,0.,1.));
#10716 = ADVANCED_FACE('',(#10717),#10733,.T.);
#10717 = FACE_BOUND('',#10718,.T.);
#10718 = EDGE_LOOP('',(#10719,#10720,#10726,#10727));
#10719 = ORIENTED_EDGE('',*,*,#9243,.F.);
#10720 = ORIENTED_EDGE('',*,*,#10721,.T.);
#10721 = EDGE_CURVE('',#9244,#9836,#10722,.T.);
#10722 = LINE('',#10723,#10724);
#10723 = CARTESIAN_POINT('',(11.2,0.,6.8));
#10724 = VECTOR('',#10725,1.);
#10725 = DIRECTION('',(-0.,1.,0.));
#10726 = ORIENTED_EDGE('',*,*,#9835,.T.);
#10727 = ORIENTED_EDGE('',*,*,#10728,.F.);
#10728 = EDGE_CURVE('',#9246,#9838,#10729,.T.);
#10729 = LINE('',#10730,#10731);
#10730 = CARTESIAN_POINT('',(11.2,0.,8.8));
#10731 = VECTOR('',#10732,1.);
#10732 = DIRECTION('',(-0.,1.,0.));
#10733 = PLANE('',#10734);
#10734 = AXIS2_PLACEMENT_3D('',#10735,#10736,#10737);
#10735 = CARTESIAN_POINT('',(11.2,0.,6.8));
#10736 = DIRECTION('',(1.,0.,-0.));
#10737 = DIRECTION('',(0.,0.,1.));
#10738 = ADVANCED_FACE('',(#10739),#10750,.T.);
#10739 = FACE_BOUND('',#10740,.T.);
#10740 = EDGE_LOOP('',(#10741,#10742,#10743,#10749));
#10741 = ORIENTED_EDGE('',*,*,#10721,.F.);
#10742 = ORIENTED_EDGE('',*,*,#9253,.T.);
#10743 = ORIENTED_EDGE('',*,*,#10744,.T.);
#10744 = EDGE_CURVE('',#9254,#9846,#10745,.T.);
#10745 = LINE('',#10746,#10747);
#10746 = CARTESIAN_POINT('',(13.2,0.,6.8));
#10747 = VECTOR('',#10748,1.);
#10748 = DIRECTION('',(-0.,1.,0.));
#10749 = ORIENTED_EDGE('',*,*,#9845,.F.);
#10750 = PLANE('',#10751);
#10751 = AXIS2_PLACEMENT_3D('',#10752,#10753,#10754);
#10752 = CARTESIAN_POINT('',(11.2,0.,6.8));
#10753 = DIRECTION('',(0.,0.,1.));
#10754 = DIRECTION('',(1.,0.,-0.));
#10755 = ADVANCED_FACE('',(#10756),#10767,.F.);
#10756 = FACE_BOUND('',#10757,.F.);
#10757 = EDGE_LOOP('',(#10758,#10759,#10760,#10766));
#10758 = ORIENTED_EDGE('',*,*,#10728,.F.);
#10759 = ORIENTED_EDGE('',*,*,#9269,.T.);
#10760 = ORIENTED_EDGE('',*,*,#10761,.T.);
#10761 = EDGE_CURVE('',#9262,#9854,#10762,.T.);
#10762 = LINE('',#10763,#10764);
#10763 = CARTESIAN_POINT('',(13.2,0.,8.8));
#10764 = VECTOR('',#10765,1.);
#10765 = DIRECTION('',(-0.,1.,0.));
#10766 = ORIENTED_EDGE('',*,*,#9861,.F.);
#10767 = PLANE('',#10768);
#10768 = AXIS2_PLACEMENT_3D('',#10769,#10770,#10771);
#10769 = CARTESIAN_POINT('',(11.2,0.,8.8));
#10770 = DIRECTION('',(0.,0.,1.));
#10771 = DIRECTION('',(1.,0.,-0.));
#10772 = ADVANCED_FACE('',(#10773),#10779,.F.);
#10773 = FACE_BOUND('',#10774,.F.);
#10774 = EDGE_LOOP('',(#10775,#10776,#10777,#10778));
#10775 = ORIENTED_EDGE('',*,*,#9261,.F.);
#10776 = ORIENTED_EDGE('',*,*,#10744,.T.);
#10777 = ORIENTED_EDGE('',*,*,#9853,.T.);
#10778 = ORIENTED_EDGE('',*,*,#10761,.F.);
#10779 = PLANE('',#10780);
#10780 = AXIS2_PLACEMENT_3D('',#10781,#10782,#10783);
#10781 = CARTESIAN_POINT('',(13.2,0.,6.8));
#10782 = DIRECTION('',(1.,0.,-0.));
#10783 = DIRECTION('',(0.,0.,1.));
#10784 = ADVANCED_FACE('',(#10785),#10801,.T.);
#10785 = FACE_BOUND('',#10786,.T.);
#10786 = EDGE_LOOP('',(#10787,#10788,#10794,#10795));
#10787 = ORIENTED_EDGE('',*,*,#9277,.F.);
#10788 = ORIENTED_EDGE('',*,*,#10789,.T.);
#10789 = EDGE_CURVE('',#9278,#9870,#10790,.T.);
#10790 = LINE('',#10791,#10792);
#10791 = CARTESIAN_POINT('',(15.6,0.,2.4));
#10792 = VECTOR('',#10793,1.);
#10793 = DIRECTION('',(-0.,1.,0.));
#10794 = ORIENTED_EDGE('',*,*,#9869,.T.);
#10795 = ORIENTED_EDGE('',*,*,#10796,.F.);
#10796 = EDGE_CURVE('',#9280,#9872,#10797,.T.);
#10797 = LINE('',#10798,#10799);
#10798 = CARTESIAN_POINT('',(15.6,0.,4.4));
#10799 = VECTOR('',#10800,1.);
#10800 = DIRECTION('',(-0.,1.,0.));
#10801 = PLANE('',#10802);
#10802 = AXIS2_PLACEMENT_3D('',#10803,#10804,#10805);
#10803 = CARTESIAN_POINT('',(15.6,0.,2.4));
#10804 = DIRECTION('',(1.,0.,-0.));
#10805 = DIRECTION('',(0.,0.,1.));
#10806 = ADVANCED_FACE('',(#10807),#10818,.T.);
#10807 = FACE_BOUND('',#10808,.T.);
#10808 = EDGE_LOOP('',(#10809,#10810,#10811,#10817));
#10809 = ORIENTED_EDGE('',*,*,#10789,.F.);
#10810 = ORIENTED_EDGE('',*,*,#9287,.T.);
#10811 = ORIENTED_EDGE('',*,*,#10812,.T.);
#10812 = EDGE_CURVE('',#9288,#9880,#10813,.T.);
#10813 = LINE('',#10814,#10815);
#10814 = CARTESIAN_POINT('',(17.6,0.,2.4));
#10815 = VECTOR('',#10816,1.);
#10816 = DIRECTION('',(-0.,1.,0.));
#10817 = ORIENTED_EDGE('',*,*,#9879,.F.);
#10818 = PLANE('',#10819);
#10819 = AXIS2_PLACEMENT_3D('',#10820,#10821,#10822);
#10820 = CARTESIAN_POINT('',(15.6,0.,2.4));
#10821 = DIRECTION('',(0.,0.,1.));
#10822 = DIRECTION('',(1.,0.,-0.));
#10823 = ADVANCED_FACE('',(#10824),#10835,.F.);
#10824 = FACE_BOUND('',#10825,.F.);
#10825 = EDGE_LOOP('',(#10826,#10827,#10828,#10834));
#10826 = ORIENTED_EDGE('',*,*,#10796,.F.);
#10827 = ORIENTED_EDGE('',*,*,#9303,.T.);
#10828 = ORIENTED_EDGE('',*,*,#10829,.T.);
#10829 = EDGE_CURVE('',#9296,#9888,#10830,.T.);
#10830 = LINE('',#10831,#10832);
#10831 = CARTESIAN_POINT('',(17.6,0.,4.4));
#10832 = VECTOR('',#10833,1.);
#10833 = DIRECTION('',(-0.,1.,0.));
#10834 = ORIENTED_EDGE('',*,*,#9895,.F.);
#10835 = PLANE('',#10836);
#10836 = AXIS2_PLACEMENT_3D('',#10837,#10838,#10839);
#10837 = CARTESIAN_POINT('',(15.6,0.,4.4));
#10838 = DIRECTION('',(0.,0.,1.));
#10839 = DIRECTION('',(1.,0.,-0.));
#10840 = ADVANCED_FACE('',(#10841),#10847,.F.);
#10841 = FACE_BOUND('',#10842,.F.);
#10842 = EDGE_LOOP('',(#10843,#10844,#10845,#10846));
#10843 = ORIENTED_EDGE('',*,*,#9295,.F.);
#10844 = ORIENTED_EDGE('',*,*,#10812,.T.);
#10845 = ORIENTED_EDGE('',*,*,#9887,.T.);
#10846 = ORIENTED_EDGE('',*,*,#10829,.F.);
#10847 = PLANE('',#10848);
#10848 = AXIS2_PLACEMENT_3D('',#10849,#10850,#10851);
#10849 = CARTESIAN_POINT('',(17.6,0.,2.4));
#10850 = DIRECTION('',(1.,0.,-0.));
#10851 = DIRECTION('',(0.,0.,1.));
#10852 = ADVANCED_FACE('',(#10853),#10869,.T.);
#10853 = FACE_BOUND('',#10854,.T.);
#10854 = EDGE_LOOP('',(#10855,#10856,#10862,#10863));
#10855 = ORIENTED_EDGE('',*,*,#9311,.F.);
#10856 = ORIENTED_EDGE('',*,*,#10857,.T.);
#10857 = EDGE_CURVE('',#9312,#9904,#10858,.T.);
#10858 = LINE('',#10859,#10860);
#10859 = CARTESIAN_POINT('',(15.6,0.,6.8));
#10860 = VECTOR('',#10861,1.);
#10861 = DIRECTION('',(-0.,1.,0.));
#10862 = ORIENTED_EDGE('',*,*,#9903,.T.);
#10863 = ORIENTED_EDGE('',*,*,#10864,.F.);
#10864 = EDGE_CURVE('',#9314,#9906,#10865,.T.);
#10865 = LINE('',#10866,#10867);
#10866 = CARTESIAN_POINT('',(15.6,0.,8.8));
#10867 = VECTOR('',#10868,1.);
#10868 = DIRECTION('',(-0.,1.,0.));
#10869 = PLANE('',#10870);
#10870 = AXIS2_PLACEMENT_3D('',#10871,#10872,#10873);
#10871 = CARTESIAN_POINT('',(15.6,0.,6.8));
#10872 = DIRECTION('',(1.,0.,-0.));
#10873 = DIRECTION('',(0.,0.,1.));
#10874 = ADVANCED_FACE('',(#10875),#10886,.T.);
#10875 = FACE_BOUND('',#10876,.T.);
#10876 = EDGE_LOOP('',(#10877,#10878,#10879,#10885));
#10877 = ORIENTED_EDGE('',*,*,#10857,.F.);
#10878 = ORIENTED_EDGE('',*,*,#9321,.T.);
#10879 = ORIENTED_EDGE('',*,*,#10880,.T.);
#10880 = EDGE_CURVE('',#9322,#9914,#10881,.T.);
#10881 = LINE('',#10882,#10883);
#10882 = CARTESIAN_POINT('',(17.6,0.,6.8));
#10883 = VECTOR('',#10884,1.);
#10884 = DIRECTION('',(-0.,1.,0.));
#10885 = ORIENTED_EDGE('',*,*,#9913,.F.);
#10886 = PLANE('',#10887);
#10887 = AXIS2_PLACEMENT_3D('',#10888,#10889,#10890);
#10888 = CARTESIAN_POINT('',(15.6,0.,6.8));
#10889 = DIRECTION('',(0.,0.,1.));
#10890 = DIRECTION('',(1.,0.,-0.));
#10891 = ADVANCED_FACE('',(#10892),#10903,.F.);
#10892 = FACE_BOUND('',#10893,.F.);
#10893 = EDGE_LOOP('',(#10894,#10895,#10896,#10902));
#10894 = ORIENTED_EDGE('',*,*,#10864,.F.);
#10895 = ORIENTED_EDGE('',*,*,#9337,.T.);
#10896 = ORIENTED_EDGE('',*,*,#10897,.T.);
#10897 = EDGE_CURVE('',#9330,#9922,#10898,.T.);
#10898 = LINE('',#10899,#10900);
#10899 = CARTESIAN_POINT('',(17.6,0.,8.8));
#10900 = VECTOR('',#10901,1.);
#10901 = DIRECTION('',(-0.,1.,0.));
#10902 = ORIENTED_EDGE('',*,*,#9929,.F.);
#10903 = PLANE('',#10904);
#10904 = AXIS2_PLACEMENT_3D('',#10905,#10906,#10907);
#10905 = CARTESIAN_POINT('',(15.6,0.,8.8));
#10906 = DIRECTION('',(0.,0.,1.));
#10907 = DIRECTION('',(1.,0.,-0.));
#10908 = ADVANCED_FACE('',(#10909),#10915,.F.);
#10909 = FACE_BOUND('',#10910,.F.);
#10910 = EDGE_LOOP('',(#10911,#10912,#10913,#10914));
#10911 = ORIENTED_EDGE('',*,*,#9329,.F.);
#10912 = ORIENTED_EDGE('',*,*,#10880,.T.);
#10913 = ORIENTED_EDGE('',*,*,#9921,.T.);
#10914 = ORIENTED_EDGE('',*,*,#10897,.F.);
#10915 = PLANE('',#10916);
#10916 = AXIS2_PLACEMENT_3D('',#10917,#10918,#10919);
#10917 = CARTESIAN_POINT('',(17.6,0.,6.8));
#10918 = DIRECTION('',(1.,0.,-0.));
#10919 = DIRECTION('',(0.,0.,1.));
#10920 = ADVANCED_FACE('',(#10921),#10937,.T.);
#10921 = FACE_BOUND('',#10922,.T.);
#10922 = EDGE_LOOP('',(#10923,#10924,#10930,#10931));
#10923 = ORIENTED_EDGE('',*,*,#9345,.F.);
#10924 = ORIENTED_EDGE('',*,*,#10925,.T.);
#10925 = EDGE_CURVE('',#9346,#9938,#10926,.T.);
#10926 = LINE('',#10927,#10928);
#10927 = CARTESIAN_POINT('',(11.2,0.,11.2));
#10928 = VECTOR('',#10929,1.);
#10929 = DIRECTION('',(-0.,1.,0.));
#10930 = ORIENTED_EDGE('',*,*,#9937,.T.);
#10931 = ORIENTED_EDGE('',*,*,#10932,.F.);
#10932 = EDGE_CURVE('',#9348,#9940,#10933,.T.);
#10933 = LINE('',#10934,#10935);
#10934 = CARTESIAN_POINT('',(11.2,0.,13.2));
#10935 = VECTOR('',#10936,1.);
#10936 = DIRECTION('',(-0.,1.,0.));
#10937 = PLANE('',#10938);
#10938 = AXIS2_PLACEMENT_3D('',#10939,#10940,#10941);
#10939 = CARTESIAN_POINT('',(11.2,0.,11.2));
#10940 = DIRECTION('',(1.,0.,-0.));
#10941 = DIRECTION('',(0.,0.,1.));
#10942 = ADVANCED_FACE('',(#10943),#10954,.T.);
#10943 = FACE_BOUND('',#10944,.T.);
#10944 = EDGE_LOOP('',(#10945,#10946,#10947,#10953));
#10945 = ORIENTED_EDGE('',*,*,#10925,.F.);
#10946 = ORIENTED_EDGE('',*,*,#9355,.T.);
#10947 = ORIENTED_EDGE('',*,*,#10948,.T.);
#10948 = EDGE_CURVE('',#9356,#9948,#10949,.T.);
#10949 = LINE('',#10950,#10951);
#10950 = CARTESIAN_POINT('',(13.2,0.,11.2));
#10951 = VECTOR('',#10952,1.);
#10952 = DIRECTION('',(-0.,1.,0.));
#10953 = ORIENTED_EDGE('',*,*,#9947,.F.);
#10954 = PLANE('',#10955);
#10955 = AXIS2_PLACEMENT_3D('',#10956,#10957,#10958);
#10956 = CARTESIAN_POINT('',(11.2,0.,11.2));
#10957 = DIRECTION('',(0.,0.,1.));
#10958 = DIRECTION('',(1.,0.,-0.));
#10959 = ADVANCED_FACE('',(#10960),#10971,.F.);
#10960 = FACE_BOUND('',#10961,.F.);
#10961 = EDGE_LOOP('',(#10962,#10963,#10964,#10970));
#10962 = ORIENTED_EDGE('',*,*,#10932,.F.);
#10963 = ORIENTED_EDGE('',*,*,#9371,.T.);
#10964 = ORIENTED_EDGE('',*,*,#10965,.T.);
#10965 = EDGE_CURVE('',#9364,#9956,#10966,.T.);
#10966 = LINE('',#10967,#10968);
#10967 = CARTESIAN_POINT('',(13.2,0.,13.2));
#10968 = VECTOR('',#10969,1.);
#10969 = DIRECTION('',(-0.,1.,0.));
#10970 = ORIENTED_EDGE('',*,*,#9963,.F.);
#10971 = PLANE('',#10972);
#10972 = AXIS2_PLACEMENT_3D('',#10973,#10974,#10975);
#10973 = CARTESIAN_POINT('',(11.2,0.,13.2));
#10974 = DIRECTION('',(0.,0.,1.));
#10975 = DIRECTION('',(1.,0.,-0.));
#10976 = ADVANCED_FACE('',(#10977),#10983,.F.);
#10977 = FACE_BOUND('',#10978,.F.);
#10978 = EDGE_LOOP('',(#10979,#10980,#10981,#10982));
#10979 = ORIENTED_EDGE('',*,*,#9363,.F.);
#10980 = ORIENTED_EDGE('',*,*,#10948,.T.);
#10981 = ORIENTED_EDGE('',*,*,#9955,.T.);
#10982 = ORIENTED_EDGE('',*,*,#10965,.F.);
#10983 = PLANE('',#10984);
#10984 = AXIS2_PLACEMENT_3D('',#10985,#10986,#10987);
#10985 = CARTESIAN_POINT('',(13.2,0.,11.2));
#10986 = DIRECTION('',(1.,0.,-0.));
#10987 = DIRECTION('',(0.,0.,1.));
#10988 = ADVANCED_FACE('',(#10989),#11005,.T.);
#10989 = FACE_BOUND('',#10990,.T.);
#10990 = EDGE_LOOP('',(#10991,#10992,#10998,#10999));
#10991 = ORIENTED_EDGE('',*,*,#9379,.F.);
#10992 = ORIENTED_EDGE('',*,*,#10993,.T.);
#10993 = EDGE_CURVE('',#9380,#9972,#10994,.T.);
#10994 = LINE('',#10995,#10996);
#10995 = CARTESIAN_POINT('',(11.2,0.,15.6));
#10996 = VECTOR('',#10997,1.);
#10997 = DIRECTION('',(-0.,1.,0.));
#10998 = ORIENTED_EDGE('',*,*,#9971,.T.);
#10999 = ORIENTED_EDGE('',*,*,#11000,.F.);
#11000 = EDGE_CURVE('',#9382,#9974,#11001,.T.);
#11001 = LINE('',#11002,#11003);
#11002 = CARTESIAN_POINT('',(11.2,0.,17.6));
#11003 = VECTOR('',#11004,1.);
#11004 = DIRECTION('',(-0.,1.,0.));
#11005 = PLANE('',#11006);
#11006 = AXIS2_PLACEMENT_3D('',#11007,#11008,#11009);
#11007 = CARTESIAN_POINT('',(11.2,0.,15.6));
#11008 = DIRECTION('',(1.,0.,-0.));
#11009 = DIRECTION('',(0.,0.,1.));
#11010 = ADVANCED_FACE('',(#11011),#11022,.T.);
#11011 = FACE_BOUND('',#11012,.T.);
#11012 = EDGE_LOOP('',(#11013,#11014,#11015,#11021));
#11013 = ORIENTED_EDGE('',*,*,#10993,.F.);
#11014 = ORIENTED_EDGE('',*,*,#9389,.T.);
#11015 = ORIENTED_EDGE('',*,*,#11016,.T.);
#11016 = EDGE_CURVE('',#9390,#9982,#11017,.T.);
#11017 = LINE('',#11018,#11019);
#11018 = CARTESIAN_POINT('',(13.2,0.,15.6));
#11019 = VECTOR('',#11020,1.);
#11020 = DIRECTION('',(-0.,1.,0.));
#11021 = ORIENTED_EDGE('',*,*,#9981,.F.);
#11022 = PLANE('',#11023);
#11023 = AXIS2_PLACEMENT_3D('',#11024,#11025,#11026);
#11024 = CARTESIAN_POINT('',(11.2,0.,15.6));
#11025 = DIRECTION('',(0.,0.,1.));
#11026 = DIRECTION('',(1.,0.,-0.));
#11027 = ADVANCED_FACE('',(#11028),#11039,.F.);
#11028 = FACE_BOUND('',#11029,.F.);
#11029 = EDGE_LOOP('',(#11030,#11031,#11032,#11038));
#11030 = ORIENTED_EDGE('',*,*,#11000,.F.);
#11031 = ORIENTED_EDGE('',*,*,#9405,.T.);
#11032 = ORIENTED_EDGE('',*,*,#11033,.T.);
#11033 = EDGE_CURVE('',#9398,#9990,#11034,.T.);
#11034 = LINE('',#11035,#11036);
#11035 = CARTESIAN_POINT('',(13.2,0.,17.6));
#11036 = VECTOR('',#11037,1.);
#11037 = DIRECTION('',(-0.,1.,0.));
#11038 = ORIENTED_EDGE('',*,*,#9997,.F.);
#11039 = PLANE('',#11040);
#11040 = AXIS2_PLACEMENT_3D('',#11041,#11042,#11043);
#11041 = CARTESIAN_POINT('',(11.2,0.,17.6));
#11042 = DIRECTION('',(0.,0.,1.));
#11043 = DIRECTION('',(1.,0.,-0.));
#11044 = ADVANCED_FACE('',(#11045),#11051,.F.);
#11045 = FACE_BOUND('',#11046,.F.);
#11046 = EDGE_LOOP('',(#11047,#11048,#11049,#11050));
#11047 = ORIENTED_EDGE('',*,*,#9397,.F.);
#11048 = ORIENTED_EDGE('',*,*,#11016,.T.);
#11049 = ORIENTED_EDGE('',*,*,#9989,.T.);
#11050 = ORIENTED_EDGE('',*,*,#11033,.F.);
#11051 = PLANE('',#11052);
#11052 = AXIS2_PLACEMENT_3D('',#11053,#11054,#11055);
#11053 = CARTESIAN_POINT('',(13.2,0.,15.6));
#11054 = DIRECTION('',(1.,0.,-0.));
#11055 = DIRECTION('',(0.,0.,1.));
#11056 = ADVANCED_FACE('',(#11057),#11073,.T.);
#11057 = FACE_BOUND('',#11058,.T.);
#11058 = EDGE_LOOP('',(#11059,#11060,#11066,#11067));
#11059 = ORIENTED_EDGE('',*,*,#9413,.F.);
#11060 = ORIENTED_EDGE('',*,*,#11061,.T.);
#11061 = EDGE_CURVE('',#9414,#10006,#11062,.T.);
#11062 = LINE('',#11063,#11064);
#11063 = CARTESIAN_POINT('',(15.6,0.,11.2));
#11064 = VECTOR('',#11065,1.);
#11065 = DIRECTION('',(-0.,1.,0.));
#11066 = ORIENTED_EDGE('',*,*,#10005,.T.);
#11067 = ORIENTED_EDGE('',*,*,#11068,.F.);
#11068 = EDGE_CURVE('',#9416,#10008,#11069,.T.);
#11069 = LINE('',#11070,#11071);
#11070 = CARTESIAN_POINT('',(15.6,0.,13.2));
#11071 = VECTOR('',#11072,1.);
#11072 = DIRECTION('',(-0.,1.,0.));
#11073 = PLANE('',#11074);
#11074 = AXIS2_PLACEMENT_3D('',#11075,#11076,#11077);
#11075 = CARTESIAN_POINT('',(15.6,0.,11.2));
#11076 = DIRECTION('',(1.,0.,-0.));
#11077 = DIRECTION('',(0.,0.,1.));
#11078 = ADVANCED_FACE('',(#11079),#11090,.T.);
#11079 = FACE_BOUND('',#11080,.T.);
#11080 = EDGE_LOOP('',(#11081,#11082,#11083,#11089));
#11081 = ORIENTED_EDGE('',*,*,#11061,.F.);
#11082 = ORIENTED_EDGE('',*,*,#9423,.T.);
#11083 = ORIENTED_EDGE('',*,*,#11084,.T.);
#11084 = EDGE_CURVE('',#9424,#10016,#11085,.T.);
#11085 = LINE('',#11086,#11087);
#11086 = CARTESIAN_POINT('',(17.6,0.,11.2));
#11087 = VECTOR('',#11088,1.);
#11088 = DIRECTION('',(-0.,1.,0.));
#11089 = ORIENTED_EDGE('',*,*,#10015,.F.);
#11090 = PLANE('',#11091);
#11091 = AXIS2_PLACEMENT_3D('',#11092,#11093,#11094);
#11092 = CARTESIAN_POINT('',(15.6,0.,11.2));
#11093 = DIRECTION('',(0.,0.,1.));
#11094 = DIRECTION('',(1.,0.,-0.));
#11095 = ADVANCED_FACE('',(#11096),#11107,.F.);
#11096 = FACE_BOUND('',#11097,.F.);
#11097 = EDGE_LOOP('',(#11098,#11099,#11100,#11106));
#11098 = ORIENTED_EDGE('',*,*,#11068,.F.);
#11099 = ORIENTED_EDGE('',*,*,#9439,.T.);
#11100 = ORIENTED_EDGE('',*,*,#11101,.T.);
#11101 = EDGE_CURVE('',#9432,#10024,#11102,.T.);
#11102 = LINE('',#11103,#11104);
#11103 = CARTESIAN_POINT('',(17.6,0.,13.2));
#11104 = VECTOR('',#11105,1.);
#11105 = DIRECTION('',(-0.,1.,0.));
#11106 = ORIENTED_EDGE('',*,*,#10031,.F.);
#11107 = PLANE('',#11108);
#11108 = AXIS2_PLACEMENT_3D('',#11109,#11110,#11111);
#11109 = CARTESIAN_POINT('',(15.6,0.,13.2));
#11110 = DIRECTION('',(0.,0.,1.));
#11111 = DIRECTION('',(1.,0.,-0.));
#11112 = ADVANCED_FACE('',(#11113),#11119,.F.);
#11113 = FACE_BOUND('',#11114,.F.);
#11114 = EDGE_LOOP('',(#11115,#11116,#11117,#11118));
#11115 = ORIENTED_EDGE('',*,*,#9431,.F.);
#11116 = ORIENTED_EDGE('',*,*,#11084,.T.);
#11117 = ORIENTED_EDGE('',*,*,#10023,.T.);
#11118 = ORIENTED_EDGE('',*,*,#11101,.F.);
#11119 = PLANE('',#11120);
#11120 = AXIS2_PLACEMENT_3D('',#11121,#11122,#11123);
#11121 = CARTESIAN_POINT('',(17.6,0.,11.2));
#11122 = DIRECTION('',(1.,0.,-0.));
#11123 = DIRECTION('',(0.,0.,1.));
#11124 = ADVANCED_FACE('',(#11125),#11141,.T.);
#11125 = FACE_BOUND('',#11126,.T.);
#11126 = EDGE_LOOP('',(#11127,#11128,#11134,#11135));
#11127 = ORIENTED_EDGE('',*,*,#9447,.F.);
#11128 = ORIENTED_EDGE('',*,*,#11129,.T.);
#11129 = EDGE_CURVE('',#9448,#10040,#11130,.T.);
#11130 = LINE('',#11131,#11132);
#11131 = CARTESIAN_POINT('',(15.6,0.,15.6));
#11132 = VECTOR('',#11133,1.);
#11133 = DIRECTION('',(-0.,1.,0.));
#11134 = ORIENTED_EDGE('',*,*,#10039,.T.);
#11135 = ORIENTED_EDGE('',*,*,#11136,.F.);
#11136 = EDGE_CURVE('',#9450,#10042,#11137,.T.);
#11137 = LINE('',#11138,#11139);
#11138 = CARTESIAN_POINT('',(15.6,0.,17.6));
#11139 = VECTOR('',#11140,1.);
#11140 = DIRECTION('',(-0.,1.,0.));
#11141 = PLANE('',#11142);
#11142 = AXIS2_PLACEMENT_3D('',#11143,#11144,#11145);
#11143 = CARTESIAN_POINT('',(15.6,0.,15.6));
#11144 = DIRECTION('',(1.,0.,-0.));
#11145 = DIRECTION('',(0.,0.,1.));
#11146 = ADVANCED_FACE('',(#11147),#11158,.F.);
#11147 = FACE_BOUND('',#11148,.F.);
#11148 = EDGE_LOOP('',(#11149,#11150,#11151,#11157));
#11149 = ORIENTED_EDGE('',*,*,#11136,.F.);
#11150 = ORIENTED_EDGE('',*,*,#9473,.T.);
#11151 = ORIENTED_EDGE('',*,*,#11152,.T.);
#11152 = EDGE_CURVE('',#9466,#10058,#11153,.T.);
#11153 = LINE('',#11154,#11155);
#11154 = CARTESIAN_POINT('',(17.6,0.,17.6));
#11155 = VECTOR('',#11156,1.);
#11156 = DIRECTION('',(-0.,1.,0.));
#11157 = ORIENTED_EDGE('',*,*,#10065,.F.);
#11158 = PLANE('',#11159);
#11159 = AXIS2_PLACEMENT_3D('',#11160,#11161,#11162);
#11160 = CARTESIAN_POINT('',(15.6,0.,17.6));
#11161 = DIRECTION('',(0.,0.,1.));
#11162 = DIRECTION('',(1.,0.,-0.));
#11163 = ADVANCED_FACE('',(#11164),#11175,.F.);
#11164 = FACE_BOUND('',#11165,.F.);
#11165 = EDGE_LOOP('',(#11166,#11167,#11173,#11174));
#11166 = ORIENTED_EDGE('',*,*,#9465,.F.);
#11167 = ORIENTED_EDGE('',*,*,#11168,.T.);
#11168 = EDGE_CURVE('',#9458,#10050,#11169,.T.);
#11169 = LINE('',#11170,#11171);
#11170 = CARTESIAN_POINT('',(17.6,0.,15.6));
#11171 = VECTOR('',#11172,1.);
#11172 = DIRECTION('',(-0.,1.,0.));
#11173 = ORIENTED_EDGE('',*,*,#10057,.T.);
#11174 = ORIENTED_EDGE('',*,*,#11152,.F.);
#11175 = PLANE('',#11176);
#11176 = AXIS2_PLACEMENT_3D('',#11177,#11178,#11179);
#11177 = CARTESIAN_POINT('',(17.6,0.,15.6));
#11178 = DIRECTION('',(1.,0.,-0.));
#11179 = DIRECTION('',(0.,0.,1.));
#11180 = ADVANCED_FACE('',(#11181),#11187,.T.);
#11181 = FACE_BOUND('',#11182,.T.);
#11182 = EDGE_LOOP('',(#11183,#11184,#11185,#11186));
#11183 = ORIENTED_EDGE('',*,*,#11129,.F.);
#11184 = ORIENTED_EDGE('',*,*,#9457,.T.);
#11185 = ORIENTED_EDGE('',*,*,#11168,.T.);
#11186 = ORIENTED_EDGE('',*,*,#10049,.F.);
#11187 = PLANE('',#11188);
#11188 = AXIS2_PLACEMENT_3D('',#11189,#11190,#11191);
#11189 = CARTESIAN_POINT('',(15.6,0.,15.6));
#11190 = DIRECTION('',(0.,0.,1.));
#11191 = DIRECTION('',(1.,0.,-0.));
#11192 = ( GEOMETRIC_REPRESENTATION_CONTEXT(3) 
GLOBAL_UNCERTAINTY_ASSIGNED_CONTEXT((#11196)) 
GLOBAL_UNIT_ASSIGNED_CONTEXT((#11193,#11194,#11195)) 
REPRESENTATION_CONTEXT('Context #1',
  '3D Context with UNIT and UNCERTAINTY') );
#11193 = ( LENGTH_UNIT() NAMED_UNIT(*) SI_UNIT(.MILLI.,.METRE.) );
#11194 = ( NAMED_UNIT(*) PLANE_ANGLE_UNIT() SI_UNIT($,.RADIAN.) );
#11195 = ( NAMED_UNIT(*) SI_UNIT($,.STERADIAN.) SOLID_ANGLE_UNIT() );
#11196 = UNCERTAINTY_MEASURE_WITH_UNIT(LENGTH_MEASURE(1.E-07),#11193,
  'distance_accuracy_value','confusion accuracy');
#11197 = CONTEXT_DEPENDENT_SHAPE_REPRESENTATION(#11198,#11200);
#11198 = ( REPRESENTATION_RELATIONSHIP('','',#8865,#10) 
REPRESENTATION_RELATIONSHIP_WITH_TRANSFORMATION(#11199) 
SHAPE_REPRESENTATION_RELATIONSHIP() );
#11199 = ITEM_DEFINED_TRANSFORMATION('','',#11,#27);
#11200 = PRODUCT_DEFINITION_SHAPE('Placement','Placement of an item',
  #11201);
#11201 = NEXT_ASSEMBLY_USAGE_OCCURRENCE('430','Chip','',#5,#8860,$);
#11202 = PRODUCT_RELATED_PRODUCT_CATEGORY('part',$,(#8862));
#11203 = SHAPE_DEFINITION_REPRESENTATION(#11204,#11210);
#11204 = PRODUCT_DEFINITION_SHAPE('','',#11205);
#11205 = PRODUCT_DEFINITION('design','',#11206,#11209);
#11206 = PRODUCT_DEFINITION_FORMATION('','',#11207);
#11207 = PRODUCT('Base','Base','',(#11208));
#11208 = PRODUCT_CONTEXT('',#2,'mechanical');
#11209 = PRODUCT_DEFINITION_CONTEXT('part definition',#2,'design');
#11210 = ADVANCED_BREP_SHAPE_REPRESENTATION('',(#11,#11211),#11361);
#11211 = MANIFOLD_SOLID_BREP('',#11212);
#11212 = CLOSED_SHELL('',(#11213,#11253,#11293,#11315,#11337,#11349));
#11213 = ADVANCED_FACE('',(#11214),#11248,.F.);
#11214 = FACE_BOUND('',#11215,.F.);
#11215 = EDGE_LOOP('',(#11216,#11226,#11234,#11242));
#11216 = ORIENTED_EDGE('',*,*,#11217,.F.);
#11217 = EDGE_CURVE('',#11218,#11220,#11222,.T.);
#11218 = VERTEX_POINT('',#11219);
#11219 = CARTESIAN_POINT('',(0.,0.,0.));
#11220 = VERTEX_POINT('',#11221);
#11221 = CARTESIAN_POINT('',(0.,0.,60.));
#11222 = LINE('',#11223,#11224);
#11223 = CARTESIAN_POINT('',(0.,0.,0.));
#11224 = VECTOR('',#11225,1.);
#11225 = DIRECTION('',(0.,0.,1.));
#11226 = ORIENTED_EDGE('',*,*,#11227,.T.);
#11227 = EDGE_CURVE('',#11218,#11228,#11230,.T.);
#11228 = VERTEX_POINT('',#11229);
#11229 = CARTESIAN_POINT('',(0.,2.,0.));
#11230 = LINE('',#11231,#11232);
#11231 = CARTESIAN_POINT('',(0.,0.,0.));
#11232 = VECTOR('',#11233,1.);
#11233 = DIRECTION('',(-0.,1.,0.));
#11234 = ORIENTED_EDGE('',*,*,#11235,.T.);
#11235 = EDGE_CURVE('',#11228,#11236,#11238,.T.);
#11236 = VERTEX_POINT('',#11237);
#11237 = CARTESIAN_POINT('',(0.,2.,60.));
#11238 = LINE('',#11239,#11240);
#11239 = CARTESIAN_POINT('',(0.,2.,0.));
#11240 = VECTOR('',#11241,1.);
#11241 = DIRECTION('',(0.,0.,1.));
#11242 = ORIENTED_EDGE('',*,*,#11243,.F.);
#11243 = EDGE_CURVE('',#11220,#11236,#11244,.T.);
#11244 = LINE('',#11245,#11246);
#11245 = CARTESIAN_POINT('',(0.,0.,60.));
#11246 = VECTOR('',#11247,1.);
#11247 = DIRECTION('',(-0.,1.,0.));
#11248 = PLANE('',#11249);
#11249 = AXIS2_PLACEMENT_3D('',#11250,#11251,#11252);
#11250 = CARTESIAN_POINT('',(0.,0.,0.));
#11251 = DIRECTION('',(1.,0.,-0.));
#11252 = DIRECTION('',(0.,0.,1.));
#11253 = ADVANCED_FACE('',(#11254),#11288,.T.);
#11254 = FACE_BOUND('',#11255,.T.);
#11255 = EDGE_LOOP('',(#11256,#11266,#11274,#11282));
#11256 = ORIENTED_EDGE('',*,*,#11257,.F.);
#11257 = EDGE_CURVE('',#11258,#11260,#11262,.T.);
#11258 = VERTEX_POINT('',#11259);
#11259 = CARTESIAN_POINT('',(40.,0.,0.));
#11260 = VERTEX_POINT('',#11261);
#11261 = CARTESIAN_POINT('',(40.,0.,60.));
#11262 = LINE('',#11263,#11264);
#11263 = CARTESIAN_POINT('',(40.,0.,0.));
#11264 = VECTOR('',#11265,1.);
#11265 = DIRECTION('',(0.,0.,1.));
#11266 = ORIENTED_EDGE('',*,*,#11267,.T.);
#11267 = EDGE_CURVE('',#11258,#11268,#11270,.T.);
#11268 = VERTEX_POINT('',#11269);
#11269 = CARTESIAN_POINT('',(40.,2.,0.));
#11270 = LINE('',#11271,#11272);
#11271 = CARTESIAN_POINT('',(40.,0.,0.));
#11272 = VECTOR('',#11273,1.);
#11273 = DIRECTION('',(-0.,1.,0.));
#11274 = ORIENTED_EDGE('',*,*,#11275,.T.);
#11275 = EDGE_CURVE('',#11268,#11276,#11278,.T.);
#11276 = VERTEX_POINT('',#11277);
#11277 = CARTESIAN_POINT('',(40.,2.,60.));
#11278 = LINE('',#11279,#11280);
#11279 = CARTESIAN_POINT('',(40.,2.,0.));
#11280 = VECTOR('',#11281,1.);
#11281 = DIRECTION('',(0.,0.,1.));
#11282 = ORIENTED_EDGE('',*,*,#11283,.F.);
#11283 = EDGE_CURVE('',#11260,#11276,#11284,.T.);
#11284 = LINE('',#11285,#11286);
#11285 = CARTESIAN_POINT('',(40.,0.,60.));
#11286 = VECTOR('',#11287,1.);
#11287 = DIRECTION('',(-0.,1.,0.));
#11288 = PLANE('',#11289);
#11289 = AXIS2_PLACEMENT_3D('',#11290,#11291,#11292);
#11290 = CARTESIAN_POINT('',(40.,0.,0.));
#11291 = DIRECTION('',(1.,0.,-0.));
#11292 = DIRECTION('',(0.,0.,1.));
#11293 = ADVANCED_FACE('',(#11294),#11310,.F.);
#11294 = FACE_BOUND('',#11295,.F.);
#11295 = EDGE_LOOP('',(#11296,#11302,#11303,#11309));
#11296 = ORIENTED_EDGE('',*,*,#11297,.F.);
#11297 = EDGE_CURVE('',#11218,#11258,#11298,.T.);
#11298 = LINE('',#11299,#11300);
#11299 = CARTESIAN_POINT('',(0.,0.,0.));
#11300 = VECTOR('',#11301,1.);
#11301 = DIRECTION('',(1.,0.,-0.));
#11302 = ORIENTED_EDGE('',*,*,#11217,.T.);
#11303 = ORIENTED_EDGE('',*,*,#11304,.T.);
#11304 = EDGE_CURVE('',#11220,#11260,#11305,.T.);
#11305 = LINE('',#11306,#11307);
#11306 = CARTESIAN_POINT('',(0.,0.,60.));
#11307 = VECTOR('',#11308,1.);
#11308 = DIRECTION('',(1.,0.,-0.));
#11309 = ORIENTED_EDGE('',*,*,#11257,.F.);
#11310 = PLANE('',#11311);
#11311 = AXIS2_PLACEMENT_3D('',#11312,#11313,#11314);
#11312 = CARTESIAN_POINT('',(0.,0.,0.));
#11313 = DIRECTION('',(-0.,1.,0.));
#11314 = DIRECTION('',(0.,0.,1.));
#11315 = ADVANCED_FACE('',(#11316),#11332,.T.);
#11316 = FACE_BOUND('',#11317,.T.);
#11317 = EDGE_LOOP('',(#11318,#11324,#11325,#11331));
#11318 = ORIENTED_EDGE('',*,*,#11319,.F.);
#11319 = EDGE_CURVE('',#11228,#11268,#11320,.T.);
#11320 = LINE('',#11321,#11322);
#11321 = CARTESIAN_POINT('',(0.,2.,0.));
#11322 = VECTOR('',#11323,1.);
#11323 = DIRECTION('',(1.,0.,-0.));
#11324 = ORIENTED_EDGE('',*,*,#11235,.T.);
#11325 = ORIENTED_EDGE('',*,*,#11326,.T.);
#11326 = EDGE_CURVE('',#11236,#11276,#11327,.T.);
#11327 = LINE('',#11328,#11329);
#11328 = CARTESIAN_POINT('',(0.,2.,60.));
#11329 = VECTOR('',#11330,1.);
#11330 = DIRECTION('',(1.,0.,-0.));
#11331 = ORIENTED_EDGE('',*,*,#11275,.F.);
#11332 = PLANE('',#11333);
#11333 = AXIS2_PLACEMENT_3D('',#11334,#11335,#11336);
#11334 = CARTESIAN_POINT('',(0.,2.,0.));
#11335 = DIRECTION('',(-0.,1.,0.));
#11336 = DIRECTION('',(0.,0.,1.));
#11337 = ADVANCED_FACE('',(#11338),#11344,.F.);
#11338 = FACE_BOUND('',#11339,.F.);
#11339 = EDGE_LOOP('',(#11340,#11341,#11342,#11343));
#11340 = ORIENTED_EDGE('',*,*,#11227,.F.);
#11341 = ORIENTED_EDGE('',*,*,#11297,.T.);
#11342 = ORIENTED_EDGE('',*,*,#11267,.T.);
#11343 = ORIENTED_EDGE('',*,*,#11319,.F.);
#11344 = PLANE('',#11345);
#11345 = AXIS2_PLACEMENT_3D('',#11346,#11347,#11348);
#11346 = CARTESIAN_POINT('',(0.,0.,0.));
#11347 = DIRECTION('',(0.,0.,1.));
#11348 = DIRECTION('',(1.,0.,-0.));
#11349 = ADVANCED_FACE('',(#11350),#11356,.T.);
#11350 = FACE_BOUND('',#11351,.T.);
#11351 = EDGE_LOOP('',(#11352,#11353,#11354,#11355));
#11352 = ORIENTED_EDGE('',*,*,#11243,.F.);
#11353 = ORIENTED_EDGE('',*,*,#11304,.T.);
#11354 = ORIENTED_EDGE('',*,*,#11283,.T.);
#11355 = ORIENTED_EDGE('',*,*,#11326,.F.);
#11356 = PLANE('',#11357);
#11357 = AXIS2_PLACEMENT_3D('',#11358,#11359,#11360);
#11358 = CARTESIAN_POINT('',(0.,0.,60.));
#11359 = DIRECTION('',(0.,0.,1.));
#11360 = DIRECTION('',(1.,0.,-0.));
#11361 = ( GEOMETRIC_REPRESENTATION_CONTEXT(3) 
GLOBAL_UNCERTAINTY_ASSIGNED_CONTEXT((#11365)) 
GLOBAL_UNIT_ASSIGNED_CONTEXT((#11362,#11363,#11364)) 
REPRESENTATION_CONTEXT('Context #1',
  '3D Context with UNIT and UNCERTAINTY') );
#11362 = ( LENGTH_UNIT() NAMED_UNIT(*) SI_UNIT(.MILLI.,.METRE.) );
#11363 = ( NAMED_UNIT(*) PLANE_ANGLE_UNIT() SI_UNIT($,.RADIAN.) );
#11364 = ( NAMED_UNIT(*) SI_UNIT($,.STERADIAN.) SOLID_ANGLE_UNIT() );
#11365 = UNCERTAINTY_MEASURE_WITH_UNIT(LENGTH_MEASURE(1.E-07),#11362,
  'distance_accuracy_value','confusion accuracy');
#11366 = CONTEXT_DEPENDENT_SHAPE_REPRESENTATION(#11367,#11369);
#11367 = ( REPRESENTATION_RELATIONSHIP('','',#11210,#10) 
REPRESENTATION_RELATIONSHIP_WITH_TRANSFORMATION(#11368) 
SHAPE_REPRESENTATION_RELATIONSHIP() );
#11368 = ITEM_DEFINED_TRANSFORMATION('','',#11,#31);
#11369 = PRODUCT_DEFINITION_SHAPE('Placement','Placement of an item',
  #11370);
#11370 = NEXT_ASSEMBLY_USAGE_OCCURRENCE('431','Base','',#5,#11205,$);
#11371 = PRODUCT_RELATED_PRODUCT_CATEGORY('part',$,(#11207));
#11372 = SHAPE_DEFINITION_REPRESENTATION(#11373,#11379);
#11373 = PRODUCT_DEFINITION_SHAPE('','',#11374);
#11374 = PRODUCT_DEFINITION('design','',#11375,#11378);
#11375 = PRODUCT_DEFINITION_FORMATION('','',#11376);
#11376 = PRODUCT('Fins','Fins','',(#11377));
#11377 = PRODUCT_CONTEXT('',#2,'mechanical');
#11378 = PRODUCT_DEFINITION_CONTEXT('part definition',#2,'design');
#11379 = ADVANCED_BREP_SHAPE_REPRESENTATION('',(#11,#11380),#12112);
#11380 = MANIFOLD_SOLID_BREP('',#11381);
#11381 = CLOSED_SHELL('',(#11382,#11422,#11453,#11484,#11508,#11532,
    #11563,#11628,#11693,#11710,#11727,#11744,#11775,#11797,#11828,
    #11850,#11881,#11912,#11943,#11974,#11991,#12008,#12025,#12037,
    #12054,#12071,#12083,#12100));
#11382 = ADVANCED_FACE('',(#11383),#11417,.F.);
#11383 = FACE_BOUND('',#11384,.F.);
#11384 = EDGE_LOOP('',(#11385,#11395,#11403,#11411));
#11385 = ORIENTED_EDGE('',*,*,#11386,.F.);
#11386 = EDGE_CURVE('',#11387,#11389,#11391,.T.);
#11387 = VERTEX_POINT('',#11388);
#11388 = CARTESIAN_POINT('',(0.,0.,0.));
#11389 = VERTEX_POINT('',#11390);
#11390 = CARTESIAN_POINT('',(0.,0.,100.));
#11391 = LINE('',#11392,#11393);
#11392 = CARTESIAN_POINT('',(0.,0.,0.));
#11393 = VECTOR('',#11394,1.);
#11394 = DIRECTION('',(0.,0.,1.));
#11395 = ORIENTED_EDGE('',*,*,#11396,.T.);
#11396 = EDGE_CURVE('',#11387,#11397,#11399,.T.);
#11397 = VERTEX_POINT('',#11398);
#11398 = CARTESIAN_POINT('',(0.,40.,0.));
#11399 = LINE('',#11400,#11401);
#11400 = CARTESIAN_POINT('',(0.,0.,0.));
#11401 = VECTOR('',#11402,1.);
#11402 = DIRECTION('',(-0.,1.,0.));
#11403 = ORIENTED_EDGE('',*,*,#11404,.T.);
#11404 = EDGE_CURVE('',#11397,#11405,#11407,.T.);
#11405 = VERTEX_POINT('',#11406);
#11406 = CARTESIAN_POINT('',(0.,40.,100.));
#11407 = LINE('',#11408,#11409);
#11408 = CARTESIAN_POINT('',(0.,40.,0.));
#11409 = VECTOR('',#11410,1.);
#11410 = DIRECTION('',(0.,0.,1.));
#11411 = ORIENTED_EDGE('',*,*,#11412,.F.);
#11412 = EDGE_CURVE('',#11389,#11405,#11413,.T.);
#11413 = LINE('',#11414,#11415);
#11414 = CARTESIAN_POINT('',(0.,0.,100.));
#11415 = VECTOR('',#11416,1.);
#11416 = DIRECTION('',(-0.,1.,0.));
#11417 = PLANE('',#11418);
#11418 = AXIS2_PLACEMENT_3D('',#11419,#11420,#11421);
#11419 = CARTESIAN_POINT('',(0.,0.,0.));
#11420 = DIRECTION('',(1.,0.,-0.));
#11421 = DIRECTION('',(0.,0.,1.));
#11422 = ADVANCED_FACE('',(#11423),#11448,.F.);
#11423 = FACE_BOUND('',#11424,.F.);
#11424 = EDGE_LOOP('',(#11425,#11435,#11441,#11442));
#11425 = ORIENTED_EDGE('',*,*,#11426,.F.);
#11426 = EDGE_CURVE('',#11427,#11429,#11431,.T.);
#11427 = VERTEX_POINT('',#11428);
#11428 = CARTESIAN_POINT('',(0.,-2.,0.));
#11429 = VERTEX_POINT('',#11430);
#11430 = CARTESIAN_POINT('',(0.,-2.,100.));
#11431 = LINE('',#11432,#11433);
#11432 = CARTESIAN_POINT('',(0.,-2.,0.));
#11433 = VECTOR('',#11434,1.);
#11434 = DIRECTION('',(0.,0.,1.));
#11435 = ORIENTED_EDGE('',*,*,#11436,.T.);
#11436 = EDGE_CURVE('',#11427,#11387,#11437,.T.);
#11437 = LINE('',#11438,#11439);
#11438 = CARTESIAN_POINT('',(0.,-2.,0.));
#11439 = VECTOR('',#11440,1.);
#11440 = DIRECTION('',(-0.,1.,0.));
#11441 = ORIENTED_EDGE('',*,*,#11386,.T.);
#11442 = ORIENTED_EDGE('',*,*,#11443,.F.);
#11443 = EDGE_CURVE('',#11429,#11389,#11444,.T.);
#11444 = LINE('',#11445,#11446);
#11445 = CARTESIAN_POINT('',(0.,-2.,100.));
#11446 = VECTOR('',#11447,1.);
#11447 = DIRECTION('',(-0.,1.,0.));
#11448 = PLANE('',#11449);
#11449 = AXIS2_PLACEMENT_3D('',#11450,#11451,#11452);
#11450 = CARTESIAN_POINT('',(0.,-2.,0.));
#11451 = DIRECTION('',(1.,0.,-0.));
#11452 = DIRECTION('',(0.,0.,1.));
#11453 = ADVANCED_FACE('',(#11454),#11479,.T.);
#11454 = FACE_BOUND('',#11455,.T.);
#11455 = EDGE_LOOP('',(#11456,#11457,#11465,#11473));
#11456 = ORIENTED_EDGE('',*,*,#11412,.F.);
#11457 = ORIENTED_EDGE('',*,*,#11458,.T.);
#11458 = EDGE_CURVE('',#11389,#11459,#11461,.T.);
#11459 = VERTEX_POINT('',#11460);
#11460 = CARTESIAN_POINT('',(8.571428571429,0.,100.));
#11461 = LINE('',#11462,#11463);
#11462 = CARTESIAN_POINT('',(0.,0.,100.));
#11463 = VECTOR('',#11464,1.);
#11464 = DIRECTION('',(1.,0.,-0.));
#11465 = ORIENTED_EDGE('',*,*,#11466,.T.);
#11466 = EDGE_CURVE('',#11459,#11467,#11469,.T.);
#11467 = VERTEX_POINT('',#11468);
#11468 = CARTESIAN_POINT('',(8.571428571429,40.,100.));
#11469 = LINE('',#11470,#11471);
#11470 = CARTESIAN_POINT('',(8.571428571429,0.,100.));
#11471 = VECTOR('',#11472,1.);
#11472 = DIRECTION('',(-0.,1.,0.));
#11473 = ORIENTED_EDGE('',*,*,#11474,.F.);
#11474 = EDGE_CURVE('',#11405,#11467,#11475,.T.);
#11475 = LINE('',#11476,#11477);
#11476 = CARTESIAN_POINT('',(0.,40.,100.));
#11477 = VECTOR('',#11478,1.);
#11478 = DIRECTION('',(1.,0.,-0.));
#11479 = PLANE('',#11480);
#11480 = AXIS2_PLACEMENT_3D('',#11481,#11482,#11483);
#11481 = CARTESIAN_POINT('',(0.,0.,100.));
#11482 = DIRECTION('',(0.,0.,1.));
#11483 = DIRECTION('',(1.,0.,-0.));
#11484 = ADVANCED_FACE('',(#11485),#11503,.T.);
#11485 = FACE_BOUND('',#11486,.T.);
#11486 = EDGE_LOOP('',(#11487,#11495,#11496,#11497));
#11487 = ORIENTED_EDGE('',*,*,#11488,.F.);
#11488 = EDGE_CURVE('',#11397,#11489,#11491,.T.);
#11489 = VERTEX_POINT('',#11490);
#11490 = CARTESIAN_POINT('',(8.571428571429,40.,0.));
#11491 = LINE('',#11492,#11493);
#11492 = CARTESIAN_POINT('',(0.,40.,0.));
#11493 = VECTOR('',#11494,1.);
#11494 = DIRECTION('',(1.,0.,-0.));
#11495 = ORIENTED_EDGE('',*,*,#11404,.T.);
#11496 = ORIENTED_EDGE('',*,*,#11474,.T.);
#11497 = ORIENTED_EDGE('',*,*,#11498,.F.);
#11498 = EDGE_CURVE('',#11489,#11467,#11499,.T.);
#11499 = LINE('',#11500,#11501);
#11500 = CARTESIAN_POINT('',(8.571428571429,40.,0.));
#11501 = VECTOR('',#11502,1.);
#11502 = DIRECTION('',(0.,0.,1.));
#11503 = PLANE('',#11504);
#11504 = AXIS2_PLACEMENT_3D('',#11505,#11506,#11507);
#11505 = CARTESIAN_POINT('',(0.,40.,0.));
#11506 = DIRECTION('',(-0.,1.,0.));
#11507 = DIRECTION('',(0.,0.,1.));
#11508 = ADVANCED_FACE('',(#11509),#11527,.F.);
#11509 = FACE_BOUND('',#11510,.F.);
#11510 = EDGE_LOOP('',(#11511,#11512,#11520,#11526));
#11511 = ORIENTED_EDGE('',*,*,#11396,.F.);
#11512 = ORIENTED_EDGE('',*,*,#11513,.T.);
#11513 = EDGE_CURVE('',#11387,#11514,#11516,.T.);
#11514 = VERTEX_POINT('',#11515);
#11515 = CARTESIAN_POINT('',(8.571428571429,0.,0.));
#11516 = LINE('',#11517,#11518);
#11517 = CARTESIAN_POINT('',(0.,0.,0.));
#11518 = VECTOR('',#11519,1.);
#11519 = DIRECTION('',(1.,0.,-0.));
#11520 = ORIENTED_EDGE('',*,*,#11521,.T.);
#11521 = EDGE_CURVE('',#11514,#11489,#11522,.T.);
#11522 = LINE('',#11523,#11524);
#11523 = CARTESIAN_POINT('',(8.571428571429,0.,0.));
#11524 = VECTOR('',#11525,1.);
#11525 = DIRECTION('',(-0.,1.,0.));
#11526 = ORIENTED_EDGE('',*,*,#11488,.F.);
#11527 = PLANE('',#11528);
#11528 = AXIS2_PLACEMENT_3D('',#11529,#11530,#11531);
#11529 = CARTESIAN_POINT('',(0.,0.,0.));
#11530 = DIRECTION('',(0.,0.,1.));
#11531 = DIRECTION('',(1.,0.,-0.));
#11532 = ADVANCED_FACE('',(#11533),#11558,.F.);
#11533 = FACE_BOUND('',#11534,.F.);
#11534 = EDGE_LOOP('',(#11535,#11543,#11544,#11552));
#11535 = ORIENTED_EDGE('',*,*,#11536,.F.);
#11536 = EDGE_CURVE('',#11427,#11537,#11539,.T.);
#11537 = VERTEX_POINT('',#11538);
#11538 = CARTESIAN_POINT('',(60.,-2.,0.));
#11539 = LINE('',#11540,#11541);
#11540 = CARTESIAN_POINT('',(0.,-2.,0.));
#11541 = VECTOR('',#11542,1.);
#11542 = DIRECTION('',(1.,0.,-0.));
#11543 = ORIENTED_EDGE('',*,*,#11426,.T.);
#11544 = ORIENTED_EDGE('',*,*,#11545,.T.);
#11545 = EDGE_CURVE('',#11429,#11546,#11548,.T.);
#11546 = VERTEX_POINT('',#11547);
#11547 = CARTESIAN_POINT('',(60.,-2.,100.));
#11548 = LINE('',#11549,#11550);
#11549 = CARTESIAN_POINT('',(0.,-2.,100.));
#11550 = VECTOR('',#11551,1.);
#11551 = DIRECTION('',(1.,0.,-0.));
#11552 = ORIENTED_EDGE('',*,*,#11553,.F.);
#11553 = EDGE_CURVE('',#11537,#11546,#11554,.T.);
#11554 = LINE('',#11555,#11556);
#11555 = CARTESIAN_POINT('',(60.,-2.,0.));
#11556 = VECTOR('',#11557,1.);
#11557 = DIRECTION('',(0.,0.,1.));
#11558 = PLANE('',#11559);
#11559 = AXIS2_PLACEMENT_3D('',#11560,#11561,#11562);
#11560 = CARTESIAN_POINT('',(0.,-2.,0.));
#11561 = DIRECTION('',(-0.,1.,0.));
#11562 = DIRECTION('',(0.,0.,1.));
#11563 = ADVANCED_FACE('',(#11564),#11623,.T.);
#11564 = FACE_BOUND('',#11565,.T.);
#11565 = EDGE_LOOP('',(#11566,#11567,#11568,#11576,#11584,#11592,#11600,
    #11608,#11616,#11622));
#11566 = ORIENTED_EDGE('',*,*,#11443,.F.);
#11567 = ORIENTED_EDGE('',*,*,#11545,.T.);
#11568 = ORIENTED_EDGE('',*,*,#11569,.T.);
#11569 = EDGE_CURVE('',#11546,#11570,#11572,.T.);
#11570 = VERTEX_POINT('',#11571);
#11571 = CARTESIAN_POINT('',(60.,0.,100.));
#11572 = LINE('',#11573,#11574);
#11573 = CARTESIAN_POINT('',(60.,-2.,100.));
#11574 = VECTOR('',#11575,1.);
#11575 = DIRECTION('',(-0.,1.,0.));
#11576 = ORIENTED_EDGE('',*,*,#11577,.F.);
#11577 = EDGE_CURVE('',#11578,#11570,#11580,.T.);
#11578 = VERTEX_POINT('',#11579);
#11579 = CARTESIAN_POINT('',(51.428571428571,0.,100.));
#11580 = LINE('',#11581,#11582);
#11581 = CARTESIAN_POINT('',(51.428571428571,0.,100.));
#11582 = VECTOR('',#11583,1.);
#11583 = DIRECTION('',(1.,0.,-0.));
#11584 = ORIENTED_EDGE('',*,*,#11585,.F.);
#11585 = EDGE_CURVE('',#11586,#11578,#11588,.T.);
#11586 = VERTEX_POINT('',#11587);
#11587 = CARTESIAN_POINT('',(42.857142857143,0.,100.));
#11588 = LINE('',#11589,#11590);
#11589 = CARTESIAN_POINT('',(0.,0.,100.));
#11590 = VECTOR('',#11591,1.);
#11591 = DIRECTION('',(1.,0.,-0.));
#11592 = ORIENTED_EDGE('',*,*,#11593,.F.);
#11593 = EDGE_CURVE('',#11594,#11586,#11596,.T.);
#11594 = VERTEX_POINT('',#11595);
#11595 = CARTESIAN_POINT('',(34.285714285714,0.,100.));
#11596 = LINE('',#11597,#11598);
#11597 = CARTESIAN_POINT('',(34.285714285714,0.,100.));
#11598 = VECTOR('',#11599,1.);
#11599 = DIRECTION('',(1.,0.,-0.));
#11600 = ORIENTED_EDGE('',*,*,#11601,.F.);
#11601 = EDGE_CURVE('',#11602,#11594,#11604,.T.);
#11602 = VERTEX_POINT('',#11603);
#11603 = CARTESIAN_POINT('',(25.714285714286,0.,100.));
#11604 = LINE('',#11605,#11606);
#11605 = CARTESIAN_POINT('',(0.,0.,100.));
#11606 = VECTOR('',#11607,1.);
#11607 = DIRECTION('',(1.,0.,-0.));
#11608 = ORIENTED_EDGE('',*,*,#11609,.F.);
#11609 = EDGE_CURVE('',#11610,#11602,#11612,.T.);
#11610 = VERTEX_POINT('',#11611);
#11611 = CARTESIAN_POINT('',(17.142857142857,0.,100.));
#11612 = LINE('',#11613,#11614);
#11613 = CARTESIAN_POINT('',(17.142857142857,0.,100.));
#11614 = VECTOR('',#11615,1.);
#11615 = DIRECTION('',(1.,0.,-0.));
#11616 = ORIENTED_EDGE('',*,*,#11617,.F.);
#11617 = EDGE_CURVE('',#11459,#11610,#11618,.T.);
#11618 = LINE('',#11619,#11620);
#11619 = CARTESIAN_POINT('',(0.,0.,100.));
#11620 = VECTOR('',#11621,1.);
#11621 = DIRECTION('',(1.,0.,-0.));
#11622 = ORIENTED_EDGE('',*,*,#11458,.F.);
#11623 = PLANE('',#11624);
#11624 = AXIS2_PLACEMENT_3D('',#11625,#11626,#11627);
#11625 = CARTESIAN_POINT('',(0.,-2.,100.));
#11626 = DIRECTION('',(0.,0.,1.));
#11627 = DIRECTION('',(1.,0.,-0.));
#11628 = ADVANCED_FACE('',(#11629),#11688,.F.);
#11629 = FACE_BOUND('',#11630,.F.);
#11630 = EDGE_LOOP('',(#11631,#11632,#11633,#11641,#11649,#11657,#11665,
    #11673,#11681,#11687));
#11631 = ORIENTED_EDGE('',*,*,#11436,.F.);
#11632 = ORIENTED_EDGE('',*,*,#11536,.T.);
#11633 = ORIENTED_EDGE('',*,*,#11634,.T.);
#11634 = EDGE_CURVE('',#11537,#11635,#11637,.T.);
#11635 = VERTEX_POINT('',#11636);
#11636 = CARTESIAN_POINT('',(60.,0.,0.));
#11637 = LINE('',#11638,#11639);
#11638 = CARTESIAN_POINT('',(60.,-2.,0.));
#11639 = VECTOR('',#11640,1.);
#11640 = DIRECTION('',(-0.,1.,0.));
#11641 = ORIENTED_EDGE('',*,*,#11642,.F.);
#11642 = EDGE_CURVE('',#11643,#11635,#11645,.T.);
#11643 = VERTEX_POINT('',#11644);
#11644 = CARTESIAN_POINT('',(51.428571428571,0.,0.));
#11645 = LINE('',#11646,#11647);
#11646 = CARTESIAN_POINT('',(51.428571428571,0.,0.));
#11647 = VECTOR('',#11648,1.);
#11648 = DIRECTION('',(1.,0.,-0.));
#11649 = ORIENTED_EDGE('',*,*,#11650,.F.);
#11650 = EDGE_CURVE('',#11651,#11643,#11653,.T.);
#11651 = VERTEX_POINT('',#11652);
#11652 = CARTESIAN_POINT('',(42.857142857143,0.,0.));
#11653 = LINE('',#11654,#11655);
#11654 = CARTESIAN_POINT('',(0.,0.,0.));
#11655 = VECTOR('',#11656,1.);
#11656 = DIRECTION('',(1.,0.,-0.));
#11657 = ORIENTED_EDGE('',*,*,#11658,.F.);
#11658 = EDGE_CURVE('',#11659,#11651,#11661,.T.);
#11659 = VERTEX_POINT('',#11660);
#11660 = CARTESIAN_POINT('',(34.285714285714,0.,0.));
#11661 = LINE('',#11662,#11663);
#11662 = CARTESIAN_POINT('',(34.285714285714,0.,0.));
#11663 = VECTOR('',#11664,1.);
#11664 = DIRECTION('',(1.,0.,-0.));
#11665 = ORIENTED_EDGE('',*,*,#11666,.F.);
#11666 = EDGE_CURVE('',#11667,#11659,#11669,.T.);
#11667 = VERTEX_POINT('',#11668);
#11668 = CARTESIAN_POINT('',(25.714285714286,0.,0.));
#11669 = LINE('',#11670,#11671);
#11670 = CARTESIAN_POINT('',(0.,0.,0.));
#11671 = VECTOR('',#11672,1.);
#11672 = DIRECTION('',(1.,0.,-0.));
#11673 = ORIENTED_EDGE('',*,*,#11674,.F.);
#11674 = EDGE_CURVE('',#11675,#11667,#11677,.T.);
#11675 = VERTEX_POINT('',#11676);
#11676 = CARTESIAN_POINT('',(17.142857142857,0.,0.));
#11677 = LINE('',#11678,#11679);
#11678 = CARTESIAN_POINT('',(17.142857142857,0.,0.));
#11679 = VECTOR('',#11680,1.);
#11680 = DIRECTION('',(1.,0.,-0.));
#11681 = ORIENTED_EDGE('',*,*,#11682,.F.);
#11682 = EDGE_CURVE('',#11514,#11675,#11683,.T.);
#11683 = LINE('',#11684,#11685);
#11684 = CARTESIAN_POINT('',(0.,0.,0.));
#11685 = VECTOR('',#11686,1.);
#11686 = DIRECTION('',(1.,0.,-0.));
#11687 = ORIENTED_EDGE('',*,*,#11513,.F.);
#11688 = PLANE('',#11689);
#11689 = AXIS2_PLACEMENT_3D('',#11690,#11691,#11692);
#11690 = CARTESIAN_POINT('',(0.,-2.,0.));
#11691 = DIRECTION('',(0.,0.,1.));
#11692 = DIRECTION('',(1.,0.,-0.));
#11693 = ADVANCED_FACE('',(#11694),#11705,.T.);
#11694 = FACE_BOUND('',#11695,.T.);
#11695 = EDGE_LOOP('',(#11696,#11702,#11703,#11704));
#11696 = ORIENTED_EDGE('',*,*,#11697,.F.);
#11697 = EDGE_CURVE('',#11514,#11459,#11698,.T.);
#11698 = LINE('',#11699,#11700);
#11699 = CARTESIAN_POINT('',(8.571428571429,0.,0.));
#11700 = VECTOR('',#11701,1.);
#11701 = DIRECTION('',(0.,0.,1.));
#11702 = ORIENTED_EDGE('',*,*,#11521,.T.);
#11703 = ORIENTED_EDGE('',*,*,#11498,.T.);
#11704 = ORIENTED_EDGE('',*,*,#11466,.F.);
#11705 = PLANE('',#11706);
#11706 = AXIS2_PLACEMENT_3D('',#11707,#11708,#11709);
#11707 = CARTESIAN_POINT('',(8.571428571429,0.,0.));
#11708 = DIRECTION('',(1.,0.,-0.));
#11709 = DIRECTION('',(0.,0.,1.));
#11710 = ADVANCED_FACE('',(#11711),#11722,.T.);
#11711 = FACE_BOUND('',#11712,.T.);
#11712 = EDGE_LOOP('',(#11713,#11714,#11715,#11721));
#11713 = ORIENTED_EDGE('',*,*,#11553,.F.);
#11714 = ORIENTED_EDGE('',*,*,#11634,.T.);
#11715 = ORIENTED_EDGE('',*,*,#11716,.T.);
#11716 = EDGE_CURVE('',#11635,#11570,#11717,.T.);
#11717 = LINE('',#11718,#11719);
#11718 = CARTESIAN_POINT('',(60.,0.,0.));
#11719 = VECTOR('',#11720,1.);
#11720 = DIRECTION('',(0.,0.,1.));
#11721 = ORIENTED_EDGE('',*,*,#11569,.F.);
#11722 = PLANE('',#11723);
#11723 = AXIS2_PLACEMENT_3D('',#11724,#11725,#11726);
#11724 = CARTESIAN_POINT('',(60.,-2.,0.));
#11725 = DIRECTION('',(1.,0.,-0.));
#11726 = DIRECTION('',(0.,0.,1.));
#11727 = ADVANCED_FACE('',(#11728),#11739,.T.);
#11728 = FACE_BOUND('',#11729,.T.);
#11729 = EDGE_LOOP('',(#11730,#11731,#11732,#11733));
#11730 = ORIENTED_EDGE('',*,*,#11682,.F.);
#11731 = ORIENTED_EDGE('',*,*,#11697,.T.);
#11732 = ORIENTED_EDGE('',*,*,#11617,.T.);
#11733 = ORIENTED_EDGE('',*,*,#11734,.F.);
#11734 = EDGE_CURVE('',#11675,#11610,#11735,.T.);
#11735 = LINE('',#11736,#11737);
#11736 = CARTESIAN_POINT('',(17.142857142857,0.,0.));
#11737 = VECTOR('',#11738,1.);
#11738 = DIRECTION('',(0.,0.,1.));
#11739 = PLANE('',#11740);
#11740 = AXIS2_PLACEMENT_3D('',#11741,#11742,#11743);
#11741 = CARTESIAN_POINT('',(0.,0.,0.));
#11742 = DIRECTION('',(-0.,1.,0.));
#11743 = DIRECTION('',(0.,0.,1.));
#11744 = ADVANCED_FACE('',(#11745),#11770,.T.);
#11745 = FACE_BOUND('',#11746,.T.);
#11746 = EDGE_LOOP('',(#11747,#11755,#11756,#11764));
#11747 = ORIENTED_EDGE('',*,*,#11748,.F.);
#11748 = EDGE_CURVE('',#11610,#11749,#11751,.T.);
#11749 = VERTEX_POINT('',#11750);
#11750 = CARTESIAN_POINT('',(17.142857142857,40.,100.));
#11751 = LINE('',#11752,#11753);
#11752 = CARTESIAN_POINT('',(17.142857142857,0.,100.));
#11753 = VECTOR('',#11754,1.);
#11754 = DIRECTION('',(-0.,1.,0.));
#11755 = ORIENTED_EDGE('',*,*,#11609,.T.);
#11756 = ORIENTED_EDGE('',*,*,#11757,.T.);
#11757 = EDGE_CURVE('',#11602,#11758,#11760,.T.);
#11758 = VERTEX_POINT('',#11759);
#11759 = CARTESIAN_POINT('',(25.714285714286,40.,100.));
#11760 = LINE('',#11761,#11762);
#11761 = CARTESIAN_POINT('',(25.714285714286,0.,100.));
#11762 = VECTOR('',#11763,1.);
#11763 = DIRECTION('',(-0.,1.,0.));
#11764 = ORIENTED_EDGE('',*,*,#11765,.F.);
#11765 = EDGE_CURVE('',#11749,#11758,#11766,.T.);
#11766 = LINE('',#11767,#11768);
#11767 = CARTESIAN_POINT('',(17.142857142857,40.,100.));
#11768 = VECTOR('',#11769,1.);
#11769 = DIRECTION('',(1.,0.,-0.));
#11770 = PLANE('',#11771);
#11771 = AXIS2_PLACEMENT_3D('',#11772,#11773,#11774);
#11772 = CARTESIAN_POINT('',(17.142857142857,0.,100.));
#11773 = DIRECTION('',(0.,0.,1.));
#11774 = DIRECTION('',(1.,0.,-0.));
#11775 = ADVANCED_FACE('',(#11776),#11792,.T.);
#11776 = FACE_BOUND('',#11777,.T.);
#11777 = EDGE_LOOP('',(#11778,#11779,#11785,#11786));
#11778 = ORIENTED_EDGE('',*,*,#11666,.F.);
#11779 = ORIENTED_EDGE('',*,*,#11780,.T.);
#11780 = EDGE_CURVE('',#11667,#11602,#11781,.T.);
#11781 = LINE('',#11782,#11783);
#11782 = CARTESIAN_POINT('',(25.714285714286,0.,0.));
#11783 = VECTOR('',#11784,1.);
#11784 = DIRECTION('',(0.,0.,1.));
#11785 = ORIENTED_EDGE('',*,*,#11601,.T.);
#11786 = ORIENTED_EDGE('',*,*,#11787,.F.);
#11787 = EDGE_CURVE('',#11659,#11594,#11788,.T.);
#11788 = LINE('',#11789,#11790);
#11789 = CARTESIAN_POINT('',(34.285714285714,0.,0.));
#11790 = VECTOR('',#11791,1.);
#11791 = DIRECTION('',(0.,0.,1.));
#11792 = PLANE('',#11793);
#11793 = AXIS2_PLACEMENT_3D('',#11794,#11795,#11796);
#11794 = CARTESIAN_POINT('',(0.,0.,0.));
#11795 = DIRECTION('',(-0.,1.,0.));
#11796 = DIRECTION('',(0.,0.,1.));
#11797 = ADVANCED_FACE('',(#11798),#11823,.T.);
#11798 = FACE_BOUND('',#11799,.T.);
#11799 = EDGE_LOOP('',(#11800,#11808,#11809,#11817));
#11800 = ORIENTED_EDGE('',*,*,#11801,.F.);
#11801 = EDGE_CURVE('',#11594,#11802,#11804,.T.);
#11802 = VERTEX_POINT('',#11803);
#11803 = CARTESIAN_POINT('',(34.285714285714,40.,100.));
#11804 = LINE('',#11805,#11806);
#11805 = CARTESIAN_POINT('',(34.285714285714,0.,100.));
#11806 = VECTOR('',#11807,1.);
#11807 = DIRECTION('',(-0.,1.,0.));
#11808 = ORIENTED_EDGE('',*,*,#11593,.T.);
#11809 = ORIENTED_EDGE('',*,*,#11810,.T.);
#11810 = EDGE_CURVE('',#11586,#11811,#11813,.T.);
#11811 = VERTEX_POINT('',#11812);
#11812 = CARTESIAN_POINT('',(42.857142857143,40.,100.));
#11813 = LINE('',#11814,#11815);
#11814 = CARTESIAN_POINT('',(42.857142857143,0.,100.));
#11815 = VECTOR('',#11816,1.);
#11816 = DIRECTION('',(-0.,1.,0.));
#11817 = ORIENTED_EDGE('',*,*,#11818,.F.);
#11818 = EDGE_CURVE('',#11802,#11811,#11819,.T.);
#11819 = LINE('',#11820,#11821);
#11820 = CARTESIAN_POINT('',(34.285714285714,40.,100.));
#11821 = VECTOR('',#11822,1.);
#11822 = DIRECTION('',(1.,0.,-0.));
#11823 = PLANE('',#11824);
#11824 = AXIS2_PLACEMENT_3D('',#11825,#11826,#11827);
#11825 = CARTESIAN_POINT('',(34.285714285714,0.,100.));
#11826 = DIRECTION('',(0.,0.,1.));
#11827 = DIRECTION('',(1.,0.,-0.));
#11828 = ADVANCED_FACE('',(#11829),#11845,.T.);
#11829 = FACE_BOUND('',#11830,.T.);
#11830 = EDGE_LOOP('',(#11831,#11832,#11838,#11839));
#11831 = ORIENTED_EDGE('',*,*,#11650,.F.);
#11832 = ORIENTED_EDGE('',*,*,#11833,.T.);
#11833 = EDGE_CURVE('',#11651,#11586,#11834,.T.);
#11834 = LINE('',#11835,#11836);
#11835 = CARTESIAN_POINT('',(42.857142857143,0.,0.));
#11836 = VECTOR('',#11837,1.);
#11837 = DIRECTION('',(0.,0.,1.));
#11838 = ORIENTED_EDGE('',*,*,#11585,.T.);
#11839 = ORIENTED_EDGE('',*,*,#11840,.F.);
#11840 = EDGE_CURVE('',#11643,#11578,#11841,.T.);
#11841 = LINE('',#11842,#11843);
#11842 = CARTESIAN_POINT('',(51.428571428571,0.,0.));
#11843 = VECTOR('',#11844,1.);
#11844 = DIRECTION('',(0.,0.,1.));
#11845 = PLANE('',#11846);
#11846 = AXIS2_PLACEMENT_3D('',#11847,#11848,#11849);
#11847 = CARTESIAN_POINT('',(0.,0.,0.));
#11848 = DIRECTION('',(-0.,1.,0.));
#11849 = DIRECTION('',(0.,0.,1.));
#11850 = ADVANCED_FACE('',(#11851),#11876,.T.);
#11851 = FACE_BOUND('',#11852,.T.);
#11852 = EDGE_LOOP('',(#11853,#11861,#11862,#11870));
#11853 = ORIENTED_EDGE('',*,*,#11854,.F.);
#11854 = EDGE_CURVE('',#11578,#11855,#11857,.T.);
#11855 = VERTEX_POINT('',#11856);
#11856 = CARTESIAN_POINT('',(51.428571428571,40.,100.));
#11857 = LINE('',#11858,#11859);
#11858 = CARTESIAN_POINT('',(51.428571428571,0.,100.));
#11859 = VECTOR('',#11860,1.);
#11860 = DIRECTION('',(-0.,1.,0.));
#11861 = ORIENTED_EDGE('',*,*,#11577,.T.);
#11862 = ORIENTED_EDGE('',*,*,#11863,.T.);
#11863 = EDGE_CURVE('',#11570,#11864,#11866,.T.);
#11864 = VERTEX_POINT('',#11865);
#11865 = CARTESIAN_POINT('',(60.,40.,100.));
#11866 = LINE('',#11867,#11868);
#11867 = CARTESIAN_POINT('',(60.,0.,100.));
#11868 = VECTOR('',#11869,1.);
#11869 = DIRECTION('',(-0.,1.,0.));
#11870 = ORIENTED_EDGE('',*,*,#11871,.F.);
#11871 = EDGE_CURVE('',#11855,#11864,#11872,.T.);
#11872 = LINE('',#11873,#11874);
#11873 = CARTESIAN_POINT('',(51.428571428571,40.,100.));
#11874 = VECTOR('',#11875,1.);
#11875 = DIRECTION('',(1.,0.,-0.));
#11876 = PLANE('',#11877);
#11877 = AXIS2_PLACEMENT_3D('',#11878,#11879,#11880);
#11878 = CARTESIAN_POINT('',(51.428571428571,0.,100.));
#11879 = DIRECTION('',(0.,0.,1.));
#11880 = DIRECTION('',(1.,0.,-0.));
#11881 = ADVANCED_FACE('',(#11882),#11907,.F.);
#11882 = FACE_BOUND('',#11883,.F.);
#11883 = EDGE_LOOP('',(#11884,#11892,#11893,#11901));
#11884 = ORIENTED_EDGE('',*,*,#11885,.F.);
#11885 = EDGE_CURVE('',#11675,#11886,#11888,.T.);
#11886 = VERTEX_POINT('',#11887);
#11887 = CARTESIAN_POINT('',(17.142857142857,40.,0.));
#11888 = LINE('',#11889,#11890);
#11889 = CARTESIAN_POINT('',(17.142857142857,0.,0.));
#11890 = VECTOR('',#11891,1.);
#11891 = DIRECTION('',(-0.,1.,0.));
#11892 = ORIENTED_EDGE('',*,*,#11674,.T.);
#11893 = ORIENTED_EDGE('',*,*,#11894,.T.);
#11894 = EDGE_CURVE('',#11667,#11895,#11897,.T.);
#11895 = VERTEX_POINT('',#11896);
#11896 = CARTESIAN_POINT('',(25.714285714286,40.,0.));
#11897 = LINE('',#11898,#11899);
#11898 = CARTESIAN_POINT('',(25.714285714286,0.,0.));
#11899 = VECTOR('',#11900,1.);
#11900 = DIRECTION('',(-0.,1.,0.));
#11901 = ORIENTED_EDGE('',*,*,#11902,.F.);
#11902 = EDGE_CURVE('',#11886,#11895,#11903,.T.);
#11903 = LINE('',#11904,#11905);
#11904 = CARTESIAN_POINT('',(17.142857142857,40.,0.));
#11905 = VECTOR('',#11906,1.);
#11906 = DIRECTION('',(1.,0.,-0.));
#11907 = PLANE('',#11908);
#11908 = AXIS2_PLACEMENT_3D('',#11909,#11910,#11911);
#11909 = CARTESIAN_POINT('',(17.142857142857,0.,0.));
#11910 = DIRECTION('',(0.,0.,1.));
#11911 = DIRECTION('',(1.,0.,-0.));
#11912 = ADVANCED_FACE('',(#11913),#11938,.F.);
#11913 = FACE_BOUND('',#11914,.F.);
#11914 = EDGE_LOOP('',(#11915,#11923,#11924,#11932));
#11915 = ORIENTED_EDGE('',*,*,#11916,.F.);
#11916 = EDGE_CURVE('',#11659,#11917,#11919,.T.);
#11917 = VERTEX_POINT('',#11918);
#11918 = CARTESIAN_POINT('',(34.285714285714,40.,0.));
#11919 = LINE('',#11920,#11921);
#11920 = CARTESIAN_POINT('',(34.285714285714,0.,0.));
#11921 = VECTOR('',#11922,1.);
#11922 = DIRECTION('',(-0.,1.,0.));
#11923 = ORIENTED_EDGE('',*,*,#11658,.T.);
#11924 = ORIENTED_EDGE('',*,*,#11925,.T.);
#11925 = EDGE_CURVE('',#11651,#11926,#11928,.T.);
#11926 = VERTEX_POINT('',#11927);
#11927 = CARTESIAN_POINT('',(42.857142857143,40.,0.));
#11928 = LINE('',#11929,#11930);
#11929 = CARTESIAN_POINT('',(42.857142857143,0.,0.));
#11930 = VECTOR('',#11931,1.);
#11931 = DIRECTION('',(-0.,1.,0.));
#11932 = ORIENTED_EDGE('',*,*,#11933,.F.);
#11933 = EDGE_CURVE('',#11917,#11926,#11934,.T.);
#11934 = LINE('',#11935,#11936);
#11935 = CARTESIAN_POINT('',(34.285714285714,40.,0.));
#11936 = VECTOR('',#11937,1.);
#11937 = DIRECTION('',(1.,0.,-0.));
#11938 = PLANE('',#11939);
#11939 = AXIS2_PLACEMENT_3D('',#11940,#11941,#11942);
#11940 = CARTESIAN_POINT('',(34.285714285714,0.,0.));
#11941 = DIRECTION('',(0.,0.,1.));
#11942 = DIRECTION('',(1.,0.,-0.));
#11943 = ADVANCED_FACE('',(#11944),#11969,.F.);
#11944 = FACE_BOUND('',#11945,.F.);
#11945 = EDGE_LOOP('',(#11946,#11954,#11955,#11963));
#11946 = ORIENTED_EDGE('',*,*,#11947,.F.);
#11947 = EDGE_CURVE('',#11643,#11948,#11950,.T.);
#11948 = VERTEX_POINT('',#11949);
#11949 = CARTESIAN_POINT('',(51.428571428571,40.,0.));
#11950 = LINE('',#11951,#11952);
#11951 = CARTESIAN_POINT('',(51.428571428571,0.,0.));
#11952 = VECTOR('',#11953,1.);
#11953 = DIRECTION('',(-0.,1.,0.));
#11954 = ORIENTED_EDGE('',*,*,#11642,.T.);
#11955 = ORIENTED_EDGE('',*,*,#11956,.T.);
#11956 = EDGE_CURVE('',#11635,#11957,#11959,.T.);
#11957 = VERTEX_POINT('',#11958);
#11958 = CARTESIAN_POINT('',(60.,40.,0.));
#11959 = LINE('',#11960,#11961);
#11960 = CARTESIAN_POINT('',(60.,0.,0.));
#11961 = VECTOR('',#11962,1.);
#11962 = DIRECTION('',(-0.,1.,0.));
#11963 = ORIENTED_EDGE('',*,*,#11964,.F.);
#11964 = EDGE_CURVE('',#11948,#11957,#11965,.T.);
#11965 = LINE('',#11966,#11967);
#11966 = CARTESIAN_POINT('',(51.428571428571,40.,0.));
#11967 = VECTOR('',#11968,1.);
#11968 = DIRECTION('',(1.,0.,-0.));
#11969 = PLANE('',#11970);
#11970 = AXIS2_PLACEMENT_3D('',#11971,#11972,#11973);
#11971 = CARTESIAN_POINT('',(51.428571428571,0.,0.));
#11972 = DIRECTION('',(0.,0.,1.));
#11973 = DIRECTION('',(1.,0.,-0.));
#11974 = ADVANCED_FACE('',(#11975),#11986,.T.);
#11975 = FACE_BOUND('',#11976,.T.);
#11976 = EDGE_LOOP('',(#11977,#11978,#11979,#11985));
#11977 = ORIENTED_EDGE('',*,*,#11716,.F.);
#11978 = ORIENTED_EDGE('',*,*,#11956,.T.);
#11979 = ORIENTED_EDGE('',*,*,#11980,.T.);
#11980 = EDGE_CURVE('',#11957,#11864,#11981,.T.);
#11981 = LINE('',#11982,#11983);
#11982 = CARTESIAN_POINT('',(60.,40.,0.));
#11983 = VECTOR('',#11984,1.);
#11984 = DIRECTION('',(0.,0.,1.));
#11985 = ORIENTED_EDGE('',*,*,#11863,.F.);
#11986 = PLANE('',#11987);
#11987 = AXIS2_PLACEMENT_3D('',#11988,#11989,#11990);
#11988 = CARTESIAN_POINT('',(60.,0.,0.));
#11989 = DIRECTION('',(1.,0.,-0.));
#11990 = DIRECTION('',(0.,0.,1.));
#11991 = ADVANCED_FACE('',(#11992),#12003,.F.);
#11992 = FACE_BOUND('',#11993,.F.);
#11993 = EDGE_LOOP('',(#11994,#11995,#11996,#12002));
#11994 = ORIENTED_EDGE('',*,*,#11734,.F.);
#11995 = ORIENTED_EDGE('',*,*,#11885,.T.);
#11996 = ORIENTED_EDGE('',*,*,#11997,.T.);
#11997 = EDGE_CURVE('',#11886,#11749,#11998,.T.);
#11998 = LINE('',#11999,#12000);
#11999 = CARTESIAN_POINT('',(17.142857142857,40.,0.));
#12000 = VECTOR('',#12001,1.);
#12001 = DIRECTION('',(0.,0.,1.));
#12002 = ORIENTED_EDGE('',*,*,#11748,.F.);
#12003 = PLANE('',#12004);
#12004 = AXIS2_PLACEMENT_3D('',#12005,#12006,#12007);
#12005 = CARTESIAN_POINT('',(17.142857142857,0.,0.));
#12006 = DIRECTION('',(1.,0.,-0.));
#12007 = DIRECTION('',(0.,0.,1.));
#12008 = ADVANCED_FACE('',(#12009),#12020,.T.);
#12009 = FACE_BOUND('',#12010,.T.);
#12010 = EDGE_LOOP('',(#12011,#12012,#12013,#12014));
#12011 = ORIENTED_EDGE('',*,*,#11902,.F.);
#12012 = ORIENTED_EDGE('',*,*,#11997,.T.);
#12013 = ORIENTED_EDGE('',*,*,#11765,.T.);
#12014 = ORIENTED_EDGE('',*,*,#12015,.F.);
#12015 = EDGE_CURVE('',#11895,#11758,#12016,.T.);
#12016 = LINE('',#12017,#12018);
#12017 = CARTESIAN_POINT('',(25.714285714286,40.,0.));
#12018 = VECTOR('',#12019,1.);
#12019 = DIRECTION('',(0.,0.,1.));
#12020 = PLANE('',#12021);
#12021 = AXIS2_PLACEMENT_3D('',#12022,#12023,#12024);
#12022 = CARTESIAN_POINT('',(17.142857142857,40.,0.));
#12023 = DIRECTION('',(-0.,1.,0.));
#12024 = DIRECTION('',(0.,0.,1.));
#12025 = ADVANCED_FACE('',(#12026),#12032,.T.);
#12026 = FACE_BOUND('',#12027,.T.);
#12027 = EDGE_LOOP('',(#12028,#12029,#12030,#12031));
#12028 = ORIENTED_EDGE('',*,*,#11780,.F.);
#12029 = ORIENTED_EDGE('',*,*,#11894,.T.);
#12030 = ORIENTED_EDGE('',*,*,#12015,.T.);
#12031 = ORIENTED_EDGE('',*,*,#11757,.F.);
#12032 = PLANE('',#12033);
#12033 = AXIS2_PLACEMENT_3D('',#12034,#12035,#12036);
#12034 = CARTESIAN_POINT('',(25.714285714286,0.,0.));
#12035 = DIRECTION('',(1.,0.,-0.));
#12036 = DIRECTION('',(0.,0.,1.));
#12037 = ADVANCED_FACE('',(#12038),#12049,.F.);
#12038 = FACE_BOUND('',#12039,.F.);
#12039 = EDGE_LOOP('',(#12040,#12041,#12042,#12048));
#12040 = ORIENTED_EDGE('',*,*,#11787,.F.);
#12041 = ORIENTED_EDGE('',*,*,#11916,.T.);
#12042 = ORIENTED_EDGE('',*,*,#12043,.T.);
#12043 = EDGE_CURVE('',#11917,#11802,#12044,.T.);
#12044 = LINE('',#12045,#12046);
#12045 = CARTESIAN_POINT('',(34.285714285714,40.,0.));
#12046 = VECTOR('',#12047,1.);
#12047 = DIRECTION('',(0.,0.,1.));
#12048 = ORIENTED_EDGE('',*,*,#11801,.F.);
#12049 = PLANE('',#12050);
#12050 = AXIS2_PLACEMENT_3D('',#12051,#12052,#12053);
#12051 = CARTESIAN_POINT('',(34.285714285714,0.,0.));
#12052 = DIRECTION('',(1.,0.,-0.));
#12053 = DIRECTION('',(0.,0.,1.));
#12054 = ADVANCED_FACE('',(#12055),#12066,.T.);
#12055 = FACE_BOUND('',#12056,.T.);
#12056 = EDGE_LOOP('',(#12057,#12058,#12059,#12060));
#12057 = ORIENTED_EDGE('',*,*,#11933,.F.);
#12058 = ORIENTED_EDGE('',*,*,#12043,.T.);
#12059 = ORIENTED_EDGE('',*,*,#11818,.T.);
#12060 = ORIENTED_EDGE('',*,*,#12061,.F.);
#12061 = EDGE_CURVE('',#11926,#11811,#12062,.T.);
#12062 = LINE('',#12063,#12064);
#12063 = CARTESIAN_POINT('',(42.857142857143,40.,0.));
#12064 = VECTOR('',#12065,1.);
#12065 = DIRECTION('',(0.,0.,1.));
#12066 = PLANE('',#12067);
#12067 = AXIS2_PLACEMENT_3D('',#12068,#12069,#12070);
#12068 = CARTESIAN_POINT('',(34.285714285714,40.,0.));
#12069 = DIRECTION('',(-0.,1.,0.));
#12070 = DIRECTION('',(0.,0.,1.));
#12071 = ADVANCED_FACE('',(#12072),#12078,.T.);
#12072 = FACE_BOUND('',#12073,.T.);
#12073 = EDGE_LOOP('',(#12074,#12075,#12076,#12077));
#12074 = ORIENTED_EDGE('',*,*,#11833,.F.);
#12075 = ORIENTED_EDGE('',*,*,#11925,.T.);
#12076 = ORIENTED_EDGE('',*,*,#12061,.T.);
#12077 = ORIENTED_EDGE('',*,*,#11810,.F.);
#12078 = PLANE('',#12079);
#12079 = AXIS2_PLACEMENT_3D('',#12080,#12081,#12082);
#12080 = CARTESIAN_POINT('',(42.857142857143,0.,0.));
#12081 = DIRECTION('',(1.,0.,-0.));
#12082 = DIRECTION('',(0.,0.,1.));
#12083 = ADVANCED_FACE('',(#12084),#12095,.F.);
#12084 = FACE_BOUND('',#12085,.F.);
#12085 = EDGE_LOOP('',(#12086,#12087,#12088,#12094));
#12086 = ORIENTED_EDGE('',*,*,#11840,.F.);
#12087 = ORIENTED_EDGE('',*,*,#11947,.T.);
#12088 = ORIENTED_EDGE('',*,*,#12089,.T.);
#12089 = EDGE_CURVE('',#11948,#11855,#12090,.T.);
#12090 = LINE('',#12091,#12092);
#12091 = CARTESIAN_POINT('',(51.428571428571,40.,0.));
#12092 = VECTOR('',#12093,1.);
#12093 = DIRECTION('',(0.,0.,1.));
#12094 = ORIENTED_EDGE('',*,*,#11854,.F.);
#12095 = PLANE('',#12096);
#12096 = AXIS2_PLACEMENT_3D('',#12097,#12098,#12099);
#12097 = CARTESIAN_POINT('',(51.428571428571,0.,0.));
#12098 = DIRECTION('',(1.,0.,-0.));
#12099 = DIRECTION('',(0.,0.,1.));
#12100 = ADVANCED_FACE('',(#12101),#12107,.T.);
#12101 = FACE_BOUND('',#12102,.T.);
#12102 = EDGE_LOOP('',(#12103,#12104,#12105,#12106));
#12103 = ORIENTED_EDGE('',*,*,#11964,.F.);
#12104 = ORIENTED_EDGE('',*,*,#12089,.T.);
#12105 = ORIENTED_EDGE('',*,*,#11871,.T.);
#12106 = ORIENTED_EDGE('',*,*,#11980,.F.);
#12107 = PLANE('',#12108);
#12108 = AXIS2_PLACEMENT_3D('',#12109,#12110,#12111);
#12109 = CARTESIAN_POINT('',(51.428571428571,40.,0.));
#12110 = DIRECTION('',(-0.,1.,0.));
#12111 = DIRECTION('',(0.,0.,1.));
#12112 = ( GEOMETRIC_REPRESENTATION_CONTEXT(3) 
GLOBAL_UNCERTAINTY_ASSIGNED_CONTEXT((#12116)) 
GLOBAL_UNIT_ASSIGNED_CONTEXT((#12113,#12114,#12115)) 
REPRESENTATION_CONTEXT('Context #1',
  '3D Context with UNIT and UNCERTAINTY') );
#12113 = ( LENGTH_UNIT() NAMED_UNIT(*) SI_UNIT(.MILLI.,.METRE.) );
#12114 = ( NAMED_UNIT(*) PLANE_ANGLE_UNIT() SI_UNIT($,.RADIAN.) );
#12115 = ( NAMED_UNIT(*) SI_UNIT($,.STERADIAN.) SOLID_ANGLE_UNIT() );
#12116 = UNCERTAINTY_MEASURE_WITH_UNIT(LENGTH_MEASURE(1.E-07),#12113,
  'distance_accuracy_value','confusion accuracy');
#12117 = CONTEXT_DEPENDENT_SHAPE_REPRESENTATION(#12118,#12120);
#12118 = ( REPRESENTATION_RELATIONSHIP('','',#11379,#10) 
REPRESENTATION_RELATIONSHIP_WITH_TRANSFORMATION(#12119) 
SHAPE_REPRESENTATION_RELATIONSHIP() );
#12119 = ITEM_DEFINED_TRANSFORMATION('','',#11,#35);
#12120 = PRODUCT_DEFINITION_SHAPE('Placement','Placement of an item',
  #12121);
#12121 = NEXT_ASSEMBLY_USAGE_OCCURRENCE('432','Fins','',#5,#11374,$);
#12122 = PRODUCT_RELATED_PRODUCT_CATEGORY('part',$,(#11376));
#12123 = SHAPE_DEFINITION_REPRESENTATION(#12124,#12130);
#12124 = PRODUCT_DEFINITION_SHAPE('','',#12125);
#12125 = PRODUCT_DEFINITION('design','',#12126,#12129);
#12126 = PRODUCT_DEFINITION_FORMATION('','',#12127);
#12127 = PRODUCT('Air','Air','',(#12128));
#12128 = PRODUCT_CONTEXT('',#2,'mechanical');
#12129 = PRODUCT_DEFINITION_CONTEXT('part definition',#2,'design');
#12130 = ADVANCED_BREP_SHAPE_REPRESENTATION('',(#11,#12131),#13289);
#12131 = MANIFOLD_SOLID_BREP('',#12132);
#12132 = CLOSED_SHELL('',(#12133,#12173,#12238,#12262,#12286,#12303,
    #12315,#12346,#12370,#12394,#12411,#12457,#12488,#12512,#12536,
    #12553,#12599,#12678,#12702,#12726,#12791,#12822,#12844,#12875,
    #12897,#12928,#12950,#12981,#13005,#13029,#13053,#13084,#13115,
    #13139,#13156,#13168,#13185,#13202,#13214,#13231,#13248,#13260,
    #13277));
#12133 = ADVANCED_FACE('',(#12134),#12168,.F.);
#12134 = FACE_BOUND('',#12135,.F.);
#12135 = EDGE_LOOP('',(#12136,#12146,#12154,#12162));
#12136 = ORIENTED_EDGE('',*,*,#12137,.F.);
#12137 = EDGE_CURVE('',#12138,#12140,#12142,.T.);
#12138 = VERTEX_POINT('',#12139);
#12139 = CARTESIAN_POINT('',(-26.,0.,-65.));
#12140 = VERTEX_POINT('',#12141);
#12141 = CARTESIAN_POINT('',(-26.,0.,85.));
#12142 = LINE('',#12143,#12144);
#12143 = CARTESIAN_POINT('',(-26.,0.,-65.));
#12144 = VECTOR('',#12145,1.);
#12145 = DIRECTION('',(0.,0.,1.));
#12146 = ORIENTED_EDGE('',*,*,#12147,.T.);
#12147 = EDGE_CURVE('',#12138,#12148,#12150,.T.);
#12148 = VERTEX_POINT('',#12149);
#12149 = CARTESIAN_POINT('',(-26.,66.75,-65.));
#12150 = LINE('',#12151,#12152);
#12151 = CARTESIAN_POINT('',(-26.,0.,-65.));
#12152 = VECTOR('',#12153,1.);
#12153 = DIRECTION('',(-0.,1.,0.));
#12154 = ORIENTED_EDGE('',*,*,#12155,.T.);
#12155 = EDGE_CURVE('',#12148,#12156,#12158,.T.);
#12156 = VERTEX_POINT('',#12157);
#12157 = CARTESIAN_POINT('',(-26.,66.75,85.));
#12158 = LINE('',#12159,#12160);
#12159 = CARTESIAN_POINT('',(-26.,66.75,-65.));
#12160 = VECTOR('',#12161,1.);
#12161 = DIRECTION('',(0.,0.,1.));
#12162 = ORIENTED_EDGE('',*,*,#12163,.F.);
#12163 = EDGE_CURVE('',#12140,#12156,#12164,.T.);
#12164 = LINE('',#12165,#12166);
#12165 = CARTESIAN_POINT('',(-26.,0.,85.));
#12166 = VECTOR('',#12167,1.);
#12167 = DIRECTION('',(-0.,1.,0.));
#12168 = PLANE('',#12169);
#12169 = AXIS2_PLACEMENT_3D('',#12170,#12171,#12172);
#12170 = CARTESIAN_POINT('',(-26.,0.,-65.));
#12171 = DIRECTION('',(1.,0.,-0.));
#12172 = DIRECTION('',(0.,0.,1.));
#12173 = ADVANCED_FACE('',(#12174,#12199),#12233,.F.);
#12174 = FACE_BOUND('',#12175,.F.);
#12175 = EDGE_LOOP('',(#12176,#12184,#12185,#12193));
#12176 = ORIENTED_EDGE('',*,*,#12177,.F.);
#12177 = EDGE_CURVE('',#12138,#12178,#12180,.T.);
#12178 = VERTEX_POINT('',#12179);
#12179 = CARTESIAN_POINT('',(46.,0.,-65.));
#12180 = LINE('',#12181,#12182);
#12181 = CARTESIAN_POINT('',(-26.,0.,-65.));
#12182 = VECTOR('',#12183,1.);
#12183 = DIRECTION('',(1.,0.,-0.));
#12184 = ORIENTED_EDGE('',*,*,#12137,.T.);
#12185 = ORIENTED_EDGE('',*,*,#12186,.T.);
#12186 = EDGE_CURVE('',#12140,#12187,#12189,.T.);
#12187 = VERTEX_POINT('',#12188);
#12188 = CARTESIAN_POINT('',(46.,0.,85.));
#12189 = LINE('',#12190,#12191);
#12190 = CARTESIAN_POINT('',(-26.,0.,85.));
#12191 = VECTOR('',#12192,1.);
#12192 = DIRECTION('',(1.,0.,-0.));
#12193 = ORIENTED_EDGE('',*,*,#12194,.F.);
#12194 = EDGE_CURVE('',#12178,#12187,#12195,.T.);
#12195 = LINE('',#12196,#12197);
#12196 = CARTESIAN_POINT('',(46.,0.,-65.));
#12197 = VECTOR('',#12198,1.);
#12198 = DIRECTION('',(0.,0.,1.));
#12199 = FACE_BOUND('',#12200,.F.);
#12200 = EDGE_LOOP('',(#12201,#12211,#12219,#12227));
#12201 = ORIENTED_EDGE('',*,*,#12202,.F.);
#12202 = EDGE_CURVE('',#12203,#12205,#12207,.T.);
#12203 = VERTEX_POINT('',#12204);
#12204 = CARTESIAN_POINT('',(0.,0.,0.));
#12205 = VERTEX_POINT('',#12206);
#12206 = CARTESIAN_POINT('',(0.,0.,20.));
#12207 = LINE('',#12208,#12209);
#12208 = CARTESIAN_POINT('',(0.,0.,0.));
#12209 = VECTOR('',#12210,1.);
#12210 = DIRECTION('',(0.,0.,1.));
#12211 = ORIENTED_EDGE('',*,*,#12212,.T.);
#12212 = EDGE_CURVE('',#12203,#12213,#12215,.T.);
#12213 = VERTEX_POINT('',#12214);
#12214 = CARTESIAN_POINT('',(20.,0.,0.));
#12215 = LINE('',#12216,#12217);
#12216 = CARTESIAN_POINT('',(0.,0.,0.));
#12217 = VECTOR('',#12218,1.);
#12218 = DIRECTION('',(1.,0.,-0.));
#12219 = ORIENTED_EDGE('',*,*,#12220,.T.);
#12220 = EDGE_CURVE('',#12213,#12221,#12223,.T.);
#12221 = VERTEX_POINT('',#12222);
#12222 = CARTESIAN_POINT('',(20.,0.,20.));
#12223 = LINE('',#12224,#12225);
#12224 = CARTESIAN_POINT('',(20.,0.,0.));
#12225 = VECTOR('',#12226,1.);
#12226 = DIRECTION('',(0.,0.,1.));
#12227 = ORIENTED_EDGE('',*,*,#12228,.F.);
#12228 = EDGE_CURVE('',#12205,#12221,#12229,.T.);
#12229 = LINE('',#12230,#12231);
#12230 = CARTESIAN_POINT('',(0.,0.,20.));
#12231 = VECTOR('',#12232,1.);
#12232 = DIRECTION('',(1.,0.,-0.));
#12233 = PLANE('',#12234);
#12234 = AXIS2_PLACEMENT_3D('',#12235,#12236,#12237);
#12235 = CARTESIAN_POINT('',(-26.,0.,-65.));
#12236 = DIRECTION('',(-0.,1.,0.));
#12237 = DIRECTION('',(0.,0.,1.));
#12238 = ADVANCED_FACE('',(#12239),#12257,.T.);
#12239 = FACE_BOUND('',#12240,.T.);
#12240 = EDGE_LOOP('',(#12241,#12242,#12243,#12251));
#12241 = ORIENTED_EDGE('',*,*,#12163,.F.);
#12242 = ORIENTED_EDGE('',*,*,#12186,.T.);
#12243 = ORIENTED_EDGE('',*,*,#12244,.T.);
#12244 = EDGE_CURVE('',#12187,#12245,#12247,.T.);
#12245 = VERTEX_POINT('',#12246);
#12246 = CARTESIAN_POINT('',(46.,66.75,85.));
#12247 = LINE('',#12248,#12249);
#12248 = CARTESIAN_POINT('',(46.,0.,85.));
#12249 = VECTOR('',#12250,1.);
#12250 = DIRECTION('',(-0.,1.,0.));
#12251 = ORIENTED_EDGE('',*,*,#12252,.F.);
#12252 = EDGE_CURVE('',#12156,#12245,#12253,.T.);
#12253 = LINE('',#12254,#12255);
#12254 = CARTESIAN_POINT('',(-26.,66.75,85.));
#12255 = VECTOR('',#12256,1.);
#12256 = DIRECTION('',(1.,0.,-0.));
#12257 = PLANE('',#12258);
#12258 = AXIS2_PLACEMENT_3D('',#12259,#12260,#12261);
#12259 = CARTESIAN_POINT('',(-26.,0.,85.));
#12260 = DIRECTION('',(0.,0.,1.));
#12261 = DIRECTION('',(1.,0.,-0.));
#12262 = ADVANCED_FACE('',(#12263),#12281,.T.);
#12263 = FACE_BOUND('',#12264,.T.);
#12264 = EDGE_LOOP('',(#12265,#12273,#12274,#12275));
#12265 = ORIENTED_EDGE('',*,*,#12266,.F.);
#12266 = EDGE_CURVE('',#12148,#12267,#12269,.T.);
#12267 = VERTEX_POINT('',#12268);
#12268 = CARTESIAN_POINT('',(46.,66.75,-65.));
#12269 = LINE('',#12270,#12271);
#12270 = CARTESIAN_POINT('',(-26.,66.75,-65.));
#12271 = VECTOR('',#12272,1.);
#12272 = DIRECTION('',(1.,0.,-0.));
#12273 = ORIENTED_EDGE('',*,*,#12155,.T.);
#12274 = ORIENTED_EDGE('',*,*,#12252,.T.);
#12275 = ORIENTED_EDGE('',*,*,#12276,.F.);
#12276 = EDGE_CURVE('',#12267,#12245,#12277,.T.);
#12277 = LINE('',#12278,#12279);
#12278 = CARTESIAN_POINT('',(46.,66.75,-65.));
#12279 = VECTOR('',#12280,1.);
#12280 = DIRECTION('',(0.,0.,1.));
#12281 = PLANE('',#12282);
#12282 = AXIS2_PLACEMENT_3D('',#12283,#12284,#12285);
#12283 = CARTESIAN_POINT('',(-26.,66.75,-65.));
#12284 = DIRECTION('',(-0.,1.,0.));
#12285 = DIRECTION('',(0.,0.,1.));
#12286 = ADVANCED_FACE('',(#12287),#12298,.F.);
#12287 = FACE_BOUND('',#12288,.F.);
#12288 = EDGE_LOOP('',(#12289,#12290,#12291,#12297));
#12289 = ORIENTED_EDGE('',*,*,#12147,.F.);
#12290 = ORIENTED_EDGE('',*,*,#12177,.T.);
#12291 = ORIENTED_EDGE('',*,*,#12292,.T.);
#12292 = EDGE_CURVE('',#12178,#12267,#12293,.T.);
#12293 = LINE('',#12294,#12295);
#12294 = CARTESIAN_POINT('',(46.,0.,-65.));
#12295 = VECTOR('',#12296,1.);
#12296 = DIRECTION('',(-0.,1.,0.));
#12297 = ORIENTED_EDGE('',*,*,#12266,.F.);
#12298 = PLANE('',#12299);
#12299 = AXIS2_PLACEMENT_3D('',#12300,#12301,#12302);
#12300 = CARTESIAN_POINT('',(-26.,0.,-65.));
#12301 = DIRECTION('',(0.,0.,1.));
#12302 = DIRECTION('',(1.,0.,-0.));
#12303 = ADVANCED_FACE('',(#12304),#12310,.T.);
#12304 = FACE_BOUND('',#12305,.T.);
#12305 = EDGE_LOOP('',(#12306,#12307,#12308,#12309));
#12306 = ORIENTED_EDGE('',*,*,#12194,.F.);
#12307 = ORIENTED_EDGE('',*,*,#12292,.T.);
#12308 = ORIENTED_EDGE('',*,*,#12276,.T.);
#12309 = ORIENTED_EDGE('',*,*,#12244,.F.);
#12310 = PLANE('',#12311);
#12311 = AXIS2_PLACEMENT_3D('',#12312,#12313,#12314);
#12312 = CARTESIAN_POINT('',(46.,0.,-65.));
#12313 = DIRECTION('',(1.,0.,-0.));
#12314 = DIRECTION('',(0.,0.,1.));
#12315 = ADVANCED_FACE('',(#12316),#12341,.T.);
#12316 = FACE_BOUND('',#12317,.T.);
#12317 = EDGE_LOOP('',(#12318,#12319,#12327,#12335));
#12318 = ORIENTED_EDGE('',*,*,#12202,.F.);
#12319 = ORIENTED_EDGE('',*,*,#12320,.T.);
#12320 = EDGE_CURVE('',#12203,#12321,#12323,.T.);
#12321 = VERTEX_POINT('',#12322);
#12322 = CARTESIAN_POINT('',(0.,0.5,0.));
#12323 = LINE('',#12324,#12325);
#12324 = CARTESIAN_POINT('',(0.,0.,0.));
#12325 = VECTOR('',#12326,1.);
#12326 = DIRECTION('',(-0.,1.,0.));
#12327 = ORIENTED_EDGE('',*,*,#12328,.T.);
#12328 = EDGE_CURVE('',#12321,#12329,#12331,.T.);
#12329 = VERTEX_POINT('',#12330);
#12330 = CARTESIAN_POINT('',(0.,0.5,20.));
#12331 = LINE('',#12332,#12333);
#12332 = CARTESIAN_POINT('',(0.,0.5,0.));
#12333 = VECTOR('',#12334,1.);
#12334 = DIRECTION('',(0.,0.,1.));
#12335 = ORIENTED_EDGE('',*,*,#12336,.F.);
#12336 = EDGE_CURVE('',#12205,#12329,#12337,.T.);
#12337 = LINE('',#12338,#12339);
#12338 = CARTESIAN_POINT('',(0.,0.,20.));
#12339 = VECTOR('',#12340,1.);
#12340 = DIRECTION('',(-0.,1.,0.));
#12341 = PLANE('',#12342);
#12342 = AXIS2_PLACEMENT_3D('',#12343,#12344,#12345);
#12343 = CARTESIAN_POINT('',(0.,0.,0.));
#12344 = DIRECTION('',(1.,0.,-0.));
#12345 = DIRECTION('',(0.,0.,1.));
#12346 = ADVANCED_FACE('',(#12347),#12365,.F.);
#12347 = FACE_BOUND('',#12348,.F.);
#12348 = EDGE_LOOP('',(#12349,#12350,#12351,#12359));
#12349 = ORIENTED_EDGE('',*,*,#12336,.F.);
#12350 = ORIENTED_EDGE('',*,*,#12228,.T.);
#12351 = ORIENTED_EDGE('',*,*,#12352,.T.);
#12352 = EDGE_CURVE('',#12221,#12353,#12355,.T.);
#12353 = VERTEX_POINT('',#12354);
#12354 = CARTESIAN_POINT('',(20.,0.5,20.));
#12355 = LINE('',#12356,#12357);
#12356 = CARTESIAN_POINT('',(20.,0.,20.));
#12357 = VECTOR('',#12358,1.);
#12358 = DIRECTION('',(-0.,1.,0.));
#12359 = ORIENTED_EDGE('',*,*,#12360,.F.);
#12360 = EDGE_CURVE('',#12329,#12353,#12361,.T.);
#12361 = LINE('',#12362,#12363);
#12362 = CARTESIAN_POINT('',(0.,0.5,20.));
#12363 = VECTOR('',#12364,1.);
#12364 = DIRECTION('',(1.,0.,-0.));
#12365 = PLANE('',#12366);
#12366 = AXIS2_PLACEMENT_3D('',#12367,#12368,#12369);
#12367 = CARTESIAN_POINT('',(0.,0.,20.));
#12368 = DIRECTION('',(0.,0.,1.));
#12369 = DIRECTION('',(1.,0.,-0.));
#12370 = ADVANCED_FACE('',(#12371),#12389,.F.);
#12371 = FACE_BOUND('',#12372,.F.);
#12372 = EDGE_LOOP('',(#12373,#12374,#12382,#12388));
#12373 = ORIENTED_EDGE('',*,*,#12220,.F.);
#12374 = ORIENTED_EDGE('',*,*,#12375,.T.);
#12375 = EDGE_CURVE('',#12213,#12376,#12378,.T.);
#12376 = VERTEX_POINT('',#12377);
#12377 = CARTESIAN_POINT('',(20.,0.5,0.));
#12378 = LINE('',#12379,#12380);
#12379 = CARTESIAN_POINT('',(20.,0.,0.));
#12380 = VECTOR('',#12381,1.);
#12381 = DIRECTION('',(-0.,1.,0.));
#12382 = ORIENTED_EDGE('',*,*,#12383,.T.);
#12383 = EDGE_CURVE('',#12376,#12353,#12384,.T.);
#12384 = LINE('',#12385,#12386);
#12385 = CARTESIAN_POINT('',(20.,0.5,0.));
#12386 = VECTOR('',#12387,1.);
#12387 = DIRECTION('',(0.,0.,1.));
#12388 = ORIENTED_EDGE('',*,*,#12352,.F.);
#12389 = PLANE('',#12390);
#12390 = AXIS2_PLACEMENT_3D('',#12391,#12392,#12393);
#12391 = CARTESIAN_POINT('',(20.,0.,0.));
#12392 = DIRECTION('',(1.,0.,-0.));
#12393 = DIRECTION('',(0.,0.,1.));
#12394 = ADVANCED_FACE('',(#12395),#12406,.T.);
#12395 = FACE_BOUND('',#12396,.T.);
#12396 = EDGE_LOOP('',(#12397,#12398,#12399,#12400));
#12397 = ORIENTED_EDGE('',*,*,#12320,.F.);
#12398 = ORIENTED_EDGE('',*,*,#12212,.T.);
#12399 = ORIENTED_EDGE('',*,*,#12375,.T.);
#12400 = ORIENTED_EDGE('',*,*,#12401,.F.);
#12401 = EDGE_CURVE('',#12321,#12376,#12402,.T.);
#12402 = LINE('',#12403,#12404);
#12403 = CARTESIAN_POINT('',(0.,0.5,0.));
#12404 = VECTOR('',#12405,1.);
#12405 = DIRECTION('',(1.,0.,-0.));
#12406 = PLANE('',#12407);
#12407 = AXIS2_PLACEMENT_3D('',#12408,#12409,#12410);
#12408 = CARTESIAN_POINT('',(0.,0.,0.));
#12409 = DIRECTION('',(0.,0.,1.));
#12410 = DIRECTION('',(1.,0.,-0.));
#12411 = ADVANCED_FACE('',(#12412,#12446),#12452,.T.);
#12412 = FACE_BOUND('',#12413,.T.);
#12413 = EDGE_LOOP('',(#12414,#12424,#12432,#12440));
#12414 = ORIENTED_EDGE('',*,*,#12415,.F.);
#12415 = EDGE_CURVE('',#12416,#12418,#12420,.T.);
#12416 = VERTEX_POINT('',#12417);
#12417 = CARTESIAN_POINT('',(-10.,0.5,-20.));
#12418 = VERTEX_POINT('',#12419);
#12419 = CARTESIAN_POINT('',(30.,0.5,-20.));
#12420 = LINE('',#12421,#12422);
#12421 = CARTESIAN_POINT('',(-10.,0.5,-20.));
#12422 = VECTOR('',#12423,1.);
#12423 = DIRECTION('',(1.,0.,-0.));
#12424 = ORIENTED_EDGE('',*,*,#12425,.T.);
#12425 = EDGE_CURVE('',#12416,#12426,#12428,.T.);
#12426 = VERTEX_POINT('',#12427);
#12427 = CARTESIAN_POINT('',(-10.,0.5,40.));
#12428 = LINE('',#12429,#12430);
#12429 = CARTESIAN_POINT('',(-10.,0.5,-20.));
#12430 = VECTOR('',#12431,1.);
#12431 = DIRECTION('',(0.,0.,1.));
#12432 = ORIENTED_EDGE('',*,*,#12433,.T.);
#12433 = EDGE_CURVE('',#12426,#12434,#12436,.T.);
#12434 = VERTEX_POINT('',#12435);
#12435 = CARTESIAN_POINT('',(30.,0.5,40.));
#12436 = LINE('',#12437,#12438);
#12437 = CARTESIAN_POINT('',(-10.,0.5,40.));
#12438 = VECTOR('',#12439,1.);
#12439 = DIRECTION('',(1.,0.,-0.));
#12440 = ORIENTED_EDGE('',*,*,#12441,.F.);
#12441 = EDGE_CURVE('',#12418,#12434,#12442,.T.);
#12442 = LINE('',#12443,#12444);
#12443 = CARTESIAN_POINT('',(30.,0.5,-20.));
#12444 = VECTOR('',#12445,1.);
#12445 = DIRECTION('',(0.,0.,1.));
#12446 = FACE_BOUND('',#12447,.T.);
#12447 = EDGE_LOOP('',(#12448,#12449,#12450,#12451));
#12448 = ORIENTED_EDGE('',*,*,#12328,.F.);
#12449 = ORIENTED_EDGE('',*,*,#12401,.T.);
#12450 = ORIENTED_EDGE('',*,*,#12383,.T.);
#12451 = ORIENTED_EDGE('',*,*,#12360,.F.);
#12452 = PLANE('',#12453);
#12453 = AXIS2_PLACEMENT_3D('',#12454,#12455,#12456);
#12454 = CARTESIAN_POINT('',(-10.,0.5,-20.));
#12455 = DIRECTION('',(-0.,1.,0.));
#12456 = DIRECTION('',(0.,0.,1.));
#12457 = ADVANCED_FACE('',(#12458),#12483,.T.);
#12458 = FACE_BOUND('',#12459,.T.);
#12459 = EDGE_LOOP('',(#12460,#12468,#12469,#12477));
#12460 = ORIENTED_EDGE('',*,*,#12461,.F.);
#12461 = EDGE_CURVE('',#12416,#12462,#12464,.T.);
#12462 = VERTEX_POINT('',#12463);
#12463 = CARTESIAN_POINT('',(-10.,2.5,-20.));
#12464 = LINE('',#12465,#12466);
#12465 = CARTESIAN_POINT('',(-10.,0.5,-20.));
#12466 = VECTOR('',#12467,1.);
#12467 = DIRECTION('',(-0.,1.,0.));
#12468 = ORIENTED_EDGE('',*,*,#12415,.T.);
#12469 = ORIENTED_EDGE('',*,*,#12470,.T.);
#12470 = EDGE_CURVE('',#12418,#12471,#12473,.T.);
#12471 = VERTEX_POINT('',#12472);
#12472 = CARTESIAN_POINT('',(30.,2.5,-20.));
#12473 = LINE('',#12474,#12475);
#12474 = CARTESIAN_POINT('',(30.,0.5,-20.));
#12475 = VECTOR('',#12476,1.);
#12476 = DIRECTION('',(-0.,1.,0.));
#12477 = ORIENTED_EDGE('',*,*,#12478,.F.);
#12478 = EDGE_CURVE('',#12462,#12471,#12479,.T.);
#12479 = LINE('',#12480,#12481);
#12480 = CARTESIAN_POINT('',(-10.,2.5,-20.));
#12481 = VECTOR('',#12482,1.);
#12482 = DIRECTION('',(1.,0.,-0.));
#12483 = PLANE('',#12484);
#12484 = AXIS2_PLACEMENT_3D('',#12485,#12486,#12487);
#12485 = CARTESIAN_POINT('',(-10.,0.5,-20.));
#12486 = DIRECTION('',(0.,0.,1.));
#12487 = DIRECTION('',(1.,0.,-0.));
#12488 = ADVANCED_FACE('',(#12489),#12507,.F.);
#12489 = FACE_BOUND('',#12490,.F.);
#12490 = EDGE_LOOP('',(#12491,#12492,#12493,#12501));
#12491 = ORIENTED_EDGE('',*,*,#12441,.F.);
#12492 = ORIENTED_EDGE('',*,*,#12470,.T.);
#12493 = ORIENTED_EDGE('',*,*,#12494,.T.);
#12494 = EDGE_CURVE('',#12471,#12495,#12497,.T.);
#12495 = VERTEX_POINT('',#12496);
#12496 = CARTESIAN_POINT('',(30.,2.5,40.));
#12497 = LINE('',#12498,#12499);
#12498 = CARTESIAN_POINT('',(30.,2.5,-20.));
#12499 = VECTOR('',#12500,1.);
#12500 = DIRECTION('',(0.,0.,1.));
#12501 = ORIENTED_EDGE('',*,*,#12502,.F.);
#12502 = EDGE_CURVE('',#12434,#12495,#12503,.T.);
#12503 = LINE('',#12504,#12505);
#12504 = CARTESIAN_POINT('',(30.,0.5,40.));
#12505 = VECTOR('',#12506,1.);
#12506 = DIRECTION('',(-0.,1.,0.));
#12507 = PLANE('',#12508);
#12508 = AXIS2_PLACEMENT_3D('',#12509,#12510,#12511);
#12509 = CARTESIAN_POINT('',(30.,0.5,-20.));
#12510 = DIRECTION('',(1.,0.,-0.));
#12511 = DIRECTION('',(0.,0.,1.));
#12512 = ADVANCED_FACE('',(#12513),#12531,.T.);
#12513 = FACE_BOUND('',#12514,.T.);
#12514 = EDGE_LOOP('',(#12515,#12516,#12517,#12525));
#12515 = ORIENTED_EDGE('',*,*,#12425,.F.);
#12516 = ORIENTED_EDGE('',*,*,#12461,.T.);
#12517 = ORIENTED_EDGE('',*,*,#12518,.T.);
#12518 = EDGE_CURVE('',#12462,#12519,#12521,.T.);
#12519 = VERTEX_POINT('',#12520);
#12520 = CARTESIAN_POINT('',(-10.,2.5,40.));
#12521 = LINE('',#12522,#12523);
#12522 = CARTESIAN_POINT('',(-10.,2.5,-20.));
#12523 = VECTOR('',#12524,1.);
#12524 = DIRECTION('',(0.,0.,1.));
#12525 = ORIENTED_EDGE('',*,*,#12526,.F.);
#12526 = EDGE_CURVE('',#12426,#12519,#12527,.T.);
#12527 = LINE('',#12528,#12529);
#12528 = CARTESIAN_POINT('',(-10.,0.5,40.));
#12529 = VECTOR('',#12530,1.);
#12530 = DIRECTION('',(-0.,1.,0.));
#12531 = PLANE('',#12532);
#12532 = AXIS2_PLACEMENT_3D('',#12533,#12534,#12535);
#12533 = CARTESIAN_POINT('',(-10.,0.5,-20.));
#12534 = DIRECTION('',(1.,0.,-0.));
#12535 = DIRECTION('',(0.,0.,1.));
#12536 = ADVANCED_FACE('',(#12537),#12548,.F.);
#12537 = FACE_BOUND('',#12538,.F.);
#12538 = EDGE_LOOP('',(#12539,#12540,#12541,#12542));
#12539 = ORIENTED_EDGE('',*,*,#12526,.F.);
#12540 = ORIENTED_EDGE('',*,*,#12433,.T.);
#12541 = ORIENTED_EDGE('',*,*,#12502,.T.);
#12542 = ORIENTED_EDGE('',*,*,#12543,.F.);
#12543 = EDGE_CURVE('',#12519,#12495,#12544,.T.);
#12544 = LINE('',#12545,#12546);
#12545 = CARTESIAN_POINT('',(-10.,2.5,40.));
#12546 = VECTOR('',#12547,1.);
#12547 = DIRECTION('',(1.,0.,-0.));
#12548 = PLANE('',#12549);
#12549 = AXIS2_PLACEMENT_3D('',#12550,#12551,#12552);
#12550 = CARTESIAN_POINT('',(-10.,0.5,40.));
#12551 = DIRECTION('',(0.,0.,1.));
#12552 = DIRECTION('',(1.,0.,-0.));
#12553 = ADVANCED_FACE('',(#12554,#12588),#12594,.T.);
#12554 = FACE_BOUND('',#12555,.T.);
#12555 = EDGE_LOOP('',(#12556,#12566,#12574,#12582));
#12556 = ORIENTED_EDGE('',*,*,#12557,.F.);
#12557 = EDGE_CURVE('',#12558,#12560,#12562,.T.);
#12558 = VERTEX_POINT('',#12559);
#12559 = CARTESIAN_POINT('',(-20.,2.5,-40.));
#12560 = VERTEX_POINT('',#12561);
#12561 = CARTESIAN_POINT('',(40.,2.5,-40.));
#12562 = LINE('',#12563,#12564);
#12563 = CARTESIAN_POINT('',(-20.,2.5,-40.));
#12564 = VECTOR('',#12565,1.);
#12565 = DIRECTION('',(1.,0.,-0.));
#12566 = ORIENTED_EDGE('',*,*,#12567,.T.);
#12567 = EDGE_CURVE('',#12558,#12568,#12570,.T.);
#12568 = VERTEX_POINT('',#12569);
#12569 = CARTESIAN_POINT('',(-20.,2.5,60.));
#12570 = LINE('',#12571,#12572);
#12571 = CARTESIAN_POINT('',(-20.,2.5,-40.));
#12572 = VECTOR('',#12573,1.);
#12573 = DIRECTION('',(0.,0.,1.));
#12574 = ORIENTED_EDGE('',*,*,#12575,.T.);
#12575 = EDGE_CURVE('',#12568,#12576,#12578,.T.);
#12576 = VERTEX_POINT('',#12577);
#12577 = CARTESIAN_POINT('',(40.,2.5,60.));
#12578 = LINE('',#12579,#12580);
#12579 = CARTESIAN_POINT('',(-20.,2.5,60.));
#12580 = VECTOR('',#12581,1.);
#12581 = DIRECTION('',(1.,0.,-0.));
#12582 = ORIENTED_EDGE('',*,*,#12583,.F.);
#12583 = EDGE_CURVE('',#12560,#12576,#12584,.T.);
#12584 = LINE('',#12585,#12586);
#12585 = CARTESIAN_POINT('',(40.,2.5,-40.));
#12586 = VECTOR('',#12587,1.);
#12587 = DIRECTION('',(0.,0.,1.));
#12588 = FACE_BOUND('',#12589,.T.);
#12589 = EDGE_LOOP('',(#12590,#12591,#12592,#12593));
#12590 = ORIENTED_EDGE('',*,*,#12518,.F.);
#12591 = ORIENTED_EDGE('',*,*,#12478,.T.);
#12592 = ORIENTED_EDGE('',*,*,#12494,.T.);
#12593 = ORIENTED_EDGE('',*,*,#12543,.F.);
#12594 = PLANE('',#12595);
#12595 = AXIS2_PLACEMENT_3D('',#12596,#12597,#12598);
#12596 = CARTESIAN_POINT('',(-20.,2.5,-40.));
#12597 = DIRECTION('',(-0.,1.,0.));
#12598 = DIRECTION('',(0.,0.,1.));
#12599 = ADVANCED_FACE('',(#12600),#12673,.T.);
#12600 = FACE_BOUND('',#12601,.T.);
#12601 = EDGE_LOOP('',(#12602,#12610,#12611,#12619,#12627,#12635,#12643,
    #12651,#12659,#12667));
#12602 = ORIENTED_EDGE('',*,*,#12603,.F.);
#12603 = EDGE_CURVE('',#12558,#12604,#12606,.T.);
#12604 = VERTEX_POINT('',#12605);
#12605 = CARTESIAN_POINT('',(-20.,4.5,-40.));
#12606 = LINE('',#12607,#12608);
#12607 = CARTESIAN_POINT('',(-20.,2.5,-40.));
#12608 = VECTOR('',#12609,1.);
#12609 = DIRECTION('',(-0.,1.,0.));
#12610 = ORIENTED_EDGE('',*,*,#12557,.T.);
#12611 = ORIENTED_EDGE('',*,*,#12612,.T.);
#12612 = EDGE_CURVE('',#12560,#12613,#12615,.T.);
#12613 = VERTEX_POINT('',#12614);
#12614 = CARTESIAN_POINT('',(40.,4.5,-40.));
#12615 = LINE('',#12616,#12617);
#12616 = CARTESIAN_POINT('',(40.,2.5,-40.));
#12617 = VECTOR('',#12618,1.);
#12618 = DIRECTION('',(-0.,1.,0.));
#12619 = ORIENTED_EDGE('',*,*,#12620,.F.);
#12620 = EDGE_CURVE('',#12621,#12613,#12623,.T.);
#12621 = VERTEX_POINT('',#12622);
#12622 = CARTESIAN_POINT('',(31.428571428571,4.5,-40.));
#12623 = LINE('',#12624,#12625);
#12624 = CARTESIAN_POINT('',(31.428571428571,4.5,-40.));
#12625 = VECTOR('',#12626,1.);
#12626 = DIRECTION('',(1.,0.,-0.));
#12627 = ORIENTED_EDGE('',*,*,#12628,.F.);
#12628 = EDGE_CURVE('',#12629,#12621,#12631,.T.);
#12629 = VERTEX_POINT('',#12630);
#12630 = CARTESIAN_POINT('',(22.857142857143,4.5,-40.));
#12631 = LINE('',#12632,#12633);
#12632 = CARTESIAN_POINT('',(-20.,4.5,-40.));
#12633 = VECTOR('',#12634,1.);
#12634 = DIRECTION('',(1.,0.,-0.));
#12635 = ORIENTED_EDGE('',*,*,#12636,.F.);
#12636 = EDGE_CURVE('',#12637,#12629,#12639,.T.);
#12637 = VERTEX_POINT('',#12638);
#12638 = CARTESIAN_POINT('',(14.285714285714,4.5,-40.));
#12639 = LINE('',#12640,#12641);
#12640 = CARTESIAN_POINT('',(14.285714285714,4.5,-40.));
#12641 = VECTOR('',#12642,1.);
#12642 = DIRECTION('',(1.,0.,-0.));
#12643 = ORIENTED_EDGE('',*,*,#12644,.F.);
#12644 = EDGE_CURVE('',#12645,#12637,#12647,.T.);
#12645 = VERTEX_POINT('',#12646);
#12646 = CARTESIAN_POINT('',(5.714285714286,4.5,-40.));
#12647 = LINE('',#12648,#12649);
#12648 = CARTESIAN_POINT('',(-20.,4.5,-40.));
#12649 = VECTOR('',#12650,1.);
#12650 = DIRECTION('',(1.,0.,-0.));
#12651 = ORIENTED_EDGE('',*,*,#12652,.F.);
#12652 = EDGE_CURVE('',#12653,#12645,#12655,.T.);
#12653 = VERTEX_POINT('',#12654);
#12654 = CARTESIAN_POINT('',(-2.857142857143,4.5,-40.));
#12655 = LINE('',#12656,#12657);
#12656 = CARTESIAN_POINT('',(-2.857142857143,4.5,-40.));
#12657 = VECTOR('',#12658,1.);
#12658 = DIRECTION('',(1.,0.,-0.));
#12659 = ORIENTED_EDGE('',*,*,#12660,.F.);
#12660 = EDGE_CURVE('',#12661,#12653,#12663,.T.);
#12661 = VERTEX_POINT('',#12662);
#12662 = CARTESIAN_POINT('',(-11.42857142857,4.5,-40.));
#12663 = LINE('',#12664,#12665);
#12664 = CARTESIAN_POINT('',(-20.,4.5,-40.));
#12665 = VECTOR('',#12666,1.);
#12666 = DIRECTION('',(1.,0.,-0.));
#12667 = ORIENTED_EDGE('',*,*,#12668,.F.);
#12668 = EDGE_CURVE('',#12604,#12661,#12669,.T.);
#12669 = LINE('',#12670,#12671);
#12670 = CARTESIAN_POINT('',(-20.,4.5,-40.));
#12671 = VECTOR('',#12672,1.);
#12672 = DIRECTION('',(1.,0.,-0.));
#12673 = PLANE('',#12674);
#12674 = AXIS2_PLACEMENT_3D('',#12675,#12676,#12677);
#12675 = CARTESIAN_POINT('',(-20.,2.5,-40.));
#12676 = DIRECTION('',(0.,0.,1.));
#12677 = DIRECTION('',(1.,0.,-0.));
#12678 = ADVANCED_FACE('',(#12679),#12697,.F.);
#12679 = FACE_BOUND('',#12680,.F.);
#12680 = EDGE_LOOP('',(#12681,#12682,#12683,#12691));
#12681 = ORIENTED_EDGE('',*,*,#12583,.F.);
#12682 = ORIENTED_EDGE('',*,*,#12612,.T.);
#12683 = ORIENTED_EDGE('',*,*,#12684,.T.);
#12684 = EDGE_CURVE('',#12613,#12685,#12687,.T.);
#12685 = VERTEX_POINT('',#12686);
#12686 = CARTESIAN_POINT('',(40.,4.5,60.));
#12687 = LINE('',#12688,#12689);
#12688 = CARTESIAN_POINT('',(40.,4.5,-40.));
#12689 = VECTOR('',#12690,1.);
#12690 = DIRECTION('',(0.,0.,1.));
#12691 = ORIENTED_EDGE('',*,*,#12692,.F.);
#12692 = EDGE_CURVE('',#12576,#12685,#12693,.T.);
#12693 = LINE('',#12694,#12695);
#12694 = CARTESIAN_POINT('',(40.,2.5,60.));
#12695 = VECTOR('',#12696,1.);
#12696 = DIRECTION('',(-0.,1.,0.));
#12697 = PLANE('',#12698);
#12698 = AXIS2_PLACEMENT_3D('',#12699,#12700,#12701);
#12699 = CARTESIAN_POINT('',(40.,2.5,-40.));
#12700 = DIRECTION('',(1.,0.,-0.));
#12701 = DIRECTION('',(0.,0.,1.));
#12702 = ADVANCED_FACE('',(#12703),#12721,.T.);
#12703 = FACE_BOUND('',#12704,.T.);
#12704 = EDGE_LOOP('',(#12705,#12706,#12707,#12715));
#12705 = ORIENTED_EDGE('',*,*,#12567,.F.);
#12706 = ORIENTED_EDGE('',*,*,#12603,.T.);
#12707 = ORIENTED_EDGE('',*,*,#12708,.T.);
#12708 = EDGE_CURVE('',#12604,#12709,#12711,.T.);
#12709 = VERTEX_POINT('',#12710);
#12710 = CARTESIAN_POINT('',(-20.,4.5,60.));
#12711 = LINE('',#12712,#12713);
#12712 = CARTESIAN_POINT('',(-20.,4.5,-40.));
#12713 = VECTOR('',#12714,1.);
#12714 = DIRECTION('',(0.,0.,1.));
#12715 = ORIENTED_EDGE('',*,*,#12716,.F.);
#12716 = EDGE_CURVE('',#12568,#12709,#12717,.T.);
#12717 = LINE('',#12718,#12719);
#12718 = CARTESIAN_POINT('',(-20.,2.5,60.));
#12719 = VECTOR('',#12720,1.);
#12720 = DIRECTION('',(-0.,1.,0.));
#12721 = PLANE('',#12722);
#12722 = AXIS2_PLACEMENT_3D('',#12723,#12724,#12725);
#12723 = CARTESIAN_POINT('',(-20.,2.5,-40.));
#12724 = DIRECTION('',(1.,0.,-0.));
#12725 = DIRECTION('',(0.,0.,1.));
#12726 = ADVANCED_FACE('',(#12727),#12786,.F.);
#12727 = FACE_BOUND('',#12728,.F.);
#12728 = EDGE_LOOP('',(#12729,#12730,#12731,#12732,#12740,#12748,#12756,
    #12764,#12772,#12780));
#12729 = ORIENTED_EDGE('',*,*,#12716,.F.);
#12730 = ORIENTED_EDGE('',*,*,#12575,.T.);
#12731 = ORIENTED_EDGE('',*,*,#12692,.T.);
#12732 = ORIENTED_EDGE('',*,*,#12733,.F.);
#12733 = EDGE_CURVE('',#12734,#12685,#12736,.T.);
#12734 = VERTEX_POINT('',#12735);
#12735 = CARTESIAN_POINT('',(31.428571428571,4.5,60.));
#12736 = LINE('',#12737,#12738);
#12737 = CARTESIAN_POINT('',(31.428571428571,4.5,60.));
#12738 = VECTOR('',#12739,1.);
#12739 = DIRECTION('',(1.,0.,-0.));
#12740 = ORIENTED_EDGE('',*,*,#12741,.F.);
#12741 = EDGE_CURVE('',#12742,#12734,#12744,.T.);
#12742 = VERTEX_POINT('',#12743);
#12743 = CARTESIAN_POINT('',(22.857142857143,4.5,60.));
#12744 = LINE('',#12745,#12746);
#12745 = CARTESIAN_POINT('',(-20.,4.5,60.));
#12746 = VECTOR('',#12747,1.);
#12747 = DIRECTION('',(1.,0.,-0.));
#12748 = ORIENTED_EDGE('',*,*,#12749,.F.);
#12749 = EDGE_CURVE('',#12750,#12742,#12752,.T.);
#12750 = VERTEX_POINT('',#12751);
#12751 = CARTESIAN_POINT('',(14.285714285714,4.5,60.));
#12752 = LINE('',#12753,#12754);
#12753 = CARTESIAN_POINT('',(14.285714285714,4.5,60.));
#12754 = VECTOR('',#12755,1.);
#12755 = DIRECTION('',(1.,0.,-0.));
#12756 = ORIENTED_EDGE('',*,*,#12757,.F.);
#12757 = EDGE_CURVE('',#12758,#12750,#12760,.T.);
#12758 = VERTEX_POINT('',#12759);
#12759 = CARTESIAN_POINT('',(5.714285714286,4.5,60.));
#12760 = LINE('',#12761,#12762);
#12761 = CARTESIAN_POINT('',(-20.,4.5,60.));
#12762 = VECTOR('',#12763,1.);
#12763 = DIRECTION('',(1.,0.,-0.));
#12764 = ORIENTED_EDGE('',*,*,#12765,.F.);
#12765 = EDGE_CURVE('',#12766,#12758,#12768,.T.);
#12766 = VERTEX_POINT('',#12767);
#12767 = CARTESIAN_POINT('',(-2.857142857143,4.5,60.));
#12768 = LINE('',#12769,#12770);
#12769 = CARTESIAN_POINT('',(-2.857142857143,4.5,60.));
#12770 = VECTOR('',#12771,1.);
#12771 = DIRECTION('',(1.,0.,-0.));
#12772 = ORIENTED_EDGE('',*,*,#12773,.F.);
#12773 = EDGE_CURVE('',#12774,#12766,#12776,.T.);
#12774 = VERTEX_POINT('',#12775);
#12775 = CARTESIAN_POINT('',(-11.42857142857,4.5,60.));
#12776 = LINE('',#12777,#12778);
#12777 = CARTESIAN_POINT('',(-20.,4.5,60.));
#12778 = VECTOR('',#12779,1.);
#12779 = DIRECTION('',(1.,0.,-0.));
#12780 = ORIENTED_EDGE('',*,*,#12781,.F.);
#12781 = EDGE_CURVE('',#12709,#12774,#12782,.T.);
#12782 = LINE('',#12783,#12784);
#12783 = CARTESIAN_POINT('',(-20.,4.5,60.));
#12784 = VECTOR('',#12785,1.);
#12785 = DIRECTION('',(1.,0.,-0.));
#12786 = PLANE('',#12787);
#12787 = AXIS2_PLACEMENT_3D('',#12788,#12789,#12790);
#12788 = CARTESIAN_POINT('',(-20.,2.5,60.));
#12789 = DIRECTION('',(0.,0.,1.));
#12790 = DIRECTION('',(1.,0.,-0.));
#12791 = ADVANCED_FACE('',(#12792),#12817,.T.);
#12792 = FACE_BOUND('',#12793,.T.);
#12793 = EDGE_LOOP('',(#12794,#12802,#12803,#12811));
#12794 = ORIENTED_EDGE('',*,*,#12795,.F.);
#12795 = EDGE_CURVE('',#12604,#12796,#12798,.T.);
#12796 = VERTEX_POINT('',#12797);
#12797 = CARTESIAN_POINT('',(-20.,44.5,-40.));
#12798 = LINE('',#12799,#12800);
#12799 = CARTESIAN_POINT('',(-20.,4.5,-40.));
#12800 = VECTOR('',#12801,1.);
#12801 = DIRECTION('',(-0.,1.,0.));
#12802 = ORIENTED_EDGE('',*,*,#12668,.T.);
#12803 = ORIENTED_EDGE('',*,*,#12804,.T.);
#12804 = EDGE_CURVE('',#12661,#12805,#12807,.T.);
#12805 = VERTEX_POINT('',#12806);
#12806 = CARTESIAN_POINT('',(-11.42857142857,44.5,-40.));
#12807 = LINE('',#12808,#12809);
#12808 = CARTESIAN_POINT('',(-11.42857142857,4.5,-40.));
#12809 = VECTOR('',#12810,1.);
#12810 = DIRECTION('',(-0.,1.,0.));
#12811 = ORIENTED_EDGE('',*,*,#12812,.F.);
#12812 = EDGE_CURVE('',#12796,#12805,#12813,.T.);
#12813 = LINE('',#12814,#12815);
#12814 = CARTESIAN_POINT('',(-20.,44.5,-40.));
#12815 = VECTOR('',#12816,1.);
#12816 = DIRECTION('',(1.,0.,-0.));
#12817 = PLANE('',#12818);
#12818 = AXIS2_PLACEMENT_3D('',#12819,#12820,#12821);
#12819 = CARTESIAN_POINT('',(-20.,4.5,-40.));
#12820 = DIRECTION('',(0.,0.,1.));
#12821 = DIRECTION('',(1.,0.,-0.));
#12822 = ADVANCED_FACE('',(#12823),#12839,.F.);
#12823 = FACE_BOUND('',#12824,.F.);
#12824 = EDGE_LOOP('',(#12825,#12826,#12832,#12833));
#12825 = ORIENTED_EDGE('',*,*,#12660,.F.);
#12826 = ORIENTED_EDGE('',*,*,#12827,.T.);
#12827 = EDGE_CURVE('',#12661,#12774,#12828,.T.);
#12828 = LINE('',#12829,#12830);
#12829 = CARTESIAN_POINT('',(-11.42857142857,4.5,-40.));
#12830 = VECTOR('',#12831,1.);
#12831 = DIRECTION('',(0.,0.,1.));
#12832 = ORIENTED_EDGE('',*,*,#12773,.T.);
#12833 = ORIENTED_EDGE('',*,*,#12834,.F.);
#12834 = EDGE_CURVE('',#12653,#12766,#12835,.T.);
#12835 = LINE('',#12836,#12837);
#12836 = CARTESIAN_POINT('',(-2.857142857143,4.5,-40.));
#12837 = VECTOR('',#12838,1.);
#12838 = DIRECTION('',(0.,0.,1.));
#12839 = PLANE('',#12840);
#12840 = AXIS2_PLACEMENT_3D('',#12841,#12842,#12843);
#12841 = CARTESIAN_POINT('',(-20.,4.5,-40.));
#12842 = DIRECTION('',(-0.,1.,0.));
#12843 = DIRECTION('',(0.,0.,1.));
#12844 = ADVANCED_FACE('',(#12845),#12870,.T.);
#12845 = FACE_BOUND('',#12846,.T.);
#12846 = EDGE_LOOP('',(#12847,#12855,#12856,#12864));
#12847 = ORIENTED_EDGE('',*,*,#12848,.F.);
#12848 = EDGE_CURVE('',#12653,#12849,#12851,.T.);
#12849 = VERTEX_POINT('',#12850);
#12850 = CARTESIAN_POINT('',(-2.857142857143,44.5,-40.));
#12851 = LINE('',#12852,#12853);
#12852 = CARTESIAN_POINT('',(-2.857142857143,4.5,-40.));
#12853 = VECTOR('',#12854,1.);
#12854 = DIRECTION('',(-0.,1.,0.));
#12855 = ORIENTED_EDGE('',*,*,#12652,.T.);
#12856 = ORIENTED_EDGE('',*,*,#12857,.T.);
#12857 = EDGE_CURVE('',#12645,#12858,#12860,.T.);
#12858 = VERTEX_POINT('',#12859);
#12859 = CARTESIAN_POINT('',(5.714285714286,44.5,-40.));
#12860 = LINE('',#12861,#12862);
#12861 = CARTESIAN_POINT('',(5.714285714286,4.5,-40.));
#12862 = VECTOR('',#12863,1.);
#12863 = DIRECTION('',(-0.,1.,0.));
#12864 = ORIENTED_EDGE('',*,*,#12865,.F.);
#12865 = EDGE_CURVE('',#12849,#12858,#12866,.T.);
#12866 = LINE('',#12867,#12868);
#12867 = CARTESIAN_POINT('',(-2.857142857143,44.5,-40.));
#12868 = VECTOR('',#12869,1.);
#12869 = DIRECTION('',(1.,0.,-0.));
#12870 = PLANE('',#12871);
#12871 = AXIS2_PLACEMENT_3D('',#12872,#12873,#12874);
#12872 = CARTESIAN_POINT('',(-2.857142857143,4.5,-40.));
#12873 = DIRECTION('',(0.,0.,1.));
#12874 = DIRECTION('',(1.,0.,-0.));
#12875 = ADVANCED_FACE('',(#12876),#12892,.F.);
#12876 = FACE_BOUND('',#12877,.F.);
#12877 = EDGE_LOOP('',(#12878,#12879,#12885,#12886));
#12878 = ORIENTED_EDGE('',*,*,#12644,.F.);
#12879 = ORIENTED_EDGE('',*,*,#12880,.T.);
#12880 = EDGE_CURVE('',#12645,#12758,#12881,.T.);
#12881 = LINE('',#12882,#12883);
#12882 = CARTESIAN_POINT('',(5.714285714286,4.5,-40.));
#12883 = VECTOR('',#12884,1.);
#12884 = DIRECTION('',(0.,0.,1.));
#12885 = ORIENTED_EDGE('',*,*,#12757,.T.);
#12886 = ORIENTED_EDGE('',*,*,#12887,.F.);
#12887 = EDGE_CURVE('',#12637,#12750,#12888,.T.);
#12888 = LINE('',#12889,#12890);
#12889 = CARTESIAN_POINT('',(14.285714285714,4.5,-40.));
#12890 = VECTOR('',#12891,1.);
#12891 = DIRECTION('',(0.,0.,1.));
#12892 = PLANE('',#12893);
#12893 = AXIS2_PLACEMENT_3D('',#12894,#12895,#12896);
#12894 = CARTESIAN_POINT('',(-20.,4.5,-40.));
#12895 = DIRECTION('',(-0.,1.,0.));
#12896 = DIRECTION('',(0.,0.,1.));
#12897 = ADVANCED_FACE('',(#12898),#12923,.T.);
#12898 = FACE_BOUND('',#12899,.T.);
#12899 = EDGE_LOOP('',(#12900,#12908,#12909,#12917));
#12900 = ORIENTED_EDGE('',*,*,#12901,.F.);
#12901 = EDGE_CURVE('',#12637,#12902,#12904,.T.);
#12902 = VERTEX_POINT('',#12903);
#12903 = CARTESIAN_POINT('',(14.285714285714,44.5,-40.));
#12904 = LINE('',#12905,#12906);
#12905 = CARTESIAN_POINT('',(14.285714285714,4.5,-40.));
#12906 = VECTOR('',#12907,1.);
#12907 = DIRECTION('',(-0.,1.,0.));
#12908 = ORIENTED_EDGE('',*,*,#12636,.T.);
#12909 = ORIENTED_EDGE('',*,*,#12910,.T.);
#12910 = EDGE_CURVE('',#12629,#12911,#12913,.T.);
#12911 = VERTEX_POINT('',#12912);
#12912 = CARTESIAN_POINT('',(22.857142857143,44.5,-40.));
#12913 = LINE('',#12914,#12915);
#12914 = CARTESIAN_POINT('',(22.857142857143,4.5,-40.));
#12915 = VECTOR('',#12916,1.);
#12916 = DIRECTION('',(-0.,1.,0.));
#12917 = ORIENTED_EDGE('',*,*,#12918,.F.);
#12918 = EDGE_CURVE('',#12902,#12911,#12919,.T.);
#12919 = LINE('',#12920,#12921);
#12920 = CARTESIAN_POINT('',(14.285714285714,44.5,-40.));
#12921 = VECTOR('',#12922,1.);
#12922 = DIRECTION('',(1.,0.,-0.));
#12923 = PLANE('',#12924);
#12924 = AXIS2_PLACEMENT_3D('',#12925,#12926,#12927);
#12925 = CARTESIAN_POINT('',(14.285714285714,4.5,-40.));
#12926 = DIRECTION('',(0.,0.,1.));
#12927 = DIRECTION('',(1.,0.,-0.));
#12928 = ADVANCED_FACE('',(#12929),#12945,.F.);
#12929 = FACE_BOUND('',#12930,.F.);
#12930 = EDGE_LOOP('',(#12931,#12932,#12938,#12939));
#12931 = ORIENTED_EDGE('',*,*,#12628,.F.);
#12932 = ORIENTED_EDGE('',*,*,#12933,.T.);
#12933 = EDGE_CURVE('',#12629,#12742,#12934,.T.);
#12934 = LINE('',#12935,#12936);
#12935 = CARTESIAN_POINT('',(22.857142857143,4.5,-40.));
#12936 = VECTOR('',#12937,1.);
#12937 = DIRECTION('',(0.,0.,1.));
#12938 = ORIENTED_EDGE('',*,*,#12741,.T.);
#12939 = ORIENTED_EDGE('',*,*,#12940,.F.);
#12940 = EDGE_CURVE('',#12621,#12734,#12941,.T.);
#12941 = LINE('',#12942,#12943);
#12942 = CARTESIAN_POINT('',(31.428571428571,4.5,-40.));
#12943 = VECTOR('',#12944,1.);
#12944 = DIRECTION('',(0.,0.,1.));
#12945 = PLANE('',#12946);
#12946 = AXIS2_PLACEMENT_3D('',#12947,#12948,#12949);
#12947 = CARTESIAN_POINT('',(-20.,4.5,-40.));
#12948 = DIRECTION('',(-0.,1.,0.));
#12949 = DIRECTION('',(0.,0.,1.));
#12950 = ADVANCED_FACE('',(#12951),#12976,.T.);
#12951 = FACE_BOUND('',#12952,.T.);
#12952 = EDGE_LOOP('',(#12953,#12961,#12962,#12970));
#12953 = ORIENTED_EDGE('',*,*,#12954,.F.);
#12954 = EDGE_CURVE('',#12621,#12955,#12957,.T.);
#12955 = VERTEX_POINT('',#12956);
#12956 = CARTESIAN_POINT('',(31.428571428571,44.5,-40.));
#12957 = LINE('',#12958,#12959);
#12958 = CARTESIAN_POINT('',(31.428571428571,4.5,-40.));
#12959 = VECTOR('',#12960,1.);
#12960 = DIRECTION('',(-0.,1.,0.));
#12961 = ORIENTED_EDGE('',*,*,#12620,.T.);
#12962 = ORIENTED_EDGE('',*,*,#12963,.T.);
#12963 = EDGE_CURVE('',#12613,#12964,#12966,.T.);
#12964 = VERTEX_POINT('',#12965);
#12965 = CARTESIAN_POINT('',(40.,44.5,-40.));
#12966 = LINE('',#12967,#12968);
#12967 = CARTESIAN_POINT('',(40.,4.5,-40.));
#12968 = VECTOR('',#12969,1.);
#12969 = DIRECTION('',(-0.,1.,0.));
#12970 = ORIENTED_EDGE('',*,*,#12971,.F.);
#12971 = EDGE_CURVE('',#12955,#12964,#12972,.T.);
#12972 = LINE('',#12973,#12974);
#12973 = CARTESIAN_POINT('',(31.428571428571,44.5,-40.));
#12974 = VECTOR('',#12975,1.);
#12975 = DIRECTION('',(1.,0.,-0.));
#12976 = PLANE('',#12977);
#12977 = AXIS2_PLACEMENT_3D('',#12978,#12979,#12980);
#12978 = CARTESIAN_POINT('',(31.428571428571,4.5,-40.));
#12979 = DIRECTION('',(0.,0.,1.));
#12980 = DIRECTION('',(1.,0.,-0.));
#12981 = ADVANCED_FACE('',(#12982),#13000,.F.);
#12982 = FACE_BOUND('',#12983,.F.);
#12983 = EDGE_LOOP('',(#12984,#12985,#12986,#12994));
#12984 = ORIENTED_EDGE('',*,*,#12684,.F.);
#12985 = ORIENTED_EDGE('',*,*,#12963,.T.);
#12986 = ORIENTED_EDGE('',*,*,#12987,.T.);
#12987 = EDGE_CURVE('',#12964,#12988,#12990,.T.);
#12988 = VERTEX_POINT('',#12989);
#12989 = CARTESIAN_POINT('',(40.,44.5,60.));
#12990 = LINE('',#12991,#12992);
#12991 = CARTESIAN_POINT('',(40.,44.5,-40.));
#12992 = VECTOR('',#12993,1.);
#12993 = DIRECTION('',(0.,0.,1.));
#12994 = ORIENTED_EDGE('',*,*,#12995,.F.);
#12995 = EDGE_CURVE('',#12685,#12988,#12996,.T.);
#12996 = LINE('',#12997,#12998);
#12997 = CARTESIAN_POINT('',(40.,4.5,60.));
#12998 = VECTOR('',#12999,1.);
#12999 = DIRECTION('',(-0.,1.,0.));
#13000 = PLANE('',#13001);
#13001 = AXIS2_PLACEMENT_3D('',#13002,#13003,#13004);
#13002 = CARTESIAN_POINT('',(40.,4.5,-40.));
#13003 = DIRECTION('',(1.,0.,-0.));
#13004 = DIRECTION('',(0.,0.,1.));
#13005 = ADVANCED_FACE('',(#13006),#13024,.T.);
#13006 = FACE_BOUND('',#13007,.T.);
#13007 = EDGE_LOOP('',(#13008,#13009,#13010,#13018));
#13008 = ORIENTED_EDGE('',*,*,#12708,.F.);
#13009 = ORIENTED_EDGE('',*,*,#12795,.T.);
#13010 = ORIENTED_EDGE('',*,*,#13011,.T.);
#13011 = EDGE_CURVE('',#12796,#13012,#13014,.T.);
#13012 = VERTEX_POINT('',#13013);
#13013 = CARTESIAN_POINT('',(-20.,44.5,60.));
#13014 = LINE('',#13015,#13016);
#13015 = CARTESIAN_POINT('',(-20.,44.5,-40.));
#13016 = VECTOR('',#13017,1.);
#13017 = DIRECTION('',(0.,0.,1.));
#13018 = ORIENTED_EDGE('',*,*,#13019,.F.);
#13019 = EDGE_CURVE('',#12709,#13012,#13020,.T.);
#13020 = LINE('',#13021,#13022);
#13021 = CARTESIAN_POINT('',(-20.,4.5,60.));
#13022 = VECTOR('',#13023,1.);
#13023 = DIRECTION('',(-0.,1.,0.));
#13024 = PLANE('',#13025);
#13025 = AXIS2_PLACEMENT_3D('',#13026,#13027,#13028);
#13026 = CARTESIAN_POINT('',(-20.,4.5,-40.));
#13027 = DIRECTION('',(1.,0.,-0.));
#13028 = DIRECTION('',(0.,0.,1.));
#13029 = ADVANCED_FACE('',(#13030),#13048,.F.);
#13030 = FACE_BOUND('',#13031,.F.);
#13031 = EDGE_LOOP('',(#13032,#13033,#13034,#13042));
#13032 = ORIENTED_EDGE('',*,*,#13019,.F.);
#13033 = ORIENTED_EDGE('',*,*,#12781,.T.);
#13034 = ORIENTED_EDGE('',*,*,#13035,.T.);
#13035 = EDGE_CURVE('',#12774,#13036,#13038,.T.);
#13036 = VERTEX_POINT('',#13037);
#13037 = CARTESIAN_POINT('',(-11.42857142857,44.5,60.));
#13038 = LINE('',#13039,#13040);
#13039 = CARTESIAN_POINT('',(-11.42857142857,4.5,60.));
#13040 = VECTOR('',#13041,1.);
#13041 = DIRECTION('',(-0.,1.,0.));
#13042 = ORIENTED_EDGE('',*,*,#13043,.F.);
#13043 = EDGE_CURVE('',#13012,#13036,#13044,.T.);
#13044 = LINE('',#13045,#13046);
#13045 = CARTESIAN_POINT('',(-20.,44.5,60.));
#13046 = VECTOR('',#13047,1.);
#13047 = DIRECTION('',(1.,0.,-0.));
#13048 = PLANE('',#13049);
#13049 = AXIS2_PLACEMENT_3D('',#13050,#13051,#13052);
#13050 = CARTESIAN_POINT('',(-20.,4.5,60.));
#13051 = DIRECTION('',(0.,0.,1.));
#13052 = DIRECTION('',(1.,0.,-0.));
#13053 = ADVANCED_FACE('',(#13054),#13079,.F.);
#13054 = FACE_BOUND('',#13055,.F.);
#13055 = EDGE_LOOP('',(#13056,#13064,#13065,#13073));
#13056 = ORIENTED_EDGE('',*,*,#13057,.F.);
#13057 = EDGE_CURVE('',#12766,#13058,#13060,.T.);
#13058 = VERTEX_POINT('',#13059);
#13059 = CARTESIAN_POINT('',(-2.857142857143,44.5,60.));
#13060 = LINE('',#13061,#13062);
#13061 = CARTESIAN_POINT('',(-2.857142857143,4.5,60.));
#13062 = VECTOR('',#13063,1.);
#13063 = DIRECTION('',(-0.,1.,0.));
#13064 = ORIENTED_EDGE('',*,*,#12765,.T.);
#13065 = ORIENTED_EDGE('',*,*,#13066,.T.);
#13066 = EDGE_CURVE('',#12758,#13067,#13069,.T.);
#13067 = VERTEX_POINT('',#13068);
#13068 = CARTESIAN_POINT('',(5.714285714286,44.5,60.));
#13069 = LINE('',#13070,#13071);
#13070 = CARTESIAN_POINT('',(5.714285714286,4.5,60.));
#13071 = VECTOR('',#13072,1.);
#13072 = DIRECTION('',(-0.,1.,0.));
#13073 = ORIENTED_EDGE('',*,*,#13074,.F.);
#13074 = EDGE_CURVE('',#13058,#13067,#13075,.T.);
#13075 = LINE('',#13076,#13077);
#13076 = CARTESIAN_POINT('',(-2.857142857143,44.5,60.));
#13077 = VECTOR('',#13078,1.);
#13078 = DIRECTION('',(1.,0.,-0.));
#13079 = PLANE('',#13080);
#13080 = AXIS2_PLACEMENT_3D('',#13081,#13082,#13083);
#13081 = CARTESIAN_POINT('',(-2.857142857143,4.5,60.));
#13082 = DIRECTION('',(0.,0.,1.));
#13083 = DIRECTION('',(1.,0.,-0.));
#13084 = ADVANCED_FACE('',(#13085),#13110,.F.);
#13085 = FACE_BOUND('',#13086,.F.);
#13086 = EDGE_LOOP('',(#13087,#13095,#13096,#13104));
#13087 = ORIENTED_EDGE('',*,*,#13088,.F.);
#13088 = EDGE_CURVE('',#12750,#13089,#13091,.T.);
#13089 = VERTEX_POINT('',#13090);
#13090 = CARTESIAN_POINT('',(14.285714285714,44.5,60.));
#13091 = LINE('',#13092,#13093);
#13092 = CARTESIAN_POINT('',(14.285714285714,4.5,60.));
#13093 = VECTOR('',#13094,1.);
#13094 = DIRECTION('',(-0.,1.,0.));
#13095 = ORIENTED_EDGE('',*,*,#12749,.T.);
#13096 = ORIENTED_EDGE('',*,*,#13097,.T.);
#13097 = EDGE_CURVE('',#12742,#13098,#13100,.T.);
#13098 = VERTEX_POINT('',#13099);
#13099 = CARTESIAN_POINT('',(22.857142857143,44.5,60.));
#13100 = LINE('',#13101,#13102);
#13101 = CARTESIAN_POINT('',(22.857142857143,4.5,60.));
#13102 = VECTOR('',#13103,1.);
#13103 = DIRECTION('',(-0.,1.,0.));
#13104 = ORIENTED_EDGE('',*,*,#13105,.F.);
#13105 = EDGE_CURVE('',#13089,#13098,#13106,.T.);
#13106 = LINE('',#13107,#13108);
#13107 = CARTESIAN_POINT('',(14.285714285714,44.5,60.));
#13108 = VECTOR('',#13109,1.);
#13109 = DIRECTION('',(1.,0.,-0.));
#13110 = PLANE('',#13111);
#13111 = AXIS2_PLACEMENT_3D('',#13112,#13113,#13114);
#13112 = CARTESIAN_POINT('',(14.285714285714,4.5,60.));
#13113 = DIRECTION('',(0.,0.,1.));
#13114 = DIRECTION('',(1.,0.,-0.));
#13115 = ADVANCED_FACE('',(#13116),#13134,.F.);
#13116 = FACE_BOUND('',#13117,.F.);
#13117 = EDGE_LOOP('',(#13118,#13126,#13127,#13128));
#13118 = ORIENTED_EDGE('',*,*,#13119,.F.);
#13119 = EDGE_CURVE('',#12734,#13120,#13122,.T.);
#13120 = VERTEX_POINT('',#13121);
#13121 = CARTESIAN_POINT('',(31.428571428571,44.5,60.));
#13122 = LINE('',#13123,#13124);
#13123 = CARTESIAN_POINT('',(31.428571428571,4.5,60.));
#13124 = VECTOR('',#13125,1.);
#13125 = DIRECTION('',(-0.,1.,0.));
#13126 = ORIENTED_EDGE('',*,*,#12733,.T.);
#13127 = ORIENTED_EDGE('',*,*,#12995,.T.);
#13128 = ORIENTED_EDGE('',*,*,#13129,.F.);
#13129 = EDGE_CURVE('',#13120,#12988,#13130,.T.);
#13130 = LINE('',#13131,#13132);
#13131 = CARTESIAN_POINT('',(31.428571428571,44.5,60.));
#13132 = VECTOR('',#13133,1.);
#13133 = DIRECTION('',(1.,0.,-0.));
#13134 = PLANE('',#13135);
#13135 = AXIS2_PLACEMENT_3D('',#13136,#13137,#13138);
#13136 = CARTESIAN_POINT('',(31.428571428571,4.5,60.));
#13137 = DIRECTION('',(0.,0.,1.));
#13138 = DIRECTION('',(1.,0.,-0.));
#13139 = ADVANCED_FACE('',(#13140),#13151,.F.);
#13140 = FACE_BOUND('',#13141,.F.);
#13141 = EDGE_LOOP('',(#13142,#13143,#13144,#13145));
#13142 = ORIENTED_EDGE('',*,*,#12812,.F.);
#13143 = ORIENTED_EDGE('',*,*,#13011,.T.);
#13144 = ORIENTED_EDGE('',*,*,#13043,.T.);
#13145 = ORIENTED_EDGE('',*,*,#13146,.F.);
#13146 = EDGE_CURVE('',#12805,#13036,#13147,.T.);
#13147 = LINE('',#13148,#13149);
#13148 = CARTESIAN_POINT('',(-11.42857142857,44.5,-40.));
#13149 = VECTOR('',#13150,1.);
#13150 = DIRECTION('',(0.,0.,1.));
#13151 = PLANE('',#13152);
#13152 = AXIS2_PLACEMENT_3D('',#13153,#13154,#13155);
#13153 = CARTESIAN_POINT('',(-20.,44.5,-40.));
#13154 = DIRECTION('',(-0.,1.,0.));
#13155 = DIRECTION('',(0.,0.,1.));
#13156 = ADVANCED_FACE('',(#13157),#13163,.F.);
#13157 = FACE_BOUND('',#13158,.F.);
#13158 = EDGE_LOOP('',(#13159,#13160,#13161,#13162));
#13159 = ORIENTED_EDGE('',*,*,#12827,.F.);
#13160 = ORIENTED_EDGE('',*,*,#12804,.T.);
#13161 = ORIENTED_EDGE('',*,*,#13146,.T.);
#13162 = ORIENTED_EDGE('',*,*,#13035,.F.);
#13163 = PLANE('',#13164);
#13164 = AXIS2_PLACEMENT_3D('',#13165,#13166,#13167);
#13165 = CARTESIAN_POINT('',(-11.42857142857,4.5,-40.));
#13166 = DIRECTION('',(1.,0.,-0.));
#13167 = DIRECTION('',(0.,0.,1.));
#13168 = ADVANCED_FACE('',(#13169),#13180,.T.);
#13169 = FACE_BOUND('',#13170,.T.);
#13170 = EDGE_LOOP('',(#13171,#13172,#13173,#13179));
#13171 = ORIENTED_EDGE('',*,*,#12834,.F.);
#13172 = ORIENTED_EDGE('',*,*,#12848,.T.);
#13173 = ORIENTED_EDGE('',*,*,#13174,.T.);
#13174 = EDGE_CURVE('',#12849,#13058,#13175,.T.);
#13175 = LINE('',#13176,#13177);
#13176 = CARTESIAN_POINT('',(-2.857142857143,44.5,-40.));
#13177 = VECTOR('',#13178,1.);
#13178 = DIRECTION('',(0.,0.,1.));
#13179 = ORIENTED_EDGE('',*,*,#13057,.F.);
#13180 = PLANE('',#13181);
#13181 = AXIS2_PLACEMENT_3D('',#13182,#13183,#13184);
#13182 = CARTESIAN_POINT('',(-2.857142857143,4.5,-40.));
#13183 = DIRECTION('',(1.,0.,-0.));
#13184 = DIRECTION('',(0.,0.,1.));
#13185 = ADVANCED_FACE('',(#13186),#13197,.F.);
#13186 = FACE_BOUND('',#13187,.F.);
#13187 = EDGE_LOOP('',(#13188,#13189,#13190,#13191));
#13188 = ORIENTED_EDGE('',*,*,#12865,.F.);
#13189 = ORIENTED_EDGE('',*,*,#13174,.T.);
#13190 = ORIENTED_EDGE('',*,*,#13074,.T.);
#13191 = ORIENTED_EDGE('',*,*,#13192,.F.);
#13192 = EDGE_CURVE('',#12858,#13067,#13193,.T.);
#13193 = LINE('',#13194,#13195);
#13194 = CARTESIAN_POINT('',(5.714285714286,44.5,-40.));
#13195 = VECTOR('',#13196,1.);
#13196 = DIRECTION('',(0.,0.,1.));
#13197 = PLANE('',#13198);
#13198 = AXIS2_PLACEMENT_3D('',#13199,#13200,#13201);
#13199 = CARTESIAN_POINT('',(-2.857142857143,44.5,-40.));
#13200 = DIRECTION('',(-0.,1.,0.));
#13201 = DIRECTION('',(0.,0.,1.));
#13202 = ADVANCED_FACE('',(#13203),#13209,.F.);
#13203 = FACE_BOUND('',#13204,.F.);
#13204 = EDGE_LOOP('',(#13205,#13206,#13207,#13208));
#13205 = ORIENTED_EDGE('',*,*,#12880,.F.);
#13206 = ORIENTED_EDGE('',*,*,#12857,.T.);
#13207 = ORIENTED_EDGE('',*,*,#13192,.T.);
#13208 = ORIENTED_EDGE('',*,*,#13066,.F.);
#13209 = PLANE('',#13210);
#13210 = AXIS2_PLACEMENT_3D('',#13211,#13212,#13213);
#13211 = CARTESIAN_POINT('',(5.714285714286,4.5,-40.));
#13212 = DIRECTION('',(1.,0.,-0.));
#13213 = DIRECTION('',(0.,0.,1.));
#13214 = ADVANCED_FACE('',(#13215),#13226,.T.);
#13215 = FACE_BOUND('',#13216,.T.);
#13216 = EDGE_LOOP('',(#13217,#13218,#13219,#13225));
#13217 = ORIENTED_EDGE('',*,*,#12887,.F.);
#13218 = ORIENTED_EDGE('',*,*,#12901,.T.);
#13219 = ORIENTED_EDGE('',*,*,#13220,.T.);
#13220 = EDGE_CURVE('',#12902,#13089,#13221,.T.);
#13221 = LINE('',#13222,#13223);
#13222 = CARTESIAN_POINT('',(14.285714285714,44.5,-40.));
#13223 = VECTOR('',#13224,1.);
#13224 = DIRECTION('',(0.,0.,1.));
#13225 = ORIENTED_EDGE('',*,*,#13088,.F.);
#13226 = PLANE('',#13227);
#13227 = AXIS2_PLACEMENT_3D('',#13228,#13229,#13230);
#13228 = CARTESIAN_POINT('',(14.285714285714,4.5,-40.));
#13229 = DIRECTION('',(1.,0.,-0.));
#13230 = DIRECTION('',(0.,0.,1.));
#13231 = ADVANCED_FACE('',(#13232),#13243,.F.);
#13232 = FACE_BOUND('',#13233,.F.);
#13233 = EDGE_LOOP('',(#13234,#13235,#13236,#13237));
#13234 = ORIENTED_EDGE('',*,*,#12918,.F.);
#13235 = ORIENTED_EDGE('',*,*,#13220,.T.);
#13236 = ORIENTED_EDGE('',*,*,#13105,.T.);
#13237 = ORIENTED_EDGE('',*,*,#13238,.F.);
#13238 = EDGE_CURVE('',#12911,#13098,#13239,.T.);
#13239 = LINE('',#13240,#13241);
#13240 = CARTESIAN_POINT('',(22.857142857143,44.5,-40.));
#13241 = VECTOR('',#13242,1.);
#13242 = DIRECTION('',(0.,0.,1.));
#13243 = PLANE('',#13244);
#13244 = AXIS2_PLACEMENT_3D('',#13245,#13246,#13247);
#13245 = CARTESIAN_POINT('',(14.285714285714,44.5,-40.));
#13246 = DIRECTION('',(-0.,1.,0.));
#13247 = DIRECTION('',(0.,0.,1.));
#13248 = ADVANCED_FACE('',(#13249),#13255,.F.);
#13249 = FACE_BOUND('',#13250,.F.);
#13250 = EDGE_LOOP('',(#13251,#13252,#13253,#13254));
#13251 = ORIENTED_EDGE('',*,*,#12933,.F.);
#13252 = ORIENTED_EDGE('',*,*,#12910,.T.);
#13253 = ORIENTED_EDGE('',*,*,#13238,.T.);
#13254 = ORIENTED_EDGE('',*,*,#13097,.F.);
#13255 = PLANE('',#13256);
#13256 = AXIS2_PLACEMENT_3D('',#13257,#13258,#13259);
#13257 = CARTESIAN_POINT('',(22.857142857143,4.5,-40.));
#13258 = DIRECTION('',(1.,0.,-0.));
#13259 = DIRECTION('',(0.,0.,1.));
#13260 = ADVANCED_FACE('',(#13261),#13272,.T.);
#13261 = FACE_BOUND('',#13262,.T.);
#13262 = EDGE_LOOP('',(#13263,#13264,#13265,#13271));
#13263 = ORIENTED_EDGE('',*,*,#12940,.F.);
#13264 = ORIENTED_EDGE('',*,*,#12954,.T.);
#13265 = ORIENTED_EDGE('',*,*,#13266,.T.);
#13266 = EDGE_CURVE('',#12955,#13120,#13267,.T.);
#13267 = LINE('',#13268,#13269);
#13268 = CARTESIAN_POINT('',(31.428571428571,44.5,-40.));
#13269 = VECTOR('',#13270,1.);
#13270 = DIRECTION('',(0.,0.,1.));
#13271 = ORIENTED_EDGE('',*,*,#13119,.F.);
#13272 = PLANE('',#13273);
#13273 = AXIS2_PLACEMENT_3D('',#13274,#13275,#13276);
#13274 = CARTESIAN_POINT('',(31.428571428571,4.5,-40.));
#13275 = DIRECTION('',(1.,0.,-0.));
#13276 = DIRECTION('',(0.,0.,1.));
#13277 = ADVANCED_FACE('',(#13278),#13284,.F.);
#13278 = FACE_BOUND('',#13279,.F.);
#13279 = EDGE_LOOP('',(#13280,#13281,#13282,#13283));
#13280 = ORIENTED_EDGE('',*,*,#12971,.F.);
#13281 = ORIENTED_EDGE('',*,*,#13266,.T.);
#13282 = ORIENTED_EDGE('',*,*,#13129,.T.);
#13283 = ORIENTED_EDGE('',*,*,#12987,.F.);
#13284 = PLANE('',#13285);
#13285 = AXIS2_PLACEMENT_3D('',#13286,#13287,#13288);
#13286 = CARTESIAN_POINT('',(31.428571428571,44.5,-40.));
#13287 = DIRECTION('',(-0.,1.,0.));
#13288 = DIRECTION('',(0.,0.,1.));
#13289 = ( GEOMETRIC_REPRESENTATION_CONTEXT(3) 
GLOBAL_UNCERTAINTY_ASSIGNED_CONTEXT((#13293)) 
GLOBAL_UNIT_ASSIGNED_CONTEXT((#13290,#13291,#13292)) 
REPRESENTATION_CONTEXT('Context #1',
  '3D Context with UNIT and UNCERTAINTY') );
#13290 = ( LENGTH_UNIT() NAMED_UNIT(*) SI_UNIT(.MILLI.,.METRE.) );
#13291 = ( NAMED_UNIT(*) PLANE_ANGLE_UNIT() SI_UNIT($,.RADIAN.) );
#13292 = ( NAMED_UNIT(*) SI_UNIT($,.STERADIAN.) SOLID_ANGLE_UNIT() );
#13293 = UNCERTAINTY_MEASURE_WITH_UNIT(LENGTH_MEASURE(1.E-07),#13290,
  'distance_accuracy_value','confusion accuracy');
#13294 = CONTEXT_DEPENDENT_SHAPE_REPRESENTATION(#13295,#13297);
#13295 = ( REPRESENTATION_RELATIONSHIP('','',#12130,#10) 
REPRESENTATION_RELATIONSHIP_WITH_TRANSFORMATION(#13296) 
SHAPE_REPRESENTATION_RELATIONSHIP() );
#13296 = ITEM_DEFINED_TRANSFORMATION('','',#11,#39);
#13297 = PRODUCT_DEFINITION_SHAPE('Placement','Placement of an item',
  #13298);
#13298 = NEXT_ASSEMBLY_USAGE_OCCURRENCE('433','Air','',#5,#12125,$);
#13299 = PRODUCT_RELATED_PRODUCT_CATEGORY('part',$,(#12127));
#13300 = MECHANICAL_DESIGN_GEOMETRIC_PRESENTATION_REPRESENTATION('',(
    #13301),#1341);
#13301 = STYLED_ITEM('color',(#13302),#1055);
#13302 = PRESENTATION_STYLE_ASSIGNMENT((#13303,#13309));
#13303 = SURFACE_STYLE_USAGE(.BOTH.,#13304);
#13304 = SURFACE_SIDE_STYLE('',(#13305));
#13305 = SURFACE_STYLE_FILL_AREA(#13306);
#13306 = FILL_AREA_STYLE('',(#13307));
#13307 = FILL_AREA_STYLE_COLOUR('',#13308);
#13308 = COLOUR_RGB('',0.447059003357,0.474510015008,0.501960993452);
#13309 = CURVE_STYLE('',#13310,POSITIVE_LENGTH_MEASURE(0.1),#13311);
#13310 = DRAUGHTING_PRE_DEFINED_CURVE_FONT('continuous');
#13311 = COLOUR_RGB('',9.803921802644E-02,9.803921802644E-02,
  9.803921802644E-02);
#13312 = MECHANICAL_DESIGN_GEOMETRIC_PRESENTATION_REPRESENTATION('',(
    #13313),#8847);
#13313 = STYLED_ITEM('color',(#13314),#7720);
#13314 = PRESENTATION_STYLE_ASSIGNMENT((#13315,#13320));
#13315 = SURFACE_STYLE_USAGE(.BOTH.,#13316);
#13316 = SURFACE_SIDE_STYLE('',(#13317));
#13317 = SURFACE_STYLE_FILL_AREA(#13318);
#13318 = FILL_AREA_STYLE('',(#13319));
#13319 = FILL_AREA_STYLE_COLOUR('',#13308);
#13320 = CURVE_STYLE('',#13321,POSITIVE_LENGTH_MEASURE(0.1),#13311);
#13321 = DRAUGHTING_PRE_DEFINED_CURVE_FONT('continuous');
#13322 = MECHANICAL_DESIGN_GEOMETRIC_PRESENTATION_REPRESENTATION('',(
    #13323),#8664);
#13323 = STYLED_ITEM('color',(#13324),#7213);
#13324 = PRESENTATION_STYLE_ASSIGNMENT((#13325,#13330));
#13325 = SURFACE_STYLE_USAGE(.BOTH.,#13326);
#13326 = SURFACE_SIDE_STYLE('',(#13327));
#13327 = SURFACE_STYLE_FILL_AREA(#13328);
#13328 = FILL_AREA_STYLE('',(#13329));
#13329 = FILL_AREA_STYLE_COLOUR('',#13308);
#13330 = CURVE_STYLE('',#13331,POSITIVE_LENGTH_MEASURE(0.1),#13311);
#13331 = DRAUGHTING_PRE_DEFINED_CURVE_FONT('continuous');
#13332 = MECHANICAL_DESIGN_GEOMETRIC_PRESENTATION_REPRESENTATION('',(
    #13333),#3781);
#13333 = STYLED_ITEM('color',(#13334),#3495);
#13334 = PRESENTATION_STYLE_ASSIGNMENT((#13335,#13340));
#13335 = SURFACE_STYLE_USAGE(.BOTH.,#13336);
#13336 = SURFACE_SIDE_STYLE('',(#13337));
#13337 = SURFACE_STYLE_FILL_AREA(#13338);
#13338 = FILL_AREA_STYLE('',(#13339));
#13339 = FILL_AREA_STYLE_COLOUR('',#13308);
#13340 = CURVE_STYLE('',#13341,POSITIVE_LENGTH_MEASURE(0.1),#13311);
#13341 = DRAUGHTING_PRE_DEFINED_CURVE_FONT('continuous');
#13342 = MECHANICAL_DESIGN_GEOMETRIC_PRESENTATION_REPRESENTATION('',(
    #13343),#3171);
#13343 = STYLED_ITEM('color',(#13344),#2885);
#13344 = PRESENTATION_STYLE_ASSIGNMENT((#13345,#13350));
#13345 = SURFACE_STYLE_USAGE(.BOTH.,#13346);
#13346 = SURFACE_SIDE_STYLE('',(#13347));
#13347 = SURFACE_STYLE_FILL_AREA(#13348);
#13348 = FILL_AREA_STYLE('',(#13349));
#13349 = FILL_AREA_STYLE_COLOUR('',#13308);
#13350 = CURVE_STYLE('',#13351,POSITIVE_LENGTH_MEASURE(0.1),#13311);
#13351 = DRAUGHTING_PRE_DEFINED_CURVE_FONT('continuous');
#13352 = MECHANICAL_DESIGN_GEOMETRIC_PRESENTATION_REPRESENTATION('',(
    #13353),#731);
#13353 = STYLED_ITEM('color',(#13354),#445);
#13354 = PRESENTATION_STYLE_ASSIGNMENT((#13355,#13360));
#13355 = SURFACE_STYLE_USAGE(.BOTH.,#13356);
#13356 = SURFACE_SIDE_STYLE('',(#13357));
#13357 = SURFACE_STYLE_FILL_AREA(#13358);
#13358 = FILL_AREA_STYLE('',(#13359));
#13359 = FILL_AREA_STYLE_COLOUR('',#13308);
#13360 = CURVE_STYLE('',#13361,POSITIVE_LENGTH_MEASURE(0.1),#13311);
#13361 = DRAUGHTING_PRE_DEFINED_CURVE_FONT('continuous');
#13362 = MECHANICAL_DESIGN_GEOMETRIC_PRESENTATION_REPRESENTATION('',(
    #13363),#12112);
#13363 = STYLED_ITEM('color',(#13364),#11380);
#13364 = PRESENTATION_STYLE_ASSIGNMENT((#13365,#13370));
#13365 = SURFACE_STYLE_USAGE(.BOTH.,#13366);
#13366 = SURFACE_SIDE_STYLE('',(#13367));
#13367 = SURFACE_STYLE_FILL_AREA(#13368);
#13368 = FILL_AREA_STYLE('',(#13369));
#13369 = FILL_AREA_STYLE_COLOUR('',#13308);
#13370 = CURVE_STYLE('',#13371,POSITIVE_LENGTH_MEASURE(0.1),#13311);
#13371 = DRAUGHTING_PRE_DEFINED_CURVE_FONT('continuous');
#13372 = MECHANICAL_DESIGN_GEOMETRIC_PRESENTATION_REPRESENTATION('',(
    #13373),#8054);
#13373 = STYLED_ITEM('color',(#13374),#5523);
#13374 = PRESENTATION_STYLE_ASSIGNMENT((#13375,#13380));
#13375 = SURFACE_STYLE_USAGE(.BOTH.,#13376);
#13376 = SURFACE_SIDE_STYLE('',(#13377));
#13377 = SURFACE_STYLE_FILL_AREA(#13378);
#13378 = FILL_AREA_STYLE('',(#13379));
#13379 = FILL_AREA_STYLE_COLOUR('',#13308);
#13380 = CURVE_STYLE('',#13381,POSITIVE_LENGTH_MEASURE(0.1),#13311);
#13381 = DRAUGHTING_PRE_DEFINED_CURVE_FONT('continuous');
#13382 = MECHANICAL_DESIGN_GEOMETRIC_PRESENTATION_REPRESENTATION('',(
    #13383),#13289);
#13383 = STYLED_ITEM('color',(#13384),#12131);
#13384 = PRESENTATION_STYLE_ASSIGNMENT((#13385,#13390));
#13385 = SURFACE_STYLE_USAGE(.BOTH.,#13386);
#13386 = SURFACE_SIDE_STYLE('',(#13387));
#13387 = SURFACE_STYLE_FILL_AREA(#13388);
#13388 = FILL_AREA_STYLE('',(#13389));
#13389 = FILL_AREA_STYLE_COLOUR('',#13308);
#13390 = CURVE_STYLE('',#13391,POSITIVE_LENGTH_MEASURE(0.1),#13311);
#13391 = DRAUGHTING_PRE_DEFINED_CURVE_FONT('continuous');
#13392 = MECHANICAL_DESIGN_GEOMETRIC_PRESENTATION_REPRESENTATION('',(
    #13393),#8298);
#13393 = STYLED_ITEM('color',(#13394),#6199);
#13394 = PRESENTATION_STYLE_ASSIGNMENT((#13395,#13400));
#13395 = SURFACE_STYLE_USAGE(.BOTH.,#13396);
#13396 = SURFACE_SIDE_STYLE('',(#13397));
#13397 = SURFACE_STYLE_FILL_AREA(#13398);
#13398 = FILL_AREA_STYLE('',(#13399));
#13399 = FILL_AREA_STYLE_COLOUR('',#13308);
#13400 = CURVE_STYLE('',#13401,POSITIVE_LENGTH_MEASURE(0.1),#13311);
#13401 = DRAUGHTING_PRE_DEFINED_CURVE_FONT('continuous');
#13402 = MECHANICAL_DESIGN_GEOMETRIC_PRESENTATION_REPRESENTATION('',(
    #13403),#11361);
#13403 = STYLED_ITEM('color',(#13404),#11211);
#13404 = PRESENTATION_STYLE_ASSIGNMENT((#13405,#13410));
#13405 = SURFACE_STYLE_USAGE(.BOTH.,#13406);
#13406 = SURFACE_SIDE_STYLE('',(#13407));
#13407 = SURFACE_STYLE_FILL_AREA(#13408);
#13408 = FILL_AREA_STYLE('',(#13409));
#13409 = FILL_AREA_STYLE_COLOUR('',#13308);
#13410 = CURVE_STYLE('',#13411,POSITIVE_LENGTH_MEASURE(0.1),#13311);
#13411 = DRAUGHTING_PRE_DEFINED_CURVE_FONT('continuous');
#13412 = MECHANICAL_DESIGN_GEOMETRIC_PRESENTATION_REPRESENTATION('',(
    #13413),#8420);
#13413 = STYLED_ITEM('color',(#13414),#6537);
#13414 = PRESENTATION_STYLE_ASSIGNMENT((#13415,#13420));
#13415 = SURFACE_STYLE_USAGE(.BOTH.,#13416);
#13416 = SURFACE_SIDE_STYLE('',(#13417));
#13417 = SURFACE_STYLE_FILL_AREA(#13418);
#13418 = FILL_AREA_STYLE('',(#13419));
#13419 = FILL_AREA_STYLE_COLOUR('',#13308);
#13420 = CURVE_STYLE('',#13421,POSITIVE_LENGTH_MEASURE(0.1),#13311);
#13421 = DRAUGHTING_PRE_DEFINED_CURVE_FONT('continuous');
#13422 = MECHANICAL_DESIGN_GEOMETRIC_PRESENTATION_REPRESENTATION('',(
    #13423),#7788);
#13423 = STYLED_ITEM('color',(#13424),#7638);
#13424 = PRESENTATION_STYLE_ASSIGNMENT((#13425,#13430));
#13425 = SURFACE_STYLE_USAGE(.BOTH.,#13426);
#13426 = SURFACE_SIDE_STYLE('',(#13427));
#13427 = SURFACE_STYLE_FILL_AREA(#13428);
#13428 = FILL_AREA_STYLE('',(#13429));
#13429 = FILL_AREA_STYLE_COLOUR('',#13308);
#13430 = CURVE_STYLE('',#13431,POSITIVE_LENGTH_MEASURE(0.1),#13311);
#13431 = DRAUGHTING_PRE_DEFINED_CURVE_FONT('continuous');
#13432 = MECHANICAL_DESIGN_GEOMETRIC_PRESENTATION_REPRESENTATION('',(
    #13433),#7112);
#13433 = STYLED_ITEM('color',(#13434),#6962);
#13434 = PRESENTATION_STYLE_ASSIGNMENT((#13435,#13440));
#13435 = SURFACE_STYLE_USAGE(.BOTH.,#13436);
#13436 = SURFACE_SIDE_STYLE('',(#13437));
#13437 = SURFACE_STYLE_FILL_AREA(#13438);
#13438 = FILL_AREA_STYLE('',(#13439));
#13439 = FILL_AREA_STYLE_COLOUR('',#13308);
#13440 = CURVE_STYLE('',#13441,POSITIVE_LENGTH_MEASURE(0.1),#13311);
#13441 = DRAUGHTING_PRE_DEFINED_CURVE_FONT('continuous');
#13442 = MECHANICAL_DESIGN_GEOMETRIC_PRESENTATION_REPRESENTATION('',(
    #13443),#7281);
#13443 = STYLED_ITEM('color',(#13444),#7131);
#13444 = PRESENTATION_STYLE_ASSIGNMENT((#13445,#13450));
#13445 = SURFACE_STYLE_USAGE(.BOTH.,#13446);
#13446 = SURFACE_SIDE_STYLE('',(#13447));
#13447 = SURFACE_STYLE_FILL_AREA(#13448);
#13448 = FILL_AREA_STYLE('',(#13449));
#13449 = FILL_AREA_STYLE_COLOUR('',#13308);
#13450 = CURVE_STYLE('',#13451,POSITIVE_LENGTH_MEASURE(0.1),#13311);
#13451 = DRAUGHTING_PRE_DEFINED_CURVE_FONT('continuous');
#13452 = MECHANICAL_DESIGN_GEOMETRIC_PRESENTATION_REPRESENTATION('',(
    #13453),#8725);
#13453 = STYLED_ITEM('color',(#13454),#7382);
#13454 = PRESENTATION_STYLE_ASSIGNMENT((#13455,#13460));
#13455 = SURFACE_STYLE_USAGE(.BOTH.,#13456);
#13456 = SURFACE_SIDE_STYLE('',(#13457));
#13457 = SURFACE_STYLE_FILL_AREA(#13458);
#13458 = FILL_AREA_STYLE('',(#13459));
#13459 = FILL_AREA_STYLE_COLOUR('',#13308);
#13460 = CURVE_STYLE('',#13461,POSITIVE_LENGTH_MEASURE(0.1),#13311);
#13461 = DRAUGHTING_PRE_DEFINED_CURVE_FONT('continuous');
#13462 = MECHANICAL_DESIGN_GEOMETRIC_PRESENTATION_REPRESENTATION('',(
    #13463),#2866);
#13463 = STYLED_ITEM('color',(#13464),#2580);
#13464 = PRESENTATION_STYLE_ASSIGNMENT((#13465,#13470));
#13465 = SURFACE_STYLE_USAGE(.BOTH.,#13466);
#13466 = SURFACE_SIDE_STYLE('',(#13467));
#13467 = SURFACE_STYLE_FILL_AREA(#13468);
#13468 = FILL_AREA_STYLE('',(#13469));
#13469 = FILL_AREA_STYLE_COLOUR('',#13308);
#13470 = CURVE_STYLE('',#13471,POSITIVE_LENGTH_MEASURE(0.1),#13311);
#13471 = DRAUGHTING_PRE_DEFINED_CURVE_FONT('continuous');
#13472 = MECHANICAL_DESIGN_GEOMETRIC_PRESENTATION_REPRESENTATION('',(
    #13473),#5760);
#13473 = STYLED_ITEM('color',(#13474),#5610);
#13474 = PRESENTATION_STYLE_ASSIGNMENT((#13475,#13480));
#13475 = SURFACE_STYLE_USAGE(.BOTH.,#13476);
#13476 = SURFACE_SIDE_STYLE('',(#13477));
#13477 = SURFACE_STYLE_FILL_AREA(#13478);
#13478 = FILL_AREA_STYLE('',(#13479));
#13479 = FILL_AREA_STYLE_COLOUR('',#13308);
#13480 = CURVE_STYLE('',#13481,POSITIVE_LENGTH_MEASURE(0.1),#13311);
#13481 = DRAUGHTING_PRE_DEFINED_CURVE_FONT('continuous');
#13482 = MECHANICAL_DESIGN_GEOMETRIC_PRESENTATION_REPRESENTATION('',(
    #13483),#5422);
#13483 = STYLED_ITEM('color',(#13484),#5272);
#13484 = PRESENTATION_STYLE_ASSIGNMENT((#13485,#13490));
#13485 = SURFACE_STYLE_USAGE(.BOTH.,#13486);
#13486 = SURFACE_SIDE_STYLE('',(#13487));
#13487 = SURFACE_STYLE_FILL_AREA(#13488);
#13488 = FILL_AREA_STYLE('',(#13489));
#13489 = FILL_AREA_STYLE_COLOUR('',#13308);
#13490 = CURVE_STYLE('',#13491,POSITIVE_LENGTH_MEASURE(0.1),#13311);
#13491 = DRAUGHTING_PRE_DEFINED_CURVE_FONT('continuous');
#13492 = MECHANICAL_DESIGN_GEOMETRIC_PRESENTATION_REPRESENTATION('',(
    #13493),#6774);
#13493 = STYLED_ITEM('color',(#13494),#6624);
#13494 = PRESENTATION_STYLE_ASSIGNMENT((#13495,#13500));
#13495 = SURFACE_STYLE_USAGE(.BOTH.,#13496);
#13496 = SURFACE_SIDE_STYLE('',(#13497));
#13497 = SURFACE_STYLE_FILL_AREA(#13498);
#13498 = FILL_AREA_STYLE('',(#13499));
#13499 = FILL_AREA_STYLE_COLOUR('',#13308);
#13500 = CURVE_STYLE('',#13501,POSITIVE_LENGTH_MEASURE(0.1),#13311);
#13501 = DRAUGHTING_PRE_DEFINED_CURVE_FONT('continuous');
#13502 = MECHANICAL_DESIGN_GEOMETRIC_PRESENTATION_REPRESENTATION('',(
    #13503),#5591);
#13503 = STYLED_ITEM('color',(#13504),#5441);
#13504 = PRESENTATION_STYLE_ASSIGNMENT((#13505,#13510));
#13505 = SURFACE_STYLE_USAGE(.BOTH.,#13506);
#13506 = SURFACE_SIDE_STYLE('',(#13507));
#13507 = SURFACE_STYLE_FILL_AREA(#13508);
#13508 = FILL_AREA_STYLE('',(#13509));
#13509 = FILL_AREA_STYLE_COLOUR('',#13308);
#13510 = CURVE_STYLE('',#13511,POSITIVE_LENGTH_MEASURE(0.1),#13311);
#13511 = DRAUGHTING_PRE_DEFINED_CURVE_FONT('continuous');
#13512 = MECHANICAL_DESIGN_GEOMETRIC_PRESENTATION_REPRESENTATION('',(
    #13513),#8237);
#13513 = STYLED_ITEM('color',(#13514),#6030);
#13514 = PRESENTATION_STYLE_ASSIGNMENT((#13515,#13520));
#13515 = SURFACE_STYLE_USAGE(.BOTH.,#13516);
#13516 = SURFACE_SIDE_STYLE('',(#13517));
#13517 = SURFACE_STYLE_FILL_AREA(#13518);
#13518 = FILL_AREA_STYLE('',(#13519));
#13519 = FILL_AREA_STYLE_COLOUR('',#13308);
#13520 = CURVE_STYLE('',#13521,POSITIVE_LENGTH_MEASURE(0.1),#13311);
#13521 = DRAUGHTING_PRE_DEFINED_CURVE_FONT('continuous');
#13522 = MECHANICAL_DESIGN_GEOMETRIC_PRESENTATION_REPRESENTATION('',(
    #13523),#5001);
#13523 = STYLED_ITEM('color',(#13524),#4715);
#13524 = PRESENTATION_STYLE_ASSIGNMENT((#13525,#13530));
#13525 = SURFACE_STYLE_USAGE(.BOTH.,#13526);
#13526 = SURFACE_SIDE_STYLE('',(#13527));
#13527 = SURFACE_STYLE_FILL_AREA(#13528);
#13528 = FILL_AREA_STYLE('',(#13529));
#13529 = FILL_AREA_STYLE_COLOUR('',#13308);
#13530 = CURVE_STYLE('',#13531,POSITIVE_LENGTH_MEASURE(0.1),#13311);
#13531 = DRAUGHTING_PRE_DEFINED_CURVE_FONT('continuous');
#13532 = MECHANICAL_DESIGN_GEOMETRIC_PRESENTATION_REPRESENTATION('',(
    #13533),#4086);
#13533 = STYLED_ITEM('color',(#13534),#3800);
#13534 = PRESENTATION_STYLE_ASSIGNMENT((#13535,#13540));
#13535 = SURFACE_STYLE_USAGE(.BOTH.,#13536);
#13536 = SURFACE_SIDE_STYLE('',(#13537));
#13537 = SURFACE_STYLE_FILL_AREA(#13538);
#13538 = FILL_AREA_STYLE('',(#13539));
#13539 = FILL_AREA_STYLE_COLOUR('',#13308);
#13540 = CURVE_STYLE('',#13541,POSITIVE_LENGTH_MEASURE(0.1),#13311);
#13541 = DRAUGHTING_PRE_DEFINED_CURVE_FONT('continuous');
#13542 = MECHANICAL_DESIGN_GEOMETRIC_PRESENTATION_REPRESENTATION('',(
    #13543),#4696);
#13543 = STYLED_ITEM('color',(#13544),#4410);
#13544 = PRESENTATION_STYLE_ASSIGNMENT((#13545,#13550));
#13545 = SURFACE_STYLE_USAGE(.BOTH.,#13546);
#13546 = SURFACE_SIDE_STYLE('',(#13547));
#13547 = SURFACE_STYLE_FILL_AREA(#13548);
#13548 = FILL_AREA_STYLE('',(#13549));
#13549 = FILL_AREA_STYLE_COLOUR('',#13308);
#13550 = CURVE_STYLE('',#13551,POSITIVE_LENGTH_MEASURE(0.1),#13311);
#13551 = DRAUGHTING_PRE_DEFINED_CURVE_FONT('continuous');
#13552 = MECHANICAL_DESIGN_GEOMETRIC_PRESENTATION_REPRESENTATION('',(
    #13553),#8115);
#13553 = STYLED_ITEM('color',(#13554),#5692);
#13554 = PRESENTATION_STYLE_ASSIGNMENT((#13555,#13560));
#13555 = SURFACE_STYLE_USAGE(.BOTH.,#13556);
#13556 = SURFACE_SIDE_STYLE('',(#13557));
#13557 = SURFACE_STYLE_FILL_AREA(#13558);
#13558 = FILL_AREA_STYLE('',(#13559));
#13559 = FILL_AREA_STYLE_COLOUR('',#13308);
#13560 = CURVE_STYLE('',#13561,POSITIVE_LENGTH_MEASURE(0.1),#13311);
#13561 = DRAUGHTING_PRE_DEFINED_CURVE_FONT('continuous');
#13562 = MECHANICAL_DESIGN_GEOMETRIC_PRESENTATION_REPRESENTATION('',(
    #13563),#8542);
#13563 = STYLED_ITEM('color',(#13564),#6875);
#13564 = PRESENTATION_STYLE_ASSIGNMENT((#13565,#13570));
#13565 = SURFACE_STYLE_USAGE(.BOTH.,#13566);
#13566 = SURFACE_SIDE_STYLE('',(#13567));
#13567 = SURFACE_STYLE_FILL_AREA(#13568);
#13568 = FILL_AREA_STYLE('',(#13569));
#13569 = FILL_AREA_STYLE_COLOUR('',#13308);
#13570 = CURVE_STYLE('',#13571,POSITIVE_LENGTH_MEASURE(0.1),#13311);
#13571 = DRAUGHTING_PRE_DEFINED_CURVE_FONT('continuous');
#13572 = MECHANICAL_DESIGN_GEOMETRIC_PRESENTATION_REPRESENTATION('',(
    #13573),#7619);
#13573 = STYLED_ITEM('color',(#13574),#7469);
#13574 = PRESENTATION_STYLE_ASSIGNMENT((#13575,#13580));
#13575 = SURFACE_STYLE_USAGE(.BOTH.,#13576);
#13576 = SURFACE_SIDE_STYLE('',(#13577));
#13577 = SURFACE_STYLE_FILL_AREA(#13578);
#13578 = FILL_AREA_STYLE('',(#13579));
#13579 = FILL_AREA_STYLE_COLOUR('',#13308);
#13580 = CURVE_STYLE('',#13581,POSITIVE_LENGTH_MEASURE(0.1),#13311);
#13581 = DRAUGHTING_PRE_DEFINED_CURVE_FONT('continuous');
#13582 = MECHANICAL_DESIGN_GEOMETRIC_PRESENTATION_REPRESENTATION('',(
    #13583),#7450);
#13583 = STYLED_ITEM('color',(#13584),#7300);
#13584 = PRESENTATION_STYLE_ASSIGNMENT((#13585,#13590));
#13585 = SURFACE_STYLE_USAGE(.BOTH.,#13586);
#13586 = SURFACE_SIDE_STYLE('',(#13587));
#13587 = SURFACE_STYLE_FILL_AREA(#13588);
#13588 = FILL_AREA_STYLE('',(#13589));
#13589 = FILL_AREA_STYLE_COLOUR('',#13308);
#13590 = CURVE_STYLE('',#13591,POSITIVE_LENGTH_MEASURE(0.1),#13311);
#13591 = DRAUGHTING_PRE_DEFINED_CURVE_FONT('continuous');
#13592 = MECHANICAL_DESIGN_GEOMETRIC_PRESENTATION_REPRESENTATION('',(
    #13593),#3476);
#13593 = STYLED_ITEM('color',(#13594),#3190);
#13594 = PRESENTATION_STYLE_ASSIGNMENT((#13595,#13600));
#13595 = SURFACE_STYLE_USAGE(.BOTH.,#13596);
#13596 = SURFACE_SIDE_STYLE('',(#13597));
#13597 = SURFACE_STYLE_FILL_AREA(#13598);
#13598 = FILL_AREA_STYLE('',(#13599));
#13599 = FILL_AREA_STYLE_COLOUR('',#13308);
#13600 = CURVE_STYLE('',#13601,POSITIVE_LENGTH_MEASURE(0.1),#13311);
#13601 = DRAUGHTING_PRE_DEFINED_CURVE_FONT('continuous');
#13602 = MECHANICAL_DESIGN_GEOMETRIC_PRESENTATION_REPRESENTATION('',(
    #13603),#2256);
#13603 = STYLED_ITEM('color',(#13604),#1970);
#13604 = PRESENTATION_STYLE_ASSIGNMENT((#13605,#13610));
#13605 = SURFACE_STYLE_USAGE(.BOTH.,#13606);
#13606 = SURFACE_SIDE_STYLE('',(#13607));
#13607 = SURFACE_STYLE_FILL_AREA(#13608);
#13608 = FILL_AREA_STYLE('',(#13609));
#13609 = FILL_AREA_STYLE_COLOUR('',#13308);
#13610 = CURVE_STYLE('',#13611,POSITIVE_LENGTH_MEASURE(0.1),#13311);
#13611 = DRAUGHTING_PRE_DEFINED_CURVE_FONT('continuous');
#13612 = MECHANICAL_DESIGN_GEOMETRIC_PRESENTATION_REPRESENTATION('',(
    #13613),#1036);
#13613 = STYLED_ITEM('color',(#13614),#750);
#13614 = PRESENTATION_STYLE_ASSIGNMENT((#13615,#13620));
#13615 = SURFACE_STYLE_USAGE(.BOTH.,#13616);
#13616 = SURFACE_SIDE_STYLE('',(#13617));
#13617 = SURFACE_STYLE_FILL_AREA(#13618);
#13618 = FILL_AREA_STYLE('',(#13619));
#13619 = FILL_AREA_STYLE_COLOUR('',#13308);
#13620 = CURVE_STYLE('',#13621,POSITIVE_LENGTH_MEASURE(0.1),#13311);
#13621 = DRAUGHTING_PRE_DEFINED_CURVE_FONT('continuous');
#13622 = MECHANICAL_DESIGN_GEOMETRIC_PRESENTATION_REPRESENTATION('',(
    #13623),#426);
#13623 = STYLED_ITEM('color',(#13624),#140);
#13624 = PRESENTATION_STYLE_ASSIGNMENT((#13625,#13630));
#13625 = SURFACE_STYLE_USAGE(.BOTH.,#13626);
#13626 = SURFACE_SIDE_STYLE('',(#13627));
#13627 = SURFACE_STYLE_FILL_AREA(#13628);
#13628 = FILL_AREA_STYLE('',(#13629));
#13629 = FILL_AREA_STYLE_COLOUR('',#13308);
#13630 = CURVE_STYLE('',#13631,POSITIVE_LENGTH_MEASURE(0.1),#13311);
#13631 = DRAUGHTING_PRE_DEFINED_CURVE_FONT('continuous');
#13632 = MECHANICAL_DESIGN_GEOMETRIC_PRESENTATION_REPRESENTATION('',(
    #13633),#8786);
#13633 = STYLED_ITEM('color',(#13634),#7551);
#13634 = PRESENTATION_STYLE_ASSIGNMENT((#13635,#13640));
#13635 = SURFACE_STYLE_USAGE(.BOTH.,#13636);
#13636 = SURFACE_SIDE_STYLE('',(#13637));
#13637 = SURFACE_STYLE_FILL_AREA(#13638);
#13638 = FILL_AREA_STYLE('',(#13639));
#13639 = FILL_AREA_STYLE_COLOUR('',#13308);
#13640 = CURVE_STYLE('',#13641,POSITIVE_LENGTH_MEASURE(0.1),#13311);
#13641 = DRAUGHTING_PRE_DEFINED_CURVE_FONT('continuous');
#13642 = MECHANICAL_DESIGN_GEOMETRIC_PRESENTATION_REPRESENTATION('',(
    #13643),#5253);
#13643 = STYLED_ITEM('color',(#13644),#5103);
#13644 = PRESENTATION_STYLE_ASSIGNMENT((#13645,#13650));
#13645 = SURFACE_STYLE_USAGE(.BOTH.,#13646);
#13646 = SURFACE_SIDE_STYLE('',(#13647));
#13647 = SURFACE_STYLE_FILL_AREA(#13648);
#13648 = FILL_AREA_STYLE('',(#13649));
#13649 = FILL_AREA_STYLE_COLOUR('',#13308);
#13650 = CURVE_STYLE('',#13651,POSITIVE_LENGTH_MEASURE(0.1),#13311);
#13651 = DRAUGHTING_PRE_DEFINED_CURVE_FONT('continuous');
#13652 = MECHANICAL_DESIGN_GEOMETRIC_PRESENTATION_REPRESENTATION('',(
    #13653),#7993);
#13653 = STYLED_ITEM('color',(#13654),#5354);
#13654 = PRESENTATION_STYLE_ASSIGNMENT((#13655,#13660));
#13655 = SURFACE_STYLE_USAGE(.BOTH.,#13656);
#13656 = SURFACE_SIDE_STYLE('',(#13657));
#13657 = SURFACE_STYLE_FILL_AREA(#13658);
#13658 = FILL_AREA_STYLE('',(#13659));
#13659 = FILL_AREA_STYLE_COLOUR('',#13308);
#13660 = CURVE_STYLE('',#13661,POSITIVE_LENGTH_MEASURE(0.1),#13311);
#13661 = DRAUGHTING_PRE_DEFINED_CURVE_FONT('continuous');
#13662 = MECHANICAL_DESIGN_GEOMETRIC_PRESENTATION_REPRESENTATION('',(
    #13663),#1951);
#13663 = STYLED_ITEM('color',(#13664),#1665);
#13664 = PRESENTATION_STYLE_ASSIGNMENT((#13665,#13670));
#13665 = SURFACE_STYLE_USAGE(.BOTH.,#13666);
#13666 = SURFACE_SIDE_STYLE('',(#13667));
#13667 = SURFACE_STYLE_FILL_AREA(#13668);
#13668 = FILL_AREA_STYLE('',(#13669));
#13669 = FILL_AREA_STYLE_COLOUR('',#13308);
#13670 = CURVE_STYLE('',#13671,POSITIVE_LENGTH_MEASURE(0.1),#13311);
#13671 = DRAUGHTING_PRE_DEFINED_CURVE_FONT('continuous');
#13672 = MECHANICAL_DESIGN_GEOMETRIC_PRESENTATION_REPRESENTATION('',(
    #13673),#8481);
#13673 = STYLED_ITEM('color',(#13674),#6706);
#13674 = PRESENTATION_STYLE_ASSIGNMENT((#13675,#13680));
#13675 = SURFACE_STYLE_USAGE(.BOTH.,#13676);
#13676 = SURFACE_SIDE_STYLE('',(#13677));
#13677 = SURFACE_STYLE_FILL_AREA(#13678);
#13678 = FILL_AREA_STYLE('',(#13679));
#13679 = FILL_AREA_STYLE_COLOUR('',#13308);
#13680 = CURVE_STYLE('',#13681,POSITIVE_LENGTH_MEASURE(0.1),#13311);
#13681 = DRAUGHTING_PRE_DEFINED_CURVE_FONT('continuous');
#13682 = MECHANICAL_DESIGN_GEOMETRIC_PRESENTATION_REPRESENTATION('',(
    #13683),#6267);
#13683 = STYLED_ITEM('color',(#13684),#6117);
#13684 = PRESENTATION_STYLE_ASSIGNMENT((#13685,#13690));
#13685 = SURFACE_STYLE_USAGE(.BOTH.,#13686);
#13686 = SURFACE_SIDE_STYLE('',(#13687));
#13687 = SURFACE_STYLE_FILL_AREA(#13688);
#13688 = FILL_AREA_STYLE('',(#13689));
#13689 = FILL_AREA_STYLE_COLOUR('',#13308);
#13690 = CURVE_STYLE('',#13691,POSITIVE_LENGTH_MEASURE(0.1),#13311);
#13691 = DRAUGHTING_PRE_DEFINED_CURVE_FONT('continuous');
#13692 = MECHANICAL_DESIGN_GEOMETRIC_PRESENTATION_REPRESENTATION('',(
    #13693),#11192);
#13693 = STYLED_ITEM('color',(#13694),#8866);
#13694 = PRESENTATION_STYLE_ASSIGNMENT((#13695,#13700));
#13695 = SURFACE_STYLE_USAGE(.BOTH.,#13696);
#13696 = SURFACE_SIDE_STYLE('',(#13697));
#13697 = SURFACE_STYLE_FILL_AREA(#13698);
#13698 = FILL_AREA_STYLE('',(#13699));
#13699 = FILL_AREA_STYLE_COLOUR('',#13308);
#13700 = CURVE_STYLE('',#13701,POSITIVE_LENGTH_MEASURE(0.1),#13311);
#13701 = DRAUGHTING_PRE_DEFINED_CURVE_FONT('continuous');
#13702 = MECHANICAL_DESIGN_GEOMETRIC_PRESENTATION_REPRESENTATION('',(
    #13703),#6098);
#13703 = STYLED_ITEM('color',(#13704),#5948);
#13704 = PRESENTATION_STYLE_ASSIGNMENT((#13705,#13710));
#13705 = SURFACE_STYLE_USAGE(.BOTH.,#13706);
#13706 = SURFACE_SIDE_STYLE('',(#13707));
#13707 = SURFACE_STYLE_FILL_AREA(#13708);
#13708 = FILL_AREA_STYLE('',(#13709));
#13709 = FILL_AREA_STYLE_COLOUR('',#13308);
#13710 = CURVE_STYLE('',#13711,POSITIVE_LENGTH_MEASURE(0.1),#13311);
#13711 = DRAUGHTING_PRE_DEFINED_CURVE_FONT('continuous');
#13712 = MECHANICAL_DESIGN_GEOMETRIC_PRESENTATION_REPRESENTATION('',(
    #13713),#4391);
#13713 = STYLED_ITEM('color',(#13714),#4105);
#13714 = PRESENTATION_STYLE_ASSIGNMENT((#13715,#13720));
#13715 = SURFACE_STYLE_USAGE(.BOTH.,#13716);
#13716 = SURFACE_SIDE_STYLE('',(#13717));
#13717 = SURFACE_STYLE_FILL_AREA(#13718);
#13718 = FILL_AREA_STYLE('',(#13719));
#13719 = FILL_AREA_STYLE_COLOUR('',#13308);
#13720 = CURVE_STYLE('',#13721,POSITIVE_LENGTH_MEASURE(0.1),#13311);
#13721 = DRAUGHTING_PRE_DEFINED_CURVE_FONT('continuous');
#13722 = MECHANICAL_DESIGN_GEOMETRIC_PRESENTATION_REPRESENTATION('',(
    #13723),#8359);
#13723 = STYLED_ITEM('color',(#13724),#6368);
#13724 = PRESENTATION_STYLE_ASSIGNMENT((#13725,#13730));
#13725 = SURFACE_STYLE_USAGE(.BOTH.,#13726);
#13726 = SURFACE_SIDE_STYLE('',(#13727));
#13727 = SURFACE_STYLE_FILL_AREA(#13728);
#13728 = FILL_AREA_STYLE('',(#13729));
#13729 = FILL_AREA_STYLE_COLOUR('',#13308);
#13730 = CURVE_STYLE('',#13731,POSITIVE_LENGTH_MEASURE(0.1),#13311);
#13731 = DRAUGHTING_PRE_DEFINED_CURVE_FONT('continuous');
#13732 = MECHANICAL_DESIGN_GEOMETRIC_PRESENTATION_REPRESENTATION('',(
    #13733),#5929);
#13733 = STYLED_ITEM('color',(#13734),#5779);
#13734 = PRESENTATION_STYLE_ASSIGNMENT((#13735,#13740));
#13735 = SURFACE_STYLE_USAGE(.BOTH.,#13736);
#13736 = SURFACE_SIDE_STYLE('',(#13737));
#13737 = SURFACE_STYLE_FILL_AREA(#13738);
#13738 = FILL_AREA_STYLE('',(#13739));
#13739 = FILL_AREA_STYLE_COLOUR('',#13308);
#13740 = CURVE_STYLE('',#13741,POSITIVE_LENGTH_MEASURE(0.1),#13311);
#13741 = DRAUGHTING_PRE_DEFINED_CURVE_FONT('continuous');
#13742 = MECHANICAL_DESIGN_GEOMETRIC_PRESENTATION_REPRESENTATION('',(
    #13743),#8603);
#13743 = STYLED_ITEM('color',(#13744),#7044);
#13744 = PRESENTATION_STYLE_ASSIGNMENT((#13745,#13750));
#13745 = SURFACE_STYLE_USAGE(.BOTH.,#13746);
#13746 = SURFACE_SIDE_STYLE('',(#13747));
#13747 = SURFACE_STYLE_FILL_AREA(#13748);
#13748 = FILL_AREA_STYLE('',(#13749));
#13749 = FILL_AREA_STYLE_COLOUR('',#13308);
#13750 = CURVE_STYLE('',#13751,POSITIVE_LENGTH_MEASURE(0.1),#13311);
#13751 = DRAUGHTING_PRE_DEFINED_CURVE_FONT('continuous');
#13752 = MECHANICAL_DESIGN_GEOMETRIC_PRESENTATION_REPRESENTATION('',(
    #13753),#7932);
#13753 = STYLED_ITEM('color',(#13754),#5185);
#13754 = PRESENTATION_STYLE_ASSIGNMENT((#13755,#13760));
#13755 = SURFACE_STYLE_USAGE(.BOTH.,#13756);
#13756 = SURFACE_SIDE_STYLE('',(#13757));
#13757 = SURFACE_STYLE_FILL_AREA(#13758);
#13758 = FILL_AREA_STYLE('',(#13759));
#13759 = FILL_AREA_STYLE_COLOUR('',#13308);
#13760 = CURVE_STYLE('',#13761,POSITIVE_LENGTH_MEASURE(0.1),#13311);
#13761 = DRAUGHTING_PRE_DEFINED_CURVE_FONT('continuous');
#13762 = MECHANICAL_DESIGN_GEOMETRIC_PRESENTATION_REPRESENTATION('',(
    #13763),#1646);
#13763 = STYLED_ITEM('color',(#13764),#1360);
#13764 = PRESENTATION_STYLE_ASSIGNMENT((#13765,#13770));
#13765 = SURFACE_STYLE_USAGE(.BOTH.,#13766);
#13766 = SURFACE_SIDE_STYLE('',(#13767));
#13767 = SURFACE_STYLE_FILL_AREA(#13768);
#13768 = FILL_AREA_STYLE('',(#13769));
#13769 = FILL_AREA_STYLE_COLOUR('',#13308);
#13770 = CURVE_STYLE('',#13771,POSITIVE_LENGTH_MEASURE(0.1),#13311);
#13771 = DRAUGHTING_PRE_DEFINED_CURVE_FONT('continuous');
#13772 = MECHANICAL_DESIGN_GEOMETRIC_PRESENTATION_REPRESENTATION('',(
    #13773),#6943);
#13773 = STYLED_ITEM('color',(#13774),#6793);
#13774 = PRESENTATION_STYLE_ASSIGNMENT((#13775,#13780));
#13775 = SURFACE_STYLE_USAGE(.BOTH.,#13776);
#13776 = SURFACE_SIDE_STYLE('',(#13777));
#13777 = SURFACE_STYLE_FILL_AREA(#13778);
#13778 = FILL_AREA_STYLE('',(#13779));
#13779 = FILL_AREA_STYLE_COLOUR('',#13308);
#13780 = CURVE_STYLE('',#13781,POSITIVE_LENGTH_MEASURE(0.1),#13311);
#13781 = DRAUGHTING_PRE_DEFINED_CURVE_FONT('continuous');
#13782 = MECHANICAL_DESIGN_GEOMETRIC_PRESENTATION_REPRESENTATION('',(
    #13783),#6605);
#13783 = STYLED_ITEM('color',(#13784),#6455);
#13784 = PRESENTATION_STYLE_ASSIGNMENT((#13785,#13790));
#13785 = SURFACE_STYLE_USAGE(.BOTH.,#13786);
#13786 = SURFACE_SIDE_STYLE('',(#13787));
#13787 = SURFACE_STYLE_FILL_AREA(#13788);
#13788 = FILL_AREA_STYLE('',(#13789));
#13789 = FILL_AREA_STYLE_COLOUR('',#13308);
#13790 = CURVE_STYLE('',#13791,POSITIVE_LENGTH_MEASURE(0.1),#13311);
#13791 = DRAUGHTING_PRE_DEFINED_CURVE_FONT('continuous');
#13792 = MECHANICAL_DESIGN_GEOMETRIC_PRESENTATION_REPRESENTATION('',(
    #13793),#8176);
#13793 = STYLED_ITEM('color',(#13794),#5861);
#13794 = PRESENTATION_STYLE_ASSIGNMENT((#13795,#13800));
#13795 = SURFACE_STYLE_USAGE(.BOTH.,#13796);
#13796 = SURFACE_SIDE_STYLE('',(#13797));
#13797 = SURFACE_STYLE_FILL_AREA(#13798);
#13798 = FILL_AREA_STYLE('',(#13799));
#13799 = FILL_AREA_STYLE_COLOUR('',#13308);
#13800 = CURVE_STYLE('',#13801,POSITIVE_LENGTH_MEASURE(0.1),#13311);
#13801 = DRAUGHTING_PRE_DEFINED_CURVE_FONT('continuous');
#13802 = MECHANICAL_DESIGN_GEOMETRIC_PRESENTATION_REPRESENTATION('',(
    #13803),#2561);
#13803 = STYLED_ITEM('color',(#13804),#2275);
#13804 = PRESENTATION_STYLE_ASSIGNMENT((#13805,#13810));
#13805 = SURFACE_STYLE_USAGE(.BOTH.,#13806);
#13806 = SURFACE_SIDE_STYLE('',(#13807));
#13807 = SURFACE_STYLE_FILL_AREA(#13808);
#13808 = FILL_AREA_STYLE('',(#13809));
#13809 = FILL_AREA_STYLE_COLOUR('',#13308);
#13810 = CURVE_STYLE('',#13811,POSITIVE_LENGTH_MEASURE(0.1),#13311);
#13811 = DRAUGHTING_PRE_DEFINED_CURVE_FONT('continuous');
#13812 = MECHANICAL_DESIGN_GEOMETRIC_PRESENTATION_REPRESENTATION('',(
    #13813),#6436);
#13813 = STYLED_ITEM('color',(#13814),#6286);
#13814 = PRESENTATION_STYLE_ASSIGNMENT((#13815,#13820));
#13815 = SURFACE_STYLE_USAGE(.BOTH.,#13816);
#13816 = SURFACE_SIDE_STYLE('',(#13817));
#13817 = SURFACE_STYLE_FILL_AREA(#13818);
#13818 = FILL_AREA_STYLE('',(#13819));
#13819 = FILL_AREA_STYLE_COLOUR('',#13308);
#13820 = CURVE_STYLE('',#13821,POSITIVE_LENGTH_MEASURE(0.1),#13311);
#13821 = DRAUGHTING_PRE_DEFINED_CURVE_FONT('continuous');
ENDSEC;
END-ISO-10303-21;
