ISO-10303-21;
HEADER;
FILE_DESCRIPTION(('FreeCAD Model'),'2;1');
FILE_NAME('Open CASCADE Shape Model','2025-08-05T19:32:49',(''),(''),
  'Open CASCADE STEP processor 7.8','FreeCAD','Unknown');
FILE_SCHEMA(('AUTOMOTIVE_DESIGN { 1 0 10303 214 1 1 1 1 }'));
ENDSEC;
DATA;
#1 = APPLICATION_PROTOCOL_DEFINITION('international standard',
  'automotive_design',2000,#2);
#2 = APPLICATION_CONTEXT(
  'core data for automotive mechanical design processes');
#3 = SHAPE_DEFINITION_REPRESENTATION(#4,#10);
#4 = PRODUCT_DEFINITION_SHAPE('','',#5);
#5 = PRODUCT_DEFINITION('design','',#6,#9);
#6 = PRODUCT_DEFINITION_FORMATION('','',#7);
#7 = PRODUCT('Chip_core_fin_group','Chip_core_fin_group','',(#8));
#8 = PRODUCT_CONTEXT('',#2,'mechanical');
#9 = PRODUCT_DEFINITION_CONTEXT('part definition',#2,'design');
#10 = SHAPE_REPRESENTATION('',(#11,#15,#19,#23,#27,#31,#35,#39,#43),#47
  );
#11 = AXIS2_PLACEMENT_3D('',#12,#13,#14);
#12 = CARTESIAN_POINT('',(0.,0.,0.));
#13 = DIRECTION('',(0.,0.,1.));
#14 = DIRECTION('',(1.,0.,-0.));
#15 = AXIS2_PLACEMENT_3D('',#16,#17,#18);
#16 = CARTESIAN_POINT('',(0.,0.,0.));
#17 = DIRECTION('',(0.,0.,1.));
#18 = DIRECTION('',(1.,0.,0.));
#19 = AXIS2_PLACEMENT_3D('',#20,#21,#22);
#20 = CARTESIAN_POINT('',(0.,0.,0.));
#21 = DIRECTION('',(0.,0.,1.));
#22 = DIRECTION('',(1.,0.,0.));
#23 = AXIS2_PLACEMENT_3D('',#24,#25,#26);
#24 = CARTESIAN_POINT('',(0.,0.,0.));
#25 = DIRECTION('',(0.,0.,1.));
#26 = DIRECTION('',(1.,0.,0.));
#27 = AXIS2_PLACEMENT_3D('',#28,#29,#30);
#28 = CARTESIAN_POINT('',(0.,0.,0.));
#29 = DIRECTION('',(0.,0.,1.));
#30 = DIRECTION('',(1.,0.,0.));
#31 = AXIS2_PLACEMENT_3D('',#32,#33,#34);
#32 = CARTESIAN_POINT('',(0.,0.,0.));
#33 = DIRECTION('',(0.,0.,1.));
#34 = DIRECTION('',(1.,0.,0.));
#35 = AXIS2_PLACEMENT_3D('',#36,#37,#38);
#36 = CARTESIAN_POINT('',(-10.,0.5,-20.));
#37 = DIRECTION('',(0.,0.,1.));
#38 = DIRECTION('',(1.,0.,0.));
#39 = AXIS2_PLACEMENT_3D('',#40,#41,#42);
#40 = CARTESIAN_POINT('',(-20.,4.5,-40.));
#41 = DIRECTION('',(0.,0.,1.));
#42 = DIRECTION('',(1.,0.,0.));
#43 = AXIS2_PLACEMENT_3D('',#44,#45,#46);
#44 = CARTESIAN_POINT('',(0.,0.,0.));
#45 = DIRECTION('',(0.,0.,1.));
#46 = DIRECTION('',(1.,0.,0.));
#47 = ( GEOMETRIC_REPRESENTATION_CONTEXT(3) 
GLOBAL_UNCERTAINTY_ASSIGNED_CONTEXT((#51)) GLOBAL_UNIT_ASSIGNED_CONTEXT(
(#48,#49,#50)) REPRESENTATION_CONTEXT('Context #1',
  '3D Context with UNIT and UNCERTAINTY') );
#48 = ( LENGTH_UNIT() NAMED_UNIT(*) SI_UNIT(.MILLI.,.METRE.) );
#49 = ( NAMED_UNIT(*) PLANE_ANGLE_UNIT() SI_UNIT($,.RADIAN.) );
#50 = ( NAMED_UNIT(*) SI_UNIT($,.STERADIAN.) SOLID_ANGLE_UNIT() );
#51 = UNCERTAINTY_MEASURE_WITH_UNIT(LENGTH_MEASURE(1.E-07),#48,
  'distance_accuracy_value','confusion accuracy');
#52 = PRODUCT_RELATED_PRODUCT_CATEGORY('part',$,(#7));
#53 = SHAPE_DEFINITION_REPRESENTATION(#54,#60);
#54 = PRODUCT_DEFINITION_SHAPE('','',#55);
#55 = PRODUCT_DEFINITION('design','',#56,#59);
#56 = PRODUCT_DEFINITION_FORMATION('','',#57);
#57 = PRODUCT('Cores','Cores','',(#58));
#58 = PRODUCT_CONTEXT('',#2,'mechanical');
#59 = PRODUCT_DEFINITION_CONTEXT('part definition',#2,'design');
#60 = SHAPE_REPRESENTATION('',(#11,#61,#65,#69,#73,#77,#81,#85,#89,#93,
    #97,#101,#105,#109,#113,#117,#121),#125);
#61 = AXIS2_PLACEMENT_3D('',#62,#63,#64);
#62 = CARTESIAN_POINT('',(0.,0.,0.));
#63 = DIRECTION('',(0.,0.,1.));
#64 = DIRECTION('',(1.,0.,0.));
#65 = AXIS2_PLACEMENT_3D('',#66,#67,#68);
#66 = CARTESIAN_POINT('',(0.,0.,0.));
#67 = DIRECTION('',(0.,0.,1.));
#68 = DIRECTION('',(1.,0.,0.));
#69 = AXIS2_PLACEMENT_3D('',#70,#71,#72);
#70 = CARTESIAN_POINT('',(0.,0.,0.));
#71 = DIRECTION('',(0.,0.,1.));
#72 = DIRECTION('',(1.,0.,0.));
#73 = AXIS2_PLACEMENT_3D('',#74,#75,#76);
#74 = CARTESIAN_POINT('',(0.,0.,0.));
#75 = DIRECTION('',(0.,0.,1.));
#76 = DIRECTION('',(1.,0.,0.));
#77 = AXIS2_PLACEMENT_3D('',#78,#79,#80);
#78 = CARTESIAN_POINT('',(0.,0.,0.));
#79 = DIRECTION('',(0.,0.,1.));
#80 = DIRECTION('',(1.,0.,0.));
#81 = AXIS2_PLACEMENT_3D('',#82,#83,#84);
#82 = CARTESIAN_POINT('',(0.,0.,0.));
#83 = DIRECTION('',(0.,0.,1.));
#84 = DIRECTION('',(1.,0.,0.));
#85 = AXIS2_PLACEMENT_3D('',#86,#87,#88);
#86 = CARTESIAN_POINT('',(0.,0.,0.));
#87 = DIRECTION('',(0.,0.,1.));
#88 = DIRECTION('',(1.,0.,0.));
#89 = AXIS2_PLACEMENT_3D('',#90,#91,#92);
#90 = CARTESIAN_POINT('',(0.,0.,0.));
#91 = DIRECTION('',(0.,0.,1.));
#92 = DIRECTION('',(1.,0.,0.));
#93 = AXIS2_PLACEMENT_3D('',#94,#95,#96);
#94 = CARTESIAN_POINT('',(0.,0.,0.));
#95 = DIRECTION('',(0.,0.,1.));
#96 = DIRECTION('',(1.,0.,0.));
#97 = AXIS2_PLACEMENT_3D('',#98,#99,#100);
#98 = CARTESIAN_POINT('',(0.,0.,0.));
#99 = DIRECTION('',(0.,0.,1.));
#100 = DIRECTION('',(1.,0.,0.));
#101 = AXIS2_PLACEMENT_3D('',#102,#103,#104);
#102 = CARTESIAN_POINT('',(0.,0.,0.));
#103 = DIRECTION('',(0.,0.,1.));
#104 = DIRECTION('',(1.,0.,0.));
#105 = AXIS2_PLACEMENT_3D('',#106,#107,#108);
#106 = CARTESIAN_POINT('',(0.,0.,0.));
#107 = DIRECTION('',(0.,0.,1.));
#108 = DIRECTION('',(1.,0.,0.));
#109 = AXIS2_PLACEMENT_3D('',#110,#111,#112);
#110 = CARTESIAN_POINT('',(0.,0.,0.));
#111 = DIRECTION('',(0.,0.,1.));
#112 = DIRECTION('',(1.,0.,0.));
#113 = AXIS2_PLACEMENT_3D('',#114,#115,#116);
#114 = CARTESIAN_POINT('',(0.,0.,0.));
#115 = DIRECTION('',(0.,0.,1.));
#116 = DIRECTION('',(1.,0.,0.));
#117 = AXIS2_PLACEMENT_3D('',#118,#119,#120);
#118 = CARTESIAN_POINT('',(0.,0.,0.));
#119 = DIRECTION('',(0.,0.,1.));
#120 = DIRECTION('',(1.,0.,0.));
#121 = AXIS2_PLACEMENT_3D('',#122,#123,#124);
#122 = CARTESIAN_POINT('',(0.,0.,0.));
#123 = DIRECTION('',(0.,0.,1.));
#124 = DIRECTION('',(1.,0.,0.));
#125 = ( GEOMETRIC_REPRESENTATION_CONTEXT(3) 
GLOBAL_UNCERTAINTY_ASSIGNED_CONTEXT((#129)) GLOBAL_UNIT_ASSIGNED_CONTEXT
((#126,#127,#128)) REPRESENTATION_CONTEXT('Context #1',
  '3D Context with UNIT and UNCERTAINTY') );
#126 = ( LENGTH_UNIT() NAMED_UNIT(*) SI_UNIT(.MILLI.,.METRE.) );
#127 = ( NAMED_UNIT(*) PLANE_ANGLE_UNIT() SI_UNIT($,.RADIAN.) );
#128 = ( NAMED_UNIT(*) SI_UNIT($,.STERADIAN.) SOLID_ANGLE_UNIT() );
#129 = UNCERTAINTY_MEASURE_WITH_UNIT(LENGTH_MEASURE(1.E-07),#126,
  'distance_accuracy_value','confusion accuracy');
#130 = CONTEXT_DEPENDENT_SHAPE_REPRESENTATION(#131,#133);
#131 = ( REPRESENTATION_RELATIONSHIP('','',#60,#10) 
REPRESENTATION_RELATIONSHIP_WITH_TRANSFORMATION(#132) 
SHAPE_REPRESENTATION_RELATIONSHIP() );
#132 = ITEM_DEFINED_TRANSFORMATION('','',#11,#15);
#133 = PRODUCT_DEFINITION_SHAPE('Placement','Placement of an item',#134
  );
#134 = NEXT_ASSEMBLY_USAGE_OCCURRENCE('323','Cores','',#5,#55,$);
#135 = PRODUCT_RELATED_PRODUCT_CATEGORY('part',$,(#57));
#136 = SHAPE_DEFINITION_REPRESENTATION(#137,#143);
#137 = PRODUCT_DEFINITION_SHAPE('','',#138);
#138 = PRODUCT_DEFINITION('design','',#139,#142);
#139 = PRODUCT_DEFINITION_FORMATION('','',#140);
#140 = PRODUCT('Core_1_1','Core_1_1','',(#141));
#141 = PRODUCT_CONTEXT('',#2,'mechanical');
#142 = PRODUCT_DEFINITION_CONTEXT('part definition',#2,'design');
#143 = ADVANCED_BREP_SHAPE_REPRESENTATION('',(#11,#144),#430);
#144 = MANIFOLD_SOLID_BREP('',#145);
#145 = CLOSED_SHELL('',(#146,#186,#251,#275,#333,#350,#362,#384,#401,
    #418));
#146 = ADVANCED_FACE('',(#147),#181,.F.);
#147 = FACE_BOUND('',#148,.F.);
#148 = EDGE_LOOP('',(#149,#159,#167,#175));
#149 = ORIENTED_EDGE('',*,*,#150,.F.);
#150 = EDGE_CURVE('',#151,#153,#155,.T.);
#151 = VERTEX_POINT('',#152);
#152 = CARTESIAN_POINT('',(2.4,0.,2.4));
#153 = VERTEX_POINT('',#154);
#154 = CARTESIAN_POINT('',(2.4,0.,4.4));
#155 = LINE('',#156,#157);
#156 = CARTESIAN_POINT('',(2.4,0.,2.4));
#157 = VECTOR('',#158,1.);
#158 = DIRECTION('',(0.,0.,1.));
#159 = ORIENTED_EDGE('',*,*,#160,.T.);
#160 = EDGE_CURVE('',#151,#161,#163,.T.);
#161 = VERTEX_POINT('',#162);
#162 = CARTESIAN_POINT('',(2.4,0.5,2.4));
#163 = LINE('',#164,#165);
#164 = CARTESIAN_POINT('',(2.4,0.,2.4));
#165 = VECTOR('',#166,1.);
#166 = DIRECTION('',(-0.,1.,0.));
#167 = ORIENTED_EDGE('',*,*,#168,.T.);
#168 = EDGE_CURVE('',#161,#169,#171,.T.);
#169 = VERTEX_POINT('',#170);
#170 = CARTESIAN_POINT('',(2.4,0.5,4.4));
#171 = LINE('',#172,#173);
#172 = CARTESIAN_POINT('',(2.4,0.5,2.4));
#173 = VECTOR('',#174,1.);
#174 = DIRECTION('',(0.,0.,1.));
#175 = ORIENTED_EDGE('',*,*,#176,.F.);
#176 = EDGE_CURVE('',#153,#169,#177,.T.);
#177 = LINE('',#178,#179);
#178 = CARTESIAN_POINT('',(2.4,0.,4.4));
#179 = VECTOR('',#180,1.);
#180 = DIRECTION('',(-0.,1.,0.));
#181 = PLANE('',#182);
#182 = AXIS2_PLACEMENT_3D('',#183,#184,#185);
#183 = CARTESIAN_POINT('',(2.4,0.,2.4));
#184 = DIRECTION('',(1.,0.,-0.));
#185 = DIRECTION('',(0.,0.,1.));
#186 = ADVANCED_FACE('',(#187,#212),#246,.F.);
#187 = FACE_BOUND('',#188,.F.);
#188 = EDGE_LOOP('',(#189,#197,#198,#206));
#189 = ORIENTED_EDGE('',*,*,#190,.F.);
#190 = EDGE_CURVE('',#151,#191,#193,.T.);
#191 = VERTEX_POINT('',#192);
#192 = CARTESIAN_POINT('',(4.4,0.,2.4));
#193 = LINE('',#194,#195);
#194 = CARTESIAN_POINT('',(2.4,0.,2.4));
#195 = VECTOR('',#196,1.);
#196 = DIRECTION('',(1.,0.,-0.));
#197 = ORIENTED_EDGE('',*,*,#150,.T.);
#198 = ORIENTED_EDGE('',*,*,#199,.T.);
#199 = EDGE_CURVE('',#153,#200,#202,.T.);
#200 = VERTEX_POINT('',#201);
#201 = CARTESIAN_POINT('',(4.4,0.,4.4));
#202 = LINE('',#203,#204);
#203 = CARTESIAN_POINT('',(2.4,0.,4.4));
#204 = VECTOR('',#205,1.);
#205 = DIRECTION('',(1.,0.,-0.));
#206 = ORIENTED_EDGE('',*,*,#207,.F.);
#207 = EDGE_CURVE('',#191,#200,#208,.T.);
#208 = LINE('',#209,#210);
#209 = CARTESIAN_POINT('',(4.4,0.,2.4));
#210 = VECTOR('',#211,1.);
#211 = DIRECTION('',(0.,0.,1.));
#212 = FACE_BOUND('',#213,.F.);
#213 = EDGE_LOOP('',(#214,#224,#232,#240));
#214 = ORIENTED_EDGE('',*,*,#215,.F.);
#215 = EDGE_CURVE('',#216,#218,#220,.T.);
#216 = VERTEX_POINT('',#217);
#217 = CARTESIAN_POINT('',(3.3,0.,3.3));
#218 = VERTEX_POINT('',#219);
#219 = CARTESIAN_POINT('',(3.3,0.,3.5));
#220 = LINE('',#221,#222);
#221 = CARTESIAN_POINT('',(3.3,0.,3.3));
#222 = VECTOR('',#223,1.);
#223 = DIRECTION('',(0.,0.,1.));
#224 = ORIENTED_EDGE('',*,*,#225,.T.);
#225 = EDGE_CURVE('',#216,#226,#228,.T.);
#226 = VERTEX_POINT('',#227);
#227 = CARTESIAN_POINT('',(3.5,0.,3.3));
#228 = LINE('',#229,#230);
#229 = CARTESIAN_POINT('',(3.3,0.,3.3));
#230 = VECTOR('',#231,1.);
#231 = DIRECTION('',(1.,0.,-0.));
#232 = ORIENTED_EDGE('',*,*,#233,.T.);
#233 = EDGE_CURVE('',#226,#234,#236,.T.);
#234 = VERTEX_POINT('',#235);
#235 = CARTESIAN_POINT('',(3.5,0.,3.5));
#236 = LINE('',#237,#238);
#237 = CARTESIAN_POINT('',(3.5,0.,3.3));
#238 = VECTOR('',#239,1.);
#239 = DIRECTION('',(0.,0.,1.));
#240 = ORIENTED_EDGE('',*,*,#241,.F.);
#241 = EDGE_CURVE('',#218,#234,#242,.T.);
#242 = LINE('',#243,#244);
#243 = CARTESIAN_POINT('',(3.3,0.,3.5));
#244 = VECTOR('',#245,1.);
#245 = DIRECTION('',(1.,0.,-0.));
#246 = PLANE('',#247);
#247 = AXIS2_PLACEMENT_3D('',#248,#249,#250);
#248 = CARTESIAN_POINT('',(2.4,0.,2.4));
#249 = DIRECTION('',(-0.,1.,0.));
#250 = DIRECTION('',(0.,0.,1.));
#251 = ADVANCED_FACE('',(#252),#270,.T.);
#252 = FACE_BOUND('',#253,.T.);
#253 = EDGE_LOOP('',(#254,#255,#256,#264));
#254 = ORIENTED_EDGE('',*,*,#176,.F.);
#255 = ORIENTED_EDGE('',*,*,#199,.T.);
#256 = ORIENTED_EDGE('',*,*,#257,.T.);
#257 = EDGE_CURVE('',#200,#258,#260,.T.);
#258 = VERTEX_POINT('',#259);
#259 = CARTESIAN_POINT('',(4.4,0.5,4.4));
#260 = LINE('',#261,#262);
#261 = CARTESIAN_POINT('',(4.4,0.,4.4));
#262 = VECTOR('',#263,1.);
#263 = DIRECTION('',(-0.,1.,0.));
#264 = ORIENTED_EDGE('',*,*,#265,.F.);
#265 = EDGE_CURVE('',#169,#258,#266,.T.);
#266 = LINE('',#267,#268);
#267 = CARTESIAN_POINT('',(2.4,0.5,4.4));
#268 = VECTOR('',#269,1.);
#269 = DIRECTION('',(1.,0.,-0.));
#270 = PLANE('',#271);
#271 = AXIS2_PLACEMENT_3D('',#272,#273,#274);
#272 = CARTESIAN_POINT('',(2.4,0.,4.4));
#273 = DIRECTION('',(0.,0.,1.));
#274 = DIRECTION('',(1.,0.,-0.));
#275 = ADVANCED_FACE('',(#276,#294),#328,.T.);
#276 = FACE_BOUND('',#277,.T.);
#277 = EDGE_LOOP('',(#278,#286,#287,#288));
#278 = ORIENTED_EDGE('',*,*,#279,.F.);
#279 = EDGE_CURVE('',#161,#280,#282,.T.);
#280 = VERTEX_POINT('',#281);
#281 = CARTESIAN_POINT('',(4.4,0.5,2.4));
#282 = LINE('',#283,#284);
#283 = CARTESIAN_POINT('',(2.4,0.5,2.4));
#284 = VECTOR('',#285,1.);
#285 = DIRECTION('',(1.,0.,-0.));
#286 = ORIENTED_EDGE('',*,*,#168,.T.);
#287 = ORIENTED_EDGE('',*,*,#265,.T.);
#288 = ORIENTED_EDGE('',*,*,#289,.F.);
#289 = EDGE_CURVE('',#280,#258,#290,.T.);
#290 = LINE('',#291,#292);
#291 = CARTESIAN_POINT('',(4.4,0.5,2.4));
#292 = VECTOR('',#293,1.);
#293 = DIRECTION('',(0.,0.,1.));
#294 = FACE_BOUND('',#295,.T.);
#295 = EDGE_LOOP('',(#296,#306,#314,#322));
#296 = ORIENTED_EDGE('',*,*,#297,.F.);
#297 = EDGE_CURVE('',#298,#300,#302,.T.);
#298 = VERTEX_POINT('',#299);
#299 = CARTESIAN_POINT('',(3.3,0.5,3.3));
#300 = VERTEX_POINT('',#301);
#301 = CARTESIAN_POINT('',(3.3,0.5,3.5));
#302 = LINE('',#303,#304);
#303 = CARTESIAN_POINT('',(3.3,0.5,3.3));
#304 = VECTOR('',#305,1.);
#305 = DIRECTION('',(0.,0.,1.));
#306 = ORIENTED_EDGE('',*,*,#307,.T.);
#307 = EDGE_CURVE('',#298,#308,#310,.T.);
#308 = VERTEX_POINT('',#309);
#309 = CARTESIAN_POINT('',(3.5,0.5,3.3));
#310 = LINE('',#311,#312);
#311 = CARTESIAN_POINT('',(3.3,0.5,3.3));
#312 = VECTOR('',#313,1.);
#313 = DIRECTION('',(1.,0.,-0.));
#314 = ORIENTED_EDGE('',*,*,#315,.T.);
#315 = EDGE_CURVE('',#308,#316,#318,.T.);
#316 = VERTEX_POINT('',#317);
#317 = CARTESIAN_POINT('',(3.5,0.5,3.5));
#318 = LINE('',#319,#320);
#319 = CARTESIAN_POINT('',(3.5,0.5,3.3));
#320 = VECTOR('',#321,1.);
#321 = DIRECTION('',(0.,0.,1.));
#322 = ORIENTED_EDGE('',*,*,#323,.F.);
#323 = EDGE_CURVE('',#300,#316,#324,.T.);
#324 = LINE('',#325,#326);
#325 = CARTESIAN_POINT('',(3.3,0.5,3.5));
#326 = VECTOR('',#327,1.);
#327 = DIRECTION('',(1.,0.,-0.));
#328 = PLANE('',#329);
#329 = AXIS2_PLACEMENT_3D('',#330,#331,#332);
#330 = CARTESIAN_POINT('',(2.4,0.5,2.4));
#331 = DIRECTION('',(-0.,1.,0.));
#332 = DIRECTION('',(0.,0.,1.));
#333 = ADVANCED_FACE('',(#334),#345,.F.);
#334 = FACE_BOUND('',#335,.F.);
#335 = EDGE_LOOP('',(#336,#337,#338,#344));
#336 = ORIENTED_EDGE('',*,*,#160,.F.);
#337 = ORIENTED_EDGE('',*,*,#190,.T.);
#338 = ORIENTED_EDGE('',*,*,#339,.T.);
#339 = EDGE_CURVE('',#191,#280,#340,.T.);
#340 = LINE('',#341,#342);
#341 = CARTESIAN_POINT('',(4.4,0.,2.4));
#342 = VECTOR('',#343,1.);
#343 = DIRECTION('',(-0.,1.,0.));
#344 = ORIENTED_EDGE('',*,*,#279,.F.);
#345 = PLANE('',#346);
#346 = AXIS2_PLACEMENT_3D('',#347,#348,#349);
#347 = CARTESIAN_POINT('',(2.4,0.,2.4));
#348 = DIRECTION('',(0.,0.,1.));
#349 = DIRECTION('',(1.,0.,-0.));
#350 = ADVANCED_FACE('',(#351),#357,.T.);
#351 = FACE_BOUND('',#352,.T.);
#352 = EDGE_LOOP('',(#353,#354,#355,#356));
#353 = ORIENTED_EDGE('',*,*,#207,.F.);
#354 = ORIENTED_EDGE('',*,*,#339,.T.);
#355 = ORIENTED_EDGE('',*,*,#289,.T.);
#356 = ORIENTED_EDGE('',*,*,#257,.F.);
#357 = PLANE('',#358);
#358 = AXIS2_PLACEMENT_3D('',#359,#360,#361);
#359 = CARTESIAN_POINT('',(4.4,0.,2.4));
#360 = DIRECTION('',(1.,0.,-0.));
#361 = DIRECTION('',(0.,0.,1.));
#362 = ADVANCED_FACE('',(#363),#379,.T.);
#363 = FACE_BOUND('',#364,.T.);
#364 = EDGE_LOOP('',(#365,#366,#372,#373));
#365 = ORIENTED_EDGE('',*,*,#215,.F.);
#366 = ORIENTED_EDGE('',*,*,#367,.T.);
#367 = EDGE_CURVE('',#216,#298,#368,.T.);
#368 = LINE('',#369,#370);
#369 = CARTESIAN_POINT('',(3.3,0.,3.3));
#370 = VECTOR('',#371,1.);
#371 = DIRECTION('',(-0.,1.,0.));
#372 = ORIENTED_EDGE('',*,*,#297,.T.);
#373 = ORIENTED_EDGE('',*,*,#374,.F.);
#374 = EDGE_CURVE('',#218,#300,#375,.T.);
#375 = LINE('',#376,#377);
#376 = CARTESIAN_POINT('',(3.3,0.,3.5));
#377 = VECTOR('',#378,1.);
#378 = DIRECTION('',(-0.,1.,0.));
#379 = PLANE('',#380);
#380 = AXIS2_PLACEMENT_3D('',#381,#382,#383);
#381 = CARTESIAN_POINT('',(3.3,0.,3.3));
#382 = DIRECTION('',(1.,0.,-0.));
#383 = DIRECTION('',(0.,0.,1.));
#384 = ADVANCED_FACE('',(#385),#396,.F.);
#385 = FACE_BOUND('',#386,.F.);
#386 = EDGE_LOOP('',(#387,#388,#389,#395));
#387 = ORIENTED_EDGE('',*,*,#374,.F.);
#388 = ORIENTED_EDGE('',*,*,#241,.T.);
#389 = ORIENTED_EDGE('',*,*,#390,.T.);
#390 = EDGE_CURVE('',#234,#316,#391,.T.);
#391 = LINE('',#392,#393);
#392 = CARTESIAN_POINT('',(3.5,0.,3.5));
#393 = VECTOR('',#394,1.);
#394 = DIRECTION('',(-0.,1.,0.));
#395 = ORIENTED_EDGE('',*,*,#323,.F.);
#396 = PLANE('',#397);
#397 = AXIS2_PLACEMENT_3D('',#398,#399,#400);
#398 = CARTESIAN_POINT('',(3.3,0.,3.5));
#399 = DIRECTION('',(0.,0.,1.));
#400 = DIRECTION('',(1.,0.,-0.));
#401 = ADVANCED_FACE('',(#402),#413,.F.);
#402 = FACE_BOUND('',#403,.F.);
#403 = EDGE_LOOP('',(#404,#405,#411,#412));
#404 = ORIENTED_EDGE('',*,*,#233,.F.);
#405 = ORIENTED_EDGE('',*,*,#406,.T.);
#406 = EDGE_CURVE('',#226,#308,#407,.T.);
#407 = LINE('',#408,#409);
#408 = CARTESIAN_POINT('',(3.5,0.,3.3));
#409 = VECTOR('',#410,1.);
#410 = DIRECTION('',(-0.,1.,0.));
#411 = ORIENTED_EDGE('',*,*,#315,.T.);
#412 = ORIENTED_EDGE('',*,*,#390,.F.);
#413 = PLANE('',#414);
#414 = AXIS2_PLACEMENT_3D('',#415,#416,#417);
#415 = CARTESIAN_POINT('',(3.5,0.,3.3));
#416 = DIRECTION('',(1.,0.,-0.));
#417 = DIRECTION('',(0.,0.,1.));
#418 = ADVANCED_FACE('',(#419),#425,.T.);
#419 = FACE_BOUND('',#420,.T.);
#420 = EDGE_LOOP('',(#421,#422,#423,#424));
#421 = ORIENTED_EDGE('',*,*,#367,.F.);
#422 = ORIENTED_EDGE('',*,*,#225,.T.);
#423 = ORIENTED_EDGE('',*,*,#406,.T.);
#424 = ORIENTED_EDGE('',*,*,#307,.F.);
#425 = PLANE('',#426);
#426 = AXIS2_PLACEMENT_3D('',#427,#428,#429);
#427 = CARTESIAN_POINT('',(3.3,0.,3.3));
#428 = DIRECTION('',(0.,0.,1.));
#429 = DIRECTION('',(1.,0.,-0.));
#430 = ( GEOMETRIC_REPRESENTATION_CONTEXT(3) 
GLOBAL_UNCERTAINTY_ASSIGNED_CONTEXT((#434)) GLOBAL_UNIT_ASSIGNED_CONTEXT
((#431,#432,#433)) REPRESENTATION_CONTEXT('Context #1',
  '3D Context with UNIT and UNCERTAINTY') );
#431 = ( LENGTH_UNIT() NAMED_UNIT(*) SI_UNIT(.MILLI.,.METRE.) );
#432 = ( NAMED_UNIT(*) PLANE_ANGLE_UNIT() SI_UNIT($,.RADIAN.) );
#433 = ( NAMED_UNIT(*) SI_UNIT($,.STERADIAN.) SOLID_ANGLE_UNIT() );
#434 = UNCERTAINTY_MEASURE_WITH_UNIT(LENGTH_MEASURE(1.E-07),#431,
  'distance_accuracy_value','confusion accuracy');
#435 = CONTEXT_DEPENDENT_SHAPE_REPRESENTATION(#436,#438);
#436 = ( REPRESENTATION_RELATIONSHIP('','',#143,#60) 
REPRESENTATION_RELATIONSHIP_WITH_TRANSFORMATION(#437) 
SHAPE_REPRESENTATION_RELATIONSHIP() );
#437 = ITEM_DEFINED_TRANSFORMATION('','',#11,#61);
#438 = PRODUCT_DEFINITION_SHAPE('Placement','Placement of an item',#439
  );
#439 = NEXT_ASSEMBLY_USAGE_OCCURRENCE('307','Core_1_1','',#55,#138,$);
#440 = PRODUCT_RELATED_PRODUCT_CATEGORY('part',$,(#140));
#441 = SHAPE_DEFINITION_REPRESENTATION(#442,#448);
#442 = PRODUCT_DEFINITION_SHAPE('','',#443);
#443 = PRODUCT_DEFINITION('design','',#444,#447);
#444 = PRODUCT_DEFINITION_FORMATION('','',#445);
#445 = PRODUCT('Core_1_2','Core_1_2','',(#446));
#446 = PRODUCT_CONTEXT('',#2,'mechanical');
#447 = PRODUCT_DEFINITION_CONTEXT('part definition',#2,'design');
#448 = ADVANCED_BREP_SHAPE_REPRESENTATION('',(#11,#449),#735);
#449 = MANIFOLD_SOLID_BREP('',#450);
#450 = CLOSED_SHELL('',(#451,#491,#556,#580,#638,#655,#667,#689,#706,
    #723));
#451 = ADVANCED_FACE('',(#452),#486,.F.);
#452 = FACE_BOUND('',#453,.F.);
#453 = EDGE_LOOP('',(#454,#464,#472,#480));
#454 = ORIENTED_EDGE('',*,*,#455,.F.);
#455 = EDGE_CURVE('',#456,#458,#460,.T.);
#456 = VERTEX_POINT('',#457);
#457 = CARTESIAN_POINT('',(2.4,0.,6.8));
#458 = VERTEX_POINT('',#459);
#459 = CARTESIAN_POINT('',(2.4,0.,8.8));
#460 = LINE('',#461,#462);
#461 = CARTESIAN_POINT('',(2.4,0.,6.8));
#462 = VECTOR('',#463,1.);
#463 = DIRECTION('',(0.,0.,1.));
#464 = ORIENTED_EDGE('',*,*,#465,.T.);
#465 = EDGE_CURVE('',#456,#466,#468,.T.);
#466 = VERTEX_POINT('',#467);
#467 = CARTESIAN_POINT('',(2.4,0.5,6.8));
#468 = LINE('',#469,#470);
#469 = CARTESIAN_POINT('',(2.4,0.,6.8));
#470 = VECTOR('',#471,1.);
#471 = DIRECTION('',(-0.,1.,0.));
#472 = ORIENTED_EDGE('',*,*,#473,.T.);
#473 = EDGE_CURVE('',#466,#474,#476,.T.);
#474 = VERTEX_POINT('',#475);
#475 = CARTESIAN_POINT('',(2.4,0.5,8.8));
#476 = LINE('',#477,#478);
#477 = CARTESIAN_POINT('',(2.4,0.5,6.8));
#478 = VECTOR('',#479,1.);
#479 = DIRECTION('',(0.,0.,1.));
#480 = ORIENTED_EDGE('',*,*,#481,.F.);
#481 = EDGE_CURVE('',#458,#474,#482,.T.);
#482 = LINE('',#483,#484);
#483 = CARTESIAN_POINT('',(2.4,0.,8.8));
#484 = VECTOR('',#485,1.);
#485 = DIRECTION('',(-0.,1.,0.));
#486 = PLANE('',#487);
#487 = AXIS2_PLACEMENT_3D('',#488,#489,#490);
#488 = CARTESIAN_POINT('',(2.4,0.,6.8));
#489 = DIRECTION('',(1.,0.,-0.));
#490 = DIRECTION('',(0.,0.,1.));
#491 = ADVANCED_FACE('',(#492,#517),#551,.F.);
#492 = FACE_BOUND('',#493,.F.);
#493 = EDGE_LOOP('',(#494,#502,#503,#511));
#494 = ORIENTED_EDGE('',*,*,#495,.F.);
#495 = EDGE_CURVE('',#456,#496,#498,.T.);
#496 = VERTEX_POINT('',#497);
#497 = CARTESIAN_POINT('',(4.4,0.,6.8));
#498 = LINE('',#499,#500);
#499 = CARTESIAN_POINT('',(2.4,0.,6.8));
#500 = VECTOR('',#501,1.);
#501 = DIRECTION('',(1.,0.,-0.));
#502 = ORIENTED_EDGE('',*,*,#455,.T.);
#503 = ORIENTED_EDGE('',*,*,#504,.T.);
#504 = EDGE_CURVE('',#458,#505,#507,.T.);
#505 = VERTEX_POINT('',#506);
#506 = CARTESIAN_POINT('',(4.4,0.,8.8));
#507 = LINE('',#508,#509);
#508 = CARTESIAN_POINT('',(2.4,0.,8.8));
#509 = VECTOR('',#510,1.);
#510 = DIRECTION('',(1.,0.,-0.));
#511 = ORIENTED_EDGE('',*,*,#512,.F.);
#512 = EDGE_CURVE('',#496,#505,#513,.T.);
#513 = LINE('',#514,#515);
#514 = CARTESIAN_POINT('',(4.4,0.,6.8));
#515 = VECTOR('',#516,1.);
#516 = DIRECTION('',(0.,0.,1.));
#517 = FACE_BOUND('',#518,.F.);
#518 = EDGE_LOOP('',(#519,#529,#537,#545));
#519 = ORIENTED_EDGE('',*,*,#520,.F.);
#520 = EDGE_CURVE('',#521,#523,#525,.T.);
#521 = VERTEX_POINT('',#522);
#522 = CARTESIAN_POINT('',(3.3,0.,7.7));
#523 = VERTEX_POINT('',#524);
#524 = CARTESIAN_POINT('',(3.3,0.,7.9));
#525 = LINE('',#526,#527);
#526 = CARTESIAN_POINT('',(3.3,0.,7.7));
#527 = VECTOR('',#528,1.);
#528 = DIRECTION('',(0.,0.,1.));
#529 = ORIENTED_EDGE('',*,*,#530,.T.);
#530 = EDGE_CURVE('',#521,#531,#533,.T.);
#531 = VERTEX_POINT('',#532);
#532 = CARTESIAN_POINT('',(3.5,0.,7.7));
#533 = LINE('',#534,#535);
#534 = CARTESIAN_POINT('',(3.3,0.,7.7));
#535 = VECTOR('',#536,1.);
#536 = DIRECTION('',(1.,0.,-0.));
#537 = ORIENTED_EDGE('',*,*,#538,.T.);
#538 = EDGE_CURVE('',#531,#539,#541,.T.);
#539 = VERTEX_POINT('',#540);
#540 = CARTESIAN_POINT('',(3.5,0.,7.9));
#541 = LINE('',#542,#543);
#542 = CARTESIAN_POINT('',(3.5,0.,7.7));
#543 = VECTOR('',#544,1.);
#544 = DIRECTION('',(0.,0.,1.));
#545 = ORIENTED_EDGE('',*,*,#546,.F.);
#546 = EDGE_CURVE('',#523,#539,#547,.T.);
#547 = LINE('',#548,#549);
#548 = CARTESIAN_POINT('',(3.3,0.,7.9));
#549 = VECTOR('',#550,1.);
#550 = DIRECTION('',(1.,0.,-0.));
#551 = PLANE('',#552);
#552 = AXIS2_PLACEMENT_3D('',#553,#554,#555);
#553 = CARTESIAN_POINT('',(2.4,0.,6.8));
#554 = DIRECTION('',(-0.,1.,0.));
#555 = DIRECTION('',(0.,0.,1.));
#556 = ADVANCED_FACE('',(#557),#575,.T.);
#557 = FACE_BOUND('',#558,.T.);
#558 = EDGE_LOOP('',(#559,#560,#561,#569));
#559 = ORIENTED_EDGE('',*,*,#481,.F.);
#560 = ORIENTED_EDGE('',*,*,#504,.T.);
#561 = ORIENTED_EDGE('',*,*,#562,.T.);
#562 = EDGE_CURVE('',#505,#563,#565,.T.);
#563 = VERTEX_POINT('',#564);
#564 = CARTESIAN_POINT('',(4.4,0.5,8.8));
#565 = LINE('',#566,#567);
#566 = CARTESIAN_POINT('',(4.4,0.,8.8));
#567 = VECTOR('',#568,1.);
#568 = DIRECTION('',(-0.,1.,0.));
#569 = ORIENTED_EDGE('',*,*,#570,.F.);
#570 = EDGE_CURVE('',#474,#563,#571,.T.);
#571 = LINE('',#572,#573);
#572 = CARTESIAN_POINT('',(2.4,0.5,8.8));
#573 = VECTOR('',#574,1.);
#574 = DIRECTION('',(1.,0.,-0.));
#575 = PLANE('',#576);
#576 = AXIS2_PLACEMENT_3D('',#577,#578,#579);
#577 = CARTESIAN_POINT('',(2.4,0.,8.8));
#578 = DIRECTION('',(0.,0.,1.));
#579 = DIRECTION('',(1.,0.,-0.));
#580 = ADVANCED_FACE('',(#581,#599),#633,.T.);
#581 = FACE_BOUND('',#582,.T.);
#582 = EDGE_LOOP('',(#583,#591,#592,#593));
#583 = ORIENTED_EDGE('',*,*,#584,.F.);
#584 = EDGE_CURVE('',#466,#585,#587,.T.);
#585 = VERTEX_POINT('',#586);
#586 = CARTESIAN_POINT('',(4.4,0.5,6.8));
#587 = LINE('',#588,#589);
#588 = CARTESIAN_POINT('',(2.4,0.5,6.8));
#589 = VECTOR('',#590,1.);
#590 = DIRECTION('',(1.,0.,-0.));
#591 = ORIENTED_EDGE('',*,*,#473,.T.);
#592 = ORIENTED_EDGE('',*,*,#570,.T.);
#593 = ORIENTED_EDGE('',*,*,#594,.F.);
#594 = EDGE_CURVE('',#585,#563,#595,.T.);
#595 = LINE('',#596,#597);
#596 = CARTESIAN_POINT('',(4.4,0.5,6.8));
#597 = VECTOR('',#598,1.);
#598 = DIRECTION('',(0.,0.,1.));
#599 = FACE_BOUND('',#600,.T.);
#600 = EDGE_LOOP('',(#601,#611,#619,#627));
#601 = ORIENTED_EDGE('',*,*,#602,.F.);
#602 = EDGE_CURVE('',#603,#605,#607,.T.);
#603 = VERTEX_POINT('',#604);
#604 = CARTESIAN_POINT('',(3.3,0.5,7.7));
#605 = VERTEX_POINT('',#606);
#606 = CARTESIAN_POINT('',(3.3,0.5,7.9));
#607 = LINE('',#608,#609);
#608 = CARTESIAN_POINT('',(3.3,0.5,7.7));
#609 = VECTOR('',#610,1.);
#610 = DIRECTION('',(0.,0.,1.));
#611 = ORIENTED_EDGE('',*,*,#612,.T.);
#612 = EDGE_CURVE('',#603,#613,#615,.T.);
#613 = VERTEX_POINT('',#614);
#614 = CARTESIAN_POINT('',(3.5,0.5,7.7));
#615 = LINE('',#616,#617);
#616 = CARTESIAN_POINT('',(3.3,0.5,7.7));
#617 = VECTOR('',#618,1.);
#618 = DIRECTION('',(1.,0.,-0.));
#619 = ORIENTED_EDGE('',*,*,#620,.T.);
#620 = EDGE_CURVE('',#613,#621,#623,.T.);
#621 = VERTEX_POINT('',#622);
#622 = CARTESIAN_POINT('',(3.5,0.5,7.9));
#623 = LINE('',#624,#625);
#624 = CARTESIAN_POINT('',(3.5,0.5,7.7));
#625 = VECTOR('',#626,1.);
#626 = DIRECTION('',(0.,0.,1.));
#627 = ORIENTED_EDGE('',*,*,#628,.F.);
#628 = EDGE_CURVE('',#605,#621,#629,.T.);
#629 = LINE('',#630,#631);
#630 = CARTESIAN_POINT('',(3.3,0.5,7.9));
#631 = VECTOR('',#632,1.);
#632 = DIRECTION('',(1.,0.,-0.));
#633 = PLANE('',#634);
#634 = AXIS2_PLACEMENT_3D('',#635,#636,#637);
#635 = CARTESIAN_POINT('',(2.4,0.5,6.8));
#636 = DIRECTION('',(-0.,1.,0.));
#637 = DIRECTION('',(0.,0.,1.));
#638 = ADVANCED_FACE('',(#639),#650,.F.);
#639 = FACE_BOUND('',#640,.F.);
#640 = EDGE_LOOP('',(#641,#642,#643,#649));
#641 = ORIENTED_EDGE('',*,*,#465,.F.);
#642 = ORIENTED_EDGE('',*,*,#495,.T.);
#643 = ORIENTED_EDGE('',*,*,#644,.T.);
#644 = EDGE_CURVE('',#496,#585,#645,.T.);
#645 = LINE('',#646,#647);
#646 = CARTESIAN_POINT('',(4.4,0.,6.8));
#647 = VECTOR('',#648,1.);
#648 = DIRECTION('',(-0.,1.,0.));
#649 = ORIENTED_EDGE('',*,*,#584,.F.);
#650 = PLANE('',#651);
#651 = AXIS2_PLACEMENT_3D('',#652,#653,#654);
#652 = CARTESIAN_POINT('',(2.4,0.,6.8));
#653 = DIRECTION('',(0.,0.,1.));
#654 = DIRECTION('',(1.,0.,-0.));
#655 = ADVANCED_FACE('',(#656),#662,.T.);
#656 = FACE_BOUND('',#657,.T.);
#657 = EDGE_LOOP('',(#658,#659,#660,#661));
#658 = ORIENTED_EDGE('',*,*,#512,.F.);
#659 = ORIENTED_EDGE('',*,*,#644,.T.);
#660 = ORIENTED_EDGE('',*,*,#594,.T.);
#661 = ORIENTED_EDGE('',*,*,#562,.F.);
#662 = PLANE('',#663);
#663 = AXIS2_PLACEMENT_3D('',#664,#665,#666);
#664 = CARTESIAN_POINT('',(4.4,0.,6.8));
#665 = DIRECTION('',(1.,0.,-0.));
#666 = DIRECTION('',(0.,0.,1.));
#667 = ADVANCED_FACE('',(#668),#684,.T.);
#668 = FACE_BOUND('',#669,.T.);
#669 = EDGE_LOOP('',(#670,#671,#677,#678));
#670 = ORIENTED_EDGE('',*,*,#520,.F.);
#671 = ORIENTED_EDGE('',*,*,#672,.T.);
#672 = EDGE_CURVE('',#521,#603,#673,.T.);
#673 = LINE('',#674,#675);
#674 = CARTESIAN_POINT('',(3.3,0.,7.7));
#675 = VECTOR('',#676,1.);
#676 = DIRECTION('',(-0.,1.,0.));
#677 = ORIENTED_EDGE('',*,*,#602,.T.);
#678 = ORIENTED_EDGE('',*,*,#679,.F.);
#679 = EDGE_CURVE('',#523,#605,#680,.T.);
#680 = LINE('',#681,#682);
#681 = CARTESIAN_POINT('',(3.3,0.,7.9));
#682 = VECTOR('',#683,1.);
#683 = DIRECTION('',(-0.,1.,0.));
#684 = PLANE('',#685);
#685 = AXIS2_PLACEMENT_3D('',#686,#687,#688);
#686 = CARTESIAN_POINT('',(3.3,0.,7.7));
#687 = DIRECTION('',(1.,0.,-0.));
#688 = DIRECTION('',(0.,0.,1.));
#689 = ADVANCED_FACE('',(#690),#701,.F.);
#690 = FACE_BOUND('',#691,.F.);
#691 = EDGE_LOOP('',(#692,#693,#694,#700));
#692 = ORIENTED_EDGE('',*,*,#679,.F.);
#693 = ORIENTED_EDGE('',*,*,#546,.T.);
#694 = ORIENTED_EDGE('',*,*,#695,.T.);
#695 = EDGE_CURVE('',#539,#621,#696,.T.);
#696 = LINE('',#697,#698);
#697 = CARTESIAN_POINT('',(3.5,0.,7.9));
#698 = VECTOR('',#699,1.);
#699 = DIRECTION('',(-0.,1.,0.));
#700 = ORIENTED_EDGE('',*,*,#628,.F.);
#701 = PLANE('',#702);
#702 = AXIS2_PLACEMENT_3D('',#703,#704,#705);
#703 = CARTESIAN_POINT('',(3.3,0.,7.9));
#704 = DIRECTION('',(0.,0.,1.));
#705 = DIRECTION('',(1.,0.,-0.));
#706 = ADVANCED_FACE('',(#707),#718,.F.);
#707 = FACE_BOUND('',#708,.F.);
#708 = EDGE_LOOP('',(#709,#710,#716,#717));
#709 = ORIENTED_EDGE('',*,*,#538,.F.);
#710 = ORIENTED_EDGE('',*,*,#711,.T.);
#711 = EDGE_CURVE('',#531,#613,#712,.T.);
#712 = LINE('',#713,#714);
#713 = CARTESIAN_POINT('',(3.5,0.,7.7));
#714 = VECTOR('',#715,1.);
#715 = DIRECTION('',(-0.,1.,0.));
#716 = ORIENTED_EDGE('',*,*,#620,.T.);
#717 = ORIENTED_EDGE('',*,*,#695,.F.);
#718 = PLANE('',#719);
#719 = AXIS2_PLACEMENT_3D('',#720,#721,#722);
#720 = CARTESIAN_POINT('',(3.5,0.,7.7));
#721 = DIRECTION('',(1.,0.,-0.));
#722 = DIRECTION('',(0.,0.,1.));
#723 = ADVANCED_FACE('',(#724),#730,.T.);
#724 = FACE_BOUND('',#725,.T.);
#725 = EDGE_LOOP('',(#726,#727,#728,#729));
#726 = ORIENTED_EDGE('',*,*,#672,.F.);
#727 = ORIENTED_EDGE('',*,*,#530,.T.);
#728 = ORIENTED_EDGE('',*,*,#711,.T.);
#729 = ORIENTED_EDGE('',*,*,#612,.F.);
#730 = PLANE('',#731);
#731 = AXIS2_PLACEMENT_3D('',#732,#733,#734);
#732 = CARTESIAN_POINT('',(3.3,0.,7.7));
#733 = DIRECTION('',(0.,0.,1.));
#734 = DIRECTION('',(1.,0.,-0.));
#735 = ( GEOMETRIC_REPRESENTATION_CONTEXT(3) 
GLOBAL_UNCERTAINTY_ASSIGNED_CONTEXT((#739)) GLOBAL_UNIT_ASSIGNED_CONTEXT
((#736,#737,#738)) REPRESENTATION_CONTEXT('Context #1',
  '3D Context with UNIT and UNCERTAINTY') );
#736 = ( LENGTH_UNIT() NAMED_UNIT(*) SI_UNIT(.MILLI.,.METRE.) );
#737 = ( NAMED_UNIT(*) PLANE_ANGLE_UNIT() SI_UNIT($,.RADIAN.) );
#738 = ( NAMED_UNIT(*) SI_UNIT($,.STERADIAN.) SOLID_ANGLE_UNIT() );
#739 = UNCERTAINTY_MEASURE_WITH_UNIT(LENGTH_MEASURE(1.E-07),#736,
  'distance_accuracy_value','confusion accuracy');
#740 = CONTEXT_DEPENDENT_SHAPE_REPRESENTATION(#741,#743);
#741 = ( REPRESENTATION_RELATIONSHIP('','',#448,#60) 
REPRESENTATION_RELATIONSHIP_WITH_TRANSFORMATION(#742) 
SHAPE_REPRESENTATION_RELATIONSHIP() );
#742 = ITEM_DEFINED_TRANSFORMATION('','',#11,#65);
#743 = PRODUCT_DEFINITION_SHAPE('Placement','Placement of an item',#744
  );
#744 = NEXT_ASSEMBLY_USAGE_OCCURRENCE('308','Core_1_2','',#55,#443,$);
#745 = PRODUCT_RELATED_PRODUCT_CATEGORY('part',$,(#445));
#746 = SHAPE_DEFINITION_REPRESENTATION(#747,#753);
#747 = PRODUCT_DEFINITION_SHAPE('','',#748);
#748 = PRODUCT_DEFINITION('design','',#749,#752);
#749 = PRODUCT_DEFINITION_FORMATION('','',#750);
#750 = PRODUCT('Core_1_3','Core_1_3','',(#751));
#751 = PRODUCT_CONTEXT('',#2,'mechanical');
#752 = PRODUCT_DEFINITION_CONTEXT('part definition',#2,'design');
#753 = ADVANCED_BREP_SHAPE_REPRESENTATION('',(#11,#754),#1040);
#754 = MANIFOLD_SOLID_BREP('',#755);
#755 = CLOSED_SHELL('',(#756,#796,#861,#885,#943,#960,#972,#994,#1011,
    #1028));
#756 = ADVANCED_FACE('',(#757),#791,.F.);
#757 = FACE_BOUND('',#758,.F.);
#758 = EDGE_LOOP('',(#759,#769,#777,#785));
#759 = ORIENTED_EDGE('',*,*,#760,.F.);
#760 = EDGE_CURVE('',#761,#763,#765,.T.);
#761 = VERTEX_POINT('',#762);
#762 = CARTESIAN_POINT('',(2.4,0.,11.2));
#763 = VERTEX_POINT('',#764);
#764 = CARTESIAN_POINT('',(2.4,0.,13.2));
#765 = LINE('',#766,#767);
#766 = CARTESIAN_POINT('',(2.4,0.,11.2));
#767 = VECTOR('',#768,1.);
#768 = DIRECTION('',(0.,0.,1.));
#769 = ORIENTED_EDGE('',*,*,#770,.T.);
#770 = EDGE_CURVE('',#761,#771,#773,.T.);
#771 = VERTEX_POINT('',#772);
#772 = CARTESIAN_POINT('',(2.4,0.5,11.2));
#773 = LINE('',#774,#775);
#774 = CARTESIAN_POINT('',(2.4,0.,11.2));
#775 = VECTOR('',#776,1.);
#776 = DIRECTION('',(-0.,1.,0.));
#777 = ORIENTED_EDGE('',*,*,#778,.T.);
#778 = EDGE_CURVE('',#771,#779,#781,.T.);
#779 = VERTEX_POINT('',#780);
#780 = CARTESIAN_POINT('',(2.4,0.5,13.2));
#781 = LINE('',#782,#783);
#782 = CARTESIAN_POINT('',(2.4,0.5,11.2));
#783 = VECTOR('',#784,1.);
#784 = DIRECTION('',(0.,0.,1.));
#785 = ORIENTED_EDGE('',*,*,#786,.F.);
#786 = EDGE_CURVE('',#763,#779,#787,.T.);
#787 = LINE('',#788,#789);
#788 = CARTESIAN_POINT('',(2.4,0.,13.2));
#789 = VECTOR('',#790,1.);
#790 = DIRECTION('',(-0.,1.,0.));
#791 = PLANE('',#792);
#792 = AXIS2_PLACEMENT_3D('',#793,#794,#795);
#793 = CARTESIAN_POINT('',(2.4,0.,11.2));
#794 = DIRECTION('',(1.,0.,-0.));
#795 = DIRECTION('',(0.,0.,1.));
#796 = ADVANCED_FACE('',(#797,#822),#856,.F.);
#797 = FACE_BOUND('',#798,.F.);
#798 = EDGE_LOOP('',(#799,#807,#808,#816));
#799 = ORIENTED_EDGE('',*,*,#800,.F.);
#800 = EDGE_CURVE('',#761,#801,#803,.T.);
#801 = VERTEX_POINT('',#802);
#802 = CARTESIAN_POINT('',(4.4,0.,11.2));
#803 = LINE('',#804,#805);
#804 = CARTESIAN_POINT('',(2.4,0.,11.2));
#805 = VECTOR('',#806,1.);
#806 = DIRECTION('',(1.,0.,-0.));
#807 = ORIENTED_EDGE('',*,*,#760,.T.);
#808 = ORIENTED_EDGE('',*,*,#809,.T.);
#809 = EDGE_CURVE('',#763,#810,#812,.T.);
#810 = VERTEX_POINT('',#811);
#811 = CARTESIAN_POINT('',(4.4,0.,13.2));
#812 = LINE('',#813,#814);
#813 = CARTESIAN_POINT('',(2.4,0.,13.2));
#814 = VECTOR('',#815,1.);
#815 = DIRECTION('',(1.,0.,-0.));
#816 = ORIENTED_EDGE('',*,*,#817,.F.);
#817 = EDGE_CURVE('',#801,#810,#818,.T.);
#818 = LINE('',#819,#820);
#819 = CARTESIAN_POINT('',(4.4,0.,11.2));
#820 = VECTOR('',#821,1.);
#821 = DIRECTION('',(0.,0.,1.));
#822 = FACE_BOUND('',#823,.F.);
#823 = EDGE_LOOP('',(#824,#834,#842,#850));
#824 = ORIENTED_EDGE('',*,*,#825,.F.);
#825 = EDGE_CURVE('',#826,#828,#830,.T.);
#826 = VERTEX_POINT('',#827);
#827 = CARTESIAN_POINT('',(3.3,0.,12.1));
#828 = VERTEX_POINT('',#829);
#829 = CARTESIAN_POINT('',(3.3,0.,12.3));
#830 = LINE('',#831,#832);
#831 = CARTESIAN_POINT('',(3.3,0.,12.1));
#832 = VECTOR('',#833,1.);
#833 = DIRECTION('',(0.,0.,1.));
#834 = ORIENTED_EDGE('',*,*,#835,.T.);
#835 = EDGE_CURVE('',#826,#836,#838,.T.);
#836 = VERTEX_POINT('',#837);
#837 = CARTESIAN_POINT('',(3.5,0.,12.1));
#838 = LINE('',#839,#840);
#839 = CARTESIAN_POINT('',(3.3,0.,12.1));
#840 = VECTOR('',#841,1.);
#841 = DIRECTION('',(1.,0.,-0.));
#842 = ORIENTED_EDGE('',*,*,#843,.T.);
#843 = EDGE_CURVE('',#836,#844,#846,.T.);
#844 = VERTEX_POINT('',#845);
#845 = CARTESIAN_POINT('',(3.5,0.,12.3));
#846 = LINE('',#847,#848);
#847 = CARTESIAN_POINT('',(3.5,0.,12.1));
#848 = VECTOR('',#849,1.);
#849 = DIRECTION('',(0.,0.,1.));
#850 = ORIENTED_EDGE('',*,*,#851,.F.);
#851 = EDGE_CURVE('',#828,#844,#852,.T.);
#852 = LINE('',#853,#854);
#853 = CARTESIAN_POINT('',(3.3,0.,12.3));
#854 = VECTOR('',#855,1.);
#855 = DIRECTION('',(1.,0.,-0.));
#856 = PLANE('',#857);
#857 = AXIS2_PLACEMENT_3D('',#858,#859,#860);
#858 = CARTESIAN_POINT('',(2.4,0.,11.2));
#859 = DIRECTION('',(-0.,1.,0.));
#860 = DIRECTION('',(0.,0.,1.));
#861 = ADVANCED_FACE('',(#862),#880,.T.);
#862 = FACE_BOUND('',#863,.T.);
#863 = EDGE_LOOP('',(#864,#865,#866,#874));
#864 = ORIENTED_EDGE('',*,*,#786,.F.);
#865 = ORIENTED_EDGE('',*,*,#809,.T.);
#866 = ORIENTED_EDGE('',*,*,#867,.T.);
#867 = EDGE_CURVE('',#810,#868,#870,.T.);
#868 = VERTEX_POINT('',#869);
#869 = CARTESIAN_POINT('',(4.4,0.5,13.2));
#870 = LINE('',#871,#872);
#871 = CARTESIAN_POINT('',(4.4,0.,13.2));
#872 = VECTOR('',#873,1.);
#873 = DIRECTION('',(-0.,1.,0.));
#874 = ORIENTED_EDGE('',*,*,#875,.F.);
#875 = EDGE_CURVE('',#779,#868,#876,.T.);
#876 = LINE('',#877,#878);
#877 = CARTESIAN_POINT('',(2.4,0.5,13.2));
#878 = VECTOR('',#879,1.);
#879 = DIRECTION('',(1.,0.,-0.));
#880 = PLANE('',#881);
#881 = AXIS2_PLACEMENT_3D('',#882,#883,#884);
#882 = CARTESIAN_POINT('',(2.4,0.,13.2));
#883 = DIRECTION('',(0.,0.,1.));
#884 = DIRECTION('',(1.,0.,-0.));
#885 = ADVANCED_FACE('',(#886,#904),#938,.T.);
#886 = FACE_BOUND('',#887,.T.);
#887 = EDGE_LOOP('',(#888,#896,#897,#898));
#888 = ORIENTED_EDGE('',*,*,#889,.F.);
#889 = EDGE_CURVE('',#771,#890,#892,.T.);
#890 = VERTEX_POINT('',#891);
#891 = CARTESIAN_POINT('',(4.4,0.5,11.2));
#892 = LINE('',#893,#894);
#893 = CARTESIAN_POINT('',(2.4,0.5,11.2));
#894 = VECTOR('',#895,1.);
#895 = DIRECTION('',(1.,0.,-0.));
#896 = ORIENTED_EDGE('',*,*,#778,.T.);
#897 = ORIENTED_EDGE('',*,*,#875,.T.);
#898 = ORIENTED_EDGE('',*,*,#899,.F.);
#899 = EDGE_CURVE('',#890,#868,#900,.T.);
#900 = LINE('',#901,#902);
#901 = CARTESIAN_POINT('',(4.4,0.5,11.2));
#902 = VECTOR('',#903,1.);
#903 = DIRECTION('',(0.,0.,1.));
#904 = FACE_BOUND('',#905,.T.);
#905 = EDGE_LOOP('',(#906,#916,#924,#932));
#906 = ORIENTED_EDGE('',*,*,#907,.F.);
#907 = EDGE_CURVE('',#908,#910,#912,.T.);
#908 = VERTEX_POINT('',#909);
#909 = CARTESIAN_POINT('',(3.3,0.5,12.1));
#910 = VERTEX_POINT('',#911);
#911 = CARTESIAN_POINT('',(3.3,0.5,12.3));
#912 = LINE('',#913,#914);
#913 = CARTESIAN_POINT('',(3.3,0.5,12.1));
#914 = VECTOR('',#915,1.);
#915 = DIRECTION('',(0.,0.,1.));
#916 = ORIENTED_EDGE('',*,*,#917,.T.);
#917 = EDGE_CURVE('',#908,#918,#920,.T.);
#918 = VERTEX_POINT('',#919);
#919 = CARTESIAN_POINT('',(3.5,0.5,12.1));
#920 = LINE('',#921,#922);
#921 = CARTESIAN_POINT('',(3.3,0.5,12.1));
#922 = VECTOR('',#923,1.);
#923 = DIRECTION('',(1.,0.,-0.));
#924 = ORIENTED_EDGE('',*,*,#925,.T.);
#925 = EDGE_CURVE('',#918,#926,#928,.T.);
#926 = VERTEX_POINT('',#927);
#927 = CARTESIAN_POINT('',(3.5,0.5,12.3));
#928 = LINE('',#929,#930);
#929 = CARTESIAN_POINT('',(3.5,0.5,12.1));
#930 = VECTOR('',#931,1.);
#931 = DIRECTION('',(0.,0.,1.));
#932 = ORIENTED_EDGE('',*,*,#933,.F.);
#933 = EDGE_CURVE('',#910,#926,#934,.T.);
#934 = LINE('',#935,#936);
#935 = CARTESIAN_POINT('',(3.3,0.5,12.3));
#936 = VECTOR('',#937,1.);
#937 = DIRECTION('',(1.,0.,-0.));
#938 = PLANE('',#939);
#939 = AXIS2_PLACEMENT_3D('',#940,#941,#942);
#940 = CARTESIAN_POINT('',(2.4,0.5,11.2));
#941 = DIRECTION('',(-0.,1.,0.));
#942 = DIRECTION('',(0.,0.,1.));
#943 = ADVANCED_FACE('',(#944),#955,.F.);
#944 = FACE_BOUND('',#945,.F.);
#945 = EDGE_LOOP('',(#946,#947,#948,#954));
#946 = ORIENTED_EDGE('',*,*,#770,.F.);
#947 = ORIENTED_EDGE('',*,*,#800,.T.);
#948 = ORIENTED_EDGE('',*,*,#949,.T.);
#949 = EDGE_CURVE('',#801,#890,#950,.T.);
#950 = LINE('',#951,#952);
#951 = CARTESIAN_POINT('',(4.4,0.,11.2));
#952 = VECTOR('',#953,1.);
#953 = DIRECTION('',(-0.,1.,0.));
#954 = ORIENTED_EDGE('',*,*,#889,.F.);
#955 = PLANE('',#956);
#956 = AXIS2_PLACEMENT_3D('',#957,#958,#959);
#957 = CARTESIAN_POINT('',(2.4,0.,11.2));
#958 = DIRECTION('',(0.,0.,1.));
#959 = DIRECTION('',(1.,0.,-0.));
#960 = ADVANCED_FACE('',(#961),#967,.T.);
#961 = FACE_BOUND('',#962,.T.);
#962 = EDGE_LOOP('',(#963,#964,#965,#966));
#963 = ORIENTED_EDGE('',*,*,#817,.F.);
#964 = ORIENTED_EDGE('',*,*,#949,.T.);
#965 = ORIENTED_EDGE('',*,*,#899,.T.);
#966 = ORIENTED_EDGE('',*,*,#867,.F.);
#967 = PLANE('',#968);
#968 = AXIS2_PLACEMENT_3D('',#969,#970,#971);
#969 = CARTESIAN_POINT('',(4.4,0.,11.2));
#970 = DIRECTION('',(1.,0.,-0.));
#971 = DIRECTION('',(0.,0.,1.));
#972 = ADVANCED_FACE('',(#973),#989,.T.);
#973 = FACE_BOUND('',#974,.T.);
#974 = EDGE_LOOP('',(#975,#976,#982,#983));
#975 = ORIENTED_EDGE('',*,*,#825,.F.);
#976 = ORIENTED_EDGE('',*,*,#977,.T.);
#977 = EDGE_CURVE('',#826,#908,#978,.T.);
#978 = LINE('',#979,#980);
#979 = CARTESIAN_POINT('',(3.3,0.,12.1));
#980 = VECTOR('',#981,1.);
#981 = DIRECTION('',(-0.,1.,0.));
#982 = ORIENTED_EDGE('',*,*,#907,.T.);
#983 = ORIENTED_EDGE('',*,*,#984,.F.);
#984 = EDGE_CURVE('',#828,#910,#985,.T.);
#985 = LINE('',#986,#987);
#986 = CARTESIAN_POINT('',(3.3,0.,12.3));
#987 = VECTOR('',#988,1.);
#988 = DIRECTION('',(-0.,1.,0.));
#989 = PLANE('',#990);
#990 = AXIS2_PLACEMENT_3D('',#991,#992,#993);
#991 = CARTESIAN_POINT('',(3.3,0.,12.1));
#992 = DIRECTION('',(1.,0.,-0.));
#993 = DIRECTION('',(0.,0.,1.));
#994 = ADVANCED_FACE('',(#995),#1006,.F.);
#995 = FACE_BOUND('',#996,.F.);
#996 = EDGE_LOOP('',(#997,#998,#999,#1005));
#997 = ORIENTED_EDGE('',*,*,#984,.F.);
#998 = ORIENTED_EDGE('',*,*,#851,.T.);
#999 = ORIENTED_EDGE('',*,*,#1000,.T.);
#1000 = EDGE_CURVE('',#844,#926,#1001,.T.);
#1001 = LINE('',#1002,#1003);
#1002 = CARTESIAN_POINT('',(3.5,0.,12.3));
#1003 = VECTOR('',#1004,1.);
#1004 = DIRECTION('',(-0.,1.,0.));
#1005 = ORIENTED_EDGE('',*,*,#933,.F.);
#1006 = PLANE('',#1007);
#1007 = AXIS2_PLACEMENT_3D('',#1008,#1009,#1010);
#1008 = CARTESIAN_POINT('',(3.3,0.,12.3));
#1009 = DIRECTION('',(0.,0.,1.));
#1010 = DIRECTION('',(1.,0.,-0.));
#1011 = ADVANCED_FACE('',(#1012),#1023,.F.);
#1012 = FACE_BOUND('',#1013,.F.);
#1013 = EDGE_LOOP('',(#1014,#1015,#1021,#1022));
#1014 = ORIENTED_EDGE('',*,*,#843,.F.);
#1015 = ORIENTED_EDGE('',*,*,#1016,.T.);
#1016 = EDGE_CURVE('',#836,#918,#1017,.T.);
#1017 = LINE('',#1018,#1019);
#1018 = CARTESIAN_POINT('',(3.5,0.,12.1));
#1019 = VECTOR('',#1020,1.);
#1020 = DIRECTION('',(-0.,1.,0.));
#1021 = ORIENTED_EDGE('',*,*,#925,.T.);
#1022 = ORIENTED_EDGE('',*,*,#1000,.F.);
#1023 = PLANE('',#1024);
#1024 = AXIS2_PLACEMENT_3D('',#1025,#1026,#1027);
#1025 = CARTESIAN_POINT('',(3.5,0.,12.1));
#1026 = DIRECTION('',(1.,0.,-0.));
#1027 = DIRECTION('',(0.,0.,1.));
#1028 = ADVANCED_FACE('',(#1029),#1035,.T.);
#1029 = FACE_BOUND('',#1030,.T.);
#1030 = EDGE_LOOP('',(#1031,#1032,#1033,#1034));
#1031 = ORIENTED_EDGE('',*,*,#977,.F.);
#1032 = ORIENTED_EDGE('',*,*,#835,.T.);
#1033 = ORIENTED_EDGE('',*,*,#1016,.T.);
#1034 = ORIENTED_EDGE('',*,*,#917,.F.);
#1035 = PLANE('',#1036);
#1036 = AXIS2_PLACEMENT_3D('',#1037,#1038,#1039);
#1037 = CARTESIAN_POINT('',(3.3,0.,12.1));
#1038 = DIRECTION('',(0.,0.,1.));
#1039 = DIRECTION('',(1.,0.,-0.));
#1040 = ( GEOMETRIC_REPRESENTATION_CONTEXT(3) 
GLOBAL_UNCERTAINTY_ASSIGNED_CONTEXT((#1044)) 
GLOBAL_UNIT_ASSIGNED_CONTEXT((#1041,#1042,#1043)) REPRESENTATION_CONTEXT
('Context #1','3D Context with UNIT and UNCERTAINTY') );
#1041 = ( LENGTH_UNIT() NAMED_UNIT(*) SI_UNIT(.MILLI.,.METRE.) );
#1042 = ( NAMED_UNIT(*) PLANE_ANGLE_UNIT() SI_UNIT($,.RADIAN.) );
#1043 = ( NAMED_UNIT(*) SI_UNIT($,.STERADIAN.) SOLID_ANGLE_UNIT() );
#1044 = UNCERTAINTY_MEASURE_WITH_UNIT(LENGTH_MEASURE(1.E-07),#1041,
  'distance_accuracy_value','confusion accuracy');
#1045 = CONTEXT_DEPENDENT_SHAPE_REPRESENTATION(#1046,#1048);
#1046 = ( REPRESENTATION_RELATIONSHIP('','',#753,#60) 
REPRESENTATION_RELATIONSHIP_WITH_TRANSFORMATION(#1047) 
SHAPE_REPRESENTATION_RELATIONSHIP() );
#1047 = ITEM_DEFINED_TRANSFORMATION('','',#11,#69);
#1048 = PRODUCT_DEFINITION_SHAPE('Placement','Placement of an item',
  #1049);
#1049 = NEXT_ASSEMBLY_USAGE_OCCURRENCE('309','Core_1_3','',#55,#748,$);
#1050 = PRODUCT_RELATED_PRODUCT_CATEGORY('part',$,(#750));
#1051 = SHAPE_DEFINITION_REPRESENTATION(#1052,#1058);
#1052 = PRODUCT_DEFINITION_SHAPE('','',#1053);
#1053 = PRODUCT_DEFINITION('design','',#1054,#1057);
#1054 = PRODUCT_DEFINITION_FORMATION('','',#1055);
#1055 = PRODUCT('Core_1_4','Core_1_4','',(#1056));
#1056 = PRODUCT_CONTEXT('',#2,'mechanical');
#1057 = PRODUCT_DEFINITION_CONTEXT('part definition',#2,'design');
#1058 = ADVANCED_BREP_SHAPE_REPRESENTATION('',(#11,#1059),#1345);
#1059 = MANIFOLD_SOLID_BREP('',#1060);
#1060 = CLOSED_SHELL('',(#1061,#1101,#1166,#1190,#1248,#1265,#1277,#1299
    ,#1316,#1333));
#1061 = ADVANCED_FACE('',(#1062),#1096,.F.);
#1062 = FACE_BOUND('',#1063,.F.);
#1063 = EDGE_LOOP('',(#1064,#1074,#1082,#1090));
#1064 = ORIENTED_EDGE('',*,*,#1065,.F.);
#1065 = EDGE_CURVE('',#1066,#1068,#1070,.T.);
#1066 = VERTEX_POINT('',#1067);
#1067 = CARTESIAN_POINT('',(2.4,0.,15.6));
#1068 = VERTEX_POINT('',#1069);
#1069 = CARTESIAN_POINT('',(2.4,0.,17.6));
#1070 = LINE('',#1071,#1072);
#1071 = CARTESIAN_POINT('',(2.4,0.,15.6));
#1072 = VECTOR('',#1073,1.);
#1073 = DIRECTION('',(0.,0.,1.));
#1074 = ORIENTED_EDGE('',*,*,#1075,.T.);
#1075 = EDGE_CURVE('',#1066,#1076,#1078,.T.);
#1076 = VERTEX_POINT('',#1077);
#1077 = CARTESIAN_POINT('',(2.4,0.5,15.6));
#1078 = LINE('',#1079,#1080);
#1079 = CARTESIAN_POINT('',(2.4,0.,15.6));
#1080 = VECTOR('',#1081,1.);
#1081 = DIRECTION('',(-0.,1.,0.));
#1082 = ORIENTED_EDGE('',*,*,#1083,.T.);
#1083 = EDGE_CURVE('',#1076,#1084,#1086,.T.);
#1084 = VERTEX_POINT('',#1085);
#1085 = CARTESIAN_POINT('',(2.4,0.5,17.6));
#1086 = LINE('',#1087,#1088);
#1087 = CARTESIAN_POINT('',(2.4,0.5,15.6));
#1088 = VECTOR('',#1089,1.);
#1089 = DIRECTION('',(0.,0.,1.));
#1090 = ORIENTED_EDGE('',*,*,#1091,.F.);
#1091 = EDGE_CURVE('',#1068,#1084,#1092,.T.);
#1092 = LINE('',#1093,#1094);
#1093 = CARTESIAN_POINT('',(2.4,0.,17.6));
#1094 = VECTOR('',#1095,1.);
#1095 = DIRECTION('',(-0.,1.,0.));
#1096 = PLANE('',#1097);
#1097 = AXIS2_PLACEMENT_3D('',#1098,#1099,#1100);
#1098 = CARTESIAN_POINT('',(2.4,0.,15.6));
#1099 = DIRECTION('',(1.,0.,-0.));
#1100 = DIRECTION('',(0.,0.,1.));
#1101 = ADVANCED_FACE('',(#1102,#1127),#1161,.F.);
#1102 = FACE_BOUND('',#1103,.F.);
#1103 = EDGE_LOOP('',(#1104,#1112,#1113,#1121));
#1104 = ORIENTED_EDGE('',*,*,#1105,.F.);
#1105 = EDGE_CURVE('',#1066,#1106,#1108,.T.);
#1106 = VERTEX_POINT('',#1107);
#1107 = CARTESIAN_POINT('',(4.4,0.,15.6));
#1108 = LINE('',#1109,#1110);
#1109 = CARTESIAN_POINT('',(2.4,0.,15.6));
#1110 = VECTOR('',#1111,1.);
#1111 = DIRECTION('',(1.,0.,-0.));
#1112 = ORIENTED_EDGE('',*,*,#1065,.T.);
#1113 = ORIENTED_EDGE('',*,*,#1114,.T.);
#1114 = EDGE_CURVE('',#1068,#1115,#1117,.T.);
#1115 = VERTEX_POINT('',#1116);
#1116 = CARTESIAN_POINT('',(4.4,0.,17.6));
#1117 = LINE('',#1118,#1119);
#1118 = CARTESIAN_POINT('',(2.4,0.,17.6));
#1119 = VECTOR('',#1120,1.);
#1120 = DIRECTION('',(1.,0.,-0.));
#1121 = ORIENTED_EDGE('',*,*,#1122,.F.);
#1122 = EDGE_CURVE('',#1106,#1115,#1123,.T.);
#1123 = LINE('',#1124,#1125);
#1124 = CARTESIAN_POINT('',(4.4,0.,15.6));
#1125 = VECTOR('',#1126,1.);
#1126 = DIRECTION('',(0.,0.,1.));
#1127 = FACE_BOUND('',#1128,.F.);
#1128 = EDGE_LOOP('',(#1129,#1139,#1147,#1155));
#1129 = ORIENTED_EDGE('',*,*,#1130,.F.);
#1130 = EDGE_CURVE('',#1131,#1133,#1135,.T.);
#1131 = VERTEX_POINT('',#1132);
#1132 = CARTESIAN_POINT('',(3.3,0.,16.5));
#1133 = VERTEX_POINT('',#1134);
#1134 = CARTESIAN_POINT('',(3.3,0.,16.7));
#1135 = LINE('',#1136,#1137);
#1136 = CARTESIAN_POINT('',(3.3,0.,16.5));
#1137 = VECTOR('',#1138,1.);
#1138 = DIRECTION('',(0.,0.,1.));
#1139 = ORIENTED_EDGE('',*,*,#1140,.T.);
#1140 = EDGE_CURVE('',#1131,#1141,#1143,.T.);
#1141 = VERTEX_POINT('',#1142);
#1142 = CARTESIAN_POINT('',(3.5,0.,16.5));
#1143 = LINE('',#1144,#1145);
#1144 = CARTESIAN_POINT('',(3.3,0.,16.5));
#1145 = VECTOR('',#1146,1.);
#1146 = DIRECTION('',(1.,0.,-0.));
#1147 = ORIENTED_EDGE('',*,*,#1148,.T.);
#1148 = EDGE_CURVE('',#1141,#1149,#1151,.T.);
#1149 = VERTEX_POINT('',#1150);
#1150 = CARTESIAN_POINT('',(3.5,0.,16.7));
#1151 = LINE('',#1152,#1153);
#1152 = CARTESIAN_POINT('',(3.5,0.,16.5));
#1153 = VECTOR('',#1154,1.);
#1154 = DIRECTION('',(0.,0.,1.));
#1155 = ORIENTED_EDGE('',*,*,#1156,.F.);
#1156 = EDGE_CURVE('',#1133,#1149,#1157,.T.);
#1157 = LINE('',#1158,#1159);
#1158 = CARTESIAN_POINT('',(3.3,0.,16.7));
#1159 = VECTOR('',#1160,1.);
#1160 = DIRECTION('',(1.,0.,-0.));
#1161 = PLANE('',#1162);
#1162 = AXIS2_PLACEMENT_3D('',#1163,#1164,#1165);
#1163 = CARTESIAN_POINT('',(2.4,0.,15.6));
#1164 = DIRECTION('',(-0.,1.,0.));
#1165 = DIRECTION('',(0.,0.,1.));
#1166 = ADVANCED_FACE('',(#1167),#1185,.T.);
#1167 = FACE_BOUND('',#1168,.T.);
#1168 = EDGE_LOOP('',(#1169,#1170,#1171,#1179));
#1169 = ORIENTED_EDGE('',*,*,#1091,.F.);
#1170 = ORIENTED_EDGE('',*,*,#1114,.T.);
#1171 = ORIENTED_EDGE('',*,*,#1172,.T.);
#1172 = EDGE_CURVE('',#1115,#1173,#1175,.T.);
#1173 = VERTEX_POINT('',#1174);
#1174 = CARTESIAN_POINT('',(4.4,0.5,17.6));
#1175 = LINE('',#1176,#1177);
#1176 = CARTESIAN_POINT('',(4.4,0.,17.6));
#1177 = VECTOR('',#1178,1.);
#1178 = DIRECTION('',(-0.,1.,0.));
#1179 = ORIENTED_EDGE('',*,*,#1180,.F.);
#1180 = EDGE_CURVE('',#1084,#1173,#1181,.T.);
#1181 = LINE('',#1182,#1183);
#1182 = CARTESIAN_POINT('',(2.4,0.5,17.6));
#1183 = VECTOR('',#1184,1.);
#1184 = DIRECTION('',(1.,0.,-0.));
#1185 = PLANE('',#1186);
#1186 = AXIS2_PLACEMENT_3D('',#1187,#1188,#1189);
#1187 = CARTESIAN_POINT('',(2.4,0.,17.6));
#1188 = DIRECTION('',(0.,0.,1.));
#1189 = DIRECTION('',(1.,0.,-0.));
#1190 = ADVANCED_FACE('',(#1191,#1209),#1243,.T.);
#1191 = FACE_BOUND('',#1192,.T.);
#1192 = EDGE_LOOP('',(#1193,#1201,#1202,#1203));
#1193 = ORIENTED_EDGE('',*,*,#1194,.F.);
#1194 = EDGE_CURVE('',#1076,#1195,#1197,.T.);
#1195 = VERTEX_POINT('',#1196);
#1196 = CARTESIAN_POINT('',(4.4,0.5,15.6));
#1197 = LINE('',#1198,#1199);
#1198 = CARTESIAN_POINT('',(2.4,0.5,15.6));
#1199 = VECTOR('',#1200,1.);
#1200 = DIRECTION('',(1.,0.,-0.));
#1201 = ORIENTED_EDGE('',*,*,#1083,.T.);
#1202 = ORIENTED_EDGE('',*,*,#1180,.T.);
#1203 = ORIENTED_EDGE('',*,*,#1204,.F.);
#1204 = EDGE_CURVE('',#1195,#1173,#1205,.T.);
#1205 = LINE('',#1206,#1207);
#1206 = CARTESIAN_POINT('',(4.4,0.5,15.6));
#1207 = VECTOR('',#1208,1.);
#1208 = DIRECTION('',(0.,0.,1.));
#1209 = FACE_BOUND('',#1210,.T.);
#1210 = EDGE_LOOP('',(#1211,#1221,#1229,#1237));
#1211 = ORIENTED_EDGE('',*,*,#1212,.F.);
#1212 = EDGE_CURVE('',#1213,#1215,#1217,.T.);
#1213 = VERTEX_POINT('',#1214);
#1214 = CARTESIAN_POINT('',(3.3,0.5,16.5));
#1215 = VERTEX_POINT('',#1216);
#1216 = CARTESIAN_POINT('',(3.3,0.5,16.7));
#1217 = LINE('',#1218,#1219);
#1218 = CARTESIAN_POINT('',(3.3,0.5,16.5));
#1219 = VECTOR('',#1220,1.);
#1220 = DIRECTION('',(0.,0.,1.));
#1221 = ORIENTED_EDGE('',*,*,#1222,.T.);
#1222 = EDGE_CURVE('',#1213,#1223,#1225,.T.);
#1223 = VERTEX_POINT('',#1224);
#1224 = CARTESIAN_POINT('',(3.5,0.5,16.5));
#1225 = LINE('',#1226,#1227);
#1226 = CARTESIAN_POINT('',(3.3,0.5,16.5));
#1227 = VECTOR('',#1228,1.);
#1228 = DIRECTION('',(1.,0.,-0.));
#1229 = ORIENTED_EDGE('',*,*,#1230,.T.);
#1230 = EDGE_CURVE('',#1223,#1231,#1233,.T.);
#1231 = VERTEX_POINT('',#1232);
#1232 = CARTESIAN_POINT('',(3.5,0.5,16.7));
#1233 = LINE('',#1234,#1235);
#1234 = CARTESIAN_POINT('',(3.5,0.5,16.5));
#1235 = VECTOR('',#1236,1.);
#1236 = DIRECTION('',(0.,0.,1.));
#1237 = ORIENTED_EDGE('',*,*,#1238,.F.);
#1238 = EDGE_CURVE('',#1215,#1231,#1239,.T.);
#1239 = LINE('',#1240,#1241);
#1240 = CARTESIAN_POINT('',(3.3,0.5,16.7));
#1241 = VECTOR('',#1242,1.);
#1242 = DIRECTION('',(1.,0.,-0.));
#1243 = PLANE('',#1244);
#1244 = AXIS2_PLACEMENT_3D('',#1245,#1246,#1247);
#1245 = CARTESIAN_POINT('',(2.4,0.5,15.6));
#1246 = DIRECTION('',(-0.,1.,0.));
#1247 = DIRECTION('',(0.,0.,1.));
#1248 = ADVANCED_FACE('',(#1249),#1260,.F.);
#1249 = FACE_BOUND('',#1250,.F.);
#1250 = EDGE_LOOP('',(#1251,#1252,#1253,#1259));
#1251 = ORIENTED_EDGE('',*,*,#1075,.F.);
#1252 = ORIENTED_EDGE('',*,*,#1105,.T.);
#1253 = ORIENTED_EDGE('',*,*,#1254,.T.);
#1254 = EDGE_CURVE('',#1106,#1195,#1255,.T.);
#1255 = LINE('',#1256,#1257);
#1256 = CARTESIAN_POINT('',(4.4,0.,15.6));
#1257 = VECTOR('',#1258,1.);
#1258 = DIRECTION('',(-0.,1.,0.));
#1259 = ORIENTED_EDGE('',*,*,#1194,.F.);
#1260 = PLANE('',#1261);
#1261 = AXIS2_PLACEMENT_3D('',#1262,#1263,#1264);
#1262 = CARTESIAN_POINT('',(2.4,0.,15.6));
#1263 = DIRECTION('',(0.,0.,1.));
#1264 = DIRECTION('',(1.,0.,-0.));
#1265 = ADVANCED_FACE('',(#1266),#1272,.T.);
#1266 = FACE_BOUND('',#1267,.T.);
#1267 = EDGE_LOOP('',(#1268,#1269,#1270,#1271));
#1268 = ORIENTED_EDGE('',*,*,#1122,.F.);
#1269 = ORIENTED_EDGE('',*,*,#1254,.T.);
#1270 = ORIENTED_EDGE('',*,*,#1204,.T.);
#1271 = ORIENTED_EDGE('',*,*,#1172,.F.);
#1272 = PLANE('',#1273);
#1273 = AXIS2_PLACEMENT_3D('',#1274,#1275,#1276);
#1274 = CARTESIAN_POINT('',(4.4,0.,15.6));
#1275 = DIRECTION('',(1.,0.,-0.));
#1276 = DIRECTION('',(0.,0.,1.));
#1277 = ADVANCED_FACE('',(#1278),#1294,.T.);
#1278 = FACE_BOUND('',#1279,.T.);
#1279 = EDGE_LOOP('',(#1280,#1281,#1287,#1288));
#1280 = ORIENTED_EDGE('',*,*,#1130,.F.);
#1281 = ORIENTED_EDGE('',*,*,#1282,.T.);
#1282 = EDGE_CURVE('',#1131,#1213,#1283,.T.);
#1283 = LINE('',#1284,#1285);
#1284 = CARTESIAN_POINT('',(3.3,0.,16.5));
#1285 = VECTOR('',#1286,1.);
#1286 = DIRECTION('',(-0.,1.,0.));
#1287 = ORIENTED_EDGE('',*,*,#1212,.T.);
#1288 = ORIENTED_EDGE('',*,*,#1289,.F.);
#1289 = EDGE_CURVE('',#1133,#1215,#1290,.T.);
#1290 = LINE('',#1291,#1292);
#1291 = CARTESIAN_POINT('',(3.3,0.,16.7));
#1292 = VECTOR('',#1293,1.);
#1293 = DIRECTION('',(-0.,1.,0.));
#1294 = PLANE('',#1295);
#1295 = AXIS2_PLACEMENT_3D('',#1296,#1297,#1298);
#1296 = CARTESIAN_POINT('',(3.3,0.,16.5));
#1297 = DIRECTION('',(1.,0.,-0.));
#1298 = DIRECTION('',(0.,0.,1.));
#1299 = ADVANCED_FACE('',(#1300),#1311,.F.);
#1300 = FACE_BOUND('',#1301,.F.);
#1301 = EDGE_LOOP('',(#1302,#1303,#1304,#1310));
#1302 = ORIENTED_EDGE('',*,*,#1289,.F.);
#1303 = ORIENTED_EDGE('',*,*,#1156,.T.);
#1304 = ORIENTED_EDGE('',*,*,#1305,.T.);
#1305 = EDGE_CURVE('',#1149,#1231,#1306,.T.);
#1306 = LINE('',#1307,#1308);
#1307 = CARTESIAN_POINT('',(3.5,0.,16.7));
#1308 = VECTOR('',#1309,1.);
#1309 = DIRECTION('',(-0.,1.,0.));
#1310 = ORIENTED_EDGE('',*,*,#1238,.F.);
#1311 = PLANE('',#1312);
#1312 = AXIS2_PLACEMENT_3D('',#1313,#1314,#1315);
#1313 = CARTESIAN_POINT('',(3.3,0.,16.7));
#1314 = DIRECTION('',(0.,0.,1.));
#1315 = DIRECTION('',(1.,0.,-0.));
#1316 = ADVANCED_FACE('',(#1317),#1328,.F.);
#1317 = FACE_BOUND('',#1318,.F.);
#1318 = EDGE_LOOP('',(#1319,#1320,#1326,#1327));
#1319 = ORIENTED_EDGE('',*,*,#1148,.F.);
#1320 = ORIENTED_EDGE('',*,*,#1321,.T.);
#1321 = EDGE_CURVE('',#1141,#1223,#1322,.T.);
#1322 = LINE('',#1323,#1324);
#1323 = CARTESIAN_POINT('',(3.5,0.,16.5));
#1324 = VECTOR('',#1325,1.);
#1325 = DIRECTION('',(-0.,1.,0.));
#1326 = ORIENTED_EDGE('',*,*,#1230,.T.);
#1327 = ORIENTED_EDGE('',*,*,#1305,.F.);
#1328 = PLANE('',#1329);
#1329 = AXIS2_PLACEMENT_3D('',#1330,#1331,#1332);
#1330 = CARTESIAN_POINT('',(3.5,0.,16.5));
#1331 = DIRECTION('',(1.,0.,-0.));
#1332 = DIRECTION('',(0.,0.,1.));
#1333 = ADVANCED_FACE('',(#1334),#1340,.T.);
#1334 = FACE_BOUND('',#1335,.T.);
#1335 = EDGE_LOOP('',(#1336,#1337,#1338,#1339));
#1336 = ORIENTED_EDGE('',*,*,#1282,.F.);
#1337 = ORIENTED_EDGE('',*,*,#1140,.T.);
#1338 = ORIENTED_EDGE('',*,*,#1321,.T.);
#1339 = ORIENTED_EDGE('',*,*,#1222,.F.);
#1340 = PLANE('',#1341);
#1341 = AXIS2_PLACEMENT_3D('',#1342,#1343,#1344);
#1342 = CARTESIAN_POINT('',(3.3,0.,16.5));
#1343 = DIRECTION('',(0.,0.,1.));
#1344 = DIRECTION('',(1.,0.,-0.));
#1345 = ( GEOMETRIC_REPRESENTATION_CONTEXT(3) 
GLOBAL_UNCERTAINTY_ASSIGNED_CONTEXT((#1349)) 
GLOBAL_UNIT_ASSIGNED_CONTEXT((#1346,#1347,#1348)) REPRESENTATION_CONTEXT
('Context #1','3D Context with UNIT and UNCERTAINTY') );
#1346 = ( LENGTH_UNIT() NAMED_UNIT(*) SI_UNIT(.MILLI.,.METRE.) );
#1347 = ( NAMED_UNIT(*) PLANE_ANGLE_UNIT() SI_UNIT($,.RADIAN.) );
#1348 = ( NAMED_UNIT(*) SI_UNIT($,.STERADIAN.) SOLID_ANGLE_UNIT() );
#1349 = UNCERTAINTY_MEASURE_WITH_UNIT(LENGTH_MEASURE(1.E-07),#1346,
  'distance_accuracy_value','confusion accuracy');
#1350 = CONTEXT_DEPENDENT_SHAPE_REPRESENTATION(#1351,#1353);
#1351 = ( REPRESENTATION_RELATIONSHIP('','',#1058,#60) 
REPRESENTATION_RELATIONSHIP_WITH_TRANSFORMATION(#1352) 
SHAPE_REPRESENTATION_RELATIONSHIP() );
#1352 = ITEM_DEFINED_TRANSFORMATION('','',#11,#73);
#1353 = PRODUCT_DEFINITION_SHAPE('Placement','Placement of an item',
  #1354);
#1354 = NEXT_ASSEMBLY_USAGE_OCCURRENCE('310','Core_1_4','',#55,#1053,$);
#1355 = PRODUCT_RELATED_PRODUCT_CATEGORY('part',$,(#1055));
#1356 = SHAPE_DEFINITION_REPRESENTATION(#1357,#1363);
#1357 = PRODUCT_DEFINITION_SHAPE('','',#1358);
#1358 = PRODUCT_DEFINITION('design','',#1359,#1362);
#1359 = PRODUCT_DEFINITION_FORMATION('','',#1360);
#1360 = PRODUCT('Core_2_1','Core_2_1','',(#1361));
#1361 = PRODUCT_CONTEXT('',#2,'mechanical');
#1362 = PRODUCT_DEFINITION_CONTEXT('part definition',#2,'design');
#1363 = ADVANCED_BREP_SHAPE_REPRESENTATION('',(#11,#1364),#1650);
#1364 = MANIFOLD_SOLID_BREP('',#1365);
#1365 = CLOSED_SHELL('',(#1366,#1406,#1471,#1495,#1553,#1570,#1582,#1604
    ,#1621,#1638));
#1366 = ADVANCED_FACE('',(#1367),#1401,.F.);
#1367 = FACE_BOUND('',#1368,.F.);
#1368 = EDGE_LOOP('',(#1369,#1379,#1387,#1395));
#1369 = ORIENTED_EDGE('',*,*,#1370,.F.);
#1370 = EDGE_CURVE('',#1371,#1373,#1375,.T.);
#1371 = VERTEX_POINT('',#1372);
#1372 = CARTESIAN_POINT('',(6.8,0.,2.4));
#1373 = VERTEX_POINT('',#1374);
#1374 = CARTESIAN_POINT('',(6.8,0.,4.4));
#1375 = LINE('',#1376,#1377);
#1376 = CARTESIAN_POINT('',(6.8,0.,2.4));
#1377 = VECTOR('',#1378,1.);
#1378 = DIRECTION('',(0.,0.,1.));
#1379 = ORIENTED_EDGE('',*,*,#1380,.T.);
#1380 = EDGE_CURVE('',#1371,#1381,#1383,.T.);
#1381 = VERTEX_POINT('',#1382);
#1382 = CARTESIAN_POINT('',(6.8,0.5,2.4));
#1383 = LINE('',#1384,#1385);
#1384 = CARTESIAN_POINT('',(6.8,0.,2.4));
#1385 = VECTOR('',#1386,1.);
#1386 = DIRECTION('',(-0.,1.,0.));
#1387 = ORIENTED_EDGE('',*,*,#1388,.T.);
#1388 = EDGE_CURVE('',#1381,#1389,#1391,.T.);
#1389 = VERTEX_POINT('',#1390);
#1390 = CARTESIAN_POINT('',(6.8,0.5,4.4));
#1391 = LINE('',#1392,#1393);
#1392 = CARTESIAN_POINT('',(6.8,0.5,2.4));
#1393 = VECTOR('',#1394,1.);
#1394 = DIRECTION('',(0.,0.,1.));
#1395 = ORIENTED_EDGE('',*,*,#1396,.F.);
#1396 = EDGE_CURVE('',#1373,#1389,#1397,.T.);
#1397 = LINE('',#1398,#1399);
#1398 = CARTESIAN_POINT('',(6.8,0.,4.4));
#1399 = VECTOR('',#1400,1.);
#1400 = DIRECTION('',(-0.,1.,0.));
#1401 = PLANE('',#1402);
#1402 = AXIS2_PLACEMENT_3D('',#1403,#1404,#1405);
#1403 = CARTESIAN_POINT('',(6.8,0.,2.4));
#1404 = DIRECTION('',(1.,0.,-0.));
#1405 = DIRECTION('',(0.,0.,1.));
#1406 = ADVANCED_FACE('',(#1407,#1432),#1466,.F.);
#1407 = FACE_BOUND('',#1408,.F.);
#1408 = EDGE_LOOP('',(#1409,#1417,#1418,#1426));
#1409 = ORIENTED_EDGE('',*,*,#1410,.F.);
#1410 = EDGE_CURVE('',#1371,#1411,#1413,.T.);
#1411 = VERTEX_POINT('',#1412);
#1412 = CARTESIAN_POINT('',(8.8,0.,2.4));
#1413 = LINE('',#1414,#1415);
#1414 = CARTESIAN_POINT('',(6.8,0.,2.4));
#1415 = VECTOR('',#1416,1.);
#1416 = DIRECTION('',(1.,0.,-0.));
#1417 = ORIENTED_EDGE('',*,*,#1370,.T.);
#1418 = ORIENTED_EDGE('',*,*,#1419,.T.);
#1419 = EDGE_CURVE('',#1373,#1420,#1422,.T.);
#1420 = VERTEX_POINT('',#1421);
#1421 = CARTESIAN_POINT('',(8.8,0.,4.4));
#1422 = LINE('',#1423,#1424);
#1423 = CARTESIAN_POINT('',(6.8,0.,4.4));
#1424 = VECTOR('',#1425,1.);
#1425 = DIRECTION('',(1.,0.,-0.));
#1426 = ORIENTED_EDGE('',*,*,#1427,.F.);
#1427 = EDGE_CURVE('',#1411,#1420,#1428,.T.);
#1428 = LINE('',#1429,#1430);
#1429 = CARTESIAN_POINT('',(8.8,0.,2.4));
#1430 = VECTOR('',#1431,1.);
#1431 = DIRECTION('',(0.,0.,1.));
#1432 = FACE_BOUND('',#1433,.F.);
#1433 = EDGE_LOOP('',(#1434,#1444,#1452,#1460));
#1434 = ORIENTED_EDGE('',*,*,#1435,.F.);
#1435 = EDGE_CURVE('',#1436,#1438,#1440,.T.);
#1436 = VERTEX_POINT('',#1437);
#1437 = CARTESIAN_POINT('',(7.7,0.,3.3));
#1438 = VERTEX_POINT('',#1439);
#1439 = CARTESIAN_POINT('',(7.7,0.,3.5));
#1440 = LINE('',#1441,#1442);
#1441 = CARTESIAN_POINT('',(7.7,0.,3.3));
#1442 = VECTOR('',#1443,1.);
#1443 = DIRECTION('',(0.,0.,1.));
#1444 = ORIENTED_EDGE('',*,*,#1445,.T.);
#1445 = EDGE_CURVE('',#1436,#1446,#1448,.T.);
#1446 = VERTEX_POINT('',#1447);
#1447 = CARTESIAN_POINT('',(7.9,0.,3.3));
#1448 = LINE('',#1449,#1450);
#1449 = CARTESIAN_POINT('',(7.7,0.,3.3));
#1450 = VECTOR('',#1451,1.);
#1451 = DIRECTION('',(1.,0.,-0.));
#1452 = ORIENTED_EDGE('',*,*,#1453,.T.);
#1453 = EDGE_CURVE('',#1446,#1454,#1456,.T.);
#1454 = VERTEX_POINT('',#1455);
#1455 = CARTESIAN_POINT('',(7.9,0.,3.5));
#1456 = LINE('',#1457,#1458);
#1457 = CARTESIAN_POINT('',(7.9,0.,3.3));
#1458 = VECTOR('',#1459,1.);
#1459 = DIRECTION('',(0.,0.,1.));
#1460 = ORIENTED_EDGE('',*,*,#1461,.F.);
#1461 = EDGE_CURVE('',#1438,#1454,#1462,.T.);
#1462 = LINE('',#1463,#1464);
#1463 = CARTESIAN_POINT('',(7.7,0.,3.5));
#1464 = VECTOR('',#1465,1.);
#1465 = DIRECTION('',(1.,0.,-0.));
#1466 = PLANE('',#1467);
#1467 = AXIS2_PLACEMENT_3D('',#1468,#1469,#1470);
#1468 = CARTESIAN_POINT('',(6.8,0.,2.4));
#1469 = DIRECTION('',(-0.,1.,0.));
#1470 = DIRECTION('',(0.,0.,1.));
#1471 = ADVANCED_FACE('',(#1472),#1490,.T.);
#1472 = FACE_BOUND('',#1473,.T.);
#1473 = EDGE_LOOP('',(#1474,#1475,#1476,#1484));
#1474 = ORIENTED_EDGE('',*,*,#1396,.F.);
#1475 = ORIENTED_EDGE('',*,*,#1419,.T.);
#1476 = ORIENTED_EDGE('',*,*,#1477,.T.);
#1477 = EDGE_CURVE('',#1420,#1478,#1480,.T.);
#1478 = VERTEX_POINT('',#1479);
#1479 = CARTESIAN_POINT('',(8.8,0.5,4.4));
#1480 = LINE('',#1481,#1482);
#1481 = CARTESIAN_POINT('',(8.8,0.,4.4));
#1482 = VECTOR('',#1483,1.);
#1483 = DIRECTION('',(-0.,1.,0.));
#1484 = ORIENTED_EDGE('',*,*,#1485,.F.);
#1485 = EDGE_CURVE('',#1389,#1478,#1486,.T.);
#1486 = LINE('',#1487,#1488);
#1487 = CARTESIAN_POINT('',(6.8,0.5,4.4));
#1488 = VECTOR('',#1489,1.);
#1489 = DIRECTION('',(1.,0.,-0.));
#1490 = PLANE('',#1491);
#1491 = AXIS2_PLACEMENT_3D('',#1492,#1493,#1494);
#1492 = CARTESIAN_POINT('',(6.8,0.,4.4));
#1493 = DIRECTION('',(0.,0.,1.));
#1494 = DIRECTION('',(1.,0.,-0.));
#1495 = ADVANCED_FACE('',(#1496,#1514),#1548,.T.);
#1496 = FACE_BOUND('',#1497,.T.);
#1497 = EDGE_LOOP('',(#1498,#1506,#1507,#1508));
#1498 = ORIENTED_EDGE('',*,*,#1499,.F.);
#1499 = EDGE_CURVE('',#1381,#1500,#1502,.T.);
#1500 = VERTEX_POINT('',#1501);
#1501 = CARTESIAN_POINT('',(8.8,0.5,2.4));
#1502 = LINE('',#1503,#1504);
#1503 = CARTESIAN_POINT('',(6.8,0.5,2.4));
#1504 = VECTOR('',#1505,1.);
#1505 = DIRECTION('',(1.,0.,-0.));
#1506 = ORIENTED_EDGE('',*,*,#1388,.T.);
#1507 = ORIENTED_EDGE('',*,*,#1485,.T.);
#1508 = ORIENTED_EDGE('',*,*,#1509,.F.);
#1509 = EDGE_CURVE('',#1500,#1478,#1510,.T.);
#1510 = LINE('',#1511,#1512);
#1511 = CARTESIAN_POINT('',(8.8,0.5,2.4));
#1512 = VECTOR('',#1513,1.);
#1513 = DIRECTION('',(0.,0.,1.));
#1514 = FACE_BOUND('',#1515,.T.);
#1515 = EDGE_LOOP('',(#1516,#1526,#1534,#1542));
#1516 = ORIENTED_EDGE('',*,*,#1517,.F.);
#1517 = EDGE_CURVE('',#1518,#1520,#1522,.T.);
#1518 = VERTEX_POINT('',#1519);
#1519 = CARTESIAN_POINT('',(7.7,0.5,3.3));
#1520 = VERTEX_POINT('',#1521);
#1521 = CARTESIAN_POINT('',(7.7,0.5,3.5));
#1522 = LINE('',#1523,#1524);
#1523 = CARTESIAN_POINT('',(7.7,0.5,3.3));
#1524 = VECTOR('',#1525,1.);
#1525 = DIRECTION('',(0.,0.,1.));
#1526 = ORIENTED_EDGE('',*,*,#1527,.T.);
#1527 = EDGE_CURVE('',#1518,#1528,#1530,.T.);
#1528 = VERTEX_POINT('',#1529);
#1529 = CARTESIAN_POINT('',(7.9,0.5,3.3));
#1530 = LINE('',#1531,#1532);
#1531 = CARTESIAN_POINT('',(7.7,0.5,3.3));
#1532 = VECTOR('',#1533,1.);
#1533 = DIRECTION('',(1.,0.,-0.));
#1534 = ORIENTED_EDGE('',*,*,#1535,.T.);
#1535 = EDGE_CURVE('',#1528,#1536,#1538,.T.);
#1536 = VERTEX_POINT('',#1537);
#1537 = CARTESIAN_POINT('',(7.9,0.5,3.5));
#1538 = LINE('',#1539,#1540);
#1539 = CARTESIAN_POINT('',(7.9,0.5,3.3));
#1540 = VECTOR('',#1541,1.);
#1541 = DIRECTION('',(0.,0.,1.));
#1542 = ORIENTED_EDGE('',*,*,#1543,.F.);
#1543 = EDGE_CURVE('',#1520,#1536,#1544,.T.);
#1544 = LINE('',#1545,#1546);
#1545 = CARTESIAN_POINT('',(7.7,0.5,3.5));
#1546 = VECTOR('',#1547,1.);
#1547 = DIRECTION('',(1.,0.,-0.));
#1548 = PLANE('',#1549);
#1549 = AXIS2_PLACEMENT_3D('',#1550,#1551,#1552);
#1550 = CARTESIAN_POINT('',(6.8,0.5,2.4));
#1551 = DIRECTION('',(-0.,1.,0.));
#1552 = DIRECTION('',(0.,0.,1.));
#1553 = ADVANCED_FACE('',(#1554),#1565,.F.);
#1554 = FACE_BOUND('',#1555,.F.);
#1555 = EDGE_LOOP('',(#1556,#1557,#1558,#1564));
#1556 = ORIENTED_EDGE('',*,*,#1380,.F.);
#1557 = ORIENTED_EDGE('',*,*,#1410,.T.);
#1558 = ORIENTED_EDGE('',*,*,#1559,.T.);
#1559 = EDGE_CURVE('',#1411,#1500,#1560,.T.);
#1560 = LINE('',#1561,#1562);
#1561 = CARTESIAN_POINT('',(8.8,0.,2.4));
#1562 = VECTOR('',#1563,1.);
#1563 = DIRECTION('',(-0.,1.,0.));
#1564 = ORIENTED_EDGE('',*,*,#1499,.F.);
#1565 = PLANE('',#1566);
#1566 = AXIS2_PLACEMENT_3D('',#1567,#1568,#1569);
#1567 = CARTESIAN_POINT('',(6.8,0.,2.4));
#1568 = DIRECTION('',(0.,0.,1.));
#1569 = DIRECTION('',(1.,0.,-0.));
#1570 = ADVANCED_FACE('',(#1571),#1577,.T.);
#1571 = FACE_BOUND('',#1572,.T.);
#1572 = EDGE_LOOP('',(#1573,#1574,#1575,#1576));
#1573 = ORIENTED_EDGE('',*,*,#1427,.F.);
#1574 = ORIENTED_EDGE('',*,*,#1559,.T.);
#1575 = ORIENTED_EDGE('',*,*,#1509,.T.);
#1576 = ORIENTED_EDGE('',*,*,#1477,.F.);
#1577 = PLANE('',#1578);
#1578 = AXIS2_PLACEMENT_3D('',#1579,#1580,#1581);
#1579 = CARTESIAN_POINT('',(8.8,0.,2.4));
#1580 = DIRECTION('',(1.,0.,-0.));
#1581 = DIRECTION('',(0.,0.,1.));
#1582 = ADVANCED_FACE('',(#1583),#1599,.T.);
#1583 = FACE_BOUND('',#1584,.T.);
#1584 = EDGE_LOOP('',(#1585,#1586,#1592,#1593));
#1585 = ORIENTED_EDGE('',*,*,#1435,.F.);
#1586 = ORIENTED_EDGE('',*,*,#1587,.T.);
#1587 = EDGE_CURVE('',#1436,#1518,#1588,.T.);
#1588 = LINE('',#1589,#1590);
#1589 = CARTESIAN_POINT('',(7.7,0.,3.3));
#1590 = VECTOR('',#1591,1.);
#1591 = DIRECTION('',(-0.,1.,0.));
#1592 = ORIENTED_EDGE('',*,*,#1517,.T.);
#1593 = ORIENTED_EDGE('',*,*,#1594,.F.);
#1594 = EDGE_CURVE('',#1438,#1520,#1595,.T.);
#1595 = LINE('',#1596,#1597);
#1596 = CARTESIAN_POINT('',(7.7,0.,3.5));
#1597 = VECTOR('',#1598,1.);
#1598 = DIRECTION('',(-0.,1.,0.));
#1599 = PLANE('',#1600);
#1600 = AXIS2_PLACEMENT_3D('',#1601,#1602,#1603);
#1601 = CARTESIAN_POINT('',(7.7,0.,3.3));
#1602 = DIRECTION('',(1.,0.,-0.));
#1603 = DIRECTION('',(0.,0.,1.));
#1604 = ADVANCED_FACE('',(#1605),#1616,.F.);
#1605 = FACE_BOUND('',#1606,.F.);
#1606 = EDGE_LOOP('',(#1607,#1608,#1609,#1615));
#1607 = ORIENTED_EDGE('',*,*,#1594,.F.);
#1608 = ORIENTED_EDGE('',*,*,#1461,.T.);
#1609 = ORIENTED_EDGE('',*,*,#1610,.T.);
#1610 = EDGE_CURVE('',#1454,#1536,#1611,.T.);
#1611 = LINE('',#1612,#1613);
#1612 = CARTESIAN_POINT('',(7.9,0.,3.5));
#1613 = VECTOR('',#1614,1.);
#1614 = DIRECTION('',(-0.,1.,0.));
#1615 = ORIENTED_EDGE('',*,*,#1543,.F.);
#1616 = PLANE('',#1617);
#1617 = AXIS2_PLACEMENT_3D('',#1618,#1619,#1620);
#1618 = CARTESIAN_POINT('',(7.7,0.,3.5));
#1619 = DIRECTION('',(0.,0.,1.));
#1620 = DIRECTION('',(1.,0.,-0.));
#1621 = ADVANCED_FACE('',(#1622),#1633,.F.);
#1622 = FACE_BOUND('',#1623,.F.);
#1623 = EDGE_LOOP('',(#1624,#1625,#1631,#1632));
#1624 = ORIENTED_EDGE('',*,*,#1453,.F.);
#1625 = ORIENTED_EDGE('',*,*,#1626,.T.);
#1626 = EDGE_CURVE('',#1446,#1528,#1627,.T.);
#1627 = LINE('',#1628,#1629);
#1628 = CARTESIAN_POINT('',(7.9,0.,3.3));
#1629 = VECTOR('',#1630,1.);
#1630 = DIRECTION('',(-0.,1.,0.));
#1631 = ORIENTED_EDGE('',*,*,#1535,.T.);
#1632 = ORIENTED_EDGE('',*,*,#1610,.F.);
#1633 = PLANE('',#1634);
#1634 = AXIS2_PLACEMENT_3D('',#1635,#1636,#1637);
#1635 = CARTESIAN_POINT('',(7.9,0.,3.3));
#1636 = DIRECTION('',(1.,0.,-0.));
#1637 = DIRECTION('',(0.,0.,1.));
#1638 = ADVANCED_FACE('',(#1639),#1645,.T.);
#1639 = FACE_BOUND('',#1640,.T.);
#1640 = EDGE_LOOP('',(#1641,#1642,#1643,#1644));
#1641 = ORIENTED_EDGE('',*,*,#1587,.F.);
#1642 = ORIENTED_EDGE('',*,*,#1445,.T.);
#1643 = ORIENTED_EDGE('',*,*,#1626,.T.);
#1644 = ORIENTED_EDGE('',*,*,#1527,.F.);
#1645 = PLANE('',#1646);
#1646 = AXIS2_PLACEMENT_3D('',#1647,#1648,#1649);
#1647 = CARTESIAN_POINT('',(7.7,0.,3.3));
#1648 = DIRECTION('',(0.,0.,1.));
#1649 = DIRECTION('',(1.,0.,-0.));
#1650 = ( GEOMETRIC_REPRESENTATION_CONTEXT(3) 
GLOBAL_UNCERTAINTY_ASSIGNED_CONTEXT((#1654)) 
GLOBAL_UNIT_ASSIGNED_CONTEXT((#1651,#1652,#1653)) REPRESENTATION_CONTEXT
('Context #1','3D Context with UNIT and UNCERTAINTY') );
#1651 = ( LENGTH_UNIT() NAMED_UNIT(*) SI_UNIT(.MILLI.,.METRE.) );
#1652 = ( NAMED_UNIT(*) PLANE_ANGLE_UNIT() SI_UNIT($,.RADIAN.) );
#1653 = ( NAMED_UNIT(*) SI_UNIT($,.STERADIAN.) SOLID_ANGLE_UNIT() );
#1654 = UNCERTAINTY_MEASURE_WITH_UNIT(LENGTH_MEASURE(1.E-07),#1651,
  'distance_accuracy_value','confusion accuracy');
#1655 = CONTEXT_DEPENDENT_SHAPE_REPRESENTATION(#1656,#1658);
#1656 = ( REPRESENTATION_RELATIONSHIP('','',#1363,#60) 
REPRESENTATION_RELATIONSHIP_WITH_TRANSFORMATION(#1657) 
SHAPE_REPRESENTATION_RELATIONSHIP() );
#1657 = ITEM_DEFINED_TRANSFORMATION('','',#11,#77);
#1658 = PRODUCT_DEFINITION_SHAPE('Placement','Placement of an item',
  #1659);
#1659 = NEXT_ASSEMBLY_USAGE_OCCURRENCE('311','Core_2_1','',#55,#1358,$);
#1660 = PRODUCT_RELATED_PRODUCT_CATEGORY('part',$,(#1360));
#1661 = SHAPE_DEFINITION_REPRESENTATION(#1662,#1668);
#1662 = PRODUCT_DEFINITION_SHAPE('','',#1663);
#1663 = PRODUCT_DEFINITION('design','',#1664,#1667);
#1664 = PRODUCT_DEFINITION_FORMATION('','',#1665);
#1665 = PRODUCT('Core_2_2','Core_2_2','',(#1666));
#1666 = PRODUCT_CONTEXT('',#2,'mechanical');
#1667 = PRODUCT_DEFINITION_CONTEXT('part definition',#2,'design');
#1668 = ADVANCED_BREP_SHAPE_REPRESENTATION('',(#11,#1669),#1955);
#1669 = MANIFOLD_SOLID_BREP('',#1670);
#1670 = CLOSED_SHELL('',(#1671,#1711,#1776,#1800,#1858,#1875,#1887,#1909
    ,#1926,#1943));
#1671 = ADVANCED_FACE('',(#1672),#1706,.F.);
#1672 = FACE_BOUND('',#1673,.F.);
#1673 = EDGE_LOOP('',(#1674,#1684,#1692,#1700));
#1674 = ORIENTED_EDGE('',*,*,#1675,.F.);
#1675 = EDGE_CURVE('',#1676,#1678,#1680,.T.);
#1676 = VERTEX_POINT('',#1677);
#1677 = CARTESIAN_POINT('',(6.8,0.,6.8));
#1678 = VERTEX_POINT('',#1679);
#1679 = CARTESIAN_POINT('',(6.8,0.,8.8));
#1680 = LINE('',#1681,#1682);
#1681 = CARTESIAN_POINT('',(6.8,0.,6.8));
#1682 = VECTOR('',#1683,1.);
#1683 = DIRECTION('',(0.,0.,1.));
#1684 = ORIENTED_EDGE('',*,*,#1685,.T.);
#1685 = EDGE_CURVE('',#1676,#1686,#1688,.T.);
#1686 = VERTEX_POINT('',#1687);
#1687 = CARTESIAN_POINT('',(6.8,0.5,6.8));
#1688 = LINE('',#1689,#1690);
#1689 = CARTESIAN_POINT('',(6.8,0.,6.8));
#1690 = VECTOR('',#1691,1.);
#1691 = DIRECTION('',(-0.,1.,0.));
#1692 = ORIENTED_EDGE('',*,*,#1693,.T.);
#1693 = EDGE_CURVE('',#1686,#1694,#1696,.T.);
#1694 = VERTEX_POINT('',#1695);
#1695 = CARTESIAN_POINT('',(6.8,0.5,8.8));
#1696 = LINE('',#1697,#1698);
#1697 = CARTESIAN_POINT('',(6.8,0.5,6.8));
#1698 = VECTOR('',#1699,1.);
#1699 = DIRECTION('',(0.,0.,1.));
#1700 = ORIENTED_EDGE('',*,*,#1701,.F.);
#1701 = EDGE_CURVE('',#1678,#1694,#1702,.T.);
#1702 = LINE('',#1703,#1704);
#1703 = CARTESIAN_POINT('',(6.8,0.,8.8));
#1704 = VECTOR('',#1705,1.);
#1705 = DIRECTION('',(-0.,1.,0.));
#1706 = PLANE('',#1707);
#1707 = AXIS2_PLACEMENT_3D('',#1708,#1709,#1710);
#1708 = CARTESIAN_POINT('',(6.8,0.,6.8));
#1709 = DIRECTION('',(1.,0.,-0.));
#1710 = DIRECTION('',(0.,0.,1.));
#1711 = ADVANCED_FACE('',(#1712,#1737),#1771,.F.);
#1712 = FACE_BOUND('',#1713,.F.);
#1713 = EDGE_LOOP('',(#1714,#1722,#1723,#1731));
#1714 = ORIENTED_EDGE('',*,*,#1715,.F.);
#1715 = EDGE_CURVE('',#1676,#1716,#1718,.T.);
#1716 = VERTEX_POINT('',#1717);
#1717 = CARTESIAN_POINT('',(8.8,0.,6.8));
#1718 = LINE('',#1719,#1720);
#1719 = CARTESIAN_POINT('',(6.8,0.,6.8));
#1720 = VECTOR('',#1721,1.);
#1721 = DIRECTION('',(1.,0.,-0.));
#1722 = ORIENTED_EDGE('',*,*,#1675,.T.);
#1723 = ORIENTED_EDGE('',*,*,#1724,.T.);
#1724 = EDGE_CURVE('',#1678,#1725,#1727,.T.);
#1725 = VERTEX_POINT('',#1726);
#1726 = CARTESIAN_POINT('',(8.8,0.,8.8));
#1727 = LINE('',#1728,#1729);
#1728 = CARTESIAN_POINT('',(6.8,0.,8.8));
#1729 = VECTOR('',#1730,1.);
#1730 = DIRECTION('',(1.,0.,-0.));
#1731 = ORIENTED_EDGE('',*,*,#1732,.F.);
#1732 = EDGE_CURVE('',#1716,#1725,#1733,.T.);
#1733 = LINE('',#1734,#1735);
#1734 = CARTESIAN_POINT('',(8.8,0.,6.8));
#1735 = VECTOR('',#1736,1.);
#1736 = DIRECTION('',(0.,0.,1.));
#1737 = FACE_BOUND('',#1738,.F.);
#1738 = EDGE_LOOP('',(#1739,#1749,#1757,#1765));
#1739 = ORIENTED_EDGE('',*,*,#1740,.F.);
#1740 = EDGE_CURVE('',#1741,#1743,#1745,.T.);
#1741 = VERTEX_POINT('',#1742);
#1742 = CARTESIAN_POINT('',(7.7,0.,7.7));
#1743 = VERTEX_POINT('',#1744);
#1744 = CARTESIAN_POINT('',(7.7,0.,7.9));
#1745 = LINE('',#1746,#1747);
#1746 = CARTESIAN_POINT('',(7.7,0.,7.7));
#1747 = VECTOR('',#1748,1.);
#1748 = DIRECTION('',(0.,0.,1.));
#1749 = ORIENTED_EDGE('',*,*,#1750,.T.);
#1750 = EDGE_CURVE('',#1741,#1751,#1753,.T.);
#1751 = VERTEX_POINT('',#1752);
#1752 = CARTESIAN_POINT('',(7.9,0.,7.7));
#1753 = LINE('',#1754,#1755);
#1754 = CARTESIAN_POINT('',(7.7,0.,7.7));
#1755 = VECTOR('',#1756,1.);
#1756 = DIRECTION('',(1.,0.,-0.));
#1757 = ORIENTED_EDGE('',*,*,#1758,.T.);
#1758 = EDGE_CURVE('',#1751,#1759,#1761,.T.);
#1759 = VERTEX_POINT('',#1760);
#1760 = CARTESIAN_POINT('',(7.9,0.,7.9));
#1761 = LINE('',#1762,#1763);
#1762 = CARTESIAN_POINT('',(7.9,0.,7.7));
#1763 = VECTOR('',#1764,1.);
#1764 = DIRECTION('',(0.,0.,1.));
#1765 = ORIENTED_EDGE('',*,*,#1766,.F.);
#1766 = EDGE_CURVE('',#1743,#1759,#1767,.T.);
#1767 = LINE('',#1768,#1769);
#1768 = CARTESIAN_POINT('',(7.7,0.,7.9));
#1769 = VECTOR('',#1770,1.);
#1770 = DIRECTION('',(1.,0.,-0.));
#1771 = PLANE('',#1772);
#1772 = AXIS2_PLACEMENT_3D('',#1773,#1774,#1775);
#1773 = CARTESIAN_POINT('',(6.8,0.,6.8));
#1774 = DIRECTION('',(-0.,1.,0.));
#1775 = DIRECTION('',(0.,0.,1.));
#1776 = ADVANCED_FACE('',(#1777),#1795,.T.);
#1777 = FACE_BOUND('',#1778,.T.);
#1778 = EDGE_LOOP('',(#1779,#1780,#1781,#1789));
#1779 = ORIENTED_EDGE('',*,*,#1701,.F.);
#1780 = ORIENTED_EDGE('',*,*,#1724,.T.);
#1781 = ORIENTED_EDGE('',*,*,#1782,.T.);
#1782 = EDGE_CURVE('',#1725,#1783,#1785,.T.);
#1783 = VERTEX_POINT('',#1784);
#1784 = CARTESIAN_POINT('',(8.8,0.5,8.8));
#1785 = LINE('',#1786,#1787);
#1786 = CARTESIAN_POINT('',(8.8,0.,8.8));
#1787 = VECTOR('',#1788,1.);
#1788 = DIRECTION('',(-0.,1.,0.));
#1789 = ORIENTED_EDGE('',*,*,#1790,.F.);
#1790 = EDGE_CURVE('',#1694,#1783,#1791,.T.);
#1791 = LINE('',#1792,#1793);
#1792 = CARTESIAN_POINT('',(6.8,0.5,8.8));
#1793 = VECTOR('',#1794,1.);
#1794 = DIRECTION('',(1.,0.,-0.));
#1795 = PLANE('',#1796);
#1796 = AXIS2_PLACEMENT_3D('',#1797,#1798,#1799);
#1797 = CARTESIAN_POINT('',(6.8,0.,8.8));
#1798 = DIRECTION('',(0.,0.,1.));
#1799 = DIRECTION('',(1.,0.,-0.));
#1800 = ADVANCED_FACE('',(#1801,#1819),#1853,.T.);
#1801 = FACE_BOUND('',#1802,.T.);
#1802 = EDGE_LOOP('',(#1803,#1811,#1812,#1813));
#1803 = ORIENTED_EDGE('',*,*,#1804,.F.);
#1804 = EDGE_CURVE('',#1686,#1805,#1807,.T.);
#1805 = VERTEX_POINT('',#1806);
#1806 = CARTESIAN_POINT('',(8.8,0.5,6.8));
#1807 = LINE('',#1808,#1809);
#1808 = CARTESIAN_POINT('',(6.8,0.5,6.8));
#1809 = VECTOR('',#1810,1.);
#1810 = DIRECTION('',(1.,0.,-0.));
#1811 = ORIENTED_EDGE('',*,*,#1693,.T.);
#1812 = ORIENTED_EDGE('',*,*,#1790,.T.);
#1813 = ORIENTED_EDGE('',*,*,#1814,.F.);
#1814 = EDGE_CURVE('',#1805,#1783,#1815,.T.);
#1815 = LINE('',#1816,#1817);
#1816 = CARTESIAN_POINT('',(8.8,0.5,6.8));
#1817 = VECTOR('',#1818,1.);
#1818 = DIRECTION('',(0.,0.,1.));
#1819 = FACE_BOUND('',#1820,.T.);
#1820 = EDGE_LOOP('',(#1821,#1831,#1839,#1847));
#1821 = ORIENTED_EDGE('',*,*,#1822,.F.);
#1822 = EDGE_CURVE('',#1823,#1825,#1827,.T.);
#1823 = VERTEX_POINT('',#1824);
#1824 = CARTESIAN_POINT('',(7.7,0.5,7.7));
#1825 = VERTEX_POINT('',#1826);
#1826 = CARTESIAN_POINT('',(7.7,0.5,7.9));
#1827 = LINE('',#1828,#1829);
#1828 = CARTESIAN_POINT('',(7.7,0.5,7.7));
#1829 = VECTOR('',#1830,1.);
#1830 = DIRECTION('',(0.,0.,1.));
#1831 = ORIENTED_EDGE('',*,*,#1832,.T.);
#1832 = EDGE_CURVE('',#1823,#1833,#1835,.T.);
#1833 = VERTEX_POINT('',#1834);
#1834 = CARTESIAN_POINT('',(7.9,0.5,7.7));
#1835 = LINE('',#1836,#1837);
#1836 = CARTESIAN_POINT('',(7.7,0.5,7.7));
#1837 = VECTOR('',#1838,1.);
#1838 = DIRECTION('',(1.,0.,-0.));
#1839 = ORIENTED_EDGE('',*,*,#1840,.T.);
#1840 = EDGE_CURVE('',#1833,#1841,#1843,.T.);
#1841 = VERTEX_POINT('',#1842);
#1842 = CARTESIAN_POINT('',(7.9,0.5,7.9));
#1843 = LINE('',#1844,#1845);
#1844 = CARTESIAN_POINT('',(7.9,0.5,7.7));
#1845 = VECTOR('',#1846,1.);
#1846 = DIRECTION('',(0.,0.,1.));
#1847 = ORIENTED_EDGE('',*,*,#1848,.F.);
#1848 = EDGE_CURVE('',#1825,#1841,#1849,.T.);
#1849 = LINE('',#1850,#1851);
#1850 = CARTESIAN_POINT('',(7.7,0.5,7.9));
#1851 = VECTOR('',#1852,1.);
#1852 = DIRECTION('',(1.,0.,-0.));
#1853 = PLANE('',#1854);
#1854 = AXIS2_PLACEMENT_3D('',#1855,#1856,#1857);
#1855 = CARTESIAN_POINT('',(6.8,0.5,6.8));
#1856 = DIRECTION('',(-0.,1.,0.));
#1857 = DIRECTION('',(0.,0.,1.));
#1858 = ADVANCED_FACE('',(#1859),#1870,.F.);
#1859 = FACE_BOUND('',#1860,.F.);
#1860 = EDGE_LOOP('',(#1861,#1862,#1863,#1869));
#1861 = ORIENTED_EDGE('',*,*,#1685,.F.);
#1862 = ORIENTED_EDGE('',*,*,#1715,.T.);
#1863 = ORIENTED_EDGE('',*,*,#1864,.T.);
#1864 = EDGE_CURVE('',#1716,#1805,#1865,.T.);
#1865 = LINE('',#1866,#1867);
#1866 = CARTESIAN_POINT('',(8.8,0.,6.8));
#1867 = VECTOR('',#1868,1.);
#1868 = DIRECTION('',(-0.,1.,0.));
#1869 = ORIENTED_EDGE('',*,*,#1804,.F.);
#1870 = PLANE('',#1871);
#1871 = AXIS2_PLACEMENT_3D('',#1872,#1873,#1874);
#1872 = CARTESIAN_POINT('',(6.8,0.,6.8));
#1873 = DIRECTION('',(0.,0.,1.));
#1874 = DIRECTION('',(1.,0.,-0.));
#1875 = ADVANCED_FACE('',(#1876),#1882,.T.);
#1876 = FACE_BOUND('',#1877,.T.);
#1877 = EDGE_LOOP('',(#1878,#1879,#1880,#1881));
#1878 = ORIENTED_EDGE('',*,*,#1732,.F.);
#1879 = ORIENTED_EDGE('',*,*,#1864,.T.);
#1880 = ORIENTED_EDGE('',*,*,#1814,.T.);
#1881 = ORIENTED_EDGE('',*,*,#1782,.F.);
#1882 = PLANE('',#1883);
#1883 = AXIS2_PLACEMENT_3D('',#1884,#1885,#1886);
#1884 = CARTESIAN_POINT('',(8.8,0.,6.8));
#1885 = DIRECTION('',(1.,0.,-0.));
#1886 = DIRECTION('',(0.,0.,1.));
#1887 = ADVANCED_FACE('',(#1888),#1904,.T.);
#1888 = FACE_BOUND('',#1889,.T.);
#1889 = EDGE_LOOP('',(#1890,#1891,#1897,#1898));
#1890 = ORIENTED_EDGE('',*,*,#1740,.F.);
#1891 = ORIENTED_EDGE('',*,*,#1892,.T.);
#1892 = EDGE_CURVE('',#1741,#1823,#1893,.T.);
#1893 = LINE('',#1894,#1895);
#1894 = CARTESIAN_POINT('',(7.7,0.,7.7));
#1895 = VECTOR('',#1896,1.);
#1896 = DIRECTION('',(-0.,1.,0.));
#1897 = ORIENTED_EDGE('',*,*,#1822,.T.);
#1898 = ORIENTED_EDGE('',*,*,#1899,.F.);
#1899 = EDGE_CURVE('',#1743,#1825,#1900,.T.);
#1900 = LINE('',#1901,#1902);
#1901 = CARTESIAN_POINT('',(7.7,0.,7.9));
#1902 = VECTOR('',#1903,1.);
#1903 = DIRECTION('',(-0.,1.,0.));
#1904 = PLANE('',#1905);
#1905 = AXIS2_PLACEMENT_3D('',#1906,#1907,#1908);
#1906 = CARTESIAN_POINT('',(7.7,0.,7.7));
#1907 = DIRECTION('',(1.,0.,-0.));
#1908 = DIRECTION('',(0.,0.,1.));
#1909 = ADVANCED_FACE('',(#1910),#1921,.F.);
#1910 = FACE_BOUND('',#1911,.F.);
#1911 = EDGE_LOOP('',(#1912,#1913,#1914,#1920));
#1912 = ORIENTED_EDGE('',*,*,#1899,.F.);
#1913 = ORIENTED_EDGE('',*,*,#1766,.T.);
#1914 = ORIENTED_EDGE('',*,*,#1915,.T.);
#1915 = EDGE_CURVE('',#1759,#1841,#1916,.T.);
#1916 = LINE('',#1917,#1918);
#1917 = CARTESIAN_POINT('',(7.9,0.,7.9));
#1918 = VECTOR('',#1919,1.);
#1919 = DIRECTION('',(-0.,1.,0.));
#1920 = ORIENTED_EDGE('',*,*,#1848,.F.);
#1921 = PLANE('',#1922);
#1922 = AXIS2_PLACEMENT_3D('',#1923,#1924,#1925);
#1923 = CARTESIAN_POINT('',(7.7,0.,7.9));
#1924 = DIRECTION('',(0.,0.,1.));
#1925 = DIRECTION('',(1.,0.,-0.));
#1926 = ADVANCED_FACE('',(#1927),#1938,.F.);
#1927 = FACE_BOUND('',#1928,.F.);
#1928 = EDGE_LOOP('',(#1929,#1930,#1936,#1937));
#1929 = ORIENTED_EDGE('',*,*,#1758,.F.);
#1930 = ORIENTED_EDGE('',*,*,#1931,.T.);
#1931 = EDGE_CURVE('',#1751,#1833,#1932,.T.);
#1932 = LINE('',#1933,#1934);
#1933 = CARTESIAN_POINT('',(7.9,0.,7.7));
#1934 = VECTOR('',#1935,1.);
#1935 = DIRECTION('',(-0.,1.,0.));
#1936 = ORIENTED_EDGE('',*,*,#1840,.T.);
#1937 = ORIENTED_EDGE('',*,*,#1915,.F.);
#1938 = PLANE('',#1939);
#1939 = AXIS2_PLACEMENT_3D('',#1940,#1941,#1942);
#1940 = CARTESIAN_POINT('',(7.9,0.,7.7));
#1941 = DIRECTION('',(1.,0.,-0.));
#1942 = DIRECTION('',(0.,0.,1.));
#1943 = ADVANCED_FACE('',(#1944),#1950,.T.);
#1944 = FACE_BOUND('',#1945,.T.);
#1945 = EDGE_LOOP('',(#1946,#1947,#1948,#1949));
#1946 = ORIENTED_EDGE('',*,*,#1892,.F.);
#1947 = ORIENTED_EDGE('',*,*,#1750,.T.);
#1948 = ORIENTED_EDGE('',*,*,#1931,.T.);
#1949 = ORIENTED_EDGE('',*,*,#1832,.F.);
#1950 = PLANE('',#1951);
#1951 = AXIS2_PLACEMENT_3D('',#1952,#1953,#1954);
#1952 = CARTESIAN_POINT('',(7.7,0.,7.7));
#1953 = DIRECTION('',(0.,0.,1.));
#1954 = DIRECTION('',(1.,0.,-0.));
#1955 = ( GEOMETRIC_REPRESENTATION_CONTEXT(3) 
GLOBAL_UNCERTAINTY_ASSIGNED_CONTEXT((#1959)) 
GLOBAL_UNIT_ASSIGNED_CONTEXT((#1956,#1957,#1958)) REPRESENTATION_CONTEXT
('Context #1','3D Context with UNIT and UNCERTAINTY') );
#1956 = ( LENGTH_UNIT() NAMED_UNIT(*) SI_UNIT(.MILLI.,.METRE.) );
#1957 = ( NAMED_UNIT(*) PLANE_ANGLE_UNIT() SI_UNIT($,.RADIAN.) );
#1958 = ( NAMED_UNIT(*) SI_UNIT($,.STERADIAN.) SOLID_ANGLE_UNIT() );
#1959 = UNCERTAINTY_MEASURE_WITH_UNIT(LENGTH_MEASURE(1.E-07),#1956,
  'distance_accuracy_value','confusion accuracy');
#1960 = CONTEXT_DEPENDENT_SHAPE_REPRESENTATION(#1961,#1963);
#1961 = ( REPRESENTATION_RELATIONSHIP('','',#1668,#60) 
REPRESENTATION_RELATIONSHIP_WITH_TRANSFORMATION(#1962) 
SHAPE_REPRESENTATION_RELATIONSHIP() );
#1962 = ITEM_DEFINED_TRANSFORMATION('','',#11,#81);
#1963 = PRODUCT_DEFINITION_SHAPE('Placement','Placement of an item',
  #1964);
#1964 = NEXT_ASSEMBLY_USAGE_OCCURRENCE('312','Core_2_2','',#55,#1663,$);
#1965 = PRODUCT_RELATED_PRODUCT_CATEGORY('part',$,(#1665));
#1966 = SHAPE_DEFINITION_REPRESENTATION(#1967,#1973);
#1967 = PRODUCT_DEFINITION_SHAPE('','',#1968);
#1968 = PRODUCT_DEFINITION('design','',#1969,#1972);
#1969 = PRODUCT_DEFINITION_FORMATION('','',#1970);
#1970 = PRODUCT('Core_2_3','Core_2_3','',(#1971));
#1971 = PRODUCT_CONTEXT('',#2,'mechanical');
#1972 = PRODUCT_DEFINITION_CONTEXT('part definition',#2,'design');
#1973 = ADVANCED_BREP_SHAPE_REPRESENTATION('',(#11,#1974),#2260);
#1974 = MANIFOLD_SOLID_BREP('',#1975);
#1975 = CLOSED_SHELL('',(#1976,#2016,#2081,#2105,#2163,#2180,#2192,#2214
    ,#2231,#2248));
#1976 = ADVANCED_FACE('',(#1977),#2011,.F.);
#1977 = FACE_BOUND('',#1978,.F.);
#1978 = EDGE_LOOP('',(#1979,#1989,#1997,#2005));
#1979 = ORIENTED_EDGE('',*,*,#1980,.F.);
#1980 = EDGE_CURVE('',#1981,#1983,#1985,.T.);
#1981 = VERTEX_POINT('',#1982);
#1982 = CARTESIAN_POINT('',(6.8,0.,11.2));
#1983 = VERTEX_POINT('',#1984);
#1984 = CARTESIAN_POINT('',(6.8,0.,13.2));
#1985 = LINE('',#1986,#1987);
#1986 = CARTESIAN_POINT('',(6.8,0.,11.2));
#1987 = VECTOR('',#1988,1.);
#1988 = DIRECTION('',(0.,0.,1.));
#1989 = ORIENTED_EDGE('',*,*,#1990,.T.);
#1990 = EDGE_CURVE('',#1981,#1991,#1993,.T.);
#1991 = VERTEX_POINT('',#1992);
#1992 = CARTESIAN_POINT('',(6.8,0.5,11.2));
#1993 = LINE('',#1994,#1995);
#1994 = CARTESIAN_POINT('',(6.8,0.,11.2));
#1995 = VECTOR('',#1996,1.);
#1996 = DIRECTION('',(-0.,1.,0.));
#1997 = ORIENTED_EDGE('',*,*,#1998,.T.);
#1998 = EDGE_CURVE('',#1991,#1999,#2001,.T.);
#1999 = VERTEX_POINT('',#2000);
#2000 = CARTESIAN_POINT('',(6.8,0.5,13.2));
#2001 = LINE('',#2002,#2003);
#2002 = CARTESIAN_POINT('',(6.8,0.5,11.2));
#2003 = VECTOR('',#2004,1.);
#2004 = DIRECTION('',(0.,0.,1.));
#2005 = ORIENTED_EDGE('',*,*,#2006,.F.);
#2006 = EDGE_CURVE('',#1983,#1999,#2007,.T.);
#2007 = LINE('',#2008,#2009);
#2008 = CARTESIAN_POINT('',(6.8,0.,13.2));
#2009 = VECTOR('',#2010,1.);
#2010 = DIRECTION('',(-0.,1.,0.));
#2011 = PLANE('',#2012);
#2012 = AXIS2_PLACEMENT_3D('',#2013,#2014,#2015);
#2013 = CARTESIAN_POINT('',(6.8,0.,11.2));
#2014 = DIRECTION('',(1.,0.,-0.));
#2015 = DIRECTION('',(0.,0.,1.));
#2016 = ADVANCED_FACE('',(#2017,#2042),#2076,.F.);
#2017 = FACE_BOUND('',#2018,.F.);
#2018 = EDGE_LOOP('',(#2019,#2027,#2028,#2036));
#2019 = ORIENTED_EDGE('',*,*,#2020,.F.);
#2020 = EDGE_CURVE('',#1981,#2021,#2023,.T.);
#2021 = VERTEX_POINT('',#2022);
#2022 = CARTESIAN_POINT('',(8.8,0.,11.2));
#2023 = LINE('',#2024,#2025);
#2024 = CARTESIAN_POINT('',(6.8,0.,11.2));
#2025 = VECTOR('',#2026,1.);
#2026 = DIRECTION('',(1.,0.,-0.));
#2027 = ORIENTED_EDGE('',*,*,#1980,.T.);
#2028 = ORIENTED_EDGE('',*,*,#2029,.T.);
#2029 = EDGE_CURVE('',#1983,#2030,#2032,.T.);
#2030 = VERTEX_POINT('',#2031);
#2031 = CARTESIAN_POINT('',(8.8,0.,13.2));
#2032 = LINE('',#2033,#2034);
#2033 = CARTESIAN_POINT('',(6.8,0.,13.2));
#2034 = VECTOR('',#2035,1.);
#2035 = DIRECTION('',(1.,0.,-0.));
#2036 = ORIENTED_EDGE('',*,*,#2037,.F.);
#2037 = EDGE_CURVE('',#2021,#2030,#2038,.T.);
#2038 = LINE('',#2039,#2040);
#2039 = CARTESIAN_POINT('',(8.8,0.,11.2));
#2040 = VECTOR('',#2041,1.);
#2041 = DIRECTION('',(0.,0.,1.));
#2042 = FACE_BOUND('',#2043,.F.);
#2043 = EDGE_LOOP('',(#2044,#2054,#2062,#2070));
#2044 = ORIENTED_EDGE('',*,*,#2045,.F.);
#2045 = EDGE_CURVE('',#2046,#2048,#2050,.T.);
#2046 = VERTEX_POINT('',#2047);
#2047 = CARTESIAN_POINT('',(7.7,0.,12.1));
#2048 = VERTEX_POINT('',#2049);
#2049 = CARTESIAN_POINT('',(7.7,0.,12.3));
#2050 = LINE('',#2051,#2052);
#2051 = CARTESIAN_POINT('',(7.7,0.,12.1));
#2052 = VECTOR('',#2053,1.);
#2053 = DIRECTION('',(0.,0.,1.));
#2054 = ORIENTED_EDGE('',*,*,#2055,.T.);
#2055 = EDGE_CURVE('',#2046,#2056,#2058,.T.);
#2056 = VERTEX_POINT('',#2057);
#2057 = CARTESIAN_POINT('',(7.9,0.,12.1));
#2058 = LINE('',#2059,#2060);
#2059 = CARTESIAN_POINT('',(7.7,0.,12.1));
#2060 = VECTOR('',#2061,1.);
#2061 = DIRECTION('',(1.,0.,-0.));
#2062 = ORIENTED_EDGE('',*,*,#2063,.T.);
#2063 = EDGE_CURVE('',#2056,#2064,#2066,.T.);
#2064 = VERTEX_POINT('',#2065);
#2065 = CARTESIAN_POINT('',(7.9,0.,12.3));
#2066 = LINE('',#2067,#2068);
#2067 = CARTESIAN_POINT('',(7.9,0.,12.1));
#2068 = VECTOR('',#2069,1.);
#2069 = DIRECTION('',(0.,0.,1.));
#2070 = ORIENTED_EDGE('',*,*,#2071,.F.);
#2071 = EDGE_CURVE('',#2048,#2064,#2072,.T.);
#2072 = LINE('',#2073,#2074);
#2073 = CARTESIAN_POINT('',(7.7,0.,12.3));
#2074 = VECTOR('',#2075,1.);
#2075 = DIRECTION('',(1.,0.,-0.));
#2076 = PLANE('',#2077);
#2077 = AXIS2_PLACEMENT_3D('',#2078,#2079,#2080);
#2078 = CARTESIAN_POINT('',(6.8,0.,11.2));
#2079 = DIRECTION('',(-0.,1.,0.));
#2080 = DIRECTION('',(0.,0.,1.));
#2081 = ADVANCED_FACE('',(#2082),#2100,.T.);
#2082 = FACE_BOUND('',#2083,.T.);
#2083 = EDGE_LOOP('',(#2084,#2085,#2086,#2094));
#2084 = ORIENTED_EDGE('',*,*,#2006,.F.);
#2085 = ORIENTED_EDGE('',*,*,#2029,.T.);
#2086 = ORIENTED_EDGE('',*,*,#2087,.T.);
#2087 = EDGE_CURVE('',#2030,#2088,#2090,.T.);
#2088 = VERTEX_POINT('',#2089);
#2089 = CARTESIAN_POINT('',(8.8,0.5,13.2));
#2090 = LINE('',#2091,#2092);
#2091 = CARTESIAN_POINT('',(8.8,0.,13.2));
#2092 = VECTOR('',#2093,1.);
#2093 = DIRECTION('',(-0.,1.,0.));
#2094 = ORIENTED_EDGE('',*,*,#2095,.F.);
#2095 = EDGE_CURVE('',#1999,#2088,#2096,.T.);
#2096 = LINE('',#2097,#2098);
#2097 = CARTESIAN_POINT('',(6.8,0.5,13.2));
#2098 = VECTOR('',#2099,1.);
#2099 = DIRECTION('',(1.,0.,-0.));
#2100 = PLANE('',#2101);
#2101 = AXIS2_PLACEMENT_3D('',#2102,#2103,#2104);
#2102 = CARTESIAN_POINT('',(6.8,0.,13.2));
#2103 = DIRECTION('',(0.,0.,1.));
#2104 = DIRECTION('',(1.,0.,-0.));
#2105 = ADVANCED_FACE('',(#2106,#2124),#2158,.T.);
#2106 = FACE_BOUND('',#2107,.T.);
#2107 = EDGE_LOOP('',(#2108,#2116,#2117,#2118));
#2108 = ORIENTED_EDGE('',*,*,#2109,.F.);
#2109 = EDGE_CURVE('',#1991,#2110,#2112,.T.);
#2110 = VERTEX_POINT('',#2111);
#2111 = CARTESIAN_POINT('',(8.8,0.5,11.2));
#2112 = LINE('',#2113,#2114);
#2113 = CARTESIAN_POINT('',(6.8,0.5,11.2));
#2114 = VECTOR('',#2115,1.);
#2115 = DIRECTION('',(1.,0.,-0.));
#2116 = ORIENTED_EDGE('',*,*,#1998,.T.);
#2117 = ORIENTED_EDGE('',*,*,#2095,.T.);
#2118 = ORIENTED_EDGE('',*,*,#2119,.F.);
#2119 = EDGE_CURVE('',#2110,#2088,#2120,.T.);
#2120 = LINE('',#2121,#2122);
#2121 = CARTESIAN_POINT('',(8.8,0.5,11.2));
#2122 = VECTOR('',#2123,1.);
#2123 = DIRECTION('',(0.,0.,1.));
#2124 = FACE_BOUND('',#2125,.T.);
#2125 = EDGE_LOOP('',(#2126,#2136,#2144,#2152));
#2126 = ORIENTED_EDGE('',*,*,#2127,.F.);
#2127 = EDGE_CURVE('',#2128,#2130,#2132,.T.);
#2128 = VERTEX_POINT('',#2129);
#2129 = CARTESIAN_POINT('',(7.7,0.5,12.1));
#2130 = VERTEX_POINT('',#2131);
#2131 = CARTESIAN_POINT('',(7.7,0.5,12.3));
#2132 = LINE('',#2133,#2134);
#2133 = CARTESIAN_POINT('',(7.7,0.5,12.1));
#2134 = VECTOR('',#2135,1.);
#2135 = DIRECTION('',(0.,0.,1.));
#2136 = ORIENTED_EDGE('',*,*,#2137,.T.);
#2137 = EDGE_CURVE('',#2128,#2138,#2140,.T.);
#2138 = VERTEX_POINT('',#2139);
#2139 = CARTESIAN_POINT('',(7.9,0.5,12.1));
#2140 = LINE('',#2141,#2142);
#2141 = CARTESIAN_POINT('',(7.7,0.5,12.1));
#2142 = VECTOR('',#2143,1.);
#2143 = DIRECTION('',(1.,0.,-0.));
#2144 = ORIENTED_EDGE('',*,*,#2145,.T.);
#2145 = EDGE_CURVE('',#2138,#2146,#2148,.T.);
#2146 = VERTEX_POINT('',#2147);
#2147 = CARTESIAN_POINT('',(7.9,0.5,12.3));
#2148 = LINE('',#2149,#2150);
#2149 = CARTESIAN_POINT('',(7.9,0.5,12.1));
#2150 = VECTOR('',#2151,1.);
#2151 = DIRECTION('',(0.,0.,1.));
#2152 = ORIENTED_EDGE('',*,*,#2153,.F.);
#2153 = EDGE_CURVE('',#2130,#2146,#2154,.T.);
#2154 = LINE('',#2155,#2156);
#2155 = CARTESIAN_POINT('',(7.7,0.5,12.3));
#2156 = VECTOR('',#2157,1.);
#2157 = DIRECTION('',(1.,0.,-0.));
#2158 = PLANE('',#2159);
#2159 = AXIS2_PLACEMENT_3D('',#2160,#2161,#2162);
#2160 = CARTESIAN_POINT('',(6.8,0.5,11.2));
#2161 = DIRECTION('',(-0.,1.,0.));
#2162 = DIRECTION('',(0.,0.,1.));
#2163 = ADVANCED_FACE('',(#2164),#2175,.F.);
#2164 = FACE_BOUND('',#2165,.F.);
#2165 = EDGE_LOOP('',(#2166,#2167,#2168,#2174));
#2166 = ORIENTED_EDGE('',*,*,#1990,.F.);
#2167 = ORIENTED_EDGE('',*,*,#2020,.T.);
#2168 = ORIENTED_EDGE('',*,*,#2169,.T.);
#2169 = EDGE_CURVE('',#2021,#2110,#2170,.T.);
#2170 = LINE('',#2171,#2172);
#2171 = CARTESIAN_POINT('',(8.8,0.,11.2));
#2172 = VECTOR('',#2173,1.);
#2173 = DIRECTION('',(-0.,1.,0.));
#2174 = ORIENTED_EDGE('',*,*,#2109,.F.);
#2175 = PLANE('',#2176);
#2176 = AXIS2_PLACEMENT_3D('',#2177,#2178,#2179);
#2177 = CARTESIAN_POINT('',(6.8,0.,11.2));
#2178 = DIRECTION('',(0.,0.,1.));
#2179 = DIRECTION('',(1.,0.,-0.));
#2180 = ADVANCED_FACE('',(#2181),#2187,.T.);
#2181 = FACE_BOUND('',#2182,.T.);
#2182 = EDGE_LOOP('',(#2183,#2184,#2185,#2186));
#2183 = ORIENTED_EDGE('',*,*,#2037,.F.);
#2184 = ORIENTED_EDGE('',*,*,#2169,.T.);
#2185 = ORIENTED_EDGE('',*,*,#2119,.T.);
#2186 = ORIENTED_EDGE('',*,*,#2087,.F.);
#2187 = PLANE('',#2188);
#2188 = AXIS2_PLACEMENT_3D('',#2189,#2190,#2191);
#2189 = CARTESIAN_POINT('',(8.8,0.,11.2));
#2190 = DIRECTION('',(1.,0.,-0.));
#2191 = DIRECTION('',(0.,0.,1.));
#2192 = ADVANCED_FACE('',(#2193),#2209,.T.);
#2193 = FACE_BOUND('',#2194,.T.);
#2194 = EDGE_LOOP('',(#2195,#2196,#2202,#2203));
#2195 = ORIENTED_EDGE('',*,*,#2045,.F.);
#2196 = ORIENTED_EDGE('',*,*,#2197,.T.);
#2197 = EDGE_CURVE('',#2046,#2128,#2198,.T.);
#2198 = LINE('',#2199,#2200);
#2199 = CARTESIAN_POINT('',(7.7,0.,12.1));
#2200 = VECTOR('',#2201,1.);
#2201 = DIRECTION('',(-0.,1.,0.));
#2202 = ORIENTED_EDGE('',*,*,#2127,.T.);
#2203 = ORIENTED_EDGE('',*,*,#2204,.F.);
#2204 = EDGE_CURVE('',#2048,#2130,#2205,.T.);
#2205 = LINE('',#2206,#2207);
#2206 = CARTESIAN_POINT('',(7.7,0.,12.3));
#2207 = VECTOR('',#2208,1.);
#2208 = DIRECTION('',(-0.,1.,0.));
#2209 = PLANE('',#2210);
#2210 = AXIS2_PLACEMENT_3D('',#2211,#2212,#2213);
#2211 = CARTESIAN_POINT('',(7.7,0.,12.1));
#2212 = DIRECTION('',(1.,0.,-0.));
#2213 = DIRECTION('',(0.,0.,1.));
#2214 = ADVANCED_FACE('',(#2215),#2226,.F.);
#2215 = FACE_BOUND('',#2216,.F.);
#2216 = EDGE_LOOP('',(#2217,#2218,#2219,#2225));
#2217 = ORIENTED_EDGE('',*,*,#2204,.F.);
#2218 = ORIENTED_EDGE('',*,*,#2071,.T.);
#2219 = ORIENTED_EDGE('',*,*,#2220,.T.);
#2220 = EDGE_CURVE('',#2064,#2146,#2221,.T.);
#2221 = LINE('',#2222,#2223);
#2222 = CARTESIAN_POINT('',(7.9,0.,12.3));
#2223 = VECTOR('',#2224,1.);
#2224 = DIRECTION('',(-0.,1.,0.));
#2225 = ORIENTED_EDGE('',*,*,#2153,.F.);
#2226 = PLANE('',#2227);
#2227 = AXIS2_PLACEMENT_3D('',#2228,#2229,#2230);
#2228 = CARTESIAN_POINT('',(7.7,0.,12.3));
#2229 = DIRECTION('',(0.,0.,1.));
#2230 = DIRECTION('',(1.,0.,-0.));
#2231 = ADVANCED_FACE('',(#2232),#2243,.F.);
#2232 = FACE_BOUND('',#2233,.F.);
#2233 = EDGE_LOOP('',(#2234,#2235,#2241,#2242));
#2234 = ORIENTED_EDGE('',*,*,#2063,.F.);
#2235 = ORIENTED_EDGE('',*,*,#2236,.T.);
#2236 = EDGE_CURVE('',#2056,#2138,#2237,.T.);
#2237 = LINE('',#2238,#2239);
#2238 = CARTESIAN_POINT('',(7.9,0.,12.1));
#2239 = VECTOR('',#2240,1.);
#2240 = DIRECTION('',(-0.,1.,0.));
#2241 = ORIENTED_EDGE('',*,*,#2145,.T.);
#2242 = ORIENTED_EDGE('',*,*,#2220,.F.);
#2243 = PLANE('',#2244);
#2244 = AXIS2_PLACEMENT_3D('',#2245,#2246,#2247);
#2245 = CARTESIAN_POINT('',(7.9,0.,12.1));
#2246 = DIRECTION('',(1.,0.,-0.));
#2247 = DIRECTION('',(0.,0.,1.));
#2248 = ADVANCED_FACE('',(#2249),#2255,.T.);
#2249 = FACE_BOUND('',#2250,.T.);
#2250 = EDGE_LOOP('',(#2251,#2252,#2253,#2254));
#2251 = ORIENTED_EDGE('',*,*,#2197,.F.);
#2252 = ORIENTED_EDGE('',*,*,#2055,.T.);
#2253 = ORIENTED_EDGE('',*,*,#2236,.T.);
#2254 = ORIENTED_EDGE('',*,*,#2137,.F.);
#2255 = PLANE('',#2256);
#2256 = AXIS2_PLACEMENT_3D('',#2257,#2258,#2259);
#2257 = CARTESIAN_POINT('',(7.7,0.,12.1));
#2258 = DIRECTION('',(0.,0.,1.));
#2259 = DIRECTION('',(1.,0.,-0.));
#2260 = ( GEOMETRIC_REPRESENTATION_CONTEXT(3) 
GLOBAL_UNCERTAINTY_ASSIGNED_CONTEXT((#2264)) 
GLOBAL_UNIT_ASSIGNED_CONTEXT((#2261,#2262,#2263)) REPRESENTATION_CONTEXT
('Context #1','3D Context with UNIT and UNCERTAINTY') );
#2261 = ( LENGTH_UNIT() NAMED_UNIT(*) SI_UNIT(.MILLI.,.METRE.) );
#2262 = ( NAMED_UNIT(*) PLANE_ANGLE_UNIT() SI_UNIT($,.RADIAN.) );
#2263 = ( NAMED_UNIT(*) SI_UNIT($,.STERADIAN.) SOLID_ANGLE_UNIT() );
#2264 = UNCERTAINTY_MEASURE_WITH_UNIT(LENGTH_MEASURE(1.E-07),#2261,
  'distance_accuracy_value','confusion accuracy');
#2265 = CONTEXT_DEPENDENT_SHAPE_REPRESENTATION(#2266,#2268);
#2266 = ( REPRESENTATION_RELATIONSHIP('','',#1973,#60) 
REPRESENTATION_RELATIONSHIP_WITH_TRANSFORMATION(#2267) 
SHAPE_REPRESENTATION_RELATIONSHIP() );
#2267 = ITEM_DEFINED_TRANSFORMATION('','',#11,#85);
#2268 = PRODUCT_DEFINITION_SHAPE('Placement','Placement of an item',
  #2269);
#2269 = NEXT_ASSEMBLY_USAGE_OCCURRENCE('313','Core_2_3','',#55,#1968,$);
#2270 = PRODUCT_RELATED_PRODUCT_CATEGORY('part',$,(#1970));
#2271 = SHAPE_DEFINITION_REPRESENTATION(#2272,#2278);
#2272 = PRODUCT_DEFINITION_SHAPE('','',#2273);
#2273 = PRODUCT_DEFINITION('design','',#2274,#2277);
#2274 = PRODUCT_DEFINITION_FORMATION('','',#2275);
#2275 = PRODUCT('Core_2_4','Core_2_4','',(#2276));
#2276 = PRODUCT_CONTEXT('',#2,'mechanical');
#2277 = PRODUCT_DEFINITION_CONTEXT('part definition',#2,'design');
#2278 = ADVANCED_BREP_SHAPE_REPRESENTATION('',(#11,#2279),#2565);
#2279 = MANIFOLD_SOLID_BREP('',#2280);
#2280 = CLOSED_SHELL('',(#2281,#2321,#2386,#2410,#2468,#2485,#2497,#2519
    ,#2536,#2553));
#2281 = ADVANCED_FACE('',(#2282),#2316,.F.);
#2282 = FACE_BOUND('',#2283,.F.);
#2283 = EDGE_LOOP('',(#2284,#2294,#2302,#2310));
#2284 = ORIENTED_EDGE('',*,*,#2285,.F.);
#2285 = EDGE_CURVE('',#2286,#2288,#2290,.T.);
#2286 = VERTEX_POINT('',#2287);
#2287 = CARTESIAN_POINT('',(6.8,0.,15.6));
#2288 = VERTEX_POINT('',#2289);
#2289 = CARTESIAN_POINT('',(6.8,0.,17.6));
#2290 = LINE('',#2291,#2292);
#2291 = CARTESIAN_POINT('',(6.8,0.,15.6));
#2292 = VECTOR('',#2293,1.);
#2293 = DIRECTION('',(0.,0.,1.));
#2294 = ORIENTED_EDGE('',*,*,#2295,.T.);
#2295 = EDGE_CURVE('',#2286,#2296,#2298,.T.);
#2296 = VERTEX_POINT('',#2297);
#2297 = CARTESIAN_POINT('',(6.8,0.5,15.6));
#2298 = LINE('',#2299,#2300);
#2299 = CARTESIAN_POINT('',(6.8,0.,15.6));
#2300 = VECTOR('',#2301,1.);
#2301 = DIRECTION('',(-0.,1.,0.));
#2302 = ORIENTED_EDGE('',*,*,#2303,.T.);
#2303 = EDGE_CURVE('',#2296,#2304,#2306,.T.);
#2304 = VERTEX_POINT('',#2305);
#2305 = CARTESIAN_POINT('',(6.8,0.5,17.6));
#2306 = LINE('',#2307,#2308);
#2307 = CARTESIAN_POINT('',(6.8,0.5,15.6));
#2308 = VECTOR('',#2309,1.);
#2309 = DIRECTION('',(0.,0.,1.));
#2310 = ORIENTED_EDGE('',*,*,#2311,.F.);
#2311 = EDGE_CURVE('',#2288,#2304,#2312,.T.);
#2312 = LINE('',#2313,#2314);
#2313 = CARTESIAN_POINT('',(6.8,0.,17.6));
#2314 = VECTOR('',#2315,1.);
#2315 = DIRECTION('',(-0.,1.,0.));
#2316 = PLANE('',#2317);
#2317 = AXIS2_PLACEMENT_3D('',#2318,#2319,#2320);
#2318 = CARTESIAN_POINT('',(6.8,0.,15.6));
#2319 = DIRECTION('',(1.,0.,-0.));
#2320 = DIRECTION('',(0.,0.,1.));
#2321 = ADVANCED_FACE('',(#2322,#2347),#2381,.F.);
#2322 = FACE_BOUND('',#2323,.F.);
#2323 = EDGE_LOOP('',(#2324,#2332,#2333,#2341));
#2324 = ORIENTED_EDGE('',*,*,#2325,.F.);
#2325 = EDGE_CURVE('',#2286,#2326,#2328,.T.);
#2326 = VERTEX_POINT('',#2327);
#2327 = CARTESIAN_POINT('',(8.8,0.,15.6));
#2328 = LINE('',#2329,#2330);
#2329 = CARTESIAN_POINT('',(6.8,0.,15.6));
#2330 = VECTOR('',#2331,1.);
#2331 = DIRECTION('',(1.,0.,-0.));
#2332 = ORIENTED_EDGE('',*,*,#2285,.T.);
#2333 = ORIENTED_EDGE('',*,*,#2334,.T.);
#2334 = EDGE_CURVE('',#2288,#2335,#2337,.T.);
#2335 = VERTEX_POINT('',#2336);
#2336 = CARTESIAN_POINT('',(8.8,0.,17.6));
#2337 = LINE('',#2338,#2339);
#2338 = CARTESIAN_POINT('',(6.8,0.,17.6));
#2339 = VECTOR('',#2340,1.);
#2340 = DIRECTION('',(1.,0.,-0.));
#2341 = ORIENTED_EDGE('',*,*,#2342,.F.);
#2342 = EDGE_CURVE('',#2326,#2335,#2343,.T.);
#2343 = LINE('',#2344,#2345);
#2344 = CARTESIAN_POINT('',(8.8,0.,15.6));
#2345 = VECTOR('',#2346,1.);
#2346 = DIRECTION('',(0.,0.,1.));
#2347 = FACE_BOUND('',#2348,.F.);
#2348 = EDGE_LOOP('',(#2349,#2359,#2367,#2375));
#2349 = ORIENTED_EDGE('',*,*,#2350,.F.);
#2350 = EDGE_CURVE('',#2351,#2353,#2355,.T.);
#2351 = VERTEX_POINT('',#2352);
#2352 = CARTESIAN_POINT('',(7.7,0.,16.5));
#2353 = VERTEX_POINT('',#2354);
#2354 = CARTESIAN_POINT('',(7.7,0.,16.7));
#2355 = LINE('',#2356,#2357);
#2356 = CARTESIAN_POINT('',(7.7,0.,16.5));
#2357 = VECTOR('',#2358,1.);
#2358 = DIRECTION('',(0.,0.,1.));
#2359 = ORIENTED_EDGE('',*,*,#2360,.T.);
#2360 = EDGE_CURVE('',#2351,#2361,#2363,.T.);
#2361 = VERTEX_POINT('',#2362);
#2362 = CARTESIAN_POINT('',(7.9,0.,16.5));
#2363 = LINE('',#2364,#2365);
#2364 = CARTESIAN_POINT('',(7.7,0.,16.5));
#2365 = VECTOR('',#2366,1.);
#2366 = DIRECTION('',(1.,0.,-0.));
#2367 = ORIENTED_EDGE('',*,*,#2368,.T.);
#2368 = EDGE_CURVE('',#2361,#2369,#2371,.T.);
#2369 = VERTEX_POINT('',#2370);
#2370 = CARTESIAN_POINT('',(7.9,0.,16.7));
#2371 = LINE('',#2372,#2373);
#2372 = CARTESIAN_POINT('',(7.9,0.,16.5));
#2373 = VECTOR('',#2374,1.);
#2374 = DIRECTION('',(0.,0.,1.));
#2375 = ORIENTED_EDGE('',*,*,#2376,.F.);
#2376 = EDGE_CURVE('',#2353,#2369,#2377,.T.);
#2377 = LINE('',#2378,#2379);
#2378 = CARTESIAN_POINT('',(7.7,0.,16.7));
#2379 = VECTOR('',#2380,1.);
#2380 = DIRECTION('',(1.,0.,-0.));
#2381 = PLANE('',#2382);
#2382 = AXIS2_PLACEMENT_3D('',#2383,#2384,#2385);
#2383 = CARTESIAN_POINT('',(6.8,0.,15.6));
#2384 = DIRECTION('',(-0.,1.,0.));
#2385 = DIRECTION('',(0.,0.,1.));
#2386 = ADVANCED_FACE('',(#2387),#2405,.T.);
#2387 = FACE_BOUND('',#2388,.T.);
#2388 = EDGE_LOOP('',(#2389,#2390,#2391,#2399));
#2389 = ORIENTED_EDGE('',*,*,#2311,.F.);
#2390 = ORIENTED_EDGE('',*,*,#2334,.T.);
#2391 = ORIENTED_EDGE('',*,*,#2392,.T.);
#2392 = EDGE_CURVE('',#2335,#2393,#2395,.T.);
#2393 = VERTEX_POINT('',#2394);
#2394 = CARTESIAN_POINT('',(8.8,0.5,17.6));
#2395 = LINE('',#2396,#2397);
#2396 = CARTESIAN_POINT('',(8.8,0.,17.6));
#2397 = VECTOR('',#2398,1.);
#2398 = DIRECTION('',(-0.,1.,0.));
#2399 = ORIENTED_EDGE('',*,*,#2400,.F.);
#2400 = EDGE_CURVE('',#2304,#2393,#2401,.T.);
#2401 = LINE('',#2402,#2403);
#2402 = CARTESIAN_POINT('',(6.8,0.5,17.6));
#2403 = VECTOR('',#2404,1.);
#2404 = DIRECTION('',(1.,0.,-0.));
#2405 = PLANE('',#2406);
#2406 = AXIS2_PLACEMENT_3D('',#2407,#2408,#2409);
#2407 = CARTESIAN_POINT('',(6.8,0.,17.6));
#2408 = DIRECTION('',(0.,0.,1.));
#2409 = DIRECTION('',(1.,0.,-0.));
#2410 = ADVANCED_FACE('',(#2411,#2429),#2463,.T.);
#2411 = FACE_BOUND('',#2412,.T.);
#2412 = EDGE_LOOP('',(#2413,#2421,#2422,#2423));
#2413 = ORIENTED_EDGE('',*,*,#2414,.F.);
#2414 = EDGE_CURVE('',#2296,#2415,#2417,.T.);
#2415 = VERTEX_POINT('',#2416);
#2416 = CARTESIAN_POINT('',(8.8,0.5,15.6));
#2417 = LINE('',#2418,#2419);
#2418 = CARTESIAN_POINT('',(6.8,0.5,15.6));
#2419 = VECTOR('',#2420,1.);
#2420 = DIRECTION('',(1.,0.,-0.));
#2421 = ORIENTED_EDGE('',*,*,#2303,.T.);
#2422 = ORIENTED_EDGE('',*,*,#2400,.T.);
#2423 = ORIENTED_EDGE('',*,*,#2424,.F.);
#2424 = EDGE_CURVE('',#2415,#2393,#2425,.T.);
#2425 = LINE('',#2426,#2427);
#2426 = CARTESIAN_POINT('',(8.8,0.5,15.6));
#2427 = VECTOR('',#2428,1.);
#2428 = DIRECTION('',(0.,0.,1.));
#2429 = FACE_BOUND('',#2430,.T.);
#2430 = EDGE_LOOP('',(#2431,#2441,#2449,#2457));
#2431 = ORIENTED_EDGE('',*,*,#2432,.F.);
#2432 = EDGE_CURVE('',#2433,#2435,#2437,.T.);
#2433 = VERTEX_POINT('',#2434);
#2434 = CARTESIAN_POINT('',(7.7,0.5,16.5));
#2435 = VERTEX_POINT('',#2436);
#2436 = CARTESIAN_POINT('',(7.7,0.5,16.7));
#2437 = LINE('',#2438,#2439);
#2438 = CARTESIAN_POINT('',(7.7,0.5,16.5));
#2439 = VECTOR('',#2440,1.);
#2440 = DIRECTION('',(0.,0.,1.));
#2441 = ORIENTED_EDGE('',*,*,#2442,.T.);
#2442 = EDGE_CURVE('',#2433,#2443,#2445,.T.);
#2443 = VERTEX_POINT('',#2444);
#2444 = CARTESIAN_POINT('',(7.9,0.5,16.5));
#2445 = LINE('',#2446,#2447);
#2446 = CARTESIAN_POINT('',(7.7,0.5,16.5));
#2447 = VECTOR('',#2448,1.);
#2448 = DIRECTION('',(1.,0.,-0.));
#2449 = ORIENTED_EDGE('',*,*,#2450,.T.);
#2450 = EDGE_CURVE('',#2443,#2451,#2453,.T.);
#2451 = VERTEX_POINT('',#2452);
#2452 = CARTESIAN_POINT('',(7.9,0.5,16.7));
#2453 = LINE('',#2454,#2455);
#2454 = CARTESIAN_POINT('',(7.9,0.5,16.5));
#2455 = VECTOR('',#2456,1.);
#2456 = DIRECTION('',(0.,0.,1.));
#2457 = ORIENTED_EDGE('',*,*,#2458,.F.);
#2458 = EDGE_CURVE('',#2435,#2451,#2459,.T.);
#2459 = LINE('',#2460,#2461);
#2460 = CARTESIAN_POINT('',(7.7,0.5,16.7));
#2461 = VECTOR('',#2462,1.);
#2462 = DIRECTION('',(1.,0.,-0.));
#2463 = PLANE('',#2464);
#2464 = AXIS2_PLACEMENT_3D('',#2465,#2466,#2467);
#2465 = CARTESIAN_POINT('',(6.8,0.5,15.6));
#2466 = DIRECTION('',(-0.,1.,0.));
#2467 = DIRECTION('',(0.,0.,1.));
#2468 = ADVANCED_FACE('',(#2469),#2480,.F.);
#2469 = FACE_BOUND('',#2470,.F.);
#2470 = EDGE_LOOP('',(#2471,#2472,#2473,#2479));
#2471 = ORIENTED_EDGE('',*,*,#2295,.F.);
#2472 = ORIENTED_EDGE('',*,*,#2325,.T.);
#2473 = ORIENTED_EDGE('',*,*,#2474,.T.);
#2474 = EDGE_CURVE('',#2326,#2415,#2475,.T.);
#2475 = LINE('',#2476,#2477);
#2476 = CARTESIAN_POINT('',(8.8,0.,15.6));
#2477 = VECTOR('',#2478,1.);
#2478 = DIRECTION('',(-0.,1.,0.));
#2479 = ORIENTED_EDGE('',*,*,#2414,.F.);
#2480 = PLANE('',#2481);
#2481 = AXIS2_PLACEMENT_3D('',#2482,#2483,#2484);
#2482 = CARTESIAN_POINT('',(6.8,0.,15.6));
#2483 = DIRECTION('',(0.,0.,1.));
#2484 = DIRECTION('',(1.,0.,-0.));
#2485 = ADVANCED_FACE('',(#2486),#2492,.T.);
#2486 = FACE_BOUND('',#2487,.T.);
#2487 = EDGE_LOOP('',(#2488,#2489,#2490,#2491));
#2488 = ORIENTED_EDGE('',*,*,#2342,.F.);
#2489 = ORIENTED_EDGE('',*,*,#2474,.T.);
#2490 = ORIENTED_EDGE('',*,*,#2424,.T.);
#2491 = ORIENTED_EDGE('',*,*,#2392,.F.);
#2492 = PLANE('',#2493);
#2493 = AXIS2_PLACEMENT_3D('',#2494,#2495,#2496);
#2494 = CARTESIAN_POINT('',(8.8,0.,15.6));
#2495 = DIRECTION('',(1.,0.,-0.));
#2496 = DIRECTION('',(0.,0.,1.));
#2497 = ADVANCED_FACE('',(#2498),#2514,.T.);
#2498 = FACE_BOUND('',#2499,.T.);
#2499 = EDGE_LOOP('',(#2500,#2501,#2507,#2508));
#2500 = ORIENTED_EDGE('',*,*,#2350,.F.);
#2501 = ORIENTED_EDGE('',*,*,#2502,.T.);
#2502 = EDGE_CURVE('',#2351,#2433,#2503,.T.);
#2503 = LINE('',#2504,#2505);
#2504 = CARTESIAN_POINT('',(7.7,0.,16.5));
#2505 = VECTOR('',#2506,1.);
#2506 = DIRECTION('',(-0.,1.,0.));
#2507 = ORIENTED_EDGE('',*,*,#2432,.T.);
#2508 = ORIENTED_EDGE('',*,*,#2509,.F.);
#2509 = EDGE_CURVE('',#2353,#2435,#2510,.T.);
#2510 = LINE('',#2511,#2512);
#2511 = CARTESIAN_POINT('',(7.7,0.,16.7));
#2512 = VECTOR('',#2513,1.);
#2513 = DIRECTION('',(-0.,1.,0.));
#2514 = PLANE('',#2515);
#2515 = AXIS2_PLACEMENT_3D('',#2516,#2517,#2518);
#2516 = CARTESIAN_POINT('',(7.7,0.,16.5));
#2517 = DIRECTION('',(1.,0.,-0.));
#2518 = DIRECTION('',(0.,0.,1.));
#2519 = ADVANCED_FACE('',(#2520),#2531,.F.);
#2520 = FACE_BOUND('',#2521,.F.);
#2521 = EDGE_LOOP('',(#2522,#2523,#2524,#2530));
#2522 = ORIENTED_EDGE('',*,*,#2509,.F.);
#2523 = ORIENTED_EDGE('',*,*,#2376,.T.);
#2524 = ORIENTED_EDGE('',*,*,#2525,.T.);
#2525 = EDGE_CURVE('',#2369,#2451,#2526,.T.);
#2526 = LINE('',#2527,#2528);
#2527 = CARTESIAN_POINT('',(7.9,0.,16.7));
#2528 = VECTOR('',#2529,1.);
#2529 = DIRECTION('',(-0.,1.,0.));
#2530 = ORIENTED_EDGE('',*,*,#2458,.F.);
#2531 = PLANE('',#2532);
#2532 = AXIS2_PLACEMENT_3D('',#2533,#2534,#2535);
#2533 = CARTESIAN_POINT('',(7.7,0.,16.7));
#2534 = DIRECTION('',(0.,0.,1.));
#2535 = DIRECTION('',(1.,0.,-0.));
#2536 = ADVANCED_FACE('',(#2537),#2548,.F.);
#2537 = FACE_BOUND('',#2538,.F.);
#2538 = EDGE_LOOP('',(#2539,#2540,#2546,#2547));
#2539 = ORIENTED_EDGE('',*,*,#2368,.F.);
#2540 = ORIENTED_EDGE('',*,*,#2541,.T.);
#2541 = EDGE_CURVE('',#2361,#2443,#2542,.T.);
#2542 = LINE('',#2543,#2544);
#2543 = CARTESIAN_POINT('',(7.9,0.,16.5));
#2544 = VECTOR('',#2545,1.);
#2545 = DIRECTION('',(-0.,1.,0.));
#2546 = ORIENTED_EDGE('',*,*,#2450,.T.);
#2547 = ORIENTED_EDGE('',*,*,#2525,.F.);
#2548 = PLANE('',#2549);
#2549 = AXIS2_PLACEMENT_3D('',#2550,#2551,#2552);
#2550 = CARTESIAN_POINT('',(7.9,0.,16.5));
#2551 = DIRECTION('',(1.,0.,-0.));
#2552 = DIRECTION('',(0.,0.,1.));
#2553 = ADVANCED_FACE('',(#2554),#2560,.T.);
#2554 = FACE_BOUND('',#2555,.T.);
#2555 = EDGE_LOOP('',(#2556,#2557,#2558,#2559));
#2556 = ORIENTED_EDGE('',*,*,#2502,.F.);
#2557 = ORIENTED_EDGE('',*,*,#2360,.T.);
#2558 = ORIENTED_EDGE('',*,*,#2541,.T.);
#2559 = ORIENTED_EDGE('',*,*,#2442,.F.);
#2560 = PLANE('',#2561);
#2561 = AXIS2_PLACEMENT_3D('',#2562,#2563,#2564);
#2562 = CARTESIAN_POINT('',(7.7,0.,16.5));
#2563 = DIRECTION('',(0.,0.,1.));
#2564 = DIRECTION('',(1.,0.,-0.));
#2565 = ( GEOMETRIC_REPRESENTATION_CONTEXT(3) 
GLOBAL_UNCERTAINTY_ASSIGNED_CONTEXT((#2569)) 
GLOBAL_UNIT_ASSIGNED_CONTEXT((#2566,#2567,#2568)) REPRESENTATION_CONTEXT
('Context #1','3D Context with UNIT and UNCERTAINTY') );
#2566 = ( LENGTH_UNIT() NAMED_UNIT(*) SI_UNIT(.MILLI.,.METRE.) );
#2567 = ( NAMED_UNIT(*) PLANE_ANGLE_UNIT() SI_UNIT($,.RADIAN.) );
#2568 = ( NAMED_UNIT(*) SI_UNIT($,.STERADIAN.) SOLID_ANGLE_UNIT() );
#2569 = UNCERTAINTY_MEASURE_WITH_UNIT(LENGTH_MEASURE(1.E-07),#2566,
  'distance_accuracy_value','confusion accuracy');
#2570 = CONTEXT_DEPENDENT_SHAPE_REPRESENTATION(#2571,#2573);
#2571 = ( REPRESENTATION_RELATIONSHIP('','',#2278,#60) 
REPRESENTATION_RELATIONSHIP_WITH_TRANSFORMATION(#2572) 
SHAPE_REPRESENTATION_RELATIONSHIP() );
#2572 = ITEM_DEFINED_TRANSFORMATION('','',#11,#89);
#2573 = PRODUCT_DEFINITION_SHAPE('Placement','Placement of an item',
  #2574);
#2574 = NEXT_ASSEMBLY_USAGE_OCCURRENCE('314','Core_2_4','',#55,#2273,$);
#2575 = PRODUCT_RELATED_PRODUCT_CATEGORY('part',$,(#2275));
#2576 = SHAPE_DEFINITION_REPRESENTATION(#2577,#2583);
#2577 = PRODUCT_DEFINITION_SHAPE('','',#2578);
#2578 = PRODUCT_DEFINITION('design','',#2579,#2582);
#2579 = PRODUCT_DEFINITION_FORMATION('','',#2580);
#2580 = PRODUCT('Core_3_1','Core_3_1','',(#2581));
#2581 = PRODUCT_CONTEXT('',#2,'mechanical');
#2582 = PRODUCT_DEFINITION_CONTEXT('part definition',#2,'design');
#2583 = ADVANCED_BREP_SHAPE_REPRESENTATION('',(#11,#2584),#2870);
#2584 = MANIFOLD_SOLID_BREP('',#2585);
#2585 = CLOSED_SHELL('',(#2586,#2626,#2691,#2715,#2773,#2790,#2802,#2824
    ,#2841,#2858));
#2586 = ADVANCED_FACE('',(#2587),#2621,.F.);
#2587 = FACE_BOUND('',#2588,.F.);
#2588 = EDGE_LOOP('',(#2589,#2599,#2607,#2615));
#2589 = ORIENTED_EDGE('',*,*,#2590,.F.);
#2590 = EDGE_CURVE('',#2591,#2593,#2595,.T.);
#2591 = VERTEX_POINT('',#2592);
#2592 = CARTESIAN_POINT('',(11.2,0.,2.4));
#2593 = VERTEX_POINT('',#2594);
#2594 = CARTESIAN_POINT('',(11.2,0.,4.4));
#2595 = LINE('',#2596,#2597);
#2596 = CARTESIAN_POINT('',(11.2,0.,2.4));
#2597 = VECTOR('',#2598,1.);
#2598 = DIRECTION('',(0.,0.,1.));
#2599 = ORIENTED_EDGE('',*,*,#2600,.T.);
#2600 = EDGE_CURVE('',#2591,#2601,#2603,.T.);
#2601 = VERTEX_POINT('',#2602);
#2602 = CARTESIAN_POINT('',(11.2,0.5,2.4));
#2603 = LINE('',#2604,#2605);
#2604 = CARTESIAN_POINT('',(11.2,0.,2.4));
#2605 = VECTOR('',#2606,1.);
#2606 = DIRECTION('',(-0.,1.,0.));
#2607 = ORIENTED_EDGE('',*,*,#2608,.T.);
#2608 = EDGE_CURVE('',#2601,#2609,#2611,.T.);
#2609 = VERTEX_POINT('',#2610);
#2610 = CARTESIAN_POINT('',(11.2,0.5,4.4));
#2611 = LINE('',#2612,#2613);
#2612 = CARTESIAN_POINT('',(11.2,0.5,2.4));
#2613 = VECTOR('',#2614,1.);
#2614 = DIRECTION('',(0.,0.,1.));
#2615 = ORIENTED_EDGE('',*,*,#2616,.F.);
#2616 = EDGE_CURVE('',#2593,#2609,#2617,.T.);
#2617 = LINE('',#2618,#2619);
#2618 = CARTESIAN_POINT('',(11.2,0.,4.4));
#2619 = VECTOR('',#2620,1.);
#2620 = DIRECTION('',(-0.,1.,0.));
#2621 = PLANE('',#2622);
#2622 = AXIS2_PLACEMENT_3D('',#2623,#2624,#2625);
#2623 = CARTESIAN_POINT('',(11.2,0.,2.4));
#2624 = DIRECTION('',(1.,0.,-0.));
#2625 = DIRECTION('',(0.,0.,1.));
#2626 = ADVANCED_FACE('',(#2627,#2652),#2686,.F.);
#2627 = FACE_BOUND('',#2628,.F.);
#2628 = EDGE_LOOP('',(#2629,#2637,#2638,#2646));
#2629 = ORIENTED_EDGE('',*,*,#2630,.F.);
#2630 = EDGE_CURVE('',#2591,#2631,#2633,.T.);
#2631 = VERTEX_POINT('',#2632);
#2632 = CARTESIAN_POINT('',(13.2,0.,2.4));
#2633 = LINE('',#2634,#2635);
#2634 = CARTESIAN_POINT('',(11.2,0.,2.4));
#2635 = VECTOR('',#2636,1.);
#2636 = DIRECTION('',(1.,0.,-0.));
#2637 = ORIENTED_EDGE('',*,*,#2590,.T.);
#2638 = ORIENTED_EDGE('',*,*,#2639,.T.);
#2639 = EDGE_CURVE('',#2593,#2640,#2642,.T.);
#2640 = VERTEX_POINT('',#2641);
#2641 = CARTESIAN_POINT('',(13.2,0.,4.4));
#2642 = LINE('',#2643,#2644);
#2643 = CARTESIAN_POINT('',(11.2,0.,4.4));
#2644 = VECTOR('',#2645,1.);
#2645 = DIRECTION('',(1.,0.,-0.));
#2646 = ORIENTED_EDGE('',*,*,#2647,.F.);
#2647 = EDGE_CURVE('',#2631,#2640,#2648,.T.);
#2648 = LINE('',#2649,#2650);
#2649 = CARTESIAN_POINT('',(13.2,0.,2.4));
#2650 = VECTOR('',#2651,1.);
#2651 = DIRECTION('',(0.,0.,1.));
#2652 = FACE_BOUND('',#2653,.F.);
#2653 = EDGE_LOOP('',(#2654,#2664,#2672,#2680));
#2654 = ORIENTED_EDGE('',*,*,#2655,.F.);
#2655 = EDGE_CURVE('',#2656,#2658,#2660,.T.);
#2656 = VERTEX_POINT('',#2657);
#2657 = CARTESIAN_POINT('',(12.1,0.,3.3));
#2658 = VERTEX_POINT('',#2659);
#2659 = CARTESIAN_POINT('',(12.1,0.,3.5));
#2660 = LINE('',#2661,#2662);
#2661 = CARTESIAN_POINT('',(12.1,0.,3.3));
#2662 = VECTOR('',#2663,1.);
#2663 = DIRECTION('',(0.,0.,1.));
#2664 = ORIENTED_EDGE('',*,*,#2665,.T.);
#2665 = EDGE_CURVE('',#2656,#2666,#2668,.T.);
#2666 = VERTEX_POINT('',#2667);
#2667 = CARTESIAN_POINT('',(12.3,0.,3.3));
#2668 = LINE('',#2669,#2670);
#2669 = CARTESIAN_POINT('',(12.1,0.,3.3));
#2670 = VECTOR('',#2671,1.);
#2671 = DIRECTION('',(1.,0.,-0.));
#2672 = ORIENTED_EDGE('',*,*,#2673,.T.);
#2673 = EDGE_CURVE('',#2666,#2674,#2676,.T.);
#2674 = VERTEX_POINT('',#2675);
#2675 = CARTESIAN_POINT('',(12.3,0.,3.5));
#2676 = LINE('',#2677,#2678);
#2677 = CARTESIAN_POINT('',(12.3,0.,3.3));
#2678 = VECTOR('',#2679,1.);
#2679 = DIRECTION('',(0.,0.,1.));
#2680 = ORIENTED_EDGE('',*,*,#2681,.F.);
#2681 = EDGE_CURVE('',#2658,#2674,#2682,.T.);
#2682 = LINE('',#2683,#2684);
#2683 = CARTESIAN_POINT('',(12.1,0.,3.5));
#2684 = VECTOR('',#2685,1.);
#2685 = DIRECTION('',(1.,0.,-0.));
#2686 = PLANE('',#2687);
#2687 = AXIS2_PLACEMENT_3D('',#2688,#2689,#2690);
#2688 = CARTESIAN_POINT('',(11.2,0.,2.4));
#2689 = DIRECTION('',(-0.,1.,0.));
#2690 = DIRECTION('',(0.,0.,1.));
#2691 = ADVANCED_FACE('',(#2692),#2710,.T.);
#2692 = FACE_BOUND('',#2693,.T.);
#2693 = EDGE_LOOP('',(#2694,#2695,#2696,#2704));
#2694 = ORIENTED_EDGE('',*,*,#2616,.F.);
#2695 = ORIENTED_EDGE('',*,*,#2639,.T.);
#2696 = ORIENTED_EDGE('',*,*,#2697,.T.);
#2697 = EDGE_CURVE('',#2640,#2698,#2700,.T.);
#2698 = VERTEX_POINT('',#2699);
#2699 = CARTESIAN_POINT('',(13.2,0.5,4.4));
#2700 = LINE('',#2701,#2702);
#2701 = CARTESIAN_POINT('',(13.2,0.,4.4));
#2702 = VECTOR('',#2703,1.);
#2703 = DIRECTION('',(-0.,1.,0.));
#2704 = ORIENTED_EDGE('',*,*,#2705,.F.);
#2705 = EDGE_CURVE('',#2609,#2698,#2706,.T.);
#2706 = LINE('',#2707,#2708);
#2707 = CARTESIAN_POINT('',(11.2,0.5,4.4));
#2708 = VECTOR('',#2709,1.);
#2709 = DIRECTION('',(1.,0.,-0.));
#2710 = PLANE('',#2711);
#2711 = AXIS2_PLACEMENT_3D('',#2712,#2713,#2714);
#2712 = CARTESIAN_POINT('',(11.2,0.,4.4));
#2713 = DIRECTION('',(0.,0.,1.));
#2714 = DIRECTION('',(1.,0.,-0.));
#2715 = ADVANCED_FACE('',(#2716,#2734),#2768,.T.);
#2716 = FACE_BOUND('',#2717,.T.);
#2717 = EDGE_LOOP('',(#2718,#2726,#2727,#2728));
#2718 = ORIENTED_EDGE('',*,*,#2719,.F.);
#2719 = EDGE_CURVE('',#2601,#2720,#2722,.T.);
#2720 = VERTEX_POINT('',#2721);
#2721 = CARTESIAN_POINT('',(13.2,0.5,2.4));
#2722 = LINE('',#2723,#2724);
#2723 = CARTESIAN_POINT('',(11.2,0.5,2.4));
#2724 = VECTOR('',#2725,1.);
#2725 = DIRECTION('',(1.,0.,-0.));
#2726 = ORIENTED_EDGE('',*,*,#2608,.T.);
#2727 = ORIENTED_EDGE('',*,*,#2705,.T.);
#2728 = ORIENTED_EDGE('',*,*,#2729,.F.);
#2729 = EDGE_CURVE('',#2720,#2698,#2730,.T.);
#2730 = LINE('',#2731,#2732);
#2731 = CARTESIAN_POINT('',(13.2,0.5,2.4));
#2732 = VECTOR('',#2733,1.);
#2733 = DIRECTION('',(0.,0.,1.));
#2734 = FACE_BOUND('',#2735,.T.);
#2735 = EDGE_LOOP('',(#2736,#2746,#2754,#2762));
#2736 = ORIENTED_EDGE('',*,*,#2737,.F.);
#2737 = EDGE_CURVE('',#2738,#2740,#2742,.T.);
#2738 = VERTEX_POINT('',#2739);
#2739 = CARTESIAN_POINT('',(12.1,0.5,3.3));
#2740 = VERTEX_POINT('',#2741);
#2741 = CARTESIAN_POINT('',(12.1,0.5,3.5));
#2742 = LINE('',#2743,#2744);
#2743 = CARTESIAN_POINT('',(12.1,0.5,3.3));
#2744 = VECTOR('',#2745,1.);
#2745 = DIRECTION('',(0.,0.,1.));
#2746 = ORIENTED_EDGE('',*,*,#2747,.T.);
#2747 = EDGE_CURVE('',#2738,#2748,#2750,.T.);
#2748 = VERTEX_POINT('',#2749);
#2749 = CARTESIAN_POINT('',(12.3,0.5,3.3));
#2750 = LINE('',#2751,#2752);
#2751 = CARTESIAN_POINT('',(12.1,0.5,3.3));
#2752 = VECTOR('',#2753,1.);
#2753 = DIRECTION('',(1.,0.,-0.));
#2754 = ORIENTED_EDGE('',*,*,#2755,.T.);
#2755 = EDGE_CURVE('',#2748,#2756,#2758,.T.);
#2756 = VERTEX_POINT('',#2757);
#2757 = CARTESIAN_POINT('',(12.3,0.5,3.5));
#2758 = LINE('',#2759,#2760);
#2759 = CARTESIAN_POINT('',(12.3,0.5,3.3));
#2760 = VECTOR('',#2761,1.);
#2761 = DIRECTION('',(0.,0.,1.));
#2762 = ORIENTED_EDGE('',*,*,#2763,.F.);
#2763 = EDGE_CURVE('',#2740,#2756,#2764,.T.);
#2764 = LINE('',#2765,#2766);
#2765 = CARTESIAN_POINT('',(12.1,0.5,3.5));
#2766 = VECTOR('',#2767,1.);
#2767 = DIRECTION('',(1.,0.,-0.));
#2768 = PLANE('',#2769);
#2769 = AXIS2_PLACEMENT_3D('',#2770,#2771,#2772);
#2770 = CARTESIAN_POINT('',(11.2,0.5,2.4));
#2771 = DIRECTION('',(-0.,1.,0.));
#2772 = DIRECTION('',(0.,0.,1.));
#2773 = ADVANCED_FACE('',(#2774),#2785,.F.);
#2774 = FACE_BOUND('',#2775,.F.);
#2775 = EDGE_LOOP('',(#2776,#2777,#2778,#2784));
#2776 = ORIENTED_EDGE('',*,*,#2600,.F.);
#2777 = ORIENTED_EDGE('',*,*,#2630,.T.);
#2778 = ORIENTED_EDGE('',*,*,#2779,.T.);
#2779 = EDGE_CURVE('',#2631,#2720,#2780,.T.);
#2780 = LINE('',#2781,#2782);
#2781 = CARTESIAN_POINT('',(13.2,0.,2.4));
#2782 = VECTOR('',#2783,1.);
#2783 = DIRECTION('',(-0.,1.,0.));
#2784 = ORIENTED_EDGE('',*,*,#2719,.F.);
#2785 = PLANE('',#2786);
#2786 = AXIS2_PLACEMENT_3D('',#2787,#2788,#2789);
#2787 = CARTESIAN_POINT('',(11.2,0.,2.4));
#2788 = DIRECTION('',(0.,0.,1.));
#2789 = DIRECTION('',(1.,0.,-0.));
#2790 = ADVANCED_FACE('',(#2791),#2797,.T.);
#2791 = FACE_BOUND('',#2792,.T.);
#2792 = EDGE_LOOP('',(#2793,#2794,#2795,#2796));
#2793 = ORIENTED_EDGE('',*,*,#2647,.F.);
#2794 = ORIENTED_EDGE('',*,*,#2779,.T.);
#2795 = ORIENTED_EDGE('',*,*,#2729,.T.);
#2796 = ORIENTED_EDGE('',*,*,#2697,.F.);
#2797 = PLANE('',#2798);
#2798 = AXIS2_PLACEMENT_3D('',#2799,#2800,#2801);
#2799 = CARTESIAN_POINT('',(13.2,0.,2.4));
#2800 = DIRECTION('',(1.,0.,-0.));
#2801 = DIRECTION('',(0.,0.,1.));
#2802 = ADVANCED_FACE('',(#2803),#2819,.T.);
#2803 = FACE_BOUND('',#2804,.T.);
#2804 = EDGE_LOOP('',(#2805,#2806,#2812,#2813));
#2805 = ORIENTED_EDGE('',*,*,#2655,.F.);
#2806 = ORIENTED_EDGE('',*,*,#2807,.T.);
#2807 = EDGE_CURVE('',#2656,#2738,#2808,.T.);
#2808 = LINE('',#2809,#2810);
#2809 = CARTESIAN_POINT('',(12.1,0.,3.3));
#2810 = VECTOR('',#2811,1.);
#2811 = DIRECTION('',(-0.,1.,0.));
#2812 = ORIENTED_EDGE('',*,*,#2737,.T.);
#2813 = ORIENTED_EDGE('',*,*,#2814,.F.);
#2814 = EDGE_CURVE('',#2658,#2740,#2815,.T.);
#2815 = LINE('',#2816,#2817);
#2816 = CARTESIAN_POINT('',(12.1,0.,3.5));
#2817 = VECTOR('',#2818,1.);
#2818 = DIRECTION('',(-0.,1.,0.));
#2819 = PLANE('',#2820);
#2820 = AXIS2_PLACEMENT_3D('',#2821,#2822,#2823);
#2821 = CARTESIAN_POINT('',(12.1,0.,3.3));
#2822 = DIRECTION('',(1.,0.,-0.));
#2823 = DIRECTION('',(0.,0.,1.));
#2824 = ADVANCED_FACE('',(#2825),#2836,.F.);
#2825 = FACE_BOUND('',#2826,.F.);
#2826 = EDGE_LOOP('',(#2827,#2828,#2829,#2835));
#2827 = ORIENTED_EDGE('',*,*,#2814,.F.);
#2828 = ORIENTED_EDGE('',*,*,#2681,.T.);
#2829 = ORIENTED_EDGE('',*,*,#2830,.T.);
#2830 = EDGE_CURVE('',#2674,#2756,#2831,.T.);
#2831 = LINE('',#2832,#2833);
#2832 = CARTESIAN_POINT('',(12.3,0.,3.5));
#2833 = VECTOR('',#2834,1.);
#2834 = DIRECTION('',(-0.,1.,0.));
#2835 = ORIENTED_EDGE('',*,*,#2763,.F.);
#2836 = PLANE('',#2837);
#2837 = AXIS2_PLACEMENT_3D('',#2838,#2839,#2840);
#2838 = CARTESIAN_POINT('',(12.1,0.,3.5));
#2839 = DIRECTION('',(0.,0.,1.));
#2840 = DIRECTION('',(1.,0.,-0.));
#2841 = ADVANCED_FACE('',(#2842),#2853,.F.);
#2842 = FACE_BOUND('',#2843,.F.);
#2843 = EDGE_LOOP('',(#2844,#2845,#2851,#2852));
#2844 = ORIENTED_EDGE('',*,*,#2673,.F.);
#2845 = ORIENTED_EDGE('',*,*,#2846,.T.);
#2846 = EDGE_CURVE('',#2666,#2748,#2847,.T.);
#2847 = LINE('',#2848,#2849);
#2848 = CARTESIAN_POINT('',(12.3,0.,3.3));
#2849 = VECTOR('',#2850,1.);
#2850 = DIRECTION('',(-0.,1.,0.));
#2851 = ORIENTED_EDGE('',*,*,#2755,.T.);
#2852 = ORIENTED_EDGE('',*,*,#2830,.F.);
#2853 = PLANE('',#2854);
#2854 = AXIS2_PLACEMENT_3D('',#2855,#2856,#2857);
#2855 = CARTESIAN_POINT('',(12.3,0.,3.3));
#2856 = DIRECTION('',(1.,0.,-0.));
#2857 = DIRECTION('',(0.,0.,1.));
#2858 = ADVANCED_FACE('',(#2859),#2865,.T.);
#2859 = FACE_BOUND('',#2860,.T.);
#2860 = EDGE_LOOP('',(#2861,#2862,#2863,#2864));
#2861 = ORIENTED_EDGE('',*,*,#2807,.F.);
#2862 = ORIENTED_EDGE('',*,*,#2665,.T.);
#2863 = ORIENTED_EDGE('',*,*,#2846,.T.);
#2864 = ORIENTED_EDGE('',*,*,#2747,.F.);
#2865 = PLANE('',#2866);
#2866 = AXIS2_PLACEMENT_3D('',#2867,#2868,#2869);
#2867 = CARTESIAN_POINT('',(12.1,0.,3.3));
#2868 = DIRECTION('',(0.,0.,1.));
#2869 = DIRECTION('',(1.,0.,-0.));
#2870 = ( GEOMETRIC_REPRESENTATION_CONTEXT(3) 
GLOBAL_UNCERTAINTY_ASSIGNED_CONTEXT((#2874)) 
GLOBAL_UNIT_ASSIGNED_CONTEXT((#2871,#2872,#2873)) REPRESENTATION_CONTEXT
('Context #1','3D Context with UNIT and UNCERTAINTY') );
#2871 = ( LENGTH_UNIT() NAMED_UNIT(*) SI_UNIT(.MILLI.,.METRE.) );
#2872 = ( NAMED_UNIT(*) PLANE_ANGLE_UNIT() SI_UNIT($,.RADIAN.) );
#2873 = ( NAMED_UNIT(*) SI_UNIT($,.STERADIAN.) SOLID_ANGLE_UNIT() );
#2874 = UNCERTAINTY_MEASURE_WITH_UNIT(LENGTH_MEASURE(1.E-07),#2871,
  'distance_accuracy_value','confusion accuracy');
#2875 = CONTEXT_DEPENDENT_SHAPE_REPRESENTATION(#2876,#2878);
#2876 = ( REPRESENTATION_RELATIONSHIP('','',#2583,#60) 
REPRESENTATION_RELATIONSHIP_WITH_TRANSFORMATION(#2877) 
SHAPE_REPRESENTATION_RELATIONSHIP() );
#2877 = ITEM_DEFINED_TRANSFORMATION('','',#11,#93);
#2878 = PRODUCT_DEFINITION_SHAPE('Placement','Placement of an item',
  #2879);
#2879 = NEXT_ASSEMBLY_USAGE_OCCURRENCE('315','Core_3_1','',#55,#2578,$);
#2880 = PRODUCT_RELATED_PRODUCT_CATEGORY('part',$,(#2580));
#2881 = SHAPE_DEFINITION_REPRESENTATION(#2882,#2888);
#2882 = PRODUCT_DEFINITION_SHAPE('','',#2883);
#2883 = PRODUCT_DEFINITION('design','',#2884,#2887);
#2884 = PRODUCT_DEFINITION_FORMATION('','',#2885);
#2885 = PRODUCT('Core_3_2','Core_3_2','',(#2886));
#2886 = PRODUCT_CONTEXT('',#2,'mechanical');
#2887 = PRODUCT_DEFINITION_CONTEXT('part definition',#2,'design');
#2888 = ADVANCED_BREP_SHAPE_REPRESENTATION('',(#11,#2889),#3175);
#2889 = MANIFOLD_SOLID_BREP('',#2890);
#2890 = CLOSED_SHELL('',(#2891,#2931,#2996,#3020,#3078,#3095,#3107,#3129
    ,#3146,#3163));
#2891 = ADVANCED_FACE('',(#2892),#2926,.F.);
#2892 = FACE_BOUND('',#2893,.F.);
#2893 = EDGE_LOOP('',(#2894,#2904,#2912,#2920));
#2894 = ORIENTED_EDGE('',*,*,#2895,.F.);
#2895 = EDGE_CURVE('',#2896,#2898,#2900,.T.);
#2896 = VERTEX_POINT('',#2897);
#2897 = CARTESIAN_POINT('',(11.2,0.,6.8));
#2898 = VERTEX_POINT('',#2899);
#2899 = CARTESIAN_POINT('',(11.2,0.,8.8));
#2900 = LINE('',#2901,#2902);
#2901 = CARTESIAN_POINT('',(11.2,0.,6.8));
#2902 = VECTOR('',#2903,1.);
#2903 = DIRECTION('',(0.,0.,1.));
#2904 = ORIENTED_EDGE('',*,*,#2905,.T.);
#2905 = EDGE_CURVE('',#2896,#2906,#2908,.T.);
#2906 = VERTEX_POINT('',#2907);
#2907 = CARTESIAN_POINT('',(11.2,0.5,6.8));
#2908 = LINE('',#2909,#2910);
#2909 = CARTESIAN_POINT('',(11.2,0.,6.8));
#2910 = VECTOR('',#2911,1.);
#2911 = DIRECTION('',(-0.,1.,0.));
#2912 = ORIENTED_EDGE('',*,*,#2913,.T.);
#2913 = EDGE_CURVE('',#2906,#2914,#2916,.T.);
#2914 = VERTEX_POINT('',#2915);
#2915 = CARTESIAN_POINT('',(11.2,0.5,8.8));
#2916 = LINE('',#2917,#2918);
#2917 = CARTESIAN_POINT('',(11.2,0.5,6.8));
#2918 = VECTOR('',#2919,1.);
#2919 = DIRECTION('',(0.,0.,1.));
#2920 = ORIENTED_EDGE('',*,*,#2921,.F.);
#2921 = EDGE_CURVE('',#2898,#2914,#2922,.T.);
#2922 = LINE('',#2923,#2924);
#2923 = CARTESIAN_POINT('',(11.2,0.,8.8));
#2924 = VECTOR('',#2925,1.);
#2925 = DIRECTION('',(-0.,1.,0.));
#2926 = PLANE('',#2927);
#2927 = AXIS2_PLACEMENT_3D('',#2928,#2929,#2930);
#2928 = CARTESIAN_POINT('',(11.2,0.,6.8));
#2929 = DIRECTION('',(1.,0.,-0.));
#2930 = DIRECTION('',(0.,0.,1.));
#2931 = ADVANCED_FACE('',(#2932,#2957),#2991,.F.);
#2932 = FACE_BOUND('',#2933,.F.);
#2933 = EDGE_LOOP('',(#2934,#2942,#2943,#2951));
#2934 = ORIENTED_EDGE('',*,*,#2935,.F.);
#2935 = EDGE_CURVE('',#2896,#2936,#2938,.T.);
#2936 = VERTEX_POINT('',#2937);
#2937 = CARTESIAN_POINT('',(13.2,0.,6.8));
#2938 = LINE('',#2939,#2940);
#2939 = CARTESIAN_POINT('',(11.2,0.,6.8));
#2940 = VECTOR('',#2941,1.);
#2941 = DIRECTION('',(1.,0.,-0.));
#2942 = ORIENTED_EDGE('',*,*,#2895,.T.);
#2943 = ORIENTED_EDGE('',*,*,#2944,.T.);
#2944 = EDGE_CURVE('',#2898,#2945,#2947,.T.);
#2945 = VERTEX_POINT('',#2946);
#2946 = CARTESIAN_POINT('',(13.2,0.,8.8));
#2947 = LINE('',#2948,#2949);
#2948 = CARTESIAN_POINT('',(11.2,0.,8.8));
#2949 = VECTOR('',#2950,1.);
#2950 = DIRECTION('',(1.,0.,-0.));
#2951 = ORIENTED_EDGE('',*,*,#2952,.F.);
#2952 = EDGE_CURVE('',#2936,#2945,#2953,.T.);
#2953 = LINE('',#2954,#2955);
#2954 = CARTESIAN_POINT('',(13.2,0.,6.8));
#2955 = VECTOR('',#2956,1.);
#2956 = DIRECTION('',(0.,0.,1.));
#2957 = FACE_BOUND('',#2958,.F.);
#2958 = EDGE_LOOP('',(#2959,#2969,#2977,#2985));
#2959 = ORIENTED_EDGE('',*,*,#2960,.F.);
#2960 = EDGE_CURVE('',#2961,#2963,#2965,.T.);
#2961 = VERTEX_POINT('',#2962);
#2962 = CARTESIAN_POINT('',(12.1,0.,7.7));
#2963 = VERTEX_POINT('',#2964);
#2964 = CARTESIAN_POINT('',(12.1,0.,7.9));
#2965 = LINE('',#2966,#2967);
#2966 = CARTESIAN_POINT('',(12.1,0.,7.7));
#2967 = VECTOR('',#2968,1.);
#2968 = DIRECTION('',(0.,0.,1.));
#2969 = ORIENTED_EDGE('',*,*,#2970,.T.);
#2970 = EDGE_CURVE('',#2961,#2971,#2973,.T.);
#2971 = VERTEX_POINT('',#2972);
#2972 = CARTESIAN_POINT('',(12.3,0.,7.7));
#2973 = LINE('',#2974,#2975);
#2974 = CARTESIAN_POINT('',(12.1,0.,7.7));
#2975 = VECTOR('',#2976,1.);
#2976 = DIRECTION('',(1.,0.,-0.));
#2977 = ORIENTED_EDGE('',*,*,#2978,.T.);
#2978 = EDGE_CURVE('',#2971,#2979,#2981,.T.);
#2979 = VERTEX_POINT('',#2980);
#2980 = CARTESIAN_POINT('',(12.3,0.,7.9));
#2981 = LINE('',#2982,#2983);
#2982 = CARTESIAN_POINT('',(12.3,0.,7.7));
#2983 = VECTOR('',#2984,1.);
#2984 = DIRECTION('',(0.,0.,1.));
#2985 = ORIENTED_EDGE('',*,*,#2986,.F.);
#2986 = EDGE_CURVE('',#2963,#2979,#2987,.T.);
#2987 = LINE('',#2988,#2989);
#2988 = CARTESIAN_POINT('',(12.1,0.,7.9));
#2989 = VECTOR('',#2990,1.);
#2990 = DIRECTION('',(1.,0.,-0.));
#2991 = PLANE('',#2992);
#2992 = AXIS2_PLACEMENT_3D('',#2993,#2994,#2995);
#2993 = CARTESIAN_POINT('',(11.2,0.,6.8));
#2994 = DIRECTION('',(-0.,1.,0.));
#2995 = DIRECTION('',(0.,0.,1.));
#2996 = ADVANCED_FACE('',(#2997),#3015,.T.);
#2997 = FACE_BOUND('',#2998,.T.);
#2998 = EDGE_LOOP('',(#2999,#3000,#3001,#3009));
#2999 = ORIENTED_EDGE('',*,*,#2921,.F.);
#3000 = ORIENTED_EDGE('',*,*,#2944,.T.);
#3001 = ORIENTED_EDGE('',*,*,#3002,.T.);
#3002 = EDGE_CURVE('',#2945,#3003,#3005,.T.);
#3003 = VERTEX_POINT('',#3004);
#3004 = CARTESIAN_POINT('',(13.2,0.5,8.8));
#3005 = LINE('',#3006,#3007);
#3006 = CARTESIAN_POINT('',(13.2,0.,8.8));
#3007 = VECTOR('',#3008,1.);
#3008 = DIRECTION('',(-0.,1.,0.));
#3009 = ORIENTED_EDGE('',*,*,#3010,.F.);
#3010 = EDGE_CURVE('',#2914,#3003,#3011,.T.);
#3011 = LINE('',#3012,#3013);
#3012 = CARTESIAN_POINT('',(11.2,0.5,8.8));
#3013 = VECTOR('',#3014,1.);
#3014 = DIRECTION('',(1.,0.,-0.));
#3015 = PLANE('',#3016);
#3016 = AXIS2_PLACEMENT_3D('',#3017,#3018,#3019);
#3017 = CARTESIAN_POINT('',(11.2,0.,8.8));
#3018 = DIRECTION('',(0.,0.,1.));
#3019 = DIRECTION('',(1.,0.,-0.));
#3020 = ADVANCED_FACE('',(#3021,#3039),#3073,.T.);
#3021 = FACE_BOUND('',#3022,.T.);
#3022 = EDGE_LOOP('',(#3023,#3031,#3032,#3033));
#3023 = ORIENTED_EDGE('',*,*,#3024,.F.);
#3024 = EDGE_CURVE('',#2906,#3025,#3027,.T.);
#3025 = VERTEX_POINT('',#3026);
#3026 = CARTESIAN_POINT('',(13.2,0.5,6.8));
#3027 = LINE('',#3028,#3029);
#3028 = CARTESIAN_POINT('',(11.2,0.5,6.8));
#3029 = VECTOR('',#3030,1.);
#3030 = DIRECTION('',(1.,0.,-0.));
#3031 = ORIENTED_EDGE('',*,*,#2913,.T.);
#3032 = ORIENTED_EDGE('',*,*,#3010,.T.);
#3033 = ORIENTED_EDGE('',*,*,#3034,.F.);
#3034 = EDGE_CURVE('',#3025,#3003,#3035,.T.);
#3035 = LINE('',#3036,#3037);
#3036 = CARTESIAN_POINT('',(13.2,0.5,6.8));
#3037 = VECTOR('',#3038,1.);
#3038 = DIRECTION('',(0.,0.,1.));
#3039 = FACE_BOUND('',#3040,.T.);
#3040 = EDGE_LOOP('',(#3041,#3051,#3059,#3067));
#3041 = ORIENTED_EDGE('',*,*,#3042,.F.);
#3042 = EDGE_CURVE('',#3043,#3045,#3047,.T.);
#3043 = VERTEX_POINT('',#3044);
#3044 = CARTESIAN_POINT('',(12.1,0.5,7.7));
#3045 = VERTEX_POINT('',#3046);
#3046 = CARTESIAN_POINT('',(12.1,0.5,7.9));
#3047 = LINE('',#3048,#3049);
#3048 = CARTESIAN_POINT('',(12.1,0.5,7.7));
#3049 = VECTOR('',#3050,1.);
#3050 = DIRECTION('',(0.,0.,1.));
#3051 = ORIENTED_EDGE('',*,*,#3052,.T.);
#3052 = EDGE_CURVE('',#3043,#3053,#3055,.T.);
#3053 = VERTEX_POINT('',#3054);
#3054 = CARTESIAN_POINT('',(12.3,0.5,7.7));
#3055 = LINE('',#3056,#3057);
#3056 = CARTESIAN_POINT('',(12.1,0.5,7.7));
#3057 = VECTOR('',#3058,1.);
#3058 = DIRECTION('',(1.,0.,-0.));
#3059 = ORIENTED_EDGE('',*,*,#3060,.T.);
#3060 = EDGE_CURVE('',#3053,#3061,#3063,.T.);
#3061 = VERTEX_POINT('',#3062);
#3062 = CARTESIAN_POINT('',(12.3,0.5,7.9));
#3063 = LINE('',#3064,#3065);
#3064 = CARTESIAN_POINT('',(12.3,0.5,7.7));
#3065 = VECTOR('',#3066,1.);
#3066 = DIRECTION('',(0.,0.,1.));
#3067 = ORIENTED_EDGE('',*,*,#3068,.F.);
#3068 = EDGE_CURVE('',#3045,#3061,#3069,.T.);
#3069 = LINE('',#3070,#3071);
#3070 = CARTESIAN_POINT('',(12.1,0.5,7.9));
#3071 = VECTOR('',#3072,1.);
#3072 = DIRECTION('',(1.,0.,-0.));
#3073 = PLANE('',#3074);
#3074 = AXIS2_PLACEMENT_3D('',#3075,#3076,#3077);
#3075 = CARTESIAN_POINT('',(11.2,0.5,6.8));
#3076 = DIRECTION('',(-0.,1.,0.));
#3077 = DIRECTION('',(0.,0.,1.));
#3078 = ADVANCED_FACE('',(#3079),#3090,.F.);
#3079 = FACE_BOUND('',#3080,.F.);
#3080 = EDGE_LOOP('',(#3081,#3082,#3083,#3089));
#3081 = ORIENTED_EDGE('',*,*,#2905,.F.);
#3082 = ORIENTED_EDGE('',*,*,#2935,.T.);
#3083 = ORIENTED_EDGE('',*,*,#3084,.T.);
#3084 = EDGE_CURVE('',#2936,#3025,#3085,.T.);
#3085 = LINE('',#3086,#3087);
#3086 = CARTESIAN_POINT('',(13.2,0.,6.8));
#3087 = VECTOR('',#3088,1.);
#3088 = DIRECTION('',(-0.,1.,0.));
#3089 = ORIENTED_EDGE('',*,*,#3024,.F.);
#3090 = PLANE('',#3091);
#3091 = AXIS2_PLACEMENT_3D('',#3092,#3093,#3094);
#3092 = CARTESIAN_POINT('',(11.2,0.,6.8));
#3093 = DIRECTION('',(0.,0.,1.));
#3094 = DIRECTION('',(1.,0.,-0.));
#3095 = ADVANCED_FACE('',(#3096),#3102,.T.);
#3096 = FACE_BOUND('',#3097,.T.);
#3097 = EDGE_LOOP('',(#3098,#3099,#3100,#3101));
#3098 = ORIENTED_EDGE('',*,*,#2952,.F.);
#3099 = ORIENTED_EDGE('',*,*,#3084,.T.);
#3100 = ORIENTED_EDGE('',*,*,#3034,.T.);
#3101 = ORIENTED_EDGE('',*,*,#3002,.F.);
#3102 = PLANE('',#3103);
#3103 = AXIS2_PLACEMENT_3D('',#3104,#3105,#3106);
#3104 = CARTESIAN_POINT('',(13.2,0.,6.8));
#3105 = DIRECTION('',(1.,0.,-0.));
#3106 = DIRECTION('',(0.,0.,1.));
#3107 = ADVANCED_FACE('',(#3108),#3124,.T.);
#3108 = FACE_BOUND('',#3109,.T.);
#3109 = EDGE_LOOP('',(#3110,#3111,#3117,#3118));
#3110 = ORIENTED_EDGE('',*,*,#2960,.F.);
#3111 = ORIENTED_EDGE('',*,*,#3112,.T.);
#3112 = EDGE_CURVE('',#2961,#3043,#3113,.T.);
#3113 = LINE('',#3114,#3115);
#3114 = CARTESIAN_POINT('',(12.1,0.,7.7));
#3115 = VECTOR('',#3116,1.);
#3116 = DIRECTION('',(-0.,1.,0.));
#3117 = ORIENTED_EDGE('',*,*,#3042,.T.);
#3118 = ORIENTED_EDGE('',*,*,#3119,.F.);
#3119 = EDGE_CURVE('',#2963,#3045,#3120,.T.);
#3120 = LINE('',#3121,#3122);
#3121 = CARTESIAN_POINT('',(12.1,0.,7.9));
#3122 = VECTOR('',#3123,1.);
#3123 = DIRECTION('',(-0.,1.,0.));
#3124 = PLANE('',#3125);
#3125 = AXIS2_PLACEMENT_3D('',#3126,#3127,#3128);
#3126 = CARTESIAN_POINT('',(12.1,0.,7.7));
#3127 = DIRECTION('',(1.,0.,-0.));
#3128 = DIRECTION('',(0.,0.,1.));
#3129 = ADVANCED_FACE('',(#3130),#3141,.F.);
#3130 = FACE_BOUND('',#3131,.F.);
#3131 = EDGE_LOOP('',(#3132,#3133,#3134,#3140));
#3132 = ORIENTED_EDGE('',*,*,#3119,.F.);
#3133 = ORIENTED_EDGE('',*,*,#2986,.T.);
#3134 = ORIENTED_EDGE('',*,*,#3135,.T.);
#3135 = EDGE_CURVE('',#2979,#3061,#3136,.T.);
#3136 = LINE('',#3137,#3138);
#3137 = CARTESIAN_POINT('',(12.3,0.,7.9));
#3138 = VECTOR('',#3139,1.);
#3139 = DIRECTION('',(-0.,1.,0.));
#3140 = ORIENTED_EDGE('',*,*,#3068,.F.);
#3141 = PLANE('',#3142);
#3142 = AXIS2_PLACEMENT_3D('',#3143,#3144,#3145);
#3143 = CARTESIAN_POINT('',(12.1,0.,7.9));
#3144 = DIRECTION('',(0.,0.,1.));
#3145 = DIRECTION('',(1.,0.,-0.));
#3146 = ADVANCED_FACE('',(#3147),#3158,.F.);
#3147 = FACE_BOUND('',#3148,.F.);
#3148 = EDGE_LOOP('',(#3149,#3150,#3156,#3157));
#3149 = ORIENTED_EDGE('',*,*,#2978,.F.);
#3150 = ORIENTED_EDGE('',*,*,#3151,.T.);
#3151 = EDGE_CURVE('',#2971,#3053,#3152,.T.);
#3152 = LINE('',#3153,#3154);
#3153 = CARTESIAN_POINT('',(12.3,0.,7.7));
#3154 = VECTOR('',#3155,1.);
#3155 = DIRECTION('',(-0.,1.,0.));
#3156 = ORIENTED_EDGE('',*,*,#3060,.T.);
#3157 = ORIENTED_EDGE('',*,*,#3135,.F.);
#3158 = PLANE('',#3159);
#3159 = AXIS2_PLACEMENT_3D('',#3160,#3161,#3162);
#3160 = CARTESIAN_POINT('',(12.3,0.,7.7));
#3161 = DIRECTION('',(1.,0.,-0.));
#3162 = DIRECTION('',(0.,0.,1.));
#3163 = ADVANCED_FACE('',(#3164),#3170,.T.);
#3164 = FACE_BOUND('',#3165,.T.);
#3165 = EDGE_LOOP('',(#3166,#3167,#3168,#3169));
#3166 = ORIENTED_EDGE('',*,*,#3112,.F.);
#3167 = ORIENTED_EDGE('',*,*,#2970,.T.);
#3168 = ORIENTED_EDGE('',*,*,#3151,.T.);
#3169 = ORIENTED_EDGE('',*,*,#3052,.F.);
#3170 = PLANE('',#3171);
#3171 = AXIS2_PLACEMENT_3D('',#3172,#3173,#3174);
#3172 = CARTESIAN_POINT('',(12.1,0.,7.7));
#3173 = DIRECTION('',(0.,0.,1.));
#3174 = DIRECTION('',(1.,0.,-0.));
#3175 = ( GEOMETRIC_REPRESENTATION_CONTEXT(3) 
GLOBAL_UNCERTAINTY_ASSIGNED_CONTEXT((#3179)) 
GLOBAL_UNIT_ASSIGNED_CONTEXT((#3176,#3177,#3178)) REPRESENTATION_CONTEXT
('Context #1','3D Context with UNIT and UNCERTAINTY') );
#3176 = ( LENGTH_UNIT() NAMED_UNIT(*) SI_UNIT(.MILLI.,.METRE.) );
#3177 = ( NAMED_UNIT(*) PLANE_ANGLE_UNIT() SI_UNIT($,.RADIAN.) );
#3178 = ( NAMED_UNIT(*) SI_UNIT($,.STERADIAN.) SOLID_ANGLE_UNIT() );
#3179 = UNCERTAINTY_MEASURE_WITH_UNIT(LENGTH_MEASURE(1.E-07),#3176,
  'distance_accuracy_value','confusion accuracy');
#3180 = CONTEXT_DEPENDENT_SHAPE_REPRESENTATION(#3181,#3183);
#3181 = ( REPRESENTATION_RELATIONSHIP('','',#2888,#60) 
REPRESENTATION_RELATIONSHIP_WITH_TRANSFORMATION(#3182) 
SHAPE_REPRESENTATION_RELATIONSHIP() );
#3182 = ITEM_DEFINED_TRANSFORMATION('','',#11,#97);
#3183 = PRODUCT_DEFINITION_SHAPE('Placement','Placement of an item',
  #3184);
#3184 = NEXT_ASSEMBLY_USAGE_OCCURRENCE('316','Core_3_2','',#55,#2883,$);
#3185 = PRODUCT_RELATED_PRODUCT_CATEGORY('part',$,(#2885));
#3186 = SHAPE_DEFINITION_REPRESENTATION(#3187,#3193);
#3187 = PRODUCT_DEFINITION_SHAPE('','',#3188);
#3188 = PRODUCT_DEFINITION('design','',#3189,#3192);
#3189 = PRODUCT_DEFINITION_FORMATION('','',#3190);
#3190 = PRODUCT('Core_3_3','Core_3_3','',(#3191));
#3191 = PRODUCT_CONTEXT('',#2,'mechanical');
#3192 = PRODUCT_DEFINITION_CONTEXT('part definition',#2,'design');
#3193 = ADVANCED_BREP_SHAPE_REPRESENTATION('',(#11,#3194),#3480);
#3194 = MANIFOLD_SOLID_BREP('',#3195);
#3195 = CLOSED_SHELL('',(#3196,#3236,#3301,#3325,#3383,#3400,#3412,#3434
    ,#3451,#3468));
#3196 = ADVANCED_FACE('',(#3197),#3231,.F.);
#3197 = FACE_BOUND('',#3198,.F.);
#3198 = EDGE_LOOP('',(#3199,#3209,#3217,#3225));
#3199 = ORIENTED_EDGE('',*,*,#3200,.F.);
#3200 = EDGE_CURVE('',#3201,#3203,#3205,.T.);
#3201 = VERTEX_POINT('',#3202);
#3202 = CARTESIAN_POINT('',(11.2,0.,11.2));
#3203 = VERTEX_POINT('',#3204);
#3204 = CARTESIAN_POINT('',(11.2,0.,13.2));
#3205 = LINE('',#3206,#3207);
#3206 = CARTESIAN_POINT('',(11.2,0.,11.2));
#3207 = VECTOR('',#3208,1.);
#3208 = DIRECTION('',(0.,0.,1.));
#3209 = ORIENTED_EDGE('',*,*,#3210,.T.);
#3210 = EDGE_CURVE('',#3201,#3211,#3213,.T.);
#3211 = VERTEX_POINT('',#3212);
#3212 = CARTESIAN_POINT('',(11.2,0.5,11.2));
#3213 = LINE('',#3214,#3215);
#3214 = CARTESIAN_POINT('',(11.2,0.,11.2));
#3215 = VECTOR('',#3216,1.);
#3216 = DIRECTION('',(-0.,1.,0.));
#3217 = ORIENTED_EDGE('',*,*,#3218,.T.);
#3218 = EDGE_CURVE('',#3211,#3219,#3221,.T.);
#3219 = VERTEX_POINT('',#3220);
#3220 = CARTESIAN_POINT('',(11.2,0.5,13.2));
#3221 = LINE('',#3222,#3223);
#3222 = CARTESIAN_POINT('',(11.2,0.5,11.2));
#3223 = VECTOR('',#3224,1.);
#3224 = DIRECTION('',(0.,0.,1.));
#3225 = ORIENTED_EDGE('',*,*,#3226,.F.);
#3226 = EDGE_CURVE('',#3203,#3219,#3227,.T.);
#3227 = LINE('',#3228,#3229);
#3228 = CARTESIAN_POINT('',(11.2,0.,13.2));
#3229 = VECTOR('',#3230,1.);
#3230 = DIRECTION('',(-0.,1.,0.));
#3231 = PLANE('',#3232);
#3232 = AXIS2_PLACEMENT_3D('',#3233,#3234,#3235);
#3233 = CARTESIAN_POINT('',(11.2,0.,11.2));
#3234 = DIRECTION('',(1.,0.,-0.));
#3235 = DIRECTION('',(0.,0.,1.));
#3236 = ADVANCED_FACE('',(#3237,#3262),#3296,.F.);
#3237 = FACE_BOUND('',#3238,.F.);
#3238 = EDGE_LOOP('',(#3239,#3247,#3248,#3256));
#3239 = ORIENTED_EDGE('',*,*,#3240,.F.);
#3240 = EDGE_CURVE('',#3201,#3241,#3243,.T.);
#3241 = VERTEX_POINT('',#3242);
#3242 = CARTESIAN_POINT('',(13.2,0.,11.2));
#3243 = LINE('',#3244,#3245);
#3244 = CARTESIAN_POINT('',(11.2,0.,11.2));
#3245 = VECTOR('',#3246,1.);
#3246 = DIRECTION('',(1.,0.,-0.));
#3247 = ORIENTED_EDGE('',*,*,#3200,.T.);
#3248 = ORIENTED_EDGE('',*,*,#3249,.T.);
#3249 = EDGE_CURVE('',#3203,#3250,#3252,.T.);
#3250 = VERTEX_POINT('',#3251);
#3251 = CARTESIAN_POINT('',(13.2,0.,13.2));
#3252 = LINE('',#3253,#3254);
#3253 = CARTESIAN_POINT('',(11.2,0.,13.2));
#3254 = VECTOR('',#3255,1.);
#3255 = DIRECTION('',(1.,0.,-0.));
#3256 = ORIENTED_EDGE('',*,*,#3257,.F.);
#3257 = EDGE_CURVE('',#3241,#3250,#3258,.T.);
#3258 = LINE('',#3259,#3260);
#3259 = CARTESIAN_POINT('',(13.2,0.,11.2));
#3260 = VECTOR('',#3261,1.);
#3261 = DIRECTION('',(0.,0.,1.));
#3262 = FACE_BOUND('',#3263,.F.);
#3263 = EDGE_LOOP('',(#3264,#3274,#3282,#3290));
#3264 = ORIENTED_EDGE('',*,*,#3265,.F.);
#3265 = EDGE_CURVE('',#3266,#3268,#3270,.T.);
#3266 = VERTEX_POINT('',#3267);
#3267 = CARTESIAN_POINT('',(12.1,0.,12.1));
#3268 = VERTEX_POINT('',#3269);
#3269 = CARTESIAN_POINT('',(12.1,0.,12.3));
#3270 = LINE('',#3271,#3272);
#3271 = CARTESIAN_POINT('',(12.1,0.,12.1));
#3272 = VECTOR('',#3273,1.);
#3273 = DIRECTION('',(0.,0.,1.));
#3274 = ORIENTED_EDGE('',*,*,#3275,.T.);
#3275 = EDGE_CURVE('',#3266,#3276,#3278,.T.);
#3276 = VERTEX_POINT('',#3277);
#3277 = CARTESIAN_POINT('',(12.3,0.,12.1));
#3278 = LINE('',#3279,#3280);
#3279 = CARTESIAN_POINT('',(12.1,0.,12.1));
#3280 = VECTOR('',#3281,1.);
#3281 = DIRECTION('',(1.,0.,-0.));
#3282 = ORIENTED_EDGE('',*,*,#3283,.T.);
#3283 = EDGE_CURVE('',#3276,#3284,#3286,.T.);
#3284 = VERTEX_POINT('',#3285);
#3285 = CARTESIAN_POINT('',(12.3,0.,12.3));
#3286 = LINE('',#3287,#3288);
#3287 = CARTESIAN_POINT('',(12.3,0.,12.1));
#3288 = VECTOR('',#3289,1.);
#3289 = DIRECTION('',(0.,0.,1.));
#3290 = ORIENTED_EDGE('',*,*,#3291,.F.);
#3291 = EDGE_CURVE('',#3268,#3284,#3292,.T.);
#3292 = LINE('',#3293,#3294);
#3293 = CARTESIAN_POINT('',(12.1,0.,12.3));
#3294 = VECTOR('',#3295,1.);
#3295 = DIRECTION('',(1.,0.,-0.));
#3296 = PLANE('',#3297);
#3297 = AXIS2_PLACEMENT_3D('',#3298,#3299,#3300);
#3298 = CARTESIAN_POINT('',(11.2,0.,11.2));
#3299 = DIRECTION('',(-0.,1.,0.));
#3300 = DIRECTION('',(0.,0.,1.));
#3301 = ADVANCED_FACE('',(#3302),#3320,.T.);
#3302 = FACE_BOUND('',#3303,.T.);
#3303 = EDGE_LOOP('',(#3304,#3305,#3306,#3314));
#3304 = ORIENTED_EDGE('',*,*,#3226,.F.);
#3305 = ORIENTED_EDGE('',*,*,#3249,.T.);
#3306 = ORIENTED_EDGE('',*,*,#3307,.T.);
#3307 = EDGE_CURVE('',#3250,#3308,#3310,.T.);
#3308 = VERTEX_POINT('',#3309);
#3309 = CARTESIAN_POINT('',(13.2,0.5,13.2));
#3310 = LINE('',#3311,#3312);
#3311 = CARTESIAN_POINT('',(13.2,0.,13.2));
#3312 = VECTOR('',#3313,1.);
#3313 = DIRECTION('',(-0.,1.,0.));
#3314 = ORIENTED_EDGE('',*,*,#3315,.F.);
#3315 = EDGE_CURVE('',#3219,#3308,#3316,.T.);
#3316 = LINE('',#3317,#3318);
#3317 = CARTESIAN_POINT('',(11.2,0.5,13.2));
#3318 = VECTOR('',#3319,1.);
#3319 = DIRECTION('',(1.,0.,-0.));
#3320 = PLANE('',#3321);
#3321 = AXIS2_PLACEMENT_3D('',#3322,#3323,#3324);
#3322 = CARTESIAN_POINT('',(11.2,0.,13.2));
#3323 = DIRECTION('',(0.,0.,1.));
#3324 = DIRECTION('',(1.,0.,-0.));
#3325 = ADVANCED_FACE('',(#3326,#3344),#3378,.T.);
#3326 = FACE_BOUND('',#3327,.T.);
#3327 = EDGE_LOOP('',(#3328,#3336,#3337,#3338));
#3328 = ORIENTED_EDGE('',*,*,#3329,.F.);
#3329 = EDGE_CURVE('',#3211,#3330,#3332,.T.);
#3330 = VERTEX_POINT('',#3331);
#3331 = CARTESIAN_POINT('',(13.2,0.5,11.2));
#3332 = LINE('',#3333,#3334);
#3333 = CARTESIAN_POINT('',(11.2,0.5,11.2));
#3334 = VECTOR('',#3335,1.);
#3335 = DIRECTION('',(1.,0.,-0.));
#3336 = ORIENTED_EDGE('',*,*,#3218,.T.);
#3337 = ORIENTED_EDGE('',*,*,#3315,.T.);
#3338 = ORIENTED_EDGE('',*,*,#3339,.F.);
#3339 = EDGE_CURVE('',#3330,#3308,#3340,.T.);
#3340 = LINE('',#3341,#3342);
#3341 = CARTESIAN_POINT('',(13.2,0.5,11.2));
#3342 = VECTOR('',#3343,1.);
#3343 = DIRECTION('',(0.,0.,1.));
#3344 = FACE_BOUND('',#3345,.T.);
#3345 = EDGE_LOOP('',(#3346,#3356,#3364,#3372));
#3346 = ORIENTED_EDGE('',*,*,#3347,.F.);
#3347 = EDGE_CURVE('',#3348,#3350,#3352,.T.);
#3348 = VERTEX_POINT('',#3349);
#3349 = CARTESIAN_POINT('',(12.1,0.5,12.1));
#3350 = VERTEX_POINT('',#3351);
#3351 = CARTESIAN_POINT('',(12.1,0.5,12.3));
#3352 = LINE('',#3353,#3354);
#3353 = CARTESIAN_POINT('',(12.1,0.5,12.1));
#3354 = VECTOR('',#3355,1.);
#3355 = DIRECTION('',(0.,0.,1.));
#3356 = ORIENTED_EDGE('',*,*,#3357,.T.);
#3357 = EDGE_CURVE('',#3348,#3358,#3360,.T.);
#3358 = VERTEX_POINT('',#3359);
#3359 = CARTESIAN_POINT('',(12.3,0.5,12.1));
#3360 = LINE('',#3361,#3362);
#3361 = CARTESIAN_POINT('',(12.1,0.5,12.1));
#3362 = VECTOR('',#3363,1.);
#3363 = DIRECTION('',(1.,0.,-0.));
#3364 = ORIENTED_EDGE('',*,*,#3365,.T.);
#3365 = EDGE_CURVE('',#3358,#3366,#3368,.T.);
#3366 = VERTEX_POINT('',#3367);
#3367 = CARTESIAN_POINT('',(12.3,0.5,12.3));
#3368 = LINE('',#3369,#3370);
#3369 = CARTESIAN_POINT('',(12.3,0.5,12.1));
#3370 = VECTOR('',#3371,1.);
#3371 = DIRECTION('',(0.,0.,1.));
#3372 = ORIENTED_EDGE('',*,*,#3373,.F.);
#3373 = EDGE_CURVE('',#3350,#3366,#3374,.T.);
#3374 = LINE('',#3375,#3376);
#3375 = CARTESIAN_POINT('',(12.1,0.5,12.3));
#3376 = VECTOR('',#3377,1.);
#3377 = DIRECTION('',(1.,0.,-0.));
#3378 = PLANE('',#3379);
#3379 = AXIS2_PLACEMENT_3D('',#3380,#3381,#3382);
#3380 = CARTESIAN_POINT('',(11.2,0.5,11.2));
#3381 = DIRECTION('',(-0.,1.,0.));
#3382 = DIRECTION('',(0.,0.,1.));
#3383 = ADVANCED_FACE('',(#3384),#3395,.F.);
#3384 = FACE_BOUND('',#3385,.F.);
#3385 = EDGE_LOOP('',(#3386,#3387,#3388,#3394));
#3386 = ORIENTED_EDGE('',*,*,#3210,.F.);
#3387 = ORIENTED_EDGE('',*,*,#3240,.T.);
#3388 = ORIENTED_EDGE('',*,*,#3389,.T.);
#3389 = EDGE_CURVE('',#3241,#3330,#3390,.T.);
#3390 = LINE('',#3391,#3392);
#3391 = CARTESIAN_POINT('',(13.2,0.,11.2));
#3392 = VECTOR('',#3393,1.);
#3393 = DIRECTION('',(-0.,1.,0.));
#3394 = ORIENTED_EDGE('',*,*,#3329,.F.);
#3395 = PLANE('',#3396);
#3396 = AXIS2_PLACEMENT_3D('',#3397,#3398,#3399);
#3397 = CARTESIAN_POINT('',(11.2,0.,11.2));
#3398 = DIRECTION('',(0.,0.,1.));
#3399 = DIRECTION('',(1.,0.,-0.));
#3400 = ADVANCED_FACE('',(#3401),#3407,.T.);
#3401 = FACE_BOUND('',#3402,.T.);
#3402 = EDGE_LOOP('',(#3403,#3404,#3405,#3406));
#3403 = ORIENTED_EDGE('',*,*,#3257,.F.);
#3404 = ORIENTED_EDGE('',*,*,#3389,.T.);
#3405 = ORIENTED_EDGE('',*,*,#3339,.T.);
#3406 = ORIENTED_EDGE('',*,*,#3307,.F.);
#3407 = PLANE('',#3408);
#3408 = AXIS2_PLACEMENT_3D('',#3409,#3410,#3411);
#3409 = CARTESIAN_POINT('',(13.2,0.,11.2));
#3410 = DIRECTION('',(1.,0.,-0.));
#3411 = DIRECTION('',(0.,0.,1.));
#3412 = ADVANCED_FACE('',(#3413),#3429,.T.);
#3413 = FACE_BOUND('',#3414,.T.);
#3414 = EDGE_LOOP('',(#3415,#3416,#3422,#3423));
#3415 = ORIENTED_EDGE('',*,*,#3265,.F.);
#3416 = ORIENTED_EDGE('',*,*,#3417,.T.);
#3417 = EDGE_CURVE('',#3266,#3348,#3418,.T.);
#3418 = LINE('',#3419,#3420);
#3419 = CARTESIAN_POINT('',(12.1,0.,12.1));
#3420 = VECTOR('',#3421,1.);
#3421 = DIRECTION('',(-0.,1.,0.));
#3422 = ORIENTED_EDGE('',*,*,#3347,.T.);
#3423 = ORIENTED_EDGE('',*,*,#3424,.F.);
#3424 = EDGE_CURVE('',#3268,#3350,#3425,.T.);
#3425 = LINE('',#3426,#3427);
#3426 = CARTESIAN_POINT('',(12.1,0.,12.3));
#3427 = VECTOR('',#3428,1.);
#3428 = DIRECTION('',(-0.,1.,0.));
#3429 = PLANE('',#3430);
#3430 = AXIS2_PLACEMENT_3D('',#3431,#3432,#3433);
#3431 = CARTESIAN_POINT('',(12.1,0.,12.1));
#3432 = DIRECTION('',(1.,0.,-0.));
#3433 = DIRECTION('',(0.,0.,1.));
#3434 = ADVANCED_FACE('',(#3435),#3446,.F.);
#3435 = FACE_BOUND('',#3436,.F.);
#3436 = EDGE_LOOP('',(#3437,#3438,#3439,#3445));
#3437 = ORIENTED_EDGE('',*,*,#3424,.F.);
#3438 = ORIENTED_EDGE('',*,*,#3291,.T.);
#3439 = ORIENTED_EDGE('',*,*,#3440,.T.);
#3440 = EDGE_CURVE('',#3284,#3366,#3441,.T.);
#3441 = LINE('',#3442,#3443);
#3442 = CARTESIAN_POINT('',(12.3,0.,12.3));
#3443 = VECTOR('',#3444,1.);
#3444 = DIRECTION('',(-0.,1.,0.));
#3445 = ORIENTED_EDGE('',*,*,#3373,.F.);
#3446 = PLANE('',#3447);
#3447 = AXIS2_PLACEMENT_3D('',#3448,#3449,#3450);
#3448 = CARTESIAN_POINT('',(12.1,0.,12.3));
#3449 = DIRECTION('',(0.,0.,1.));
#3450 = DIRECTION('',(1.,0.,-0.));
#3451 = ADVANCED_FACE('',(#3452),#3463,.F.);
#3452 = FACE_BOUND('',#3453,.F.);
#3453 = EDGE_LOOP('',(#3454,#3455,#3461,#3462));
#3454 = ORIENTED_EDGE('',*,*,#3283,.F.);
#3455 = ORIENTED_EDGE('',*,*,#3456,.T.);
#3456 = EDGE_CURVE('',#3276,#3358,#3457,.T.);
#3457 = LINE('',#3458,#3459);
#3458 = CARTESIAN_POINT('',(12.3,0.,12.1));
#3459 = VECTOR('',#3460,1.);
#3460 = DIRECTION('',(-0.,1.,0.));
#3461 = ORIENTED_EDGE('',*,*,#3365,.T.);
#3462 = ORIENTED_EDGE('',*,*,#3440,.F.);
#3463 = PLANE('',#3464);
#3464 = AXIS2_PLACEMENT_3D('',#3465,#3466,#3467);
#3465 = CARTESIAN_POINT('',(12.3,0.,12.1));
#3466 = DIRECTION('',(1.,0.,-0.));
#3467 = DIRECTION('',(0.,0.,1.));
#3468 = ADVANCED_FACE('',(#3469),#3475,.T.);
#3469 = FACE_BOUND('',#3470,.T.);
#3470 = EDGE_LOOP('',(#3471,#3472,#3473,#3474));
#3471 = ORIENTED_EDGE('',*,*,#3417,.F.);
#3472 = ORIENTED_EDGE('',*,*,#3275,.T.);
#3473 = ORIENTED_EDGE('',*,*,#3456,.T.);
#3474 = ORIENTED_EDGE('',*,*,#3357,.F.);
#3475 = PLANE('',#3476);
#3476 = AXIS2_PLACEMENT_3D('',#3477,#3478,#3479);
#3477 = CARTESIAN_POINT('',(12.1,0.,12.1));
#3478 = DIRECTION('',(0.,0.,1.));
#3479 = DIRECTION('',(1.,0.,-0.));
#3480 = ( GEOMETRIC_REPRESENTATION_CONTEXT(3) 
GLOBAL_UNCERTAINTY_ASSIGNED_CONTEXT((#3484)) 
GLOBAL_UNIT_ASSIGNED_CONTEXT((#3481,#3482,#3483)) REPRESENTATION_CONTEXT
('Context #1','3D Context with UNIT and UNCERTAINTY') );
#3481 = ( LENGTH_UNIT() NAMED_UNIT(*) SI_UNIT(.MILLI.,.METRE.) );
#3482 = ( NAMED_UNIT(*) PLANE_ANGLE_UNIT() SI_UNIT($,.RADIAN.) );
#3483 = ( NAMED_UNIT(*) SI_UNIT($,.STERADIAN.) SOLID_ANGLE_UNIT() );
#3484 = UNCERTAINTY_MEASURE_WITH_UNIT(LENGTH_MEASURE(1.E-07),#3481,
  'distance_accuracy_value','confusion accuracy');
#3485 = CONTEXT_DEPENDENT_SHAPE_REPRESENTATION(#3486,#3488);
#3486 = ( REPRESENTATION_RELATIONSHIP('','',#3193,#60) 
REPRESENTATION_RELATIONSHIP_WITH_TRANSFORMATION(#3487) 
SHAPE_REPRESENTATION_RELATIONSHIP() );
#3487 = ITEM_DEFINED_TRANSFORMATION('','',#11,#101);
#3488 = PRODUCT_DEFINITION_SHAPE('Placement','Placement of an item',
  #3489);
#3489 = NEXT_ASSEMBLY_USAGE_OCCURRENCE('317','Core_3_3','',#55,#3188,$);
#3490 = PRODUCT_RELATED_PRODUCT_CATEGORY('part',$,(#3190));
#3491 = SHAPE_DEFINITION_REPRESENTATION(#3492,#3498);
#3492 = PRODUCT_DEFINITION_SHAPE('','',#3493);
#3493 = PRODUCT_DEFINITION('design','',#3494,#3497);
#3494 = PRODUCT_DEFINITION_FORMATION('','',#3495);
#3495 = PRODUCT('Core_3_4','Core_3_4','',(#3496));
#3496 = PRODUCT_CONTEXT('',#2,'mechanical');
#3497 = PRODUCT_DEFINITION_CONTEXT('part definition',#2,'design');
#3498 = ADVANCED_BREP_SHAPE_REPRESENTATION('',(#11,#3499),#3785);
#3499 = MANIFOLD_SOLID_BREP('',#3500);
#3500 = CLOSED_SHELL('',(#3501,#3541,#3606,#3630,#3688,#3705,#3717,#3739
    ,#3756,#3773));
#3501 = ADVANCED_FACE('',(#3502),#3536,.F.);
#3502 = FACE_BOUND('',#3503,.F.);
#3503 = EDGE_LOOP('',(#3504,#3514,#3522,#3530));
#3504 = ORIENTED_EDGE('',*,*,#3505,.F.);
#3505 = EDGE_CURVE('',#3506,#3508,#3510,.T.);
#3506 = VERTEX_POINT('',#3507);
#3507 = CARTESIAN_POINT('',(11.2,0.,15.6));
#3508 = VERTEX_POINT('',#3509);
#3509 = CARTESIAN_POINT('',(11.2,0.,17.6));
#3510 = LINE('',#3511,#3512);
#3511 = CARTESIAN_POINT('',(11.2,0.,15.6));
#3512 = VECTOR('',#3513,1.);
#3513 = DIRECTION('',(0.,0.,1.));
#3514 = ORIENTED_EDGE('',*,*,#3515,.T.);
#3515 = EDGE_CURVE('',#3506,#3516,#3518,.T.);
#3516 = VERTEX_POINT('',#3517);
#3517 = CARTESIAN_POINT('',(11.2,0.5,15.6));
#3518 = LINE('',#3519,#3520);
#3519 = CARTESIAN_POINT('',(11.2,0.,15.6));
#3520 = VECTOR('',#3521,1.);
#3521 = DIRECTION('',(-0.,1.,0.));
#3522 = ORIENTED_EDGE('',*,*,#3523,.T.);
#3523 = EDGE_CURVE('',#3516,#3524,#3526,.T.);
#3524 = VERTEX_POINT('',#3525);
#3525 = CARTESIAN_POINT('',(11.2,0.5,17.6));
#3526 = LINE('',#3527,#3528);
#3527 = CARTESIAN_POINT('',(11.2,0.5,15.6));
#3528 = VECTOR('',#3529,1.);
#3529 = DIRECTION('',(0.,0.,1.));
#3530 = ORIENTED_EDGE('',*,*,#3531,.F.);
#3531 = EDGE_CURVE('',#3508,#3524,#3532,.T.);
#3532 = LINE('',#3533,#3534);
#3533 = CARTESIAN_POINT('',(11.2,0.,17.6));
#3534 = VECTOR('',#3535,1.);
#3535 = DIRECTION('',(-0.,1.,0.));
#3536 = PLANE('',#3537);
#3537 = AXIS2_PLACEMENT_3D('',#3538,#3539,#3540);
#3538 = CARTESIAN_POINT('',(11.2,0.,15.6));
#3539 = DIRECTION('',(1.,0.,-0.));
#3540 = DIRECTION('',(0.,0.,1.));
#3541 = ADVANCED_FACE('',(#3542,#3567),#3601,.F.);
#3542 = FACE_BOUND('',#3543,.F.);
#3543 = EDGE_LOOP('',(#3544,#3552,#3553,#3561));
#3544 = ORIENTED_EDGE('',*,*,#3545,.F.);
#3545 = EDGE_CURVE('',#3506,#3546,#3548,.T.);
#3546 = VERTEX_POINT('',#3547);
#3547 = CARTESIAN_POINT('',(13.2,0.,15.6));
#3548 = LINE('',#3549,#3550);
#3549 = CARTESIAN_POINT('',(11.2,0.,15.6));
#3550 = VECTOR('',#3551,1.);
#3551 = DIRECTION('',(1.,0.,-0.));
#3552 = ORIENTED_EDGE('',*,*,#3505,.T.);
#3553 = ORIENTED_EDGE('',*,*,#3554,.T.);
#3554 = EDGE_CURVE('',#3508,#3555,#3557,.T.);
#3555 = VERTEX_POINT('',#3556);
#3556 = CARTESIAN_POINT('',(13.2,0.,17.6));
#3557 = LINE('',#3558,#3559);
#3558 = CARTESIAN_POINT('',(11.2,0.,17.6));
#3559 = VECTOR('',#3560,1.);
#3560 = DIRECTION('',(1.,0.,-0.));
#3561 = ORIENTED_EDGE('',*,*,#3562,.F.);
#3562 = EDGE_CURVE('',#3546,#3555,#3563,.T.);
#3563 = LINE('',#3564,#3565);
#3564 = CARTESIAN_POINT('',(13.2,0.,15.6));
#3565 = VECTOR('',#3566,1.);
#3566 = DIRECTION('',(0.,0.,1.));
#3567 = FACE_BOUND('',#3568,.F.);
#3568 = EDGE_LOOP('',(#3569,#3579,#3587,#3595));
#3569 = ORIENTED_EDGE('',*,*,#3570,.F.);
#3570 = EDGE_CURVE('',#3571,#3573,#3575,.T.);
#3571 = VERTEX_POINT('',#3572);
#3572 = CARTESIAN_POINT('',(12.1,0.,16.5));
#3573 = VERTEX_POINT('',#3574);
#3574 = CARTESIAN_POINT('',(12.1,0.,16.7));
#3575 = LINE('',#3576,#3577);
#3576 = CARTESIAN_POINT('',(12.1,0.,16.5));
#3577 = VECTOR('',#3578,1.);
#3578 = DIRECTION('',(0.,0.,1.));
#3579 = ORIENTED_EDGE('',*,*,#3580,.T.);
#3580 = EDGE_CURVE('',#3571,#3581,#3583,.T.);
#3581 = VERTEX_POINT('',#3582);
#3582 = CARTESIAN_POINT('',(12.3,0.,16.5));
#3583 = LINE('',#3584,#3585);
#3584 = CARTESIAN_POINT('',(12.1,0.,16.5));
#3585 = VECTOR('',#3586,1.);
#3586 = DIRECTION('',(1.,0.,-0.));
#3587 = ORIENTED_EDGE('',*,*,#3588,.T.);
#3588 = EDGE_CURVE('',#3581,#3589,#3591,.T.);
#3589 = VERTEX_POINT('',#3590);
#3590 = CARTESIAN_POINT('',(12.3,0.,16.7));
#3591 = LINE('',#3592,#3593);
#3592 = CARTESIAN_POINT('',(12.3,0.,16.5));
#3593 = VECTOR('',#3594,1.);
#3594 = DIRECTION('',(0.,0.,1.));
#3595 = ORIENTED_EDGE('',*,*,#3596,.F.);
#3596 = EDGE_CURVE('',#3573,#3589,#3597,.T.);
#3597 = LINE('',#3598,#3599);
#3598 = CARTESIAN_POINT('',(12.1,0.,16.7));
#3599 = VECTOR('',#3600,1.);
#3600 = DIRECTION('',(1.,0.,-0.));
#3601 = PLANE('',#3602);
#3602 = AXIS2_PLACEMENT_3D('',#3603,#3604,#3605);
#3603 = CARTESIAN_POINT('',(11.2,0.,15.6));
#3604 = DIRECTION('',(-0.,1.,0.));
#3605 = DIRECTION('',(0.,0.,1.));
#3606 = ADVANCED_FACE('',(#3607),#3625,.T.);
#3607 = FACE_BOUND('',#3608,.T.);
#3608 = EDGE_LOOP('',(#3609,#3610,#3611,#3619));
#3609 = ORIENTED_EDGE('',*,*,#3531,.F.);
#3610 = ORIENTED_EDGE('',*,*,#3554,.T.);
#3611 = ORIENTED_EDGE('',*,*,#3612,.T.);
#3612 = EDGE_CURVE('',#3555,#3613,#3615,.T.);
#3613 = VERTEX_POINT('',#3614);
#3614 = CARTESIAN_POINT('',(13.2,0.5,17.6));
#3615 = LINE('',#3616,#3617);
#3616 = CARTESIAN_POINT('',(13.2,0.,17.6));
#3617 = VECTOR('',#3618,1.);
#3618 = DIRECTION('',(-0.,1.,0.));
#3619 = ORIENTED_EDGE('',*,*,#3620,.F.);
#3620 = EDGE_CURVE('',#3524,#3613,#3621,.T.);
#3621 = LINE('',#3622,#3623);
#3622 = CARTESIAN_POINT('',(11.2,0.5,17.6));
#3623 = VECTOR('',#3624,1.);
#3624 = DIRECTION('',(1.,0.,-0.));
#3625 = PLANE('',#3626);
#3626 = AXIS2_PLACEMENT_3D('',#3627,#3628,#3629);
#3627 = CARTESIAN_POINT('',(11.2,0.,17.6));
#3628 = DIRECTION('',(0.,0.,1.));
#3629 = DIRECTION('',(1.,0.,-0.));
#3630 = ADVANCED_FACE('',(#3631,#3649),#3683,.T.);
#3631 = FACE_BOUND('',#3632,.T.);
#3632 = EDGE_LOOP('',(#3633,#3641,#3642,#3643));
#3633 = ORIENTED_EDGE('',*,*,#3634,.F.);
#3634 = EDGE_CURVE('',#3516,#3635,#3637,.T.);
#3635 = VERTEX_POINT('',#3636);
#3636 = CARTESIAN_POINT('',(13.2,0.5,15.6));
#3637 = LINE('',#3638,#3639);
#3638 = CARTESIAN_POINT('',(11.2,0.5,15.6));
#3639 = VECTOR('',#3640,1.);
#3640 = DIRECTION('',(1.,0.,-0.));
#3641 = ORIENTED_EDGE('',*,*,#3523,.T.);
#3642 = ORIENTED_EDGE('',*,*,#3620,.T.);
#3643 = ORIENTED_EDGE('',*,*,#3644,.F.);
#3644 = EDGE_CURVE('',#3635,#3613,#3645,.T.);
#3645 = LINE('',#3646,#3647);
#3646 = CARTESIAN_POINT('',(13.2,0.5,15.6));
#3647 = VECTOR('',#3648,1.);
#3648 = DIRECTION('',(0.,0.,1.));
#3649 = FACE_BOUND('',#3650,.T.);
#3650 = EDGE_LOOP('',(#3651,#3661,#3669,#3677));
#3651 = ORIENTED_EDGE('',*,*,#3652,.F.);
#3652 = EDGE_CURVE('',#3653,#3655,#3657,.T.);
#3653 = VERTEX_POINT('',#3654);
#3654 = CARTESIAN_POINT('',(12.1,0.5,16.5));
#3655 = VERTEX_POINT('',#3656);
#3656 = CARTESIAN_POINT('',(12.1,0.5,16.7));
#3657 = LINE('',#3658,#3659);
#3658 = CARTESIAN_POINT('',(12.1,0.5,16.5));
#3659 = VECTOR('',#3660,1.);
#3660 = DIRECTION('',(0.,0.,1.));
#3661 = ORIENTED_EDGE('',*,*,#3662,.T.);
#3662 = EDGE_CURVE('',#3653,#3663,#3665,.T.);
#3663 = VERTEX_POINT('',#3664);
#3664 = CARTESIAN_POINT('',(12.3,0.5,16.5));
#3665 = LINE('',#3666,#3667);
#3666 = CARTESIAN_POINT('',(12.1,0.5,16.5));
#3667 = VECTOR('',#3668,1.);
#3668 = DIRECTION('',(1.,0.,-0.));
#3669 = ORIENTED_EDGE('',*,*,#3670,.T.);
#3670 = EDGE_CURVE('',#3663,#3671,#3673,.T.);
#3671 = VERTEX_POINT('',#3672);
#3672 = CARTESIAN_POINT('',(12.3,0.5,16.7));
#3673 = LINE('',#3674,#3675);
#3674 = CARTESIAN_POINT('',(12.3,0.5,16.5));
#3675 = VECTOR('',#3676,1.);
#3676 = DIRECTION('',(0.,0.,1.));
#3677 = ORIENTED_EDGE('',*,*,#3678,.F.);
#3678 = EDGE_CURVE('',#3655,#3671,#3679,.T.);
#3679 = LINE('',#3680,#3681);
#3680 = CARTESIAN_POINT('',(12.1,0.5,16.7));
#3681 = VECTOR('',#3682,1.);
#3682 = DIRECTION('',(1.,0.,-0.));
#3683 = PLANE('',#3684);
#3684 = AXIS2_PLACEMENT_3D('',#3685,#3686,#3687);
#3685 = CARTESIAN_POINT('',(11.2,0.5,15.6));
#3686 = DIRECTION('',(-0.,1.,0.));
#3687 = DIRECTION('',(0.,0.,1.));
#3688 = ADVANCED_FACE('',(#3689),#3700,.F.);
#3689 = FACE_BOUND('',#3690,.F.);
#3690 = EDGE_LOOP('',(#3691,#3692,#3693,#3699));
#3691 = ORIENTED_EDGE('',*,*,#3515,.F.);
#3692 = ORIENTED_EDGE('',*,*,#3545,.T.);
#3693 = ORIENTED_EDGE('',*,*,#3694,.T.);
#3694 = EDGE_CURVE('',#3546,#3635,#3695,.T.);
#3695 = LINE('',#3696,#3697);
#3696 = CARTESIAN_POINT('',(13.2,0.,15.6));
#3697 = VECTOR('',#3698,1.);
#3698 = DIRECTION('',(-0.,1.,0.));
#3699 = ORIENTED_EDGE('',*,*,#3634,.F.);
#3700 = PLANE('',#3701);
#3701 = AXIS2_PLACEMENT_3D('',#3702,#3703,#3704);
#3702 = CARTESIAN_POINT('',(11.2,0.,15.6));
#3703 = DIRECTION('',(0.,0.,1.));
#3704 = DIRECTION('',(1.,0.,-0.));
#3705 = ADVANCED_FACE('',(#3706),#3712,.T.);
#3706 = FACE_BOUND('',#3707,.T.);
#3707 = EDGE_LOOP('',(#3708,#3709,#3710,#3711));
#3708 = ORIENTED_EDGE('',*,*,#3562,.F.);
#3709 = ORIENTED_EDGE('',*,*,#3694,.T.);
#3710 = ORIENTED_EDGE('',*,*,#3644,.T.);
#3711 = ORIENTED_EDGE('',*,*,#3612,.F.);
#3712 = PLANE('',#3713);
#3713 = AXIS2_PLACEMENT_3D('',#3714,#3715,#3716);
#3714 = CARTESIAN_POINT('',(13.2,0.,15.6));
#3715 = DIRECTION('',(1.,0.,-0.));
#3716 = DIRECTION('',(0.,0.,1.));
#3717 = ADVANCED_FACE('',(#3718),#3734,.T.);
#3718 = FACE_BOUND('',#3719,.T.);
#3719 = EDGE_LOOP('',(#3720,#3721,#3727,#3728));
#3720 = ORIENTED_EDGE('',*,*,#3570,.F.);
#3721 = ORIENTED_EDGE('',*,*,#3722,.T.);
#3722 = EDGE_CURVE('',#3571,#3653,#3723,.T.);
#3723 = LINE('',#3724,#3725);
#3724 = CARTESIAN_POINT('',(12.1,0.,16.5));
#3725 = VECTOR('',#3726,1.);
#3726 = DIRECTION('',(-0.,1.,0.));
#3727 = ORIENTED_EDGE('',*,*,#3652,.T.);
#3728 = ORIENTED_EDGE('',*,*,#3729,.F.);
#3729 = EDGE_CURVE('',#3573,#3655,#3730,.T.);
#3730 = LINE('',#3731,#3732);
#3731 = CARTESIAN_POINT('',(12.1,0.,16.7));
#3732 = VECTOR('',#3733,1.);
#3733 = DIRECTION('',(-0.,1.,0.));
#3734 = PLANE('',#3735);
#3735 = AXIS2_PLACEMENT_3D('',#3736,#3737,#3738);
#3736 = CARTESIAN_POINT('',(12.1,0.,16.5));
#3737 = DIRECTION('',(1.,0.,-0.));
#3738 = DIRECTION('',(0.,0.,1.));
#3739 = ADVANCED_FACE('',(#3740),#3751,.F.);
#3740 = FACE_BOUND('',#3741,.F.);
#3741 = EDGE_LOOP('',(#3742,#3743,#3744,#3750));
#3742 = ORIENTED_EDGE('',*,*,#3729,.F.);
#3743 = ORIENTED_EDGE('',*,*,#3596,.T.);
#3744 = ORIENTED_EDGE('',*,*,#3745,.T.);
#3745 = EDGE_CURVE('',#3589,#3671,#3746,.T.);
#3746 = LINE('',#3747,#3748);
#3747 = CARTESIAN_POINT('',(12.3,0.,16.7));
#3748 = VECTOR('',#3749,1.);
#3749 = DIRECTION('',(-0.,1.,0.));
#3750 = ORIENTED_EDGE('',*,*,#3678,.F.);
#3751 = PLANE('',#3752);
#3752 = AXIS2_PLACEMENT_3D('',#3753,#3754,#3755);
#3753 = CARTESIAN_POINT('',(12.1,0.,16.7));
#3754 = DIRECTION('',(0.,0.,1.));
#3755 = DIRECTION('',(1.,0.,-0.));
#3756 = ADVANCED_FACE('',(#3757),#3768,.F.);
#3757 = FACE_BOUND('',#3758,.F.);
#3758 = EDGE_LOOP('',(#3759,#3760,#3766,#3767));
#3759 = ORIENTED_EDGE('',*,*,#3588,.F.);
#3760 = ORIENTED_EDGE('',*,*,#3761,.T.);
#3761 = EDGE_CURVE('',#3581,#3663,#3762,.T.);
#3762 = LINE('',#3763,#3764);
#3763 = CARTESIAN_POINT('',(12.3,0.,16.5));
#3764 = VECTOR('',#3765,1.);
#3765 = DIRECTION('',(-0.,1.,0.));
#3766 = ORIENTED_EDGE('',*,*,#3670,.T.);
#3767 = ORIENTED_EDGE('',*,*,#3745,.F.);
#3768 = PLANE('',#3769);
#3769 = AXIS2_PLACEMENT_3D('',#3770,#3771,#3772);
#3770 = CARTESIAN_POINT('',(12.3,0.,16.5));
#3771 = DIRECTION('',(1.,0.,-0.));
#3772 = DIRECTION('',(0.,0.,1.));
#3773 = ADVANCED_FACE('',(#3774),#3780,.T.);
#3774 = FACE_BOUND('',#3775,.T.);
#3775 = EDGE_LOOP('',(#3776,#3777,#3778,#3779));
#3776 = ORIENTED_EDGE('',*,*,#3722,.F.);
#3777 = ORIENTED_EDGE('',*,*,#3580,.T.);
#3778 = ORIENTED_EDGE('',*,*,#3761,.T.);
#3779 = ORIENTED_EDGE('',*,*,#3662,.F.);
#3780 = PLANE('',#3781);
#3781 = AXIS2_PLACEMENT_3D('',#3782,#3783,#3784);
#3782 = CARTESIAN_POINT('',(12.1,0.,16.5));
#3783 = DIRECTION('',(0.,0.,1.));
#3784 = DIRECTION('',(1.,0.,-0.));
#3785 = ( GEOMETRIC_REPRESENTATION_CONTEXT(3) 
GLOBAL_UNCERTAINTY_ASSIGNED_CONTEXT((#3789)) 
GLOBAL_UNIT_ASSIGNED_CONTEXT((#3786,#3787,#3788)) REPRESENTATION_CONTEXT
('Context #1','3D Context with UNIT and UNCERTAINTY') );
#3786 = ( LENGTH_UNIT() NAMED_UNIT(*) SI_UNIT(.MILLI.,.METRE.) );
#3787 = ( NAMED_UNIT(*) PLANE_ANGLE_UNIT() SI_UNIT($,.RADIAN.) );
#3788 = ( NAMED_UNIT(*) SI_UNIT($,.STERADIAN.) SOLID_ANGLE_UNIT() );
#3789 = UNCERTAINTY_MEASURE_WITH_UNIT(LENGTH_MEASURE(1.E-07),#3786,
  'distance_accuracy_value','confusion accuracy');
#3790 = CONTEXT_DEPENDENT_SHAPE_REPRESENTATION(#3791,#3793);
#3791 = ( REPRESENTATION_RELATIONSHIP('','',#3498,#60) 
REPRESENTATION_RELATIONSHIP_WITH_TRANSFORMATION(#3792) 
SHAPE_REPRESENTATION_RELATIONSHIP() );
#3792 = ITEM_DEFINED_TRANSFORMATION('','',#11,#105);
#3793 = PRODUCT_DEFINITION_SHAPE('Placement','Placement of an item',
  #3794);
#3794 = NEXT_ASSEMBLY_USAGE_OCCURRENCE('318','Core_3_4','',#55,#3493,$);
#3795 = PRODUCT_RELATED_PRODUCT_CATEGORY('part',$,(#3495));
#3796 = SHAPE_DEFINITION_REPRESENTATION(#3797,#3803);
#3797 = PRODUCT_DEFINITION_SHAPE('','',#3798);
#3798 = PRODUCT_DEFINITION('design','',#3799,#3802);
#3799 = PRODUCT_DEFINITION_FORMATION('','',#3800);
#3800 = PRODUCT('Core_4_1','Core_4_1','',(#3801));
#3801 = PRODUCT_CONTEXT('',#2,'mechanical');
#3802 = PRODUCT_DEFINITION_CONTEXT('part definition',#2,'design');
#3803 = ADVANCED_BREP_SHAPE_REPRESENTATION('',(#11,#3804),#4090);
#3804 = MANIFOLD_SOLID_BREP('',#3805);
#3805 = CLOSED_SHELL('',(#3806,#3846,#3911,#3935,#3993,#4010,#4022,#4044
    ,#4061,#4078));
#3806 = ADVANCED_FACE('',(#3807),#3841,.F.);
#3807 = FACE_BOUND('',#3808,.F.);
#3808 = EDGE_LOOP('',(#3809,#3819,#3827,#3835));
#3809 = ORIENTED_EDGE('',*,*,#3810,.F.);
#3810 = EDGE_CURVE('',#3811,#3813,#3815,.T.);
#3811 = VERTEX_POINT('',#3812);
#3812 = CARTESIAN_POINT('',(15.6,0.,2.4));
#3813 = VERTEX_POINT('',#3814);
#3814 = CARTESIAN_POINT('',(15.6,0.,4.4));
#3815 = LINE('',#3816,#3817);
#3816 = CARTESIAN_POINT('',(15.6,0.,2.4));
#3817 = VECTOR('',#3818,1.);
#3818 = DIRECTION('',(0.,0.,1.));
#3819 = ORIENTED_EDGE('',*,*,#3820,.T.);
#3820 = EDGE_CURVE('',#3811,#3821,#3823,.T.);
#3821 = VERTEX_POINT('',#3822);
#3822 = CARTESIAN_POINT('',(15.6,0.5,2.4));
#3823 = LINE('',#3824,#3825);
#3824 = CARTESIAN_POINT('',(15.6,0.,2.4));
#3825 = VECTOR('',#3826,1.);
#3826 = DIRECTION('',(-0.,1.,0.));
#3827 = ORIENTED_EDGE('',*,*,#3828,.T.);
#3828 = EDGE_CURVE('',#3821,#3829,#3831,.T.);
#3829 = VERTEX_POINT('',#3830);
#3830 = CARTESIAN_POINT('',(15.6,0.5,4.4));
#3831 = LINE('',#3832,#3833);
#3832 = CARTESIAN_POINT('',(15.6,0.5,2.4));
#3833 = VECTOR('',#3834,1.);
#3834 = DIRECTION('',(0.,0.,1.));
#3835 = ORIENTED_EDGE('',*,*,#3836,.F.);
#3836 = EDGE_CURVE('',#3813,#3829,#3837,.T.);
#3837 = LINE('',#3838,#3839);
#3838 = CARTESIAN_POINT('',(15.6,0.,4.4));
#3839 = VECTOR('',#3840,1.);
#3840 = DIRECTION('',(-0.,1.,0.));
#3841 = PLANE('',#3842);
#3842 = AXIS2_PLACEMENT_3D('',#3843,#3844,#3845);
#3843 = CARTESIAN_POINT('',(15.6,0.,2.4));
#3844 = DIRECTION('',(1.,0.,-0.));
#3845 = DIRECTION('',(0.,0.,1.));
#3846 = ADVANCED_FACE('',(#3847,#3872),#3906,.F.);
#3847 = FACE_BOUND('',#3848,.F.);
#3848 = EDGE_LOOP('',(#3849,#3857,#3858,#3866));
#3849 = ORIENTED_EDGE('',*,*,#3850,.F.);
#3850 = EDGE_CURVE('',#3811,#3851,#3853,.T.);
#3851 = VERTEX_POINT('',#3852);
#3852 = CARTESIAN_POINT('',(17.6,0.,2.4));
#3853 = LINE('',#3854,#3855);
#3854 = CARTESIAN_POINT('',(15.6,0.,2.4));
#3855 = VECTOR('',#3856,1.);
#3856 = DIRECTION('',(1.,0.,-0.));
#3857 = ORIENTED_EDGE('',*,*,#3810,.T.);
#3858 = ORIENTED_EDGE('',*,*,#3859,.T.);
#3859 = EDGE_CURVE('',#3813,#3860,#3862,.T.);
#3860 = VERTEX_POINT('',#3861);
#3861 = CARTESIAN_POINT('',(17.6,0.,4.4));
#3862 = LINE('',#3863,#3864);
#3863 = CARTESIAN_POINT('',(15.6,0.,4.4));
#3864 = VECTOR('',#3865,1.);
#3865 = DIRECTION('',(1.,0.,-0.));
#3866 = ORIENTED_EDGE('',*,*,#3867,.F.);
#3867 = EDGE_CURVE('',#3851,#3860,#3868,.T.);
#3868 = LINE('',#3869,#3870);
#3869 = CARTESIAN_POINT('',(17.6,0.,2.4));
#3870 = VECTOR('',#3871,1.);
#3871 = DIRECTION('',(0.,0.,1.));
#3872 = FACE_BOUND('',#3873,.F.);
#3873 = EDGE_LOOP('',(#3874,#3884,#3892,#3900));
#3874 = ORIENTED_EDGE('',*,*,#3875,.F.);
#3875 = EDGE_CURVE('',#3876,#3878,#3880,.T.);
#3876 = VERTEX_POINT('',#3877);
#3877 = CARTESIAN_POINT('',(16.5,0.,3.3));
#3878 = VERTEX_POINT('',#3879);
#3879 = CARTESIAN_POINT('',(16.5,0.,3.5));
#3880 = LINE('',#3881,#3882);
#3881 = CARTESIAN_POINT('',(16.5,0.,3.3));
#3882 = VECTOR('',#3883,1.);
#3883 = DIRECTION('',(0.,0.,1.));
#3884 = ORIENTED_EDGE('',*,*,#3885,.T.);
#3885 = EDGE_CURVE('',#3876,#3886,#3888,.T.);
#3886 = VERTEX_POINT('',#3887);
#3887 = CARTESIAN_POINT('',(16.7,0.,3.3));
#3888 = LINE('',#3889,#3890);
#3889 = CARTESIAN_POINT('',(16.5,0.,3.3));
#3890 = VECTOR('',#3891,1.);
#3891 = DIRECTION('',(1.,0.,-0.));
#3892 = ORIENTED_EDGE('',*,*,#3893,.T.);
#3893 = EDGE_CURVE('',#3886,#3894,#3896,.T.);
#3894 = VERTEX_POINT('',#3895);
#3895 = CARTESIAN_POINT('',(16.7,0.,3.5));
#3896 = LINE('',#3897,#3898);
#3897 = CARTESIAN_POINT('',(16.7,0.,3.3));
#3898 = VECTOR('',#3899,1.);
#3899 = DIRECTION('',(0.,0.,1.));
#3900 = ORIENTED_EDGE('',*,*,#3901,.F.);
#3901 = EDGE_CURVE('',#3878,#3894,#3902,.T.);
#3902 = LINE('',#3903,#3904);
#3903 = CARTESIAN_POINT('',(16.5,0.,3.5));
#3904 = VECTOR('',#3905,1.);
#3905 = DIRECTION('',(1.,0.,-0.));
#3906 = PLANE('',#3907);
#3907 = AXIS2_PLACEMENT_3D('',#3908,#3909,#3910);
#3908 = CARTESIAN_POINT('',(15.6,0.,2.4));
#3909 = DIRECTION('',(-0.,1.,0.));
#3910 = DIRECTION('',(0.,0.,1.));
#3911 = ADVANCED_FACE('',(#3912),#3930,.T.);
#3912 = FACE_BOUND('',#3913,.T.);
#3913 = EDGE_LOOP('',(#3914,#3915,#3916,#3924));
#3914 = ORIENTED_EDGE('',*,*,#3836,.F.);
#3915 = ORIENTED_EDGE('',*,*,#3859,.T.);
#3916 = ORIENTED_EDGE('',*,*,#3917,.T.);
#3917 = EDGE_CURVE('',#3860,#3918,#3920,.T.);
#3918 = VERTEX_POINT('',#3919);
#3919 = CARTESIAN_POINT('',(17.6,0.5,4.4));
#3920 = LINE('',#3921,#3922);
#3921 = CARTESIAN_POINT('',(17.6,0.,4.4));
#3922 = VECTOR('',#3923,1.);
#3923 = DIRECTION('',(-0.,1.,0.));
#3924 = ORIENTED_EDGE('',*,*,#3925,.F.);
#3925 = EDGE_CURVE('',#3829,#3918,#3926,.T.);
#3926 = LINE('',#3927,#3928);
#3927 = CARTESIAN_POINT('',(15.6,0.5,4.4));
#3928 = VECTOR('',#3929,1.);
#3929 = DIRECTION('',(1.,0.,-0.));
#3930 = PLANE('',#3931);
#3931 = AXIS2_PLACEMENT_3D('',#3932,#3933,#3934);
#3932 = CARTESIAN_POINT('',(15.6,0.,4.4));
#3933 = DIRECTION('',(0.,0.,1.));
#3934 = DIRECTION('',(1.,0.,-0.));
#3935 = ADVANCED_FACE('',(#3936,#3954),#3988,.T.);
#3936 = FACE_BOUND('',#3937,.T.);
#3937 = EDGE_LOOP('',(#3938,#3946,#3947,#3948));
#3938 = ORIENTED_EDGE('',*,*,#3939,.F.);
#3939 = EDGE_CURVE('',#3821,#3940,#3942,.T.);
#3940 = VERTEX_POINT('',#3941);
#3941 = CARTESIAN_POINT('',(17.6,0.5,2.4));
#3942 = LINE('',#3943,#3944);
#3943 = CARTESIAN_POINT('',(15.6,0.5,2.4));
#3944 = VECTOR('',#3945,1.);
#3945 = DIRECTION('',(1.,0.,-0.));
#3946 = ORIENTED_EDGE('',*,*,#3828,.T.);
#3947 = ORIENTED_EDGE('',*,*,#3925,.T.);
#3948 = ORIENTED_EDGE('',*,*,#3949,.F.);
#3949 = EDGE_CURVE('',#3940,#3918,#3950,.T.);
#3950 = LINE('',#3951,#3952);
#3951 = CARTESIAN_POINT('',(17.6,0.5,2.4));
#3952 = VECTOR('',#3953,1.);
#3953 = DIRECTION('',(0.,0.,1.));
#3954 = FACE_BOUND('',#3955,.T.);
#3955 = EDGE_LOOP('',(#3956,#3966,#3974,#3982));
#3956 = ORIENTED_EDGE('',*,*,#3957,.F.);
#3957 = EDGE_CURVE('',#3958,#3960,#3962,.T.);
#3958 = VERTEX_POINT('',#3959);
#3959 = CARTESIAN_POINT('',(16.5,0.5,3.3));
#3960 = VERTEX_POINT('',#3961);
#3961 = CARTESIAN_POINT('',(16.5,0.5,3.5));
#3962 = LINE('',#3963,#3964);
#3963 = CARTESIAN_POINT('',(16.5,0.5,3.3));
#3964 = VECTOR('',#3965,1.);
#3965 = DIRECTION('',(0.,0.,1.));
#3966 = ORIENTED_EDGE('',*,*,#3967,.T.);
#3967 = EDGE_CURVE('',#3958,#3968,#3970,.T.);
#3968 = VERTEX_POINT('',#3969);
#3969 = CARTESIAN_POINT('',(16.7,0.5,3.3));
#3970 = LINE('',#3971,#3972);
#3971 = CARTESIAN_POINT('',(16.5,0.5,3.3));
#3972 = VECTOR('',#3973,1.);
#3973 = DIRECTION('',(1.,0.,-0.));
#3974 = ORIENTED_EDGE('',*,*,#3975,.T.);
#3975 = EDGE_CURVE('',#3968,#3976,#3978,.T.);
#3976 = VERTEX_POINT('',#3977);
#3977 = CARTESIAN_POINT('',(16.7,0.5,3.5));
#3978 = LINE('',#3979,#3980);
#3979 = CARTESIAN_POINT('',(16.7,0.5,3.3));
#3980 = VECTOR('',#3981,1.);
#3981 = DIRECTION('',(0.,0.,1.));
#3982 = ORIENTED_EDGE('',*,*,#3983,.F.);
#3983 = EDGE_CURVE('',#3960,#3976,#3984,.T.);
#3984 = LINE('',#3985,#3986);
#3985 = CARTESIAN_POINT('',(16.5,0.5,3.5));
#3986 = VECTOR('',#3987,1.);
#3987 = DIRECTION('',(1.,0.,-0.));
#3988 = PLANE('',#3989);
#3989 = AXIS2_PLACEMENT_3D('',#3990,#3991,#3992);
#3990 = CARTESIAN_POINT('',(15.6,0.5,2.4));
#3991 = DIRECTION('',(-0.,1.,0.));
#3992 = DIRECTION('',(0.,0.,1.));
#3993 = ADVANCED_FACE('',(#3994),#4005,.F.);
#3994 = FACE_BOUND('',#3995,.F.);
#3995 = EDGE_LOOP('',(#3996,#3997,#3998,#4004));
#3996 = ORIENTED_EDGE('',*,*,#3820,.F.);
#3997 = ORIENTED_EDGE('',*,*,#3850,.T.);
#3998 = ORIENTED_EDGE('',*,*,#3999,.T.);
#3999 = EDGE_CURVE('',#3851,#3940,#4000,.T.);
#4000 = LINE('',#4001,#4002);
#4001 = CARTESIAN_POINT('',(17.6,0.,2.4));
#4002 = VECTOR('',#4003,1.);
#4003 = DIRECTION('',(-0.,1.,0.));
#4004 = ORIENTED_EDGE('',*,*,#3939,.F.);
#4005 = PLANE('',#4006);
#4006 = AXIS2_PLACEMENT_3D('',#4007,#4008,#4009);
#4007 = CARTESIAN_POINT('',(15.6,0.,2.4));
#4008 = DIRECTION('',(0.,0.,1.));
#4009 = DIRECTION('',(1.,0.,-0.));
#4010 = ADVANCED_FACE('',(#4011),#4017,.T.);
#4011 = FACE_BOUND('',#4012,.T.);
#4012 = EDGE_LOOP('',(#4013,#4014,#4015,#4016));
#4013 = ORIENTED_EDGE('',*,*,#3867,.F.);
#4014 = ORIENTED_EDGE('',*,*,#3999,.T.);
#4015 = ORIENTED_EDGE('',*,*,#3949,.T.);
#4016 = ORIENTED_EDGE('',*,*,#3917,.F.);
#4017 = PLANE('',#4018);
#4018 = AXIS2_PLACEMENT_3D('',#4019,#4020,#4021);
#4019 = CARTESIAN_POINT('',(17.6,0.,2.4));
#4020 = DIRECTION('',(1.,0.,-0.));
#4021 = DIRECTION('',(0.,0.,1.));
#4022 = ADVANCED_FACE('',(#4023),#4039,.T.);
#4023 = FACE_BOUND('',#4024,.T.);
#4024 = EDGE_LOOP('',(#4025,#4026,#4032,#4033));
#4025 = ORIENTED_EDGE('',*,*,#3875,.F.);
#4026 = ORIENTED_EDGE('',*,*,#4027,.T.);
#4027 = EDGE_CURVE('',#3876,#3958,#4028,.T.);
#4028 = LINE('',#4029,#4030);
#4029 = CARTESIAN_POINT('',(16.5,0.,3.3));
#4030 = VECTOR('',#4031,1.);
#4031 = DIRECTION('',(-0.,1.,0.));
#4032 = ORIENTED_EDGE('',*,*,#3957,.T.);
#4033 = ORIENTED_EDGE('',*,*,#4034,.F.);
#4034 = EDGE_CURVE('',#3878,#3960,#4035,.T.);
#4035 = LINE('',#4036,#4037);
#4036 = CARTESIAN_POINT('',(16.5,0.,3.5));
#4037 = VECTOR('',#4038,1.);
#4038 = DIRECTION('',(-0.,1.,0.));
#4039 = PLANE('',#4040);
#4040 = AXIS2_PLACEMENT_3D('',#4041,#4042,#4043);
#4041 = CARTESIAN_POINT('',(16.5,0.,3.3));
#4042 = DIRECTION('',(1.,0.,-0.));
#4043 = DIRECTION('',(0.,0.,1.));
#4044 = ADVANCED_FACE('',(#4045),#4056,.F.);
#4045 = FACE_BOUND('',#4046,.F.);
#4046 = EDGE_LOOP('',(#4047,#4048,#4049,#4055));
#4047 = ORIENTED_EDGE('',*,*,#4034,.F.);
#4048 = ORIENTED_EDGE('',*,*,#3901,.T.);
#4049 = ORIENTED_EDGE('',*,*,#4050,.T.);
#4050 = EDGE_CURVE('',#3894,#3976,#4051,.T.);
#4051 = LINE('',#4052,#4053);
#4052 = CARTESIAN_POINT('',(16.7,0.,3.5));
#4053 = VECTOR('',#4054,1.);
#4054 = DIRECTION('',(-0.,1.,0.));
#4055 = ORIENTED_EDGE('',*,*,#3983,.F.);
#4056 = PLANE('',#4057);
#4057 = AXIS2_PLACEMENT_3D('',#4058,#4059,#4060);
#4058 = CARTESIAN_POINT('',(16.5,0.,3.5));
#4059 = DIRECTION('',(0.,0.,1.));
#4060 = DIRECTION('',(1.,0.,-0.));
#4061 = ADVANCED_FACE('',(#4062),#4073,.F.);
#4062 = FACE_BOUND('',#4063,.F.);
#4063 = EDGE_LOOP('',(#4064,#4065,#4071,#4072));
#4064 = ORIENTED_EDGE('',*,*,#3893,.F.);
#4065 = ORIENTED_EDGE('',*,*,#4066,.T.);
#4066 = EDGE_CURVE('',#3886,#3968,#4067,.T.);
#4067 = LINE('',#4068,#4069);
#4068 = CARTESIAN_POINT('',(16.7,0.,3.3));
#4069 = VECTOR('',#4070,1.);
#4070 = DIRECTION('',(-0.,1.,0.));
#4071 = ORIENTED_EDGE('',*,*,#3975,.T.);
#4072 = ORIENTED_EDGE('',*,*,#4050,.F.);
#4073 = PLANE('',#4074);
#4074 = AXIS2_PLACEMENT_3D('',#4075,#4076,#4077);
#4075 = CARTESIAN_POINT('',(16.7,0.,3.3));
#4076 = DIRECTION('',(1.,0.,-0.));
#4077 = DIRECTION('',(0.,0.,1.));
#4078 = ADVANCED_FACE('',(#4079),#4085,.T.);
#4079 = FACE_BOUND('',#4080,.T.);
#4080 = EDGE_LOOP('',(#4081,#4082,#4083,#4084));
#4081 = ORIENTED_EDGE('',*,*,#4027,.F.);
#4082 = ORIENTED_EDGE('',*,*,#3885,.T.);
#4083 = ORIENTED_EDGE('',*,*,#4066,.T.);
#4084 = ORIENTED_EDGE('',*,*,#3967,.F.);
#4085 = PLANE('',#4086);
#4086 = AXIS2_PLACEMENT_3D('',#4087,#4088,#4089);
#4087 = CARTESIAN_POINT('',(16.5,0.,3.3));
#4088 = DIRECTION('',(0.,0.,1.));
#4089 = DIRECTION('',(1.,0.,-0.));
#4090 = ( GEOMETRIC_REPRESENTATION_CONTEXT(3) 
GLOBAL_UNCERTAINTY_ASSIGNED_CONTEXT((#4094)) 
GLOBAL_UNIT_ASSIGNED_CONTEXT((#4091,#4092,#4093)) REPRESENTATION_CONTEXT
('Context #1','3D Context with UNIT and UNCERTAINTY') );
#4091 = ( LENGTH_UNIT() NAMED_UNIT(*) SI_UNIT(.MILLI.,.METRE.) );
#4092 = ( NAMED_UNIT(*) PLANE_ANGLE_UNIT() SI_UNIT($,.RADIAN.) );
#4093 = ( NAMED_UNIT(*) SI_UNIT($,.STERADIAN.) SOLID_ANGLE_UNIT() );
#4094 = UNCERTAINTY_MEASURE_WITH_UNIT(LENGTH_MEASURE(1.E-07),#4091,
  'distance_accuracy_value','confusion accuracy');
#4095 = CONTEXT_DEPENDENT_SHAPE_REPRESENTATION(#4096,#4098);
#4096 = ( REPRESENTATION_RELATIONSHIP('','',#3803,#60) 
REPRESENTATION_RELATIONSHIP_WITH_TRANSFORMATION(#4097) 
SHAPE_REPRESENTATION_RELATIONSHIP() );
#4097 = ITEM_DEFINED_TRANSFORMATION('','',#11,#109);
#4098 = PRODUCT_DEFINITION_SHAPE('Placement','Placement of an item',
  #4099);
#4099 = NEXT_ASSEMBLY_USAGE_OCCURRENCE('319','Core_4_1','',#55,#3798,$);
#4100 = PRODUCT_RELATED_PRODUCT_CATEGORY('part',$,(#3800));
#4101 = SHAPE_DEFINITION_REPRESENTATION(#4102,#4108);
#4102 = PRODUCT_DEFINITION_SHAPE('','',#4103);
#4103 = PRODUCT_DEFINITION('design','',#4104,#4107);
#4104 = PRODUCT_DEFINITION_FORMATION('','',#4105);
#4105 = PRODUCT('Core_4_2','Core_4_2','',(#4106));
#4106 = PRODUCT_CONTEXT('',#2,'mechanical');
#4107 = PRODUCT_DEFINITION_CONTEXT('part definition',#2,'design');
#4108 = ADVANCED_BREP_SHAPE_REPRESENTATION('',(#11,#4109),#4395);
#4109 = MANIFOLD_SOLID_BREP('',#4110);
#4110 = CLOSED_SHELL('',(#4111,#4151,#4216,#4240,#4298,#4315,#4327,#4349
    ,#4366,#4383));
#4111 = ADVANCED_FACE('',(#4112),#4146,.F.);
#4112 = FACE_BOUND('',#4113,.F.);
#4113 = EDGE_LOOP('',(#4114,#4124,#4132,#4140));
#4114 = ORIENTED_EDGE('',*,*,#4115,.F.);
#4115 = EDGE_CURVE('',#4116,#4118,#4120,.T.);
#4116 = VERTEX_POINT('',#4117);
#4117 = CARTESIAN_POINT('',(15.6,0.,6.8));
#4118 = VERTEX_POINT('',#4119);
#4119 = CARTESIAN_POINT('',(15.6,0.,8.8));
#4120 = LINE('',#4121,#4122);
#4121 = CARTESIAN_POINT('',(15.6,0.,6.8));
#4122 = VECTOR('',#4123,1.);
#4123 = DIRECTION('',(0.,0.,1.));
#4124 = ORIENTED_EDGE('',*,*,#4125,.T.);
#4125 = EDGE_CURVE('',#4116,#4126,#4128,.T.);
#4126 = VERTEX_POINT('',#4127);
#4127 = CARTESIAN_POINT('',(15.6,0.5,6.8));
#4128 = LINE('',#4129,#4130);
#4129 = CARTESIAN_POINT('',(15.6,0.,6.8));
#4130 = VECTOR('',#4131,1.);
#4131 = DIRECTION('',(-0.,1.,0.));
#4132 = ORIENTED_EDGE('',*,*,#4133,.T.);
#4133 = EDGE_CURVE('',#4126,#4134,#4136,.T.);
#4134 = VERTEX_POINT('',#4135);
#4135 = CARTESIAN_POINT('',(15.6,0.5,8.8));
#4136 = LINE('',#4137,#4138);
#4137 = CARTESIAN_POINT('',(15.6,0.5,6.8));
#4138 = VECTOR('',#4139,1.);
#4139 = DIRECTION('',(0.,0.,1.));
#4140 = ORIENTED_EDGE('',*,*,#4141,.F.);
#4141 = EDGE_CURVE('',#4118,#4134,#4142,.T.);
#4142 = LINE('',#4143,#4144);
#4143 = CARTESIAN_POINT('',(15.6,0.,8.8));
#4144 = VECTOR('',#4145,1.);
#4145 = DIRECTION('',(-0.,1.,0.));
#4146 = PLANE('',#4147);
#4147 = AXIS2_PLACEMENT_3D('',#4148,#4149,#4150);
#4148 = CARTESIAN_POINT('',(15.6,0.,6.8));
#4149 = DIRECTION('',(1.,0.,-0.));
#4150 = DIRECTION('',(0.,0.,1.));
#4151 = ADVANCED_FACE('',(#4152,#4177),#4211,.F.);
#4152 = FACE_BOUND('',#4153,.F.);
#4153 = EDGE_LOOP('',(#4154,#4162,#4163,#4171));
#4154 = ORIENTED_EDGE('',*,*,#4155,.F.);
#4155 = EDGE_CURVE('',#4116,#4156,#4158,.T.);
#4156 = VERTEX_POINT('',#4157);
#4157 = CARTESIAN_POINT('',(17.6,0.,6.8));
#4158 = LINE('',#4159,#4160);
#4159 = CARTESIAN_POINT('',(15.6,0.,6.8));
#4160 = VECTOR('',#4161,1.);
#4161 = DIRECTION('',(1.,0.,-0.));
#4162 = ORIENTED_EDGE('',*,*,#4115,.T.);
#4163 = ORIENTED_EDGE('',*,*,#4164,.T.);
#4164 = EDGE_CURVE('',#4118,#4165,#4167,.T.);
#4165 = VERTEX_POINT('',#4166);
#4166 = CARTESIAN_POINT('',(17.6,0.,8.8));
#4167 = LINE('',#4168,#4169);
#4168 = CARTESIAN_POINT('',(15.6,0.,8.8));
#4169 = VECTOR('',#4170,1.);
#4170 = DIRECTION('',(1.,0.,-0.));
#4171 = ORIENTED_EDGE('',*,*,#4172,.F.);
#4172 = EDGE_CURVE('',#4156,#4165,#4173,.T.);
#4173 = LINE('',#4174,#4175);
#4174 = CARTESIAN_POINT('',(17.6,0.,6.8));
#4175 = VECTOR('',#4176,1.);
#4176 = DIRECTION('',(0.,0.,1.));
#4177 = FACE_BOUND('',#4178,.F.);
#4178 = EDGE_LOOP('',(#4179,#4189,#4197,#4205));
#4179 = ORIENTED_EDGE('',*,*,#4180,.F.);
#4180 = EDGE_CURVE('',#4181,#4183,#4185,.T.);
#4181 = VERTEX_POINT('',#4182);
#4182 = CARTESIAN_POINT('',(16.5,0.,7.7));
#4183 = VERTEX_POINT('',#4184);
#4184 = CARTESIAN_POINT('',(16.5,0.,7.9));
#4185 = LINE('',#4186,#4187);
#4186 = CARTESIAN_POINT('',(16.5,0.,7.7));
#4187 = VECTOR('',#4188,1.);
#4188 = DIRECTION('',(0.,0.,1.));
#4189 = ORIENTED_EDGE('',*,*,#4190,.T.);
#4190 = EDGE_CURVE('',#4181,#4191,#4193,.T.);
#4191 = VERTEX_POINT('',#4192);
#4192 = CARTESIAN_POINT('',(16.7,0.,7.7));
#4193 = LINE('',#4194,#4195);
#4194 = CARTESIAN_POINT('',(16.5,0.,7.7));
#4195 = VECTOR('',#4196,1.);
#4196 = DIRECTION('',(1.,0.,-0.));
#4197 = ORIENTED_EDGE('',*,*,#4198,.T.);
#4198 = EDGE_CURVE('',#4191,#4199,#4201,.T.);
#4199 = VERTEX_POINT('',#4200);
#4200 = CARTESIAN_POINT('',(16.7,0.,7.9));
#4201 = LINE('',#4202,#4203);
#4202 = CARTESIAN_POINT('',(16.7,0.,7.7));
#4203 = VECTOR('',#4204,1.);
#4204 = DIRECTION('',(0.,0.,1.));
#4205 = ORIENTED_EDGE('',*,*,#4206,.F.);
#4206 = EDGE_CURVE('',#4183,#4199,#4207,.T.);
#4207 = LINE('',#4208,#4209);
#4208 = CARTESIAN_POINT('',(16.5,0.,7.9));
#4209 = VECTOR('',#4210,1.);
#4210 = DIRECTION('',(1.,0.,-0.));
#4211 = PLANE('',#4212);
#4212 = AXIS2_PLACEMENT_3D('',#4213,#4214,#4215);
#4213 = CARTESIAN_POINT('',(15.6,0.,6.8));
#4214 = DIRECTION('',(-0.,1.,0.));
#4215 = DIRECTION('',(0.,0.,1.));
#4216 = ADVANCED_FACE('',(#4217),#4235,.T.);
#4217 = FACE_BOUND('',#4218,.T.);
#4218 = EDGE_LOOP('',(#4219,#4220,#4221,#4229));
#4219 = ORIENTED_EDGE('',*,*,#4141,.F.);
#4220 = ORIENTED_EDGE('',*,*,#4164,.T.);
#4221 = ORIENTED_EDGE('',*,*,#4222,.T.);
#4222 = EDGE_CURVE('',#4165,#4223,#4225,.T.);
#4223 = VERTEX_POINT('',#4224);
#4224 = CARTESIAN_POINT('',(17.6,0.5,8.8));
#4225 = LINE('',#4226,#4227);
#4226 = CARTESIAN_POINT('',(17.6,0.,8.8));
#4227 = VECTOR('',#4228,1.);
#4228 = DIRECTION('',(-0.,1.,0.));
#4229 = ORIENTED_EDGE('',*,*,#4230,.F.);
#4230 = EDGE_CURVE('',#4134,#4223,#4231,.T.);
#4231 = LINE('',#4232,#4233);
#4232 = CARTESIAN_POINT('',(15.6,0.5,8.8));
#4233 = VECTOR('',#4234,1.);
#4234 = DIRECTION('',(1.,0.,-0.));
#4235 = PLANE('',#4236);
#4236 = AXIS2_PLACEMENT_3D('',#4237,#4238,#4239);
#4237 = CARTESIAN_POINT('',(15.6,0.,8.8));
#4238 = DIRECTION('',(0.,0.,1.));
#4239 = DIRECTION('',(1.,0.,-0.));
#4240 = ADVANCED_FACE('',(#4241,#4259),#4293,.T.);
#4241 = FACE_BOUND('',#4242,.T.);
#4242 = EDGE_LOOP('',(#4243,#4251,#4252,#4253));
#4243 = ORIENTED_EDGE('',*,*,#4244,.F.);
#4244 = EDGE_CURVE('',#4126,#4245,#4247,.T.);
#4245 = VERTEX_POINT('',#4246);
#4246 = CARTESIAN_POINT('',(17.6,0.5,6.8));
#4247 = LINE('',#4248,#4249);
#4248 = CARTESIAN_POINT('',(15.6,0.5,6.8));
#4249 = VECTOR('',#4250,1.);
#4250 = DIRECTION('',(1.,0.,-0.));
#4251 = ORIENTED_EDGE('',*,*,#4133,.T.);
#4252 = ORIENTED_EDGE('',*,*,#4230,.T.);
#4253 = ORIENTED_EDGE('',*,*,#4254,.F.);
#4254 = EDGE_CURVE('',#4245,#4223,#4255,.T.);
#4255 = LINE('',#4256,#4257);
#4256 = CARTESIAN_POINT('',(17.6,0.5,6.8));
#4257 = VECTOR('',#4258,1.);
#4258 = DIRECTION('',(0.,0.,1.));
#4259 = FACE_BOUND('',#4260,.T.);
#4260 = EDGE_LOOP('',(#4261,#4271,#4279,#4287));
#4261 = ORIENTED_EDGE('',*,*,#4262,.F.);
#4262 = EDGE_CURVE('',#4263,#4265,#4267,.T.);
#4263 = VERTEX_POINT('',#4264);
#4264 = CARTESIAN_POINT('',(16.5,0.5,7.7));
#4265 = VERTEX_POINT('',#4266);
#4266 = CARTESIAN_POINT('',(16.5,0.5,7.9));
#4267 = LINE('',#4268,#4269);
#4268 = CARTESIAN_POINT('',(16.5,0.5,7.7));
#4269 = VECTOR('',#4270,1.);
#4270 = DIRECTION('',(0.,0.,1.));
#4271 = ORIENTED_EDGE('',*,*,#4272,.T.);
#4272 = EDGE_CURVE('',#4263,#4273,#4275,.T.);
#4273 = VERTEX_POINT('',#4274);
#4274 = CARTESIAN_POINT('',(16.7,0.5,7.7));
#4275 = LINE('',#4276,#4277);
#4276 = CARTESIAN_POINT('',(16.5,0.5,7.7));
#4277 = VECTOR('',#4278,1.);
#4278 = DIRECTION('',(1.,0.,-0.));
#4279 = ORIENTED_EDGE('',*,*,#4280,.T.);
#4280 = EDGE_CURVE('',#4273,#4281,#4283,.T.);
#4281 = VERTEX_POINT('',#4282);
#4282 = CARTESIAN_POINT('',(16.7,0.5,7.9));
#4283 = LINE('',#4284,#4285);
#4284 = CARTESIAN_POINT('',(16.7,0.5,7.7));
#4285 = VECTOR('',#4286,1.);
#4286 = DIRECTION('',(0.,0.,1.));
#4287 = ORIENTED_EDGE('',*,*,#4288,.F.);
#4288 = EDGE_CURVE('',#4265,#4281,#4289,.T.);
#4289 = LINE('',#4290,#4291);
#4290 = CARTESIAN_POINT('',(16.5,0.5,7.9));
#4291 = VECTOR('',#4292,1.);
#4292 = DIRECTION('',(1.,0.,-0.));
#4293 = PLANE('',#4294);
#4294 = AXIS2_PLACEMENT_3D('',#4295,#4296,#4297);
#4295 = CARTESIAN_POINT('',(15.6,0.5,6.8));
#4296 = DIRECTION('',(-0.,1.,0.));
#4297 = DIRECTION('',(0.,0.,1.));
#4298 = ADVANCED_FACE('',(#4299),#4310,.F.);
#4299 = FACE_BOUND('',#4300,.F.);
#4300 = EDGE_LOOP('',(#4301,#4302,#4303,#4309));
#4301 = ORIENTED_EDGE('',*,*,#4125,.F.);
#4302 = ORIENTED_EDGE('',*,*,#4155,.T.);
#4303 = ORIENTED_EDGE('',*,*,#4304,.T.);
#4304 = EDGE_CURVE('',#4156,#4245,#4305,.T.);
#4305 = LINE('',#4306,#4307);
#4306 = CARTESIAN_POINT('',(17.6,0.,6.8));
#4307 = VECTOR('',#4308,1.);
#4308 = DIRECTION('',(-0.,1.,0.));
#4309 = ORIENTED_EDGE('',*,*,#4244,.F.);
#4310 = PLANE('',#4311);
#4311 = AXIS2_PLACEMENT_3D('',#4312,#4313,#4314);
#4312 = CARTESIAN_POINT('',(15.6,0.,6.8));
#4313 = DIRECTION('',(0.,0.,1.));
#4314 = DIRECTION('',(1.,0.,-0.));
#4315 = ADVANCED_FACE('',(#4316),#4322,.T.);
#4316 = FACE_BOUND('',#4317,.T.);
#4317 = EDGE_LOOP('',(#4318,#4319,#4320,#4321));
#4318 = ORIENTED_EDGE('',*,*,#4172,.F.);
#4319 = ORIENTED_EDGE('',*,*,#4304,.T.);
#4320 = ORIENTED_EDGE('',*,*,#4254,.T.);
#4321 = ORIENTED_EDGE('',*,*,#4222,.F.);
#4322 = PLANE('',#4323);
#4323 = AXIS2_PLACEMENT_3D('',#4324,#4325,#4326);
#4324 = CARTESIAN_POINT('',(17.6,0.,6.8));
#4325 = DIRECTION('',(1.,0.,-0.));
#4326 = DIRECTION('',(0.,0.,1.));
#4327 = ADVANCED_FACE('',(#4328),#4344,.T.);
#4328 = FACE_BOUND('',#4329,.T.);
#4329 = EDGE_LOOP('',(#4330,#4331,#4337,#4338));
#4330 = ORIENTED_EDGE('',*,*,#4180,.F.);
#4331 = ORIENTED_EDGE('',*,*,#4332,.T.);
#4332 = EDGE_CURVE('',#4181,#4263,#4333,.T.);
#4333 = LINE('',#4334,#4335);
#4334 = CARTESIAN_POINT('',(16.5,0.,7.7));
#4335 = VECTOR('',#4336,1.);
#4336 = DIRECTION('',(-0.,1.,0.));
#4337 = ORIENTED_EDGE('',*,*,#4262,.T.);
#4338 = ORIENTED_EDGE('',*,*,#4339,.F.);
#4339 = EDGE_CURVE('',#4183,#4265,#4340,.T.);
#4340 = LINE('',#4341,#4342);
#4341 = CARTESIAN_POINT('',(16.5,0.,7.9));
#4342 = VECTOR('',#4343,1.);
#4343 = DIRECTION('',(-0.,1.,0.));
#4344 = PLANE('',#4345);
#4345 = AXIS2_PLACEMENT_3D('',#4346,#4347,#4348);
#4346 = CARTESIAN_POINT('',(16.5,0.,7.7));
#4347 = DIRECTION('',(1.,0.,-0.));
#4348 = DIRECTION('',(0.,0.,1.));
#4349 = ADVANCED_FACE('',(#4350),#4361,.F.);
#4350 = FACE_BOUND('',#4351,.F.);
#4351 = EDGE_LOOP('',(#4352,#4353,#4354,#4360));
#4352 = ORIENTED_EDGE('',*,*,#4339,.F.);
#4353 = ORIENTED_EDGE('',*,*,#4206,.T.);
#4354 = ORIENTED_EDGE('',*,*,#4355,.T.);
#4355 = EDGE_CURVE('',#4199,#4281,#4356,.T.);
#4356 = LINE('',#4357,#4358);
#4357 = CARTESIAN_POINT('',(16.7,0.,7.9));
#4358 = VECTOR('',#4359,1.);
#4359 = DIRECTION('',(-0.,1.,0.));
#4360 = ORIENTED_EDGE('',*,*,#4288,.F.);
#4361 = PLANE('',#4362);
#4362 = AXIS2_PLACEMENT_3D('',#4363,#4364,#4365);
#4363 = CARTESIAN_POINT('',(16.5,0.,7.9));
#4364 = DIRECTION('',(0.,0.,1.));
#4365 = DIRECTION('',(1.,0.,-0.));
#4366 = ADVANCED_FACE('',(#4367),#4378,.F.);
#4367 = FACE_BOUND('',#4368,.F.);
#4368 = EDGE_LOOP('',(#4369,#4370,#4376,#4377));
#4369 = ORIENTED_EDGE('',*,*,#4198,.F.);
#4370 = ORIENTED_EDGE('',*,*,#4371,.T.);
#4371 = EDGE_CURVE('',#4191,#4273,#4372,.T.);
#4372 = LINE('',#4373,#4374);
#4373 = CARTESIAN_POINT('',(16.7,0.,7.7));
#4374 = VECTOR('',#4375,1.);
#4375 = DIRECTION('',(-0.,1.,0.));
#4376 = ORIENTED_EDGE('',*,*,#4280,.T.);
#4377 = ORIENTED_EDGE('',*,*,#4355,.F.);
#4378 = PLANE('',#4379);
#4379 = AXIS2_PLACEMENT_3D('',#4380,#4381,#4382);
#4380 = CARTESIAN_POINT('',(16.7,0.,7.7));
#4381 = DIRECTION('',(1.,0.,-0.));
#4382 = DIRECTION('',(0.,0.,1.));
#4383 = ADVANCED_FACE('',(#4384),#4390,.T.);
#4384 = FACE_BOUND('',#4385,.T.);
#4385 = EDGE_LOOP('',(#4386,#4387,#4388,#4389));
#4386 = ORIENTED_EDGE('',*,*,#4332,.F.);
#4387 = ORIENTED_EDGE('',*,*,#4190,.T.);
#4388 = ORIENTED_EDGE('',*,*,#4371,.T.);
#4389 = ORIENTED_EDGE('',*,*,#4272,.F.);
#4390 = PLANE('',#4391);
#4391 = AXIS2_PLACEMENT_3D('',#4392,#4393,#4394);
#4392 = CARTESIAN_POINT('',(16.5,0.,7.7));
#4393 = DIRECTION('',(0.,0.,1.));
#4394 = DIRECTION('',(1.,0.,-0.));
#4395 = ( GEOMETRIC_REPRESENTATION_CONTEXT(3) 
GLOBAL_UNCERTAINTY_ASSIGNED_CONTEXT((#4399)) 
GLOBAL_UNIT_ASSIGNED_CONTEXT((#4396,#4397,#4398)) REPRESENTATION_CONTEXT
('Context #1','3D Context with UNIT and UNCERTAINTY') );
#4396 = ( LENGTH_UNIT() NAMED_UNIT(*) SI_UNIT(.MILLI.,.METRE.) );
#4397 = ( NAMED_UNIT(*) PLANE_ANGLE_UNIT() SI_UNIT($,.RADIAN.) );
#4398 = ( NAMED_UNIT(*) SI_UNIT($,.STERADIAN.) SOLID_ANGLE_UNIT() );
#4399 = UNCERTAINTY_MEASURE_WITH_UNIT(LENGTH_MEASURE(1.E-07),#4396,
  'distance_accuracy_value','confusion accuracy');
#4400 = CONTEXT_DEPENDENT_SHAPE_REPRESENTATION(#4401,#4403);
#4401 = ( REPRESENTATION_RELATIONSHIP('','',#4108,#60) 
REPRESENTATION_RELATIONSHIP_WITH_TRANSFORMATION(#4402) 
SHAPE_REPRESENTATION_RELATIONSHIP() );
#4402 = ITEM_DEFINED_TRANSFORMATION('','',#11,#113);
#4403 = PRODUCT_DEFINITION_SHAPE('Placement','Placement of an item',
  #4404);
#4404 = NEXT_ASSEMBLY_USAGE_OCCURRENCE('320','Core_4_2','',#55,#4103,$);
#4405 = PRODUCT_RELATED_PRODUCT_CATEGORY('part',$,(#4105));
#4406 = SHAPE_DEFINITION_REPRESENTATION(#4407,#4413);
#4407 = PRODUCT_DEFINITION_SHAPE('','',#4408);
#4408 = PRODUCT_DEFINITION('design','',#4409,#4412);
#4409 = PRODUCT_DEFINITION_FORMATION('','',#4410);
#4410 = PRODUCT('Core_4_3','Core_4_3','',(#4411));
#4411 = PRODUCT_CONTEXT('',#2,'mechanical');
#4412 = PRODUCT_DEFINITION_CONTEXT('part definition',#2,'design');
#4413 = ADVANCED_BREP_SHAPE_REPRESENTATION('',(#11,#4414),#4700);
#4414 = MANIFOLD_SOLID_BREP('',#4415);
#4415 = CLOSED_SHELL('',(#4416,#4456,#4521,#4545,#4603,#4620,#4632,#4654
    ,#4671,#4688));
#4416 = ADVANCED_FACE('',(#4417),#4451,.F.);
#4417 = FACE_BOUND('',#4418,.F.);
#4418 = EDGE_LOOP('',(#4419,#4429,#4437,#4445));
#4419 = ORIENTED_EDGE('',*,*,#4420,.F.);
#4420 = EDGE_CURVE('',#4421,#4423,#4425,.T.);
#4421 = VERTEX_POINT('',#4422);
#4422 = CARTESIAN_POINT('',(15.6,0.,11.2));
#4423 = VERTEX_POINT('',#4424);
#4424 = CARTESIAN_POINT('',(15.6,0.,13.2));
#4425 = LINE('',#4426,#4427);
#4426 = CARTESIAN_POINT('',(15.6,0.,11.2));
#4427 = VECTOR('',#4428,1.);
#4428 = DIRECTION('',(0.,0.,1.));
#4429 = ORIENTED_EDGE('',*,*,#4430,.T.);
#4430 = EDGE_CURVE('',#4421,#4431,#4433,.T.);
#4431 = VERTEX_POINT('',#4432);
#4432 = CARTESIAN_POINT('',(15.6,0.5,11.2));
#4433 = LINE('',#4434,#4435);
#4434 = CARTESIAN_POINT('',(15.6,0.,11.2));
#4435 = VECTOR('',#4436,1.);
#4436 = DIRECTION('',(-0.,1.,0.));
#4437 = ORIENTED_EDGE('',*,*,#4438,.T.);
#4438 = EDGE_CURVE('',#4431,#4439,#4441,.T.);
#4439 = VERTEX_POINT('',#4440);
#4440 = CARTESIAN_POINT('',(15.6,0.5,13.2));
#4441 = LINE('',#4442,#4443);
#4442 = CARTESIAN_POINT('',(15.6,0.5,11.2));
#4443 = VECTOR('',#4444,1.);
#4444 = DIRECTION('',(0.,0.,1.));
#4445 = ORIENTED_EDGE('',*,*,#4446,.F.);
#4446 = EDGE_CURVE('',#4423,#4439,#4447,.T.);
#4447 = LINE('',#4448,#4449);
#4448 = CARTESIAN_POINT('',(15.6,0.,13.2));
#4449 = VECTOR('',#4450,1.);
#4450 = DIRECTION('',(-0.,1.,0.));
#4451 = PLANE('',#4452);
#4452 = AXIS2_PLACEMENT_3D('',#4453,#4454,#4455);
#4453 = CARTESIAN_POINT('',(15.6,0.,11.2));
#4454 = DIRECTION('',(1.,0.,-0.));
#4455 = DIRECTION('',(0.,0.,1.));
#4456 = ADVANCED_FACE('',(#4457,#4482),#4516,.F.);
#4457 = FACE_BOUND('',#4458,.F.);
#4458 = EDGE_LOOP('',(#4459,#4467,#4468,#4476));
#4459 = ORIENTED_EDGE('',*,*,#4460,.F.);
#4460 = EDGE_CURVE('',#4421,#4461,#4463,.T.);
#4461 = VERTEX_POINT('',#4462);
#4462 = CARTESIAN_POINT('',(17.6,0.,11.2));
#4463 = LINE('',#4464,#4465);
#4464 = CARTESIAN_POINT('',(15.6,0.,11.2));
#4465 = VECTOR('',#4466,1.);
#4466 = DIRECTION('',(1.,0.,-0.));
#4467 = ORIENTED_EDGE('',*,*,#4420,.T.);
#4468 = ORIENTED_EDGE('',*,*,#4469,.T.);
#4469 = EDGE_CURVE('',#4423,#4470,#4472,.T.);
#4470 = VERTEX_POINT('',#4471);
#4471 = CARTESIAN_POINT('',(17.6,0.,13.2));
#4472 = LINE('',#4473,#4474);
#4473 = CARTESIAN_POINT('',(15.6,0.,13.2));
#4474 = VECTOR('',#4475,1.);
#4475 = DIRECTION('',(1.,0.,-0.));
#4476 = ORIENTED_EDGE('',*,*,#4477,.F.);
#4477 = EDGE_CURVE('',#4461,#4470,#4478,.T.);
#4478 = LINE('',#4479,#4480);
#4479 = CARTESIAN_POINT('',(17.6,0.,11.2));
#4480 = VECTOR('',#4481,1.);
#4481 = DIRECTION('',(0.,0.,1.));
#4482 = FACE_BOUND('',#4483,.F.);
#4483 = EDGE_LOOP('',(#4484,#4494,#4502,#4510));
#4484 = ORIENTED_EDGE('',*,*,#4485,.F.);
#4485 = EDGE_CURVE('',#4486,#4488,#4490,.T.);
#4486 = VERTEX_POINT('',#4487);
#4487 = CARTESIAN_POINT('',(16.5,0.,12.1));
#4488 = VERTEX_POINT('',#4489);
#4489 = CARTESIAN_POINT('',(16.5,0.,12.3));
#4490 = LINE('',#4491,#4492);
#4491 = CARTESIAN_POINT('',(16.5,0.,12.1));
#4492 = VECTOR('',#4493,1.);
#4493 = DIRECTION('',(0.,0.,1.));
#4494 = ORIENTED_EDGE('',*,*,#4495,.T.);
#4495 = EDGE_CURVE('',#4486,#4496,#4498,.T.);
#4496 = VERTEX_POINT('',#4497);
#4497 = CARTESIAN_POINT('',(16.7,0.,12.1));
#4498 = LINE('',#4499,#4500);
#4499 = CARTESIAN_POINT('',(16.5,0.,12.1));
#4500 = VECTOR('',#4501,1.);
#4501 = DIRECTION('',(1.,0.,-0.));
#4502 = ORIENTED_EDGE('',*,*,#4503,.T.);
#4503 = EDGE_CURVE('',#4496,#4504,#4506,.T.);
#4504 = VERTEX_POINT('',#4505);
#4505 = CARTESIAN_POINT('',(16.7,0.,12.3));
#4506 = LINE('',#4507,#4508);
#4507 = CARTESIAN_POINT('',(16.7,0.,12.1));
#4508 = VECTOR('',#4509,1.);
#4509 = DIRECTION('',(0.,0.,1.));
#4510 = ORIENTED_EDGE('',*,*,#4511,.F.);
#4511 = EDGE_CURVE('',#4488,#4504,#4512,.T.);
#4512 = LINE('',#4513,#4514);
#4513 = CARTESIAN_POINT('',(16.5,0.,12.3));
#4514 = VECTOR('',#4515,1.);
#4515 = DIRECTION('',(1.,0.,-0.));
#4516 = PLANE('',#4517);
#4517 = AXIS2_PLACEMENT_3D('',#4518,#4519,#4520);
#4518 = CARTESIAN_POINT('',(15.6,0.,11.2));
#4519 = DIRECTION('',(-0.,1.,0.));
#4520 = DIRECTION('',(0.,0.,1.));
#4521 = ADVANCED_FACE('',(#4522),#4540,.T.);
#4522 = FACE_BOUND('',#4523,.T.);
#4523 = EDGE_LOOP('',(#4524,#4525,#4526,#4534));
#4524 = ORIENTED_EDGE('',*,*,#4446,.F.);
#4525 = ORIENTED_EDGE('',*,*,#4469,.T.);
#4526 = ORIENTED_EDGE('',*,*,#4527,.T.);
#4527 = EDGE_CURVE('',#4470,#4528,#4530,.T.);
#4528 = VERTEX_POINT('',#4529);
#4529 = CARTESIAN_POINT('',(17.6,0.5,13.2));
#4530 = LINE('',#4531,#4532);
#4531 = CARTESIAN_POINT('',(17.6,0.,13.2));
#4532 = VECTOR('',#4533,1.);
#4533 = DIRECTION('',(-0.,1.,0.));
#4534 = ORIENTED_EDGE('',*,*,#4535,.F.);
#4535 = EDGE_CURVE('',#4439,#4528,#4536,.T.);
#4536 = LINE('',#4537,#4538);
#4537 = CARTESIAN_POINT('',(15.6,0.5,13.2));
#4538 = VECTOR('',#4539,1.);
#4539 = DIRECTION('',(1.,0.,-0.));
#4540 = PLANE('',#4541);
#4541 = AXIS2_PLACEMENT_3D('',#4542,#4543,#4544);
#4542 = CARTESIAN_POINT('',(15.6,0.,13.2));
#4543 = DIRECTION('',(0.,0.,1.));
#4544 = DIRECTION('',(1.,0.,-0.));
#4545 = ADVANCED_FACE('',(#4546,#4564),#4598,.T.);
#4546 = FACE_BOUND('',#4547,.T.);
#4547 = EDGE_LOOP('',(#4548,#4556,#4557,#4558));
#4548 = ORIENTED_EDGE('',*,*,#4549,.F.);
#4549 = EDGE_CURVE('',#4431,#4550,#4552,.T.);
#4550 = VERTEX_POINT('',#4551);
#4551 = CARTESIAN_POINT('',(17.6,0.5,11.2));
#4552 = LINE('',#4553,#4554);
#4553 = CARTESIAN_POINT('',(15.6,0.5,11.2));
#4554 = VECTOR('',#4555,1.);
#4555 = DIRECTION('',(1.,0.,-0.));
#4556 = ORIENTED_EDGE('',*,*,#4438,.T.);
#4557 = ORIENTED_EDGE('',*,*,#4535,.T.);
#4558 = ORIENTED_EDGE('',*,*,#4559,.F.);
#4559 = EDGE_CURVE('',#4550,#4528,#4560,.T.);
#4560 = LINE('',#4561,#4562);
#4561 = CARTESIAN_POINT('',(17.6,0.5,11.2));
#4562 = VECTOR('',#4563,1.);
#4563 = DIRECTION('',(0.,0.,1.));
#4564 = FACE_BOUND('',#4565,.T.);
#4565 = EDGE_LOOP('',(#4566,#4576,#4584,#4592));
#4566 = ORIENTED_EDGE('',*,*,#4567,.F.);
#4567 = EDGE_CURVE('',#4568,#4570,#4572,.T.);
#4568 = VERTEX_POINT('',#4569);
#4569 = CARTESIAN_POINT('',(16.5,0.5,12.1));
#4570 = VERTEX_POINT('',#4571);
#4571 = CARTESIAN_POINT('',(16.5,0.5,12.3));
#4572 = LINE('',#4573,#4574);
#4573 = CARTESIAN_POINT('',(16.5,0.5,12.1));
#4574 = VECTOR('',#4575,1.);
#4575 = DIRECTION('',(0.,0.,1.));
#4576 = ORIENTED_EDGE('',*,*,#4577,.T.);
#4577 = EDGE_CURVE('',#4568,#4578,#4580,.T.);
#4578 = VERTEX_POINT('',#4579);
#4579 = CARTESIAN_POINT('',(16.7,0.5,12.1));
#4580 = LINE('',#4581,#4582);
#4581 = CARTESIAN_POINT('',(16.5,0.5,12.1));
#4582 = VECTOR('',#4583,1.);
#4583 = DIRECTION('',(1.,0.,-0.));
#4584 = ORIENTED_EDGE('',*,*,#4585,.T.);
#4585 = EDGE_CURVE('',#4578,#4586,#4588,.T.);
#4586 = VERTEX_POINT('',#4587);
#4587 = CARTESIAN_POINT('',(16.7,0.5,12.3));
#4588 = LINE('',#4589,#4590);
#4589 = CARTESIAN_POINT('',(16.7,0.5,12.1));
#4590 = VECTOR('',#4591,1.);
#4591 = DIRECTION('',(0.,0.,1.));
#4592 = ORIENTED_EDGE('',*,*,#4593,.F.);
#4593 = EDGE_CURVE('',#4570,#4586,#4594,.T.);
#4594 = LINE('',#4595,#4596);
#4595 = CARTESIAN_POINT('',(16.5,0.5,12.3));
#4596 = VECTOR('',#4597,1.);
#4597 = DIRECTION('',(1.,0.,-0.));
#4598 = PLANE('',#4599);
#4599 = AXIS2_PLACEMENT_3D('',#4600,#4601,#4602);
#4600 = CARTESIAN_POINT('',(15.6,0.5,11.2));
#4601 = DIRECTION('',(-0.,1.,0.));
#4602 = DIRECTION('',(0.,0.,1.));
#4603 = ADVANCED_FACE('',(#4604),#4615,.F.);
#4604 = FACE_BOUND('',#4605,.F.);
#4605 = EDGE_LOOP('',(#4606,#4607,#4608,#4614));
#4606 = ORIENTED_EDGE('',*,*,#4430,.F.);
#4607 = ORIENTED_EDGE('',*,*,#4460,.T.);
#4608 = ORIENTED_EDGE('',*,*,#4609,.T.);
#4609 = EDGE_CURVE('',#4461,#4550,#4610,.T.);
#4610 = LINE('',#4611,#4612);
#4611 = CARTESIAN_POINT('',(17.6,0.,11.2));
#4612 = VECTOR('',#4613,1.);
#4613 = DIRECTION('',(-0.,1.,0.));
#4614 = ORIENTED_EDGE('',*,*,#4549,.F.);
#4615 = PLANE('',#4616);
#4616 = AXIS2_PLACEMENT_3D('',#4617,#4618,#4619);
#4617 = CARTESIAN_POINT('',(15.6,0.,11.2));
#4618 = DIRECTION('',(0.,0.,1.));
#4619 = DIRECTION('',(1.,0.,-0.));
#4620 = ADVANCED_FACE('',(#4621),#4627,.T.);
#4621 = FACE_BOUND('',#4622,.T.);
#4622 = EDGE_LOOP('',(#4623,#4624,#4625,#4626));
#4623 = ORIENTED_EDGE('',*,*,#4477,.F.);
#4624 = ORIENTED_EDGE('',*,*,#4609,.T.);
#4625 = ORIENTED_EDGE('',*,*,#4559,.T.);
#4626 = ORIENTED_EDGE('',*,*,#4527,.F.);
#4627 = PLANE('',#4628);
#4628 = AXIS2_PLACEMENT_3D('',#4629,#4630,#4631);
#4629 = CARTESIAN_POINT('',(17.6,0.,11.2));
#4630 = DIRECTION('',(1.,0.,-0.));
#4631 = DIRECTION('',(0.,0.,1.));
#4632 = ADVANCED_FACE('',(#4633),#4649,.T.);
#4633 = FACE_BOUND('',#4634,.T.);
#4634 = EDGE_LOOP('',(#4635,#4636,#4642,#4643));
#4635 = ORIENTED_EDGE('',*,*,#4485,.F.);
#4636 = ORIENTED_EDGE('',*,*,#4637,.T.);
#4637 = EDGE_CURVE('',#4486,#4568,#4638,.T.);
#4638 = LINE('',#4639,#4640);
#4639 = CARTESIAN_POINT('',(16.5,0.,12.1));
#4640 = VECTOR('',#4641,1.);
#4641 = DIRECTION('',(-0.,1.,0.));
#4642 = ORIENTED_EDGE('',*,*,#4567,.T.);
#4643 = ORIENTED_EDGE('',*,*,#4644,.F.);
#4644 = EDGE_CURVE('',#4488,#4570,#4645,.T.);
#4645 = LINE('',#4646,#4647);
#4646 = CARTESIAN_POINT('',(16.5,0.,12.3));
#4647 = VECTOR('',#4648,1.);
#4648 = DIRECTION('',(-0.,1.,0.));
#4649 = PLANE('',#4650);
#4650 = AXIS2_PLACEMENT_3D('',#4651,#4652,#4653);
#4651 = CARTESIAN_POINT('',(16.5,0.,12.1));
#4652 = DIRECTION('',(1.,0.,-0.));
#4653 = DIRECTION('',(0.,0.,1.));
#4654 = ADVANCED_FACE('',(#4655),#4666,.F.);
#4655 = FACE_BOUND('',#4656,.F.);
#4656 = EDGE_LOOP('',(#4657,#4658,#4659,#4665));
#4657 = ORIENTED_EDGE('',*,*,#4644,.F.);
#4658 = ORIENTED_EDGE('',*,*,#4511,.T.);
#4659 = ORIENTED_EDGE('',*,*,#4660,.T.);
#4660 = EDGE_CURVE('',#4504,#4586,#4661,.T.);
#4661 = LINE('',#4662,#4663);
#4662 = CARTESIAN_POINT('',(16.7,0.,12.3));
#4663 = VECTOR('',#4664,1.);
#4664 = DIRECTION('',(-0.,1.,0.));
#4665 = ORIENTED_EDGE('',*,*,#4593,.F.);
#4666 = PLANE('',#4667);
#4667 = AXIS2_PLACEMENT_3D('',#4668,#4669,#4670);
#4668 = CARTESIAN_POINT('',(16.5,0.,12.3));
#4669 = DIRECTION('',(0.,0.,1.));
#4670 = DIRECTION('',(1.,0.,-0.));
#4671 = ADVANCED_FACE('',(#4672),#4683,.F.);
#4672 = FACE_BOUND('',#4673,.F.);
#4673 = EDGE_LOOP('',(#4674,#4675,#4681,#4682));
#4674 = ORIENTED_EDGE('',*,*,#4503,.F.);
#4675 = ORIENTED_EDGE('',*,*,#4676,.T.);
#4676 = EDGE_CURVE('',#4496,#4578,#4677,.T.);
#4677 = LINE('',#4678,#4679);
#4678 = CARTESIAN_POINT('',(16.7,0.,12.1));
#4679 = VECTOR('',#4680,1.);
#4680 = DIRECTION('',(-0.,1.,0.));
#4681 = ORIENTED_EDGE('',*,*,#4585,.T.);
#4682 = ORIENTED_EDGE('',*,*,#4660,.F.);
#4683 = PLANE('',#4684);
#4684 = AXIS2_PLACEMENT_3D('',#4685,#4686,#4687);
#4685 = CARTESIAN_POINT('',(16.7,0.,12.1));
#4686 = DIRECTION('',(1.,0.,-0.));
#4687 = DIRECTION('',(0.,0.,1.));
#4688 = ADVANCED_FACE('',(#4689),#4695,.T.);
#4689 = FACE_BOUND('',#4690,.T.);
#4690 = EDGE_LOOP('',(#4691,#4692,#4693,#4694));
#4691 = ORIENTED_EDGE('',*,*,#4637,.F.);
#4692 = ORIENTED_EDGE('',*,*,#4495,.T.);
#4693 = ORIENTED_EDGE('',*,*,#4676,.T.);
#4694 = ORIENTED_EDGE('',*,*,#4577,.F.);
#4695 = PLANE('',#4696);
#4696 = AXIS2_PLACEMENT_3D('',#4697,#4698,#4699);
#4697 = CARTESIAN_POINT('',(16.5,0.,12.1));
#4698 = DIRECTION('',(0.,0.,1.));
#4699 = DIRECTION('',(1.,0.,-0.));
#4700 = ( GEOMETRIC_REPRESENTATION_CONTEXT(3) 
GLOBAL_UNCERTAINTY_ASSIGNED_CONTEXT((#4704)) 
GLOBAL_UNIT_ASSIGNED_CONTEXT((#4701,#4702,#4703)) REPRESENTATION_CONTEXT
('Context #1','3D Context with UNIT and UNCERTAINTY') );
#4701 = ( LENGTH_UNIT() NAMED_UNIT(*) SI_UNIT(.MILLI.,.METRE.) );
#4702 = ( NAMED_UNIT(*) PLANE_ANGLE_UNIT() SI_UNIT($,.RADIAN.) );
#4703 = ( NAMED_UNIT(*) SI_UNIT($,.STERADIAN.) SOLID_ANGLE_UNIT() );
#4704 = UNCERTAINTY_MEASURE_WITH_UNIT(LENGTH_MEASURE(1.E-07),#4701,
  'distance_accuracy_value','confusion accuracy');
#4705 = CONTEXT_DEPENDENT_SHAPE_REPRESENTATION(#4706,#4708);
#4706 = ( REPRESENTATION_RELATIONSHIP('','',#4413,#60) 
REPRESENTATION_RELATIONSHIP_WITH_TRANSFORMATION(#4707) 
SHAPE_REPRESENTATION_RELATIONSHIP() );
#4707 = ITEM_DEFINED_TRANSFORMATION('','',#11,#117);
#4708 = PRODUCT_DEFINITION_SHAPE('Placement','Placement of an item',
  #4709);
#4709 = NEXT_ASSEMBLY_USAGE_OCCURRENCE('321','Core_4_3','',#55,#4408,$);
#4710 = PRODUCT_RELATED_PRODUCT_CATEGORY('part',$,(#4410));
#4711 = SHAPE_DEFINITION_REPRESENTATION(#4712,#4718);
#4712 = PRODUCT_DEFINITION_SHAPE('','',#4713);
#4713 = PRODUCT_DEFINITION('design','',#4714,#4717);
#4714 = PRODUCT_DEFINITION_FORMATION('','',#4715);
#4715 = PRODUCT('Core_4_4','Core_4_4','',(#4716));
#4716 = PRODUCT_CONTEXT('',#2,'mechanical');
#4717 = PRODUCT_DEFINITION_CONTEXT('part definition',#2,'design');
#4718 = ADVANCED_BREP_SHAPE_REPRESENTATION('',(#11,#4719),#5005);
#4719 = MANIFOLD_SOLID_BREP('',#4720);
#4720 = CLOSED_SHELL('',(#4721,#4761,#4826,#4850,#4908,#4925,#4937,#4959
    ,#4976,#4993));
#4721 = ADVANCED_FACE('',(#4722),#4756,.F.);
#4722 = FACE_BOUND('',#4723,.F.);
#4723 = EDGE_LOOP('',(#4724,#4734,#4742,#4750));
#4724 = ORIENTED_EDGE('',*,*,#4725,.F.);
#4725 = EDGE_CURVE('',#4726,#4728,#4730,.T.);
#4726 = VERTEX_POINT('',#4727);
#4727 = CARTESIAN_POINT('',(15.6,0.,15.6));
#4728 = VERTEX_POINT('',#4729);
#4729 = CARTESIAN_POINT('',(15.6,0.,17.6));
#4730 = LINE('',#4731,#4732);
#4731 = CARTESIAN_POINT('',(15.6,0.,15.6));
#4732 = VECTOR('',#4733,1.);
#4733 = DIRECTION('',(0.,0.,1.));
#4734 = ORIENTED_EDGE('',*,*,#4735,.T.);
#4735 = EDGE_CURVE('',#4726,#4736,#4738,.T.);
#4736 = VERTEX_POINT('',#4737);
#4737 = CARTESIAN_POINT('',(15.6,0.5,15.6));
#4738 = LINE('',#4739,#4740);
#4739 = CARTESIAN_POINT('',(15.6,0.,15.6));
#4740 = VECTOR('',#4741,1.);
#4741 = DIRECTION('',(-0.,1.,0.));
#4742 = ORIENTED_EDGE('',*,*,#4743,.T.);
#4743 = EDGE_CURVE('',#4736,#4744,#4746,.T.);
#4744 = VERTEX_POINT('',#4745);
#4745 = CARTESIAN_POINT('',(15.6,0.5,17.6));
#4746 = LINE('',#4747,#4748);
#4747 = CARTESIAN_POINT('',(15.6,0.5,15.6));
#4748 = VECTOR('',#4749,1.);
#4749 = DIRECTION('',(0.,0.,1.));
#4750 = ORIENTED_EDGE('',*,*,#4751,.F.);
#4751 = EDGE_CURVE('',#4728,#4744,#4752,.T.);
#4752 = LINE('',#4753,#4754);
#4753 = CARTESIAN_POINT('',(15.6,0.,17.6));
#4754 = VECTOR('',#4755,1.);
#4755 = DIRECTION('',(-0.,1.,0.));
#4756 = PLANE('',#4757);
#4757 = AXIS2_PLACEMENT_3D('',#4758,#4759,#4760);
#4758 = CARTESIAN_POINT('',(15.6,0.,15.6));
#4759 = DIRECTION('',(1.,0.,-0.));
#4760 = DIRECTION('',(0.,0.,1.));
#4761 = ADVANCED_FACE('',(#4762,#4787),#4821,.F.);
#4762 = FACE_BOUND('',#4763,.F.);
#4763 = EDGE_LOOP('',(#4764,#4772,#4773,#4781));
#4764 = ORIENTED_EDGE('',*,*,#4765,.F.);
#4765 = EDGE_CURVE('',#4726,#4766,#4768,.T.);
#4766 = VERTEX_POINT('',#4767);
#4767 = CARTESIAN_POINT('',(17.6,0.,15.6));
#4768 = LINE('',#4769,#4770);
#4769 = CARTESIAN_POINT('',(15.6,0.,15.6));
#4770 = VECTOR('',#4771,1.);
#4771 = DIRECTION('',(1.,0.,-0.));
#4772 = ORIENTED_EDGE('',*,*,#4725,.T.);
#4773 = ORIENTED_EDGE('',*,*,#4774,.T.);
#4774 = EDGE_CURVE('',#4728,#4775,#4777,.T.);
#4775 = VERTEX_POINT('',#4776);
#4776 = CARTESIAN_POINT('',(17.6,0.,17.6));
#4777 = LINE('',#4778,#4779);
#4778 = CARTESIAN_POINT('',(15.6,0.,17.6));
#4779 = VECTOR('',#4780,1.);
#4780 = DIRECTION('',(1.,0.,-0.));
#4781 = ORIENTED_EDGE('',*,*,#4782,.F.);
#4782 = EDGE_CURVE('',#4766,#4775,#4783,.T.);
#4783 = LINE('',#4784,#4785);
#4784 = CARTESIAN_POINT('',(17.6,0.,15.6));
#4785 = VECTOR('',#4786,1.);
#4786 = DIRECTION('',(0.,0.,1.));
#4787 = FACE_BOUND('',#4788,.F.);
#4788 = EDGE_LOOP('',(#4789,#4799,#4807,#4815));
#4789 = ORIENTED_EDGE('',*,*,#4790,.F.);
#4790 = EDGE_CURVE('',#4791,#4793,#4795,.T.);
#4791 = VERTEX_POINT('',#4792);
#4792 = CARTESIAN_POINT('',(16.5,0.,16.5));
#4793 = VERTEX_POINT('',#4794);
#4794 = CARTESIAN_POINT('',(16.5,0.,16.7));
#4795 = LINE('',#4796,#4797);
#4796 = CARTESIAN_POINT('',(16.5,0.,16.5));
#4797 = VECTOR('',#4798,1.);
#4798 = DIRECTION('',(0.,0.,1.));
#4799 = ORIENTED_EDGE('',*,*,#4800,.T.);
#4800 = EDGE_CURVE('',#4791,#4801,#4803,.T.);
#4801 = VERTEX_POINT('',#4802);
#4802 = CARTESIAN_POINT('',(16.7,0.,16.5));
#4803 = LINE('',#4804,#4805);
#4804 = CARTESIAN_POINT('',(16.5,0.,16.5));
#4805 = VECTOR('',#4806,1.);
#4806 = DIRECTION('',(1.,0.,-0.));
#4807 = ORIENTED_EDGE('',*,*,#4808,.T.);
#4808 = EDGE_CURVE('',#4801,#4809,#4811,.T.);
#4809 = VERTEX_POINT('',#4810);
#4810 = CARTESIAN_POINT('',(16.7,0.,16.7));
#4811 = LINE('',#4812,#4813);
#4812 = CARTESIAN_POINT('',(16.7,0.,16.5));
#4813 = VECTOR('',#4814,1.);
#4814 = DIRECTION('',(0.,0.,1.));
#4815 = ORIENTED_EDGE('',*,*,#4816,.F.);
#4816 = EDGE_CURVE('',#4793,#4809,#4817,.T.);
#4817 = LINE('',#4818,#4819);
#4818 = CARTESIAN_POINT('',(16.5,0.,16.7));
#4819 = VECTOR('',#4820,1.);
#4820 = DIRECTION('',(1.,0.,-0.));
#4821 = PLANE('',#4822);
#4822 = AXIS2_PLACEMENT_3D('',#4823,#4824,#4825);
#4823 = CARTESIAN_POINT('',(15.6,0.,15.6));
#4824 = DIRECTION('',(-0.,1.,0.));
#4825 = DIRECTION('',(0.,0.,1.));
#4826 = ADVANCED_FACE('',(#4827),#4845,.T.);
#4827 = FACE_BOUND('',#4828,.T.);
#4828 = EDGE_LOOP('',(#4829,#4830,#4831,#4839));
#4829 = ORIENTED_EDGE('',*,*,#4751,.F.);
#4830 = ORIENTED_EDGE('',*,*,#4774,.T.);
#4831 = ORIENTED_EDGE('',*,*,#4832,.T.);
#4832 = EDGE_CURVE('',#4775,#4833,#4835,.T.);
#4833 = VERTEX_POINT('',#4834);
#4834 = CARTESIAN_POINT('',(17.6,0.5,17.6));
#4835 = LINE('',#4836,#4837);
#4836 = CARTESIAN_POINT('',(17.6,0.,17.6));
#4837 = VECTOR('',#4838,1.);
#4838 = DIRECTION('',(-0.,1.,0.));
#4839 = ORIENTED_EDGE('',*,*,#4840,.F.);
#4840 = EDGE_CURVE('',#4744,#4833,#4841,.T.);
#4841 = LINE('',#4842,#4843);
#4842 = CARTESIAN_POINT('',(15.6,0.5,17.6));
#4843 = VECTOR('',#4844,1.);
#4844 = DIRECTION('',(1.,0.,-0.));
#4845 = PLANE('',#4846);
#4846 = AXIS2_PLACEMENT_3D('',#4847,#4848,#4849);
#4847 = CARTESIAN_POINT('',(15.6,0.,17.6));
#4848 = DIRECTION('',(0.,0.,1.));
#4849 = DIRECTION('',(1.,0.,-0.));
#4850 = ADVANCED_FACE('',(#4851,#4869),#4903,.T.);
#4851 = FACE_BOUND('',#4852,.T.);
#4852 = EDGE_LOOP('',(#4853,#4861,#4862,#4863));
#4853 = ORIENTED_EDGE('',*,*,#4854,.F.);
#4854 = EDGE_CURVE('',#4736,#4855,#4857,.T.);
#4855 = VERTEX_POINT('',#4856);
#4856 = CARTESIAN_POINT('',(17.6,0.5,15.6));
#4857 = LINE('',#4858,#4859);
#4858 = CARTESIAN_POINT('',(15.6,0.5,15.6));
#4859 = VECTOR('',#4860,1.);
#4860 = DIRECTION('',(1.,0.,-0.));
#4861 = ORIENTED_EDGE('',*,*,#4743,.T.);
#4862 = ORIENTED_EDGE('',*,*,#4840,.T.);
#4863 = ORIENTED_EDGE('',*,*,#4864,.F.);
#4864 = EDGE_CURVE('',#4855,#4833,#4865,.T.);
#4865 = LINE('',#4866,#4867);
#4866 = CARTESIAN_POINT('',(17.6,0.5,15.6));
#4867 = VECTOR('',#4868,1.);
#4868 = DIRECTION('',(0.,0.,1.));
#4869 = FACE_BOUND('',#4870,.T.);
#4870 = EDGE_LOOP('',(#4871,#4881,#4889,#4897));
#4871 = ORIENTED_EDGE('',*,*,#4872,.F.);
#4872 = EDGE_CURVE('',#4873,#4875,#4877,.T.);
#4873 = VERTEX_POINT('',#4874);
#4874 = CARTESIAN_POINT('',(16.5,0.5,16.5));
#4875 = VERTEX_POINT('',#4876);
#4876 = CARTESIAN_POINT('',(16.5,0.5,16.7));
#4877 = LINE('',#4878,#4879);
#4878 = CARTESIAN_POINT('',(16.5,0.5,16.5));
#4879 = VECTOR('',#4880,1.);
#4880 = DIRECTION('',(0.,0.,1.));
#4881 = ORIENTED_EDGE('',*,*,#4882,.T.);
#4882 = EDGE_CURVE('',#4873,#4883,#4885,.T.);
#4883 = VERTEX_POINT('',#4884);
#4884 = CARTESIAN_POINT('',(16.7,0.5,16.5));
#4885 = LINE('',#4886,#4887);
#4886 = CARTESIAN_POINT('',(16.5,0.5,16.5));
#4887 = VECTOR('',#4888,1.);
#4888 = DIRECTION('',(1.,0.,-0.));
#4889 = ORIENTED_EDGE('',*,*,#4890,.T.);
#4890 = EDGE_CURVE('',#4883,#4891,#4893,.T.);
#4891 = VERTEX_POINT('',#4892);
#4892 = CARTESIAN_POINT('',(16.7,0.5,16.7));
#4893 = LINE('',#4894,#4895);
#4894 = CARTESIAN_POINT('',(16.7,0.5,16.5));
#4895 = VECTOR('',#4896,1.);
#4896 = DIRECTION('',(0.,0.,1.));
#4897 = ORIENTED_EDGE('',*,*,#4898,.F.);
#4898 = EDGE_CURVE('',#4875,#4891,#4899,.T.);
#4899 = LINE('',#4900,#4901);
#4900 = CARTESIAN_POINT('',(16.5,0.5,16.7));
#4901 = VECTOR('',#4902,1.);
#4902 = DIRECTION('',(1.,0.,-0.));
#4903 = PLANE('',#4904);
#4904 = AXIS2_PLACEMENT_3D('',#4905,#4906,#4907);
#4905 = CARTESIAN_POINT('',(15.6,0.5,15.6));
#4906 = DIRECTION('',(-0.,1.,0.));
#4907 = DIRECTION('',(0.,0.,1.));
#4908 = ADVANCED_FACE('',(#4909),#4920,.F.);
#4909 = FACE_BOUND('',#4910,.F.);
#4910 = EDGE_LOOP('',(#4911,#4912,#4913,#4919));
#4911 = ORIENTED_EDGE('',*,*,#4735,.F.);
#4912 = ORIENTED_EDGE('',*,*,#4765,.T.);
#4913 = ORIENTED_EDGE('',*,*,#4914,.T.);
#4914 = EDGE_CURVE('',#4766,#4855,#4915,.T.);
#4915 = LINE('',#4916,#4917);
#4916 = CARTESIAN_POINT('',(17.6,0.,15.6));
#4917 = VECTOR('',#4918,1.);
#4918 = DIRECTION('',(-0.,1.,0.));
#4919 = ORIENTED_EDGE('',*,*,#4854,.F.);
#4920 = PLANE('',#4921);
#4921 = AXIS2_PLACEMENT_3D('',#4922,#4923,#4924);
#4922 = CARTESIAN_POINT('',(15.6,0.,15.6));
#4923 = DIRECTION('',(0.,0.,1.));
#4924 = DIRECTION('',(1.,0.,-0.));
#4925 = ADVANCED_FACE('',(#4926),#4932,.T.);
#4926 = FACE_BOUND('',#4927,.T.);
#4927 = EDGE_LOOP('',(#4928,#4929,#4930,#4931));
#4928 = ORIENTED_EDGE('',*,*,#4782,.F.);
#4929 = ORIENTED_EDGE('',*,*,#4914,.T.);
#4930 = ORIENTED_EDGE('',*,*,#4864,.T.);
#4931 = ORIENTED_EDGE('',*,*,#4832,.F.);
#4932 = PLANE('',#4933);
#4933 = AXIS2_PLACEMENT_3D('',#4934,#4935,#4936);
#4934 = CARTESIAN_POINT('',(17.6,0.,15.6));
#4935 = DIRECTION('',(1.,0.,-0.));
#4936 = DIRECTION('',(0.,0.,1.));
#4937 = ADVANCED_FACE('',(#4938),#4954,.T.);
#4938 = FACE_BOUND('',#4939,.T.);
#4939 = EDGE_LOOP('',(#4940,#4941,#4947,#4948));
#4940 = ORIENTED_EDGE('',*,*,#4790,.F.);
#4941 = ORIENTED_EDGE('',*,*,#4942,.T.);
#4942 = EDGE_CURVE('',#4791,#4873,#4943,.T.);
#4943 = LINE('',#4944,#4945);
#4944 = CARTESIAN_POINT('',(16.5,0.,16.5));
#4945 = VECTOR('',#4946,1.);
#4946 = DIRECTION('',(-0.,1.,0.));
#4947 = ORIENTED_EDGE('',*,*,#4872,.T.);
#4948 = ORIENTED_EDGE('',*,*,#4949,.F.);
#4949 = EDGE_CURVE('',#4793,#4875,#4950,.T.);
#4950 = LINE('',#4951,#4952);
#4951 = CARTESIAN_POINT('',(16.5,0.,16.7));
#4952 = VECTOR('',#4953,1.);
#4953 = DIRECTION('',(-0.,1.,0.));
#4954 = PLANE('',#4955);
#4955 = AXIS2_PLACEMENT_3D('',#4956,#4957,#4958);
#4956 = CARTESIAN_POINT('',(16.5,0.,16.5));
#4957 = DIRECTION('',(1.,0.,-0.));
#4958 = DIRECTION('',(0.,0.,1.));
#4959 = ADVANCED_FACE('',(#4960),#4971,.F.);
#4960 = FACE_BOUND('',#4961,.F.);
#4961 = EDGE_LOOP('',(#4962,#4963,#4964,#4970));
#4962 = ORIENTED_EDGE('',*,*,#4949,.F.);
#4963 = ORIENTED_EDGE('',*,*,#4816,.T.);
#4964 = ORIENTED_EDGE('',*,*,#4965,.T.);
#4965 = EDGE_CURVE('',#4809,#4891,#4966,.T.);
#4966 = LINE('',#4967,#4968);
#4967 = CARTESIAN_POINT('',(16.7,0.,16.7));
#4968 = VECTOR('',#4969,1.);
#4969 = DIRECTION('',(-0.,1.,0.));
#4970 = ORIENTED_EDGE('',*,*,#4898,.F.);
#4971 = PLANE('',#4972);
#4972 = AXIS2_PLACEMENT_3D('',#4973,#4974,#4975);
#4973 = CARTESIAN_POINT('',(16.5,0.,16.7));
#4974 = DIRECTION('',(0.,0.,1.));
#4975 = DIRECTION('',(1.,0.,-0.));
#4976 = ADVANCED_FACE('',(#4977),#4988,.F.);
#4977 = FACE_BOUND('',#4978,.F.);
#4978 = EDGE_LOOP('',(#4979,#4980,#4986,#4987));
#4979 = ORIENTED_EDGE('',*,*,#4808,.F.);
#4980 = ORIENTED_EDGE('',*,*,#4981,.T.);
#4981 = EDGE_CURVE('',#4801,#4883,#4982,.T.);
#4982 = LINE('',#4983,#4984);
#4983 = CARTESIAN_POINT('',(16.7,0.,16.5));
#4984 = VECTOR('',#4985,1.);
#4985 = DIRECTION('',(-0.,1.,0.));
#4986 = ORIENTED_EDGE('',*,*,#4890,.T.);
#4987 = ORIENTED_EDGE('',*,*,#4965,.F.);
#4988 = PLANE('',#4989);
#4989 = AXIS2_PLACEMENT_3D('',#4990,#4991,#4992);
#4990 = CARTESIAN_POINT('',(16.7,0.,16.5));
#4991 = DIRECTION('',(1.,0.,-0.));
#4992 = DIRECTION('',(0.,0.,1.));
#4993 = ADVANCED_FACE('',(#4994),#5000,.T.);
#4994 = FACE_BOUND('',#4995,.T.);
#4995 = EDGE_LOOP('',(#4996,#4997,#4998,#4999));
#4996 = ORIENTED_EDGE('',*,*,#4942,.F.);
#4997 = ORIENTED_EDGE('',*,*,#4800,.T.);
#4998 = ORIENTED_EDGE('',*,*,#4981,.T.);
#4999 = ORIENTED_EDGE('',*,*,#4882,.F.);
#5000 = PLANE('',#5001);
#5001 = AXIS2_PLACEMENT_3D('',#5002,#5003,#5004);
#5002 = CARTESIAN_POINT('',(16.5,0.,16.5));
#5003 = DIRECTION('',(0.,0.,1.));
#5004 = DIRECTION('',(1.,0.,-0.));
#5005 = ( GEOMETRIC_REPRESENTATION_CONTEXT(3) 
GLOBAL_UNCERTAINTY_ASSIGNED_CONTEXT((#5009)) 
GLOBAL_UNIT_ASSIGNED_CONTEXT((#5006,#5007,#5008)) REPRESENTATION_CONTEXT
('Context #1','3D Context with UNIT and UNCERTAINTY') );
#5006 = ( LENGTH_UNIT() NAMED_UNIT(*) SI_UNIT(.MILLI.,.METRE.) );
#5007 = ( NAMED_UNIT(*) PLANE_ANGLE_UNIT() SI_UNIT($,.RADIAN.) );
#5008 = ( NAMED_UNIT(*) SI_UNIT($,.STERADIAN.) SOLID_ANGLE_UNIT() );
#5009 = UNCERTAINTY_MEASURE_WITH_UNIT(LENGTH_MEASURE(1.E-07),#5006,
  'distance_accuracy_value','confusion accuracy');
#5010 = CONTEXT_DEPENDENT_SHAPE_REPRESENTATION(#5011,#5013);
#5011 = ( REPRESENTATION_RELATIONSHIP('','',#4718,#60) 
REPRESENTATION_RELATIONSHIP_WITH_TRANSFORMATION(#5012) 
SHAPE_REPRESENTATION_RELATIONSHIP() );
#5012 = ITEM_DEFINED_TRANSFORMATION('','',#11,#121);
#5013 = PRODUCT_DEFINITION_SHAPE('Placement','Placement of an item',
  #5014);
#5014 = NEXT_ASSEMBLY_USAGE_OCCURRENCE('322','Core_4_4','',#55,#4713,$);
#5015 = PRODUCT_RELATED_PRODUCT_CATEGORY('part',$,(#4715));
#5016 = SHAPE_DEFINITION_REPRESENTATION(#5017,#5023);
#5017 = PRODUCT_DEFINITION_SHAPE('','',#5018);
#5018 = PRODUCT_DEFINITION('design','',#5019,#5022);
#5019 = PRODUCT_DEFINITION_FORMATION('','',#5020);
#5020 = PRODUCT('Hotspots','Hotspots','',(#5021));
#5021 = PRODUCT_CONTEXT('',#2,'mechanical');
#5022 = PRODUCT_DEFINITION_CONTEXT('part definition',#2,'design');
#5023 = SHAPE_REPRESENTATION('',(#11,#5024,#5028,#5032,#5036,#5040,#5044
    ,#5048,#5052,#5056,#5060,#5064,#5068,#5072,#5076,#5080,#5084),#5088
  );
#5024 = AXIS2_PLACEMENT_3D('',#5025,#5026,#5027);
#5025 = CARTESIAN_POINT('',(3.3,0.,3.3));
#5026 = DIRECTION('',(0.,0.,1.));
#5027 = DIRECTION('',(1.,0.,0.));
#5028 = AXIS2_PLACEMENT_3D('',#5029,#5030,#5031);
#5029 = CARTESIAN_POINT('',(3.3,0.,7.7));
#5030 = DIRECTION('',(0.,0.,1.));
#5031 = DIRECTION('',(1.,0.,0.));
#5032 = AXIS2_PLACEMENT_3D('',#5033,#5034,#5035);
#5033 = CARTESIAN_POINT('',(3.3,0.,12.1));
#5034 = DIRECTION('',(0.,0.,1.));
#5035 = DIRECTION('',(1.,0.,0.));
#5036 = AXIS2_PLACEMENT_3D('',#5037,#5038,#5039);
#5037 = CARTESIAN_POINT('',(3.3,0.,16.5));
#5038 = DIRECTION('',(0.,0.,1.));
#5039 = DIRECTION('',(1.,0.,0.));
#5040 = AXIS2_PLACEMENT_3D('',#5041,#5042,#5043);
#5041 = CARTESIAN_POINT('',(7.7,0.,3.3));
#5042 = DIRECTION('',(0.,0.,1.));
#5043 = DIRECTION('',(1.,0.,0.));
#5044 = AXIS2_PLACEMENT_3D('',#5045,#5046,#5047);
#5045 = CARTESIAN_POINT('',(7.7,0.,7.7));
#5046 = DIRECTION('',(0.,0.,1.));
#5047 = DIRECTION('',(1.,0.,0.));
#5048 = AXIS2_PLACEMENT_3D('',#5049,#5050,#5051);
#5049 = CARTESIAN_POINT('',(7.7,0.,12.1));
#5050 = DIRECTION('',(0.,0.,1.));
#5051 = DIRECTION('',(1.,0.,0.));
#5052 = AXIS2_PLACEMENT_3D('',#5053,#5054,#5055);
#5053 = CARTESIAN_POINT('',(7.7,0.,16.5));
#5054 = DIRECTION('',(0.,0.,1.));
#5055 = DIRECTION('',(1.,0.,0.));
#5056 = AXIS2_PLACEMENT_3D('',#5057,#5058,#5059);
#5057 = CARTESIAN_POINT('',(12.1,0.,3.3));
#5058 = DIRECTION('',(0.,0.,1.));
#5059 = DIRECTION('',(1.,0.,0.));
#5060 = AXIS2_PLACEMENT_3D('',#5061,#5062,#5063);
#5061 = CARTESIAN_POINT('',(12.1,0.,7.7));
#5062 = DIRECTION('',(0.,0.,1.));
#5063 = DIRECTION('',(1.,0.,0.));
#5064 = AXIS2_PLACEMENT_3D('',#5065,#5066,#5067);
#5065 = CARTESIAN_POINT('',(12.1,0.,12.1));
#5066 = DIRECTION('',(0.,0.,1.));
#5067 = DIRECTION('',(1.,0.,0.));
#5068 = AXIS2_PLACEMENT_3D('',#5069,#5070,#5071);
#5069 = CARTESIAN_POINT('',(12.1,0.,16.5));
#5070 = DIRECTION('',(0.,0.,1.));
#5071 = DIRECTION('',(1.,0.,0.));
#5072 = AXIS2_PLACEMENT_3D('',#5073,#5074,#5075);
#5073 = CARTESIAN_POINT('',(16.5,0.,3.3));
#5074 = DIRECTION('',(0.,0.,1.));
#5075 = DIRECTION('',(1.,0.,0.));
#5076 = AXIS2_PLACEMENT_3D('',#5077,#5078,#5079);
#5077 = CARTESIAN_POINT('',(16.5,0.,7.7));
#5078 = DIRECTION('',(0.,0.,1.));
#5079 = DIRECTION('',(1.,0.,0.));
#5080 = AXIS2_PLACEMENT_3D('',#5081,#5082,#5083);
#5081 = CARTESIAN_POINT('',(16.5,0.,12.1));
#5082 = DIRECTION('',(0.,0.,1.));
#5083 = DIRECTION('',(1.,0.,0.));
#5084 = AXIS2_PLACEMENT_3D('',#5085,#5086,#5087);
#5085 = CARTESIAN_POINT('',(16.5,0.,16.5));
#5086 = DIRECTION('',(0.,0.,1.));
#5087 = DIRECTION('',(1.,0.,0.));
#5088 = ( GEOMETRIC_REPRESENTATION_CONTEXT(3) 
GLOBAL_UNCERTAINTY_ASSIGNED_CONTEXT((#5092)) 
GLOBAL_UNIT_ASSIGNED_CONTEXT((#5089,#5090,#5091)) REPRESENTATION_CONTEXT
('Context #1','3D Context with UNIT and UNCERTAINTY') );
#5089 = ( LENGTH_UNIT() NAMED_UNIT(*) SI_UNIT(.MILLI.,.METRE.) );
#5090 = ( NAMED_UNIT(*) PLANE_ANGLE_UNIT() SI_UNIT($,.RADIAN.) );
#5091 = ( NAMED_UNIT(*) SI_UNIT($,.STERADIAN.) SOLID_ANGLE_UNIT() );
#5092 = UNCERTAINTY_MEASURE_WITH_UNIT(LENGTH_MEASURE(1.E-07),#5089,
  'distance_accuracy_value','confusion accuracy');
#5093 = CONTEXT_DEPENDENT_SHAPE_REPRESENTATION(#5094,#5096);
#5094 = ( REPRESENTATION_RELATIONSHIP('','',#5023,#10) 
REPRESENTATION_RELATIONSHIP_WITH_TRANSFORMATION(#5095) 
SHAPE_REPRESENTATION_RELATIONSHIP() );
#5095 = ITEM_DEFINED_TRANSFORMATION('','',#11,#19);
#5096 = PRODUCT_DEFINITION_SHAPE('Placement','Placement of an item',
  #5097);
#5097 = NEXT_ASSEMBLY_USAGE_OCCURRENCE('340','Hotspots','',#5,#5018,$);
#5098 = PRODUCT_RELATED_PRODUCT_CATEGORY('part',$,(#5020));
#5099 = SHAPE_DEFINITION_REPRESENTATION(#5100,#5106);
#5100 = PRODUCT_DEFINITION_SHAPE('','',#5101);
#5101 = PRODUCT_DEFINITION('design','',#5102,#5105);
#5102 = PRODUCT_DEFINITION_FORMATION('','',#5103);
#5103 = PRODUCT('Hotspot_1_1','Hotspot_1_1','',(#5104));
#5104 = PRODUCT_CONTEXT('',#2,'mechanical');
#5105 = PRODUCT_DEFINITION_CONTEXT('part definition',#2,'design');
#5106 = ADVANCED_BREP_SHAPE_REPRESENTATION('',(#11,#5107),#5257);
#5107 = MANIFOLD_SOLID_BREP('',#5108);
#5108 = CLOSED_SHELL('',(#5109,#5149,#5189,#5211,#5233,#5245));
#5109 = ADVANCED_FACE('',(#5110),#5144,.F.);
#5110 = FACE_BOUND('',#5111,.F.);
#5111 = EDGE_LOOP('',(#5112,#5122,#5130,#5138));
#5112 = ORIENTED_EDGE('',*,*,#5113,.F.);
#5113 = EDGE_CURVE('',#5114,#5116,#5118,.T.);
#5114 = VERTEX_POINT('',#5115);
#5115 = CARTESIAN_POINT('',(0.,0.,0.));
#5116 = VERTEX_POINT('',#5117);
#5117 = CARTESIAN_POINT('',(0.,0.,0.2));
#5118 = LINE('',#5119,#5120);
#5119 = CARTESIAN_POINT('',(0.,0.,0.));
#5120 = VECTOR('',#5121,1.);
#5121 = DIRECTION('',(0.,0.,1.));
#5122 = ORIENTED_EDGE('',*,*,#5123,.T.);
#5123 = EDGE_CURVE('',#5114,#5124,#5126,.T.);
#5124 = VERTEX_POINT('',#5125);
#5125 = CARTESIAN_POINT('',(0.,0.5,0.));
#5126 = LINE('',#5127,#5128);
#5127 = CARTESIAN_POINT('',(0.,0.,0.));
#5128 = VECTOR('',#5129,1.);
#5129 = DIRECTION('',(-0.,1.,0.));
#5130 = ORIENTED_EDGE('',*,*,#5131,.T.);
#5131 = EDGE_CURVE('',#5124,#5132,#5134,.T.);
#5132 = VERTEX_POINT('',#5133);
#5133 = CARTESIAN_POINT('',(0.,0.5,0.2));
#5134 = LINE('',#5135,#5136);
#5135 = CARTESIAN_POINT('',(0.,0.5,0.));
#5136 = VECTOR('',#5137,1.);
#5137 = DIRECTION('',(0.,0.,1.));
#5138 = ORIENTED_EDGE('',*,*,#5139,.F.);
#5139 = EDGE_CURVE('',#5116,#5132,#5140,.T.);
#5140 = LINE('',#5141,#5142);
#5141 = CARTESIAN_POINT('',(0.,0.,0.2));
#5142 = VECTOR('',#5143,1.);
#5143 = DIRECTION('',(-0.,1.,0.));
#5144 = PLANE('',#5145);
#5145 = AXIS2_PLACEMENT_3D('',#5146,#5147,#5148);
#5146 = CARTESIAN_POINT('',(0.,0.,0.));
#5147 = DIRECTION('',(1.,0.,-0.));
#5148 = DIRECTION('',(0.,0.,1.));
#5149 = ADVANCED_FACE('',(#5150),#5184,.T.);
#5150 = FACE_BOUND('',#5151,.T.);
#5151 = EDGE_LOOP('',(#5152,#5162,#5170,#5178));
#5152 = ORIENTED_EDGE('',*,*,#5153,.F.);
#5153 = EDGE_CURVE('',#5154,#5156,#5158,.T.);
#5154 = VERTEX_POINT('',#5155);
#5155 = CARTESIAN_POINT('',(0.2,0.,0.));
#5156 = VERTEX_POINT('',#5157);
#5157 = CARTESIAN_POINT('',(0.2,0.,0.2));
#5158 = LINE('',#5159,#5160);
#5159 = CARTESIAN_POINT('',(0.2,0.,0.));
#5160 = VECTOR('',#5161,1.);
#5161 = DIRECTION('',(0.,0.,1.));
#5162 = ORIENTED_EDGE('',*,*,#5163,.T.);
#5163 = EDGE_CURVE('',#5154,#5164,#5166,.T.);
#5164 = VERTEX_POINT('',#5165);
#5165 = CARTESIAN_POINT('',(0.2,0.5,0.));
#5166 = LINE('',#5167,#5168);
#5167 = CARTESIAN_POINT('',(0.2,0.,0.));
#5168 = VECTOR('',#5169,1.);
#5169 = DIRECTION('',(-0.,1.,0.));
#5170 = ORIENTED_EDGE('',*,*,#5171,.T.);
#5171 = EDGE_CURVE('',#5164,#5172,#5174,.T.);
#5172 = VERTEX_POINT('',#5173);
#5173 = CARTESIAN_POINT('',(0.2,0.5,0.2));
#5174 = LINE('',#5175,#5176);
#5175 = CARTESIAN_POINT('',(0.2,0.5,0.));
#5176 = VECTOR('',#5177,1.);
#5177 = DIRECTION('',(0.,0.,1.));
#5178 = ORIENTED_EDGE('',*,*,#5179,.F.);
#5179 = EDGE_CURVE('',#5156,#5172,#5180,.T.);
#5180 = LINE('',#5181,#5182);
#5181 = CARTESIAN_POINT('',(0.2,0.,0.2));
#5182 = VECTOR('',#5183,1.);
#5183 = DIRECTION('',(-0.,1.,0.));
#5184 = PLANE('',#5185);
#5185 = AXIS2_PLACEMENT_3D('',#5186,#5187,#5188);
#5186 = CARTESIAN_POINT('',(0.2,0.,0.));
#5187 = DIRECTION('',(1.,0.,-0.));
#5188 = DIRECTION('',(0.,0.,1.));
#5189 = ADVANCED_FACE('',(#5190),#5206,.F.);
#5190 = FACE_BOUND('',#5191,.F.);
#5191 = EDGE_LOOP('',(#5192,#5198,#5199,#5205));
#5192 = ORIENTED_EDGE('',*,*,#5193,.F.);
#5193 = EDGE_CURVE('',#5114,#5154,#5194,.T.);
#5194 = LINE('',#5195,#5196);
#5195 = CARTESIAN_POINT('',(0.,0.,0.));
#5196 = VECTOR('',#5197,1.);
#5197 = DIRECTION('',(1.,0.,-0.));
#5198 = ORIENTED_EDGE('',*,*,#5113,.T.);
#5199 = ORIENTED_EDGE('',*,*,#5200,.T.);
#5200 = EDGE_CURVE('',#5116,#5156,#5201,.T.);
#5201 = LINE('',#5202,#5203);
#5202 = CARTESIAN_POINT('',(0.,0.,0.2));
#5203 = VECTOR('',#5204,1.);
#5204 = DIRECTION('',(1.,0.,-0.));
#5205 = ORIENTED_EDGE('',*,*,#5153,.F.);
#5206 = PLANE('',#5207);
#5207 = AXIS2_PLACEMENT_3D('',#5208,#5209,#5210);
#5208 = CARTESIAN_POINT('',(0.,0.,0.));
#5209 = DIRECTION('',(-0.,1.,0.));
#5210 = DIRECTION('',(0.,0.,1.));
#5211 = ADVANCED_FACE('',(#5212),#5228,.T.);
#5212 = FACE_BOUND('',#5213,.T.);
#5213 = EDGE_LOOP('',(#5214,#5220,#5221,#5227));
#5214 = ORIENTED_EDGE('',*,*,#5215,.F.);
#5215 = EDGE_CURVE('',#5124,#5164,#5216,.T.);
#5216 = LINE('',#5217,#5218);
#5217 = CARTESIAN_POINT('',(0.,0.5,0.));
#5218 = VECTOR('',#5219,1.);
#5219 = DIRECTION('',(1.,0.,-0.));
#5220 = ORIENTED_EDGE('',*,*,#5131,.T.);
#5221 = ORIENTED_EDGE('',*,*,#5222,.T.);
#5222 = EDGE_CURVE('',#5132,#5172,#5223,.T.);
#5223 = LINE('',#5224,#5225);
#5224 = CARTESIAN_POINT('',(0.,0.5,0.2));
#5225 = VECTOR('',#5226,1.);
#5226 = DIRECTION('',(1.,0.,-0.));
#5227 = ORIENTED_EDGE('',*,*,#5171,.F.);
#5228 = PLANE('',#5229);
#5229 = AXIS2_PLACEMENT_3D('',#5230,#5231,#5232);
#5230 = CARTESIAN_POINT('',(0.,0.5,0.));
#5231 = DIRECTION('',(-0.,1.,0.));
#5232 = DIRECTION('',(0.,0.,1.));
#5233 = ADVANCED_FACE('',(#5234),#5240,.F.);
#5234 = FACE_BOUND('',#5235,.F.);
#5235 = EDGE_LOOP('',(#5236,#5237,#5238,#5239));
#5236 = ORIENTED_EDGE('',*,*,#5123,.F.);
#5237 = ORIENTED_EDGE('',*,*,#5193,.T.);
#5238 = ORIENTED_EDGE('',*,*,#5163,.T.);
#5239 = ORIENTED_EDGE('',*,*,#5215,.F.);
#5240 = PLANE('',#5241);
#5241 = AXIS2_PLACEMENT_3D('',#5242,#5243,#5244);
#5242 = CARTESIAN_POINT('',(0.,0.,0.));
#5243 = DIRECTION('',(0.,0.,1.));
#5244 = DIRECTION('',(1.,0.,-0.));
#5245 = ADVANCED_FACE('',(#5246),#5252,.T.);
#5246 = FACE_BOUND('',#5247,.T.);
#5247 = EDGE_LOOP('',(#5248,#5249,#5250,#5251));
#5248 = ORIENTED_EDGE('',*,*,#5139,.F.);
#5249 = ORIENTED_EDGE('',*,*,#5200,.T.);
#5250 = ORIENTED_EDGE('',*,*,#5179,.T.);
#5251 = ORIENTED_EDGE('',*,*,#5222,.F.);
#5252 = PLANE('',#5253);
#5253 = AXIS2_PLACEMENT_3D('',#5254,#5255,#5256);
#5254 = CARTESIAN_POINT('',(0.,0.,0.2));
#5255 = DIRECTION('',(0.,0.,1.));
#5256 = DIRECTION('',(1.,0.,-0.));
#5257 = ( GEOMETRIC_REPRESENTATION_CONTEXT(3) 
GLOBAL_UNCERTAINTY_ASSIGNED_CONTEXT((#5261)) 
GLOBAL_UNIT_ASSIGNED_CONTEXT((#5258,#5259,#5260)) REPRESENTATION_CONTEXT
('Context #1','3D Context with UNIT and UNCERTAINTY') );
#5258 = ( LENGTH_UNIT() NAMED_UNIT(*) SI_UNIT(.MILLI.,.METRE.) );
#5259 = ( NAMED_UNIT(*) PLANE_ANGLE_UNIT() SI_UNIT($,.RADIAN.) );
#5260 = ( NAMED_UNIT(*) SI_UNIT($,.STERADIAN.) SOLID_ANGLE_UNIT() );
#5261 = UNCERTAINTY_MEASURE_WITH_UNIT(LENGTH_MEASURE(1.E-07),#5258,
  'distance_accuracy_value','confusion accuracy');
#5262 = CONTEXT_DEPENDENT_SHAPE_REPRESENTATION(#5263,#5265);
#5263 = ( REPRESENTATION_RELATIONSHIP('','',#5106,#5023) 
REPRESENTATION_RELATIONSHIP_WITH_TRANSFORMATION(#5264) 
SHAPE_REPRESENTATION_RELATIONSHIP() );
#5264 = ITEM_DEFINED_TRANSFORMATION('','',#11,#5024);
#5265 = PRODUCT_DEFINITION_SHAPE('Placement','Placement of an item',
  #5266);
#5266 = NEXT_ASSEMBLY_USAGE_OCCURRENCE('324','Hotspot_1_1','',#5018,
  #5101,$);
#5267 = PRODUCT_RELATED_PRODUCT_CATEGORY('part',$,(#5103));
#5268 = SHAPE_DEFINITION_REPRESENTATION(#5269,#5275);
#5269 = PRODUCT_DEFINITION_SHAPE('','',#5270);
#5270 = PRODUCT_DEFINITION('design','',#5271,#5274);
#5271 = PRODUCT_DEFINITION_FORMATION('','',#5272);
#5272 = PRODUCT('Hotspot_1_2','Hotspot_1_2','',(#5273));
#5273 = PRODUCT_CONTEXT('',#2,'mechanical');
#5274 = PRODUCT_DEFINITION_CONTEXT('part definition',#2,'design');
#5275 = ADVANCED_BREP_SHAPE_REPRESENTATION('',(#11,#5276),#5426);
#5276 = MANIFOLD_SOLID_BREP('',#5277);
#5277 = CLOSED_SHELL('',(#5278,#5318,#5358,#5380,#5402,#5414));
#5278 = ADVANCED_FACE('',(#5279),#5313,.F.);
#5279 = FACE_BOUND('',#5280,.F.);
#5280 = EDGE_LOOP('',(#5281,#5291,#5299,#5307));
#5281 = ORIENTED_EDGE('',*,*,#5282,.F.);
#5282 = EDGE_CURVE('',#5283,#5285,#5287,.T.);
#5283 = VERTEX_POINT('',#5284);
#5284 = CARTESIAN_POINT('',(0.,0.,0.));
#5285 = VERTEX_POINT('',#5286);
#5286 = CARTESIAN_POINT('',(0.,0.,0.2));
#5287 = LINE('',#5288,#5289);
#5288 = CARTESIAN_POINT('',(0.,0.,0.));
#5289 = VECTOR('',#5290,1.);
#5290 = DIRECTION('',(0.,0.,1.));
#5291 = ORIENTED_EDGE('',*,*,#5292,.T.);
#5292 = EDGE_CURVE('',#5283,#5293,#5295,.T.);
#5293 = VERTEX_POINT('',#5294);
#5294 = CARTESIAN_POINT('',(0.,0.5,0.));
#5295 = LINE('',#5296,#5297);
#5296 = CARTESIAN_POINT('',(0.,0.,0.));
#5297 = VECTOR('',#5298,1.);
#5298 = DIRECTION('',(-0.,1.,0.));
#5299 = ORIENTED_EDGE('',*,*,#5300,.T.);
#5300 = EDGE_CURVE('',#5293,#5301,#5303,.T.);
#5301 = VERTEX_POINT('',#5302);
#5302 = CARTESIAN_POINT('',(0.,0.5,0.2));
#5303 = LINE('',#5304,#5305);
#5304 = CARTESIAN_POINT('',(0.,0.5,0.));
#5305 = VECTOR('',#5306,1.);
#5306 = DIRECTION('',(0.,0.,1.));
#5307 = ORIENTED_EDGE('',*,*,#5308,.F.);
#5308 = EDGE_CURVE('',#5285,#5301,#5309,.T.);
#5309 = LINE('',#5310,#5311);
#5310 = CARTESIAN_POINT('',(0.,0.,0.2));
#5311 = VECTOR('',#5312,1.);
#5312 = DIRECTION('',(-0.,1.,0.));
#5313 = PLANE('',#5314);
#5314 = AXIS2_PLACEMENT_3D('',#5315,#5316,#5317);
#5315 = CARTESIAN_POINT('',(0.,0.,0.));
#5316 = DIRECTION('',(1.,0.,-0.));
#5317 = DIRECTION('',(0.,0.,1.));
#5318 = ADVANCED_FACE('',(#5319),#5353,.T.);
#5319 = FACE_BOUND('',#5320,.T.);
#5320 = EDGE_LOOP('',(#5321,#5331,#5339,#5347));
#5321 = ORIENTED_EDGE('',*,*,#5322,.F.);
#5322 = EDGE_CURVE('',#5323,#5325,#5327,.T.);
#5323 = VERTEX_POINT('',#5324);
#5324 = CARTESIAN_POINT('',(0.2,0.,0.));
#5325 = VERTEX_POINT('',#5326);
#5326 = CARTESIAN_POINT('',(0.2,0.,0.2));
#5327 = LINE('',#5328,#5329);
#5328 = CARTESIAN_POINT('',(0.2,0.,0.));
#5329 = VECTOR('',#5330,1.);
#5330 = DIRECTION('',(0.,0.,1.));
#5331 = ORIENTED_EDGE('',*,*,#5332,.T.);
#5332 = EDGE_CURVE('',#5323,#5333,#5335,.T.);
#5333 = VERTEX_POINT('',#5334);
#5334 = CARTESIAN_POINT('',(0.2,0.5,0.));
#5335 = LINE('',#5336,#5337);
#5336 = CARTESIAN_POINT('',(0.2,0.,0.));
#5337 = VECTOR('',#5338,1.);
#5338 = DIRECTION('',(-0.,1.,0.));
#5339 = ORIENTED_EDGE('',*,*,#5340,.T.);
#5340 = EDGE_CURVE('',#5333,#5341,#5343,.T.);
#5341 = VERTEX_POINT('',#5342);
#5342 = CARTESIAN_POINT('',(0.2,0.5,0.2));
#5343 = LINE('',#5344,#5345);
#5344 = CARTESIAN_POINT('',(0.2,0.5,0.));
#5345 = VECTOR('',#5346,1.);
#5346 = DIRECTION('',(0.,0.,1.));
#5347 = ORIENTED_EDGE('',*,*,#5348,.F.);
#5348 = EDGE_CURVE('',#5325,#5341,#5349,.T.);
#5349 = LINE('',#5350,#5351);
#5350 = CARTESIAN_POINT('',(0.2,0.,0.2));
#5351 = VECTOR('',#5352,1.);
#5352 = DIRECTION('',(-0.,1.,0.));
#5353 = PLANE('',#5354);
#5354 = AXIS2_PLACEMENT_3D('',#5355,#5356,#5357);
#5355 = CARTESIAN_POINT('',(0.2,0.,0.));
#5356 = DIRECTION('',(1.,0.,-0.));
#5357 = DIRECTION('',(0.,0.,1.));
#5358 = ADVANCED_FACE('',(#5359),#5375,.F.);
#5359 = FACE_BOUND('',#5360,.F.);
#5360 = EDGE_LOOP('',(#5361,#5367,#5368,#5374));
#5361 = ORIENTED_EDGE('',*,*,#5362,.F.);
#5362 = EDGE_CURVE('',#5283,#5323,#5363,.T.);
#5363 = LINE('',#5364,#5365);
#5364 = CARTESIAN_POINT('',(0.,0.,0.));
#5365 = VECTOR('',#5366,1.);
#5366 = DIRECTION('',(1.,0.,-0.));
#5367 = ORIENTED_EDGE('',*,*,#5282,.T.);
#5368 = ORIENTED_EDGE('',*,*,#5369,.T.);
#5369 = EDGE_CURVE('',#5285,#5325,#5370,.T.);
#5370 = LINE('',#5371,#5372);
#5371 = CARTESIAN_POINT('',(0.,0.,0.2));
#5372 = VECTOR('',#5373,1.);
#5373 = DIRECTION('',(1.,0.,-0.));
#5374 = ORIENTED_EDGE('',*,*,#5322,.F.);
#5375 = PLANE('',#5376);
#5376 = AXIS2_PLACEMENT_3D('',#5377,#5378,#5379);
#5377 = CARTESIAN_POINT('',(0.,0.,0.));
#5378 = DIRECTION('',(-0.,1.,0.));
#5379 = DIRECTION('',(0.,0.,1.));
#5380 = ADVANCED_FACE('',(#5381),#5397,.T.);
#5381 = FACE_BOUND('',#5382,.T.);
#5382 = EDGE_LOOP('',(#5383,#5389,#5390,#5396));
#5383 = ORIENTED_EDGE('',*,*,#5384,.F.);
#5384 = EDGE_CURVE('',#5293,#5333,#5385,.T.);
#5385 = LINE('',#5386,#5387);
#5386 = CARTESIAN_POINT('',(0.,0.5,0.));
#5387 = VECTOR('',#5388,1.);
#5388 = DIRECTION('',(1.,0.,-0.));
#5389 = ORIENTED_EDGE('',*,*,#5300,.T.);
#5390 = ORIENTED_EDGE('',*,*,#5391,.T.);
#5391 = EDGE_CURVE('',#5301,#5341,#5392,.T.);
#5392 = LINE('',#5393,#5394);
#5393 = CARTESIAN_POINT('',(0.,0.5,0.2));
#5394 = VECTOR('',#5395,1.);
#5395 = DIRECTION('',(1.,0.,-0.));
#5396 = ORIENTED_EDGE('',*,*,#5340,.F.);
#5397 = PLANE('',#5398);
#5398 = AXIS2_PLACEMENT_3D('',#5399,#5400,#5401);
#5399 = CARTESIAN_POINT('',(0.,0.5,0.));
#5400 = DIRECTION('',(-0.,1.,0.));
#5401 = DIRECTION('',(0.,0.,1.));
#5402 = ADVANCED_FACE('',(#5403),#5409,.F.);
#5403 = FACE_BOUND('',#5404,.F.);
#5404 = EDGE_LOOP('',(#5405,#5406,#5407,#5408));
#5405 = ORIENTED_EDGE('',*,*,#5292,.F.);
#5406 = ORIENTED_EDGE('',*,*,#5362,.T.);
#5407 = ORIENTED_EDGE('',*,*,#5332,.T.);
#5408 = ORIENTED_EDGE('',*,*,#5384,.F.);
#5409 = PLANE('',#5410);
#5410 = AXIS2_PLACEMENT_3D('',#5411,#5412,#5413);
#5411 = CARTESIAN_POINT('',(0.,0.,0.));
#5412 = DIRECTION('',(0.,0.,1.));
#5413 = DIRECTION('',(1.,0.,-0.));
#5414 = ADVANCED_FACE('',(#5415),#5421,.T.);
#5415 = FACE_BOUND('',#5416,.T.);
#5416 = EDGE_LOOP('',(#5417,#5418,#5419,#5420));
#5417 = ORIENTED_EDGE('',*,*,#5308,.F.);
#5418 = ORIENTED_EDGE('',*,*,#5369,.T.);
#5419 = ORIENTED_EDGE('',*,*,#5348,.T.);
#5420 = ORIENTED_EDGE('',*,*,#5391,.F.);
#5421 = PLANE('',#5422);
#5422 = AXIS2_PLACEMENT_3D('',#5423,#5424,#5425);
#5423 = CARTESIAN_POINT('',(0.,0.,0.2));
#5424 = DIRECTION('',(0.,0.,1.));
#5425 = DIRECTION('',(1.,0.,-0.));
#5426 = ( GEOMETRIC_REPRESENTATION_CONTEXT(3) 
GLOBAL_UNCERTAINTY_ASSIGNED_CONTEXT((#5430)) 
GLOBAL_UNIT_ASSIGNED_CONTEXT((#5427,#5428,#5429)) REPRESENTATION_CONTEXT
('Context #1','3D Context with UNIT and UNCERTAINTY') );
#5427 = ( LENGTH_UNIT() NAMED_UNIT(*) SI_UNIT(.MILLI.,.METRE.) );
#5428 = ( NAMED_UNIT(*) PLANE_ANGLE_UNIT() SI_UNIT($,.RADIAN.) );
#5429 = ( NAMED_UNIT(*) SI_UNIT($,.STERADIAN.) SOLID_ANGLE_UNIT() );
#5430 = UNCERTAINTY_MEASURE_WITH_UNIT(LENGTH_MEASURE(1.E-07),#5427,
  'distance_accuracy_value','confusion accuracy');
#5431 = CONTEXT_DEPENDENT_SHAPE_REPRESENTATION(#5432,#5434);
#5432 = ( REPRESENTATION_RELATIONSHIP('','',#5275,#5023) 
REPRESENTATION_RELATIONSHIP_WITH_TRANSFORMATION(#5433) 
SHAPE_REPRESENTATION_RELATIONSHIP() );
#5433 = ITEM_DEFINED_TRANSFORMATION('','',#11,#5028);
#5434 = PRODUCT_DEFINITION_SHAPE('Placement','Placement of an item',
  #5435);
#5435 = NEXT_ASSEMBLY_USAGE_OCCURRENCE('325','Hotspot_1_2','',#5018,
  #5270,$);
#5436 = PRODUCT_RELATED_PRODUCT_CATEGORY('part',$,(#5272));
#5437 = SHAPE_DEFINITION_REPRESENTATION(#5438,#5444);
#5438 = PRODUCT_DEFINITION_SHAPE('','',#5439);
#5439 = PRODUCT_DEFINITION('design','',#5440,#5443);
#5440 = PRODUCT_DEFINITION_FORMATION('','',#5441);
#5441 = PRODUCT('Hotspot_1_3','Hotspot_1_3','',(#5442));
#5442 = PRODUCT_CONTEXT('',#2,'mechanical');
#5443 = PRODUCT_DEFINITION_CONTEXT('part definition',#2,'design');
#5444 = ADVANCED_BREP_SHAPE_REPRESENTATION('',(#11,#5445),#5595);
#5445 = MANIFOLD_SOLID_BREP('',#5446);
#5446 = CLOSED_SHELL('',(#5447,#5487,#5527,#5549,#5571,#5583));
#5447 = ADVANCED_FACE('',(#5448),#5482,.F.);
#5448 = FACE_BOUND('',#5449,.F.);
#5449 = EDGE_LOOP('',(#5450,#5460,#5468,#5476));
#5450 = ORIENTED_EDGE('',*,*,#5451,.F.);
#5451 = EDGE_CURVE('',#5452,#5454,#5456,.T.);
#5452 = VERTEX_POINT('',#5453);
#5453 = CARTESIAN_POINT('',(0.,0.,0.));
#5454 = VERTEX_POINT('',#5455);
#5455 = CARTESIAN_POINT('',(0.,0.,0.2));
#5456 = LINE('',#5457,#5458);
#5457 = CARTESIAN_POINT('',(0.,0.,0.));
#5458 = VECTOR('',#5459,1.);
#5459 = DIRECTION('',(0.,0.,1.));
#5460 = ORIENTED_EDGE('',*,*,#5461,.T.);
#5461 = EDGE_CURVE('',#5452,#5462,#5464,.T.);
#5462 = VERTEX_POINT('',#5463);
#5463 = CARTESIAN_POINT('',(0.,0.5,0.));
#5464 = LINE('',#5465,#5466);
#5465 = CARTESIAN_POINT('',(0.,0.,0.));
#5466 = VECTOR('',#5467,1.);
#5467 = DIRECTION('',(-0.,1.,0.));
#5468 = ORIENTED_EDGE('',*,*,#5469,.T.);
#5469 = EDGE_CURVE('',#5462,#5470,#5472,.T.);
#5470 = VERTEX_POINT('',#5471);
#5471 = CARTESIAN_POINT('',(0.,0.5,0.2));
#5472 = LINE('',#5473,#5474);
#5473 = CARTESIAN_POINT('',(0.,0.5,0.));
#5474 = VECTOR('',#5475,1.);
#5475 = DIRECTION('',(0.,0.,1.));
#5476 = ORIENTED_EDGE('',*,*,#5477,.F.);
#5477 = EDGE_CURVE('',#5454,#5470,#5478,.T.);
#5478 = LINE('',#5479,#5480);
#5479 = CARTESIAN_POINT('',(0.,0.,0.2));
#5480 = VECTOR('',#5481,1.);
#5481 = DIRECTION('',(-0.,1.,0.));
#5482 = PLANE('',#5483);
#5483 = AXIS2_PLACEMENT_3D('',#5484,#5485,#5486);
#5484 = CARTESIAN_POINT('',(0.,0.,0.));
#5485 = DIRECTION('',(1.,0.,-0.));
#5486 = DIRECTION('',(0.,0.,1.));
#5487 = ADVANCED_FACE('',(#5488),#5522,.T.);
#5488 = FACE_BOUND('',#5489,.T.);
#5489 = EDGE_LOOP('',(#5490,#5500,#5508,#5516));
#5490 = ORIENTED_EDGE('',*,*,#5491,.F.);
#5491 = EDGE_CURVE('',#5492,#5494,#5496,.T.);
#5492 = VERTEX_POINT('',#5493);
#5493 = CARTESIAN_POINT('',(0.2,0.,0.));
#5494 = VERTEX_POINT('',#5495);
#5495 = CARTESIAN_POINT('',(0.2,0.,0.2));
#5496 = LINE('',#5497,#5498);
#5497 = CARTESIAN_POINT('',(0.2,0.,0.));
#5498 = VECTOR('',#5499,1.);
#5499 = DIRECTION('',(0.,0.,1.));
#5500 = ORIENTED_EDGE('',*,*,#5501,.T.);
#5501 = EDGE_CURVE('',#5492,#5502,#5504,.T.);
#5502 = VERTEX_POINT('',#5503);
#5503 = CARTESIAN_POINT('',(0.2,0.5,0.));
#5504 = LINE('',#5505,#5506);
#5505 = CARTESIAN_POINT('',(0.2,0.,0.));
#5506 = VECTOR('',#5507,1.);
#5507 = DIRECTION('',(-0.,1.,0.));
#5508 = ORIENTED_EDGE('',*,*,#5509,.T.);
#5509 = EDGE_CURVE('',#5502,#5510,#5512,.T.);
#5510 = VERTEX_POINT('',#5511);
#5511 = CARTESIAN_POINT('',(0.2,0.5,0.2));
#5512 = LINE('',#5513,#5514);
#5513 = CARTESIAN_POINT('',(0.2,0.5,0.));
#5514 = VECTOR('',#5515,1.);
#5515 = DIRECTION('',(0.,0.,1.));
#5516 = ORIENTED_EDGE('',*,*,#5517,.F.);
#5517 = EDGE_CURVE('',#5494,#5510,#5518,.T.);
#5518 = LINE('',#5519,#5520);
#5519 = CARTESIAN_POINT('',(0.2,0.,0.2));
#5520 = VECTOR('',#5521,1.);
#5521 = DIRECTION('',(-0.,1.,0.));
#5522 = PLANE('',#5523);
#5523 = AXIS2_PLACEMENT_3D('',#5524,#5525,#5526);
#5524 = CARTESIAN_POINT('',(0.2,0.,0.));
#5525 = DIRECTION('',(1.,0.,-0.));
#5526 = DIRECTION('',(0.,0.,1.));
#5527 = ADVANCED_FACE('',(#5528),#5544,.F.);
#5528 = FACE_BOUND('',#5529,.F.);
#5529 = EDGE_LOOP('',(#5530,#5536,#5537,#5543));
#5530 = ORIENTED_EDGE('',*,*,#5531,.F.);
#5531 = EDGE_CURVE('',#5452,#5492,#5532,.T.);
#5532 = LINE('',#5533,#5534);
#5533 = CARTESIAN_POINT('',(0.,0.,0.));
#5534 = VECTOR('',#5535,1.);
#5535 = DIRECTION('',(1.,0.,-0.));
#5536 = ORIENTED_EDGE('',*,*,#5451,.T.);
#5537 = ORIENTED_EDGE('',*,*,#5538,.T.);
#5538 = EDGE_CURVE('',#5454,#5494,#5539,.T.);
#5539 = LINE('',#5540,#5541);
#5540 = CARTESIAN_POINT('',(0.,0.,0.2));
#5541 = VECTOR('',#5542,1.);
#5542 = DIRECTION('',(1.,0.,-0.));
#5543 = ORIENTED_EDGE('',*,*,#5491,.F.);
#5544 = PLANE('',#5545);
#5545 = AXIS2_PLACEMENT_3D('',#5546,#5547,#5548);
#5546 = CARTESIAN_POINT('',(0.,0.,0.));
#5547 = DIRECTION('',(-0.,1.,0.));
#5548 = DIRECTION('',(0.,0.,1.));
#5549 = ADVANCED_FACE('',(#5550),#5566,.T.);
#5550 = FACE_BOUND('',#5551,.T.);
#5551 = EDGE_LOOP('',(#5552,#5558,#5559,#5565));
#5552 = ORIENTED_EDGE('',*,*,#5553,.F.);
#5553 = EDGE_CURVE('',#5462,#5502,#5554,.T.);
#5554 = LINE('',#5555,#5556);
#5555 = CARTESIAN_POINT('',(0.,0.5,0.));
#5556 = VECTOR('',#5557,1.);
#5557 = DIRECTION('',(1.,0.,-0.));
#5558 = ORIENTED_EDGE('',*,*,#5469,.T.);
#5559 = ORIENTED_EDGE('',*,*,#5560,.T.);
#5560 = EDGE_CURVE('',#5470,#5510,#5561,.T.);
#5561 = LINE('',#5562,#5563);
#5562 = CARTESIAN_POINT('',(0.,0.5,0.2));
#5563 = VECTOR('',#5564,1.);
#5564 = DIRECTION('',(1.,0.,-0.));
#5565 = ORIENTED_EDGE('',*,*,#5509,.F.);
#5566 = PLANE('',#5567);
#5567 = AXIS2_PLACEMENT_3D('',#5568,#5569,#5570);
#5568 = CARTESIAN_POINT('',(0.,0.5,0.));
#5569 = DIRECTION('',(-0.,1.,0.));
#5570 = DIRECTION('',(0.,0.,1.));
#5571 = ADVANCED_FACE('',(#5572),#5578,.F.);
#5572 = FACE_BOUND('',#5573,.F.);
#5573 = EDGE_LOOP('',(#5574,#5575,#5576,#5577));
#5574 = ORIENTED_EDGE('',*,*,#5461,.F.);
#5575 = ORIENTED_EDGE('',*,*,#5531,.T.);
#5576 = ORIENTED_EDGE('',*,*,#5501,.T.);
#5577 = ORIENTED_EDGE('',*,*,#5553,.F.);
#5578 = PLANE('',#5579);
#5579 = AXIS2_PLACEMENT_3D('',#5580,#5581,#5582);
#5580 = CARTESIAN_POINT('',(0.,0.,0.));
#5581 = DIRECTION('',(0.,0.,1.));
#5582 = DIRECTION('',(1.,0.,-0.));
#5583 = ADVANCED_FACE('',(#5584),#5590,.T.);
#5584 = FACE_BOUND('',#5585,.T.);
#5585 = EDGE_LOOP('',(#5586,#5587,#5588,#5589));
#5586 = ORIENTED_EDGE('',*,*,#5477,.F.);
#5587 = ORIENTED_EDGE('',*,*,#5538,.T.);
#5588 = ORIENTED_EDGE('',*,*,#5517,.T.);
#5589 = ORIENTED_EDGE('',*,*,#5560,.F.);
#5590 = PLANE('',#5591);
#5591 = AXIS2_PLACEMENT_3D('',#5592,#5593,#5594);
#5592 = CARTESIAN_POINT('',(0.,0.,0.2));
#5593 = DIRECTION('',(0.,0.,1.));
#5594 = DIRECTION('',(1.,0.,-0.));
#5595 = ( GEOMETRIC_REPRESENTATION_CONTEXT(3) 
GLOBAL_UNCERTAINTY_ASSIGNED_CONTEXT((#5599)) 
GLOBAL_UNIT_ASSIGNED_CONTEXT((#5596,#5597,#5598)) REPRESENTATION_CONTEXT
('Context #1','3D Context with UNIT and UNCERTAINTY') );
#5596 = ( LENGTH_UNIT() NAMED_UNIT(*) SI_UNIT(.MILLI.,.METRE.) );
#5597 = ( NAMED_UNIT(*) PLANE_ANGLE_UNIT() SI_UNIT($,.RADIAN.) );
#5598 = ( NAMED_UNIT(*) SI_UNIT($,.STERADIAN.) SOLID_ANGLE_UNIT() );
#5599 = UNCERTAINTY_MEASURE_WITH_UNIT(LENGTH_MEASURE(1.E-07),#5596,
  'distance_accuracy_value','confusion accuracy');
#5600 = CONTEXT_DEPENDENT_SHAPE_REPRESENTATION(#5601,#5603);
#5601 = ( REPRESENTATION_RELATIONSHIP('','',#5444,#5023) 
REPRESENTATION_RELATIONSHIP_WITH_TRANSFORMATION(#5602) 
SHAPE_REPRESENTATION_RELATIONSHIP() );
#5602 = ITEM_DEFINED_TRANSFORMATION('','',#11,#5032);
#5603 = PRODUCT_DEFINITION_SHAPE('Placement','Placement of an item',
  #5604);
#5604 = NEXT_ASSEMBLY_USAGE_OCCURRENCE('326','Hotspot_1_3','',#5018,
  #5439,$);
#5605 = PRODUCT_RELATED_PRODUCT_CATEGORY('part',$,(#5441));
#5606 = SHAPE_DEFINITION_REPRESENTATION(#5607,#5613);
#5607 = PRODUCT_DEFINITION_SHAPE('','',#5608);
#5608 = PRODUCT_DEFINITION('design','',#5609,#5612);
#5609 = PRODUCT_DEFINITION_FORMATION('','',#5610);
#5610 = PRODUCT('Hotspot_1_4','Hotspot_1_4','',(#5611));
#5611 = PRODUCT_CONTEXT('',#2,'mechanical');
#5612 = PRODUCT_DEFINITION_CONTEXT('part definition',#2,'design');
#5613 = ADVANCED_BREP_SHAPE_REPRESENTATION('',(#11,#5614),#5764);
#5614 = MANIFOLD_SOLID_BREP('',#5615);
#5615 = CLOSED_SHELL('',(#5616,#5656,#5696,#5718,#5740,#5752));
#5616 = ADVANCED_FACE('',(#5617),#5651,.F.);
#5617 = FACE_BOUND('',#5618,.F.);
#5618 = EDGE_LOOP('',(#5619,#5629,#5637,#5645));
#5619 = ORIENTED_EDGE('',*,*,#5620,.F.);
#5620 = EDGE_CURVE('',#5621,#5623,#5625,.T.);
#5621 = VERTEX_POINT('',#5622);
#5622 = CARTESIAN_POINT('',(0.,0.,0.));
#5623 = VERTEX_POINT('',#5624);
#5624 = CARTESIAN_POINT('',(0.,0.,0.2));
#5625 = LINE('',#5626,#5627);
#5626 = CARTESIAN_POINT('',(0.,0.,0.));
#5627 = VECTOR('',#5628,1.);
#5628 = DIRECTION('',(0.,0.,1.));
#5629 = ORIENTED_EDGE('',*,*,#5630,.T.);
#5630 = EDGE_CURVE('',#5621,#5631,#5633,.T.);
#5631 = VERTEX_POINT('',#5632);
#5632 = CARTESIAN_POINT('',(0.,0.5,0.));
#5633 = LINE('',#5634,#5635);
#5634 = CARTESIAN_POINT('',(0.,0.,0.));
#5635 = VECTOR('',#5636,1.);
#5636 = DIRECTION('',(-0.,1.,0.));
#5637 = ORIENTED_EDGE('',*,*,#5638,.T.);
#5638 = EDGE_CURVE('',#5631,#5639,#5641,.T.);
#5639 = VERTEX_POINT('',#5640);
#5640 = CARTESIAN_POINT('',(0.,0.5,0.2));
#5641 = LINE('',#5642,#5643);
#5642 = CARTESIAN_POINT('',(0.,0.5,0.));
#5643 = VECTOR('',#5644,1.);
#5644 = DIRECTION('',(0.,0.,1.));
#5645 = ORIENTED_EDGE('',*,*,#5646,.F.);
#5646 = EDGE_CURVE('',#5623,#5639,#5647,.T.);
#5647 = LINE('',#5648,#5649);
#5648 = CARTESIAN_POINT('',(0.,0.,0.2));
#5649 = VECTOR('',#5650,1.);
#5650 = DIRECTION('',(-0.,1.,0.));
#5651 = PLANE('',#5652);
#5652 = AXIS2_PLACEMENT_3D('',#5653,#5654,#5655);
#5653 = CARTESIAN_POINT('',(0.,0.,0.));
#5654 = DIRECTION('',(1.,0.,-0.));
#5655 = DIRECTION('',(0.,0.,1.));
#5656 = ADVANCED_FACE('',(#5657),#5691,.T.);
#5657 = FACE_BOUND('',#5658,.T.);
#5658 = EDGE_LOOP('',(#5659,#5669,#5677,#5685));
#5659 = ORIENTED_EDGE('',*,*,#5660,.F.);
#5660 = EDGE_CURVE('',#5661,#5663,#5665,.T.);
#5661 = VERTEX_POINT('',#5662);
#5662 = CARTESIAN_POINT('',(0.2,0.,0.));
#5663 = VERTEX_POINT('',#5664);
#5664 = CARTESIAN_POINT('',(0.2,0.,0.2));
#5665 = LINE('',#5666,#5667);
#5666 = CARTESIAN_POINT('',(0.2,0.,0.));
#5667 = VECTOR('',#5668,1.);
#5668 = DIRECTION('',(0.,0.,1.));
#5669 = ORIENTED_EDGE('',*,*,#5670,.T.);
#5670 = EDGE_CURVE('',#5661,#5671,#5673,.T.);
#5671 = VERTEX_POINT('',#5672);
#5672 = CARTESIAN_POINT('',(0.2,0.5,0.));
#5673 = LINE('',#5674,#5675);
#5674 = CARTESIAN_POINT('',(0.2,0.,0.));
#5675 = VECTOR('',#5676,1.);
#5676 = DIRECTION('',(-0.,1.,0.));
#5677 = ORIENTED_EDGE('',*,*,#5678,.T.);
#5678 = EDGE_CURVE('',#5671,#5679,#5681,.T.);
#5679 = VERTEX_POINT('',#5680);
#5680 = CARTESIAN_POINT('',(0.2,0.5,0.2));
#5681 = LINE('',#5682,#5683);
#5682 = CARTESIAN_POINT('',(0.2,0.5,0.));
#5683 = VECTOR('',#5684,1.);
#5684 = DIRECTION('',(0.,0.,1.));
#5685 = ORIENTED_EDGE('',*,*,#5686,.F.);
#5686 = EDGE_CURVE('',#5663,#5679,#5687,.T.);
#5687 = LINE('',#5688,#5689);
#5688 = CARTESIAN_POINT('',(0.2,0.,0.2));
#5689 = VECTOR('',#5690,1.);
#5690 = DIRECTION('',(-0.,1.,0.));
#5691 = PLANE('',#5692);
#5692 = AXIS2_PLACEMENT_3D('',#5693,#5694,#5695);
#5693 = CARTESIAN_POINT('',(0.2,0.,0.));
#5694 = DIRECTION('',(1.,0.,-0.));
#5695 = DIRECTION('',(0.,0.,1.));
#5696 = ADVANCED_FACE('',(#5697),#5713,.F.);
#5697 = FACE_BOUND('',#5698,.F.);
#5698 = EDGE_LOOP('',(#5699,#5705,#5706,#5712));
#5699 = ORIENTED_EDGE('',*,*,#5700,.F.);
#5700 = EDGE_CURVE('',#5621,#5661,#5701,.T.);
#5701 = LINE('',#5702,#5703);
#5702 = CARTESIAN_POINT('',(0.,0.,0.));
#5703 = VECTOR('',#5704,1.);
#5704 = DIRECTION('',(1.,0.,-0.));
#5705 = ORIENTED_EDGE('',*,*,#5620,.T.);
#5706 = ORIENTED_EDGE('',*,*,#5707,.T.);
#5707 = EDGE_CURVE('',#5623,#5663,#5708,.T.);
#5708 = LINE('',#5709,#5710);
#5709 = CARTESIAN_POINT('',(0.,0.,0.2));
#5710 = VECTOR('',#5711,1.);
#5711 = DIRECTION('',(1.,0.,-0.));
#5712 = ORIENTED_EDGE('',*,*,#5660,.F.);
#5713 = PLANE('',#5714);
#5714 = AXIS2_PLACEMENT_3D('',#5715,#5716,#5717);
#5715 = CARTESIAN_POINT('',(0.,0.,0.));
#5716 = DIRECTION('',(-0.,1.,0.));
#5717 = DIRECTION('',(0.,0.,1.));
#5718 = ADVANCED_FACE('',(#5719),#5735,.T.);
#5719 = FACE_BOUND('',#5720,.T.);
#5720 = EDGE_LOOP('',(#5721,#5727,#5728,#5734));
#5721 = ORIENTED_EDGE('',*,*,#5722,.F.);
#5722 = EDGE_CURVE('',#5631,#5671,#5723,.T.);
#5723 = LINE('',#5724,#5725);
#5724 = CARTESIAN_POINT('',(0.,0.5,0.));
#5725 = VECTOR('',#5726,1.);
#5726 = DIRECTION('',(1.,0.,-0.));
#5727 = ORIENTED_EDGE('',*,*,#5638,.T.);
#5728 = ORIENTED_EDGE('',*,*,#5729,.T.);
#5729 = EDGE_CURVE('',#5639,#5679,#5730,.T.);
#5730 = LINE('',#5731,#5732);
#5731 = CARTESIAN_POINT('',(0.,0.5,0.2));
#5732 = VECTOR('',#5733,1.);
#5733 = DIRECTION('',(1.,0.,-0.));
#5734 = ORIENTED_EDGE('',*,*,#5678,.F.);
#5735 = PLANE('',#5736);
#5736 = AXIS2_PLACEMENT_3D('',#5737,#5738,#5739);
#5737 = CARTESIAN_POINT('',(0.,0.5,0.));
#5738 = DIRECTION('',(-0.,1.,0.));
#5739 = DIRECTION('',(0.,0.,1.));
#5740 = ADVANCED_FACE('',(#5741),#5747,.F.);
#5741 = FACE_BOUND('',#5742,.F.);
#5742 = EDGE_LOOP('',(#5743,#5744,#5745,#5746));
#5743 = ORIENTED_EDGE('',*,*,#5630,.F.);
#5744 = ORIENTED_EDGE('',*,*,#5700,.T.);
#5745 = ORIENTED_EDGE('',*,*,#5670,.T.);
#5746 = ORIENTED_EDGE('',*,*,#5722,.F.);
#5747 = PLANE('',#5748);
#5748 = AXIS2_PLACEMENT_3D('',#5749,#5750,#5751);
#5749 = CARTESIAN_POINT('',(0.,0.,0.));
#5750 = DIRECTION('',(0.,0.,1.));
#5751 = DIRECTION('',(1.,0.,-0.));
#5752 = ADVANCED_FACE('',(#5753),#5759,.T.);
#5753 = FACE_BOUND('',#5754,.T.);
#5754 = EDGE_LOOP('',(#5755,#5756,#5757,#5758));
#5755 = ORIENTED_EDGE('',*,*,#5646,.F.);
#5756 = ORIENTED_EDGE('',*,*,#5707,.T.);
#5757 = ORIENTED_EDGE('',*,*,#5686,.T.);
#5758 = ORIENTED_EDGE('',*,*,#5729,.F.);
#5759 = PLANE('',#5760);
#5760 = AXIS2_PLACEMENT_3D('',#5761,#5762,#5763);
#5761 = CARTESIAN_POINT('',(0.,0.,0.2));
#5762 = DIRECTION('',(0.,0.,1.));
#5763 = DIRECTION('',(1.,0.,-0.));
#5764 = ( GEOMETRIC_REPRESENTATION_CONTEXT(3) 
GLOBAL_UNCERTAINTY_ASSIGNED_CONTEXT((#5768)) 
GLOBAL_UNIT_ASSIGNED_CONTEXT((#5765,#5766,#5767)) REPRESENTATION_CONTEXT
('Context #1','3D Context with UNIT and UNCERTAINTY') );
#5765 = ( LENGTH_UNIT() NAMED_UNIT(*) SI_UNIT(.MILLI.,.METRE.) );
#5766 = ( NAMED_UNIT(*) PLANE_ANGLE_UNIT() SI_UNIT($,.RADIAN.) );
#5767 = ( NAMED_UNIT(*) SI_UNIT($,.STERADIAN.) SOLID_ANGLE_UNIT() );
#5768 = UNCERTAINTY_MEASURE_WITH_UNIT(LENGTH_MEASURE(1.E-07),#5765,
  'distance_accuracy_value','confusion accuracy');
#5769 = CONTEXT_DEPENDENT_SHAPE_REPRESENTATION(#5770,#5772);
#5770 = ( REPRESENTATION_RELATIONSHIP('','',#5613,#5023) 
REPRESENTATION_RELATIONSHIP_WITH_TRANSFORMATION(#5771) 
SHAPE_REPRESENTATION_RELATIONSHIP() );
#5771 = ITEM_DEFINED_TRANSFORMATION('','',#11,#5036);
#5772 = PRODUCT_DEFINITION_SHAPE('Placement','Placement of an item',
  #5773);
#5773 = NEXT_ASSEMBLY_USAGE_OCCURRENCE('327','Hotspot_1_4','',#5018,
  #5608,$);
#5774 = PRODUCT_RELATED_PRODUCT_CATEGORY('part',$,(#5610));
#5775 = SHAPE_DEFINITION_REPRESENTATION(#5776,#5782);
#5776 = PRODUCT_DEFINITION_SHAPE('','',#5777);
#5777 = PRODUCT_DEFINITION('design','',#5778,#5781);
#5778 = PRODUCT_DEFINITION_FORMATION('','',#5779);
#5779 = PRODUCT('Hotspot_2_1','Hotspot_2_1','',(#5780));
#5780 = PRODUCT_CONTEXT('',#2,'mechanical');
#5781 = PRODUCT_DEFINITION_CONTEXT('part definition',#2,'design');
#5782 = ADVANCED_BREP_SHAPE_REPRESENTATION('',(#11,#5783),#5933);
#5783 = MANIFOLD_SOLID_BREP('',#5784);
#5784 = CLOSED_SHELL('',(#5785,#5825,#5865,#5887,#5909,#5921));
#5785 = ADVANCED_FACE('',(#5786),#5820,.F.);
#5786 = FACE_BOUND('',#5787,.F.);
#5787 = EDGE_LOOP('',(#5788,#5798,#5806,#5814));
#5788 = ORIENTED_EDGE('',*,*,#5789,.F.);
#5789 = EDGE_CURVE('',#5790,#5792,#5794,.T.);
#5790 = VERTEX_POINT('',#5791);
#5791 = CARTESIAN_POINT('',(0.,0.,0.));
#5792 = VERTEX_POINT('',#5793);
#5793 = CARTESIAN_POINT('',(0.,0.,0.2));
#5794 = LINE('',#5795,#5796);
#5795 = CARTESIAN_POINT('',(0.,0.,0.));
#5796 = VECTOR('',#5797,1.);
#5797 = DIRECTION('',(0.,0.,1.));
#5798 = ORIENTED_EDGE('',*,*,#5799,.T.);
#5799 = EDGE_CURVE('',#5790,#5800,#5802,.T.);
#5800 = VERTEX_POINT('',#5801);
#5801 = CARTESIAN_POINT('',(0.,0.5,0.));
#5802 = LINE('',#5803,#5804);
#5803 = CARTESIAN_POINT('',(0.,0.,0.));
#5804 = VECTOR('',#5805,1.);
#5805 = DIRECTION('',(-0.,1.,0.));
#5806 = ORIENTED_EDGE('',*,*,#5807,.T.);
#5807 = EDGE_CURVE('',#5800,#5808,#5810,.T.);
#5808 = VERTEX_POINT('',#5809);
#5809 = CARTESIAN_POINT('',(0.,0.5,0.2));
#5810 = LINE('',#5811,#5812);
#5811 = CARTESIAN_POINT('',(0.,0.5,0.));
#5812 = VECTOR('',#5813,1.);
#5813 = DIRECTION('',(0.,0.,1.));
#5814 = ORIENTED_EDGE('',*,*,#5815,.F.);
#5815 = EDGE_CURVE('',#5792,#5808,#5816,.T.);
#5816 = LINE('',#5817,#5818);
#5817 = CARTESIAN_POINT('',(0.,0.,0.2));
#5818 = VECTOR('',#5819,1.);
#5819 = DIRECTION('',(-0.,1.,0.));
#5820 = PLANE('',#5821);
#5821 = AXIS2_PLACEMENT_3D('',#5822,#5823,#5824);
#5822 = CARTESIAN_POINT('',(0.,0.,0.));
#5823 = DIRECTION('',(1.,0.,-0.));
#5824 = DIRECTION('',(0.,0.,1.));
#5825 = ADVANCED_FACE('',(#5826),#5860,.T.);
#5826 = FACE_BOUND('',#5827,.T.);
#5827 = EDGE_LOOP('',(#5828,#5838,#5846,#5854));
#5828 = ORIENTED_EDGE('',*,*,#5829,.F.);
#5829 = EDGE_CURVE('',#5830,#5832,#5834,.T.);
#5830 = VERTEX_POINT('',#5831);
#5831 = CARTESIAN_POINT('',(0.2,0.,0.));
#5832 = VERTEX_POINT('',#5833);
#5833 = CARTESIAN_POINT('',(0.2,0.,0.2));
#5834 = LINE('',#5835,#5836);
#5835 = CARTESIAN_POINT('',(0.2,0.,0.));
#5836 = VECTOR('',#5837,1.);
#5837 = DIRECTION('',(0.,0.,1.));
#5838 = ORIENTED_EDGE('',*,*,#5839,.T.);
#5839 = EDGE_CURVE('',#5830,#5840,#5842,.T.);
#5840 = VERTEX_POINT('',#5841);
#5841 = CARTESIAN_POINT('',(0.2,0.5,0.));
#5842 = LINE('',#5843,#5844);
#5843 = CARTESIAN_POINT('',(0.2,0.,0.));
#5844 = VECTOR('',#5845,1.);
#5845 = DIRECTION('',(-0.,1.,0.));
#5846 = ORIENTED_EDGE('',*,*,#5847,.T.);
#5847 = EDGE_CURVE('',#5840,#5848,#5850,.T.);
#5848 = VERTEX_POINT('',#5849);
#5849 = CARTESIAN_POINT('',(0.2,0.5,0.2));
#5850 = LINE('',#5851,#5852);
#5851 = CARTESIAN_POINT('',(0.2,0.5,0.));
#5852 = VECTOR('',#5853,1.);
#5853 = DIRECTION('',(0.,0.,1.));
#5854 = ORIENTED_EDGE('',*,*,#5855,.F.);
#5855 = EDGE_CURVE('',#5832,#5848,#5856,.T.);
#5856 = LINE('',#5857,#5858);
#5857 = CARTESIAN_POINT('',(0.2,0.,0.2));
#5858 = VECTOR('',#5859,1.);
#5859 = DIRECTION('',(-0.,1.,0.));
#5860 = PLANE('',#5861);
#5861 = AXIS2_PLACEMENT_3D('',#5862,#5863,#5864);
#5862 = CARTESIAN_POINT('',(0.2,0.,0.));
#5863 = DIRECTION('',(1.,0.,-0.));
#5864 = DIRECTION('',(0.,0.,1.));
#5865 = ADVANCED_FACE('',(#5866),#5882,.F.);
#5866 = FACE_BOUND('',#5867,.F.);
#5867 = EDGE_LOOP('',(#5868,#5874,#5875,#5881));
#5868 = ORIENTED_EDGE('',*,*,#5869,.F.);
#5869 = EDGE_CURVE('',#5790,#5830,#5870,.T.);
#5870 = LINE('',#5871,#5872);
#5871 = CARTESIAN_POINT('',(0.,0.,0.));
#5872 = VECTOR('',#5873,1.);
#5873 = DIRECTION('',(1.,0.,-0.));
#5874 = ORIENTED_EDGE('',*,*,#5789,.T.);
#5875 = ORIENTED_EDGE('',*,*,#5876,.T.);
#5876 = EDGE_CURVE('',#5792,#5832,#5877,.T.);
#5877 = LINE('',#5878,#5879);
#5878 = CARTESIAN_POINT('',(0.,0.,0.2));
#5879 = VECTOR('',#5880,1.);
#5880 = DIRECTION('',(1.,0.,-0.));
#5881 = ORIENTED_EDGE('',*,*,#5829,.F.);
#5882 = PLANE('',#5883);
#5883 = AXIS2_PLACEMENT_3D('',#5884,#5885,#5886);
#5884 = CARTESIAN_POINT('',(0.,0.,0.));
#5885 = DIRECTION('',(-0.,1.,0.));
#5886 = DIRECTION('',(0.,0.,1.));
#5887 = ADVANCED_FACE('',(#5888),#5904,.T.);
#5888 = FACE_BOUND('',#5889,.T.);
#5889 = EDGE_LOOP('',(#5890,#5896,#5897,#5903));
#5890 = ORIENTED_EDGE('',*,*,#5891,.F.);
#5891 = EDGE_CURVE('',#5800,#5840,#5892,.T.);
#5892 = LINE('',#5893,#5894);
#5893 = CARTESIAN_POINT('',(0.,0.5,0.));
#5894 = VECTOR('',#5895,1.);
#5895 = DIRECTION('',(1.,0.,-0.));
#5896 = ORIENTED_EDGE('',*,*,#5807,.T.);
#5897 = ORIENTED_EDGE('',*,*,#5898,.T.);
#5898 = EDGE_CURVE('',#5808,#5848,#5899,.T.);
#5899 = LINE('',#5900,#5901);
#5900 = CARTESIAN_POINT('',(0.,0.5,0.2));
#5901 = VECTOR('',#5902,1.);
#5902 = DIRECTION('',(1.,0.,-0.));
#5903 = ORIENTED_EDGE('',*,*,#5847,.F.);
#5904 = PLANE('',#5905);
#5905 = AXIS2_PLACEMENT_3D('',#5906,#5907,#5908);
#5906 = CARTESIAN_POINT('',(0.,0.5,0.));
#5907 = DIRECTION('',(-0.,1.,0.));
#5908 = DIRECTION('',(0.,0.,1.));
#5909 = ADVANCED_FACE('',(#5910),#5916,.F.);
#5910 = FACE_BOUND('',#5911,.F.);
#5911 = EDGE_LOOP('',(#5912,#5913,#5914,#5915));
#5912 = ORIENTED_EDGE('',*,*,#5799,.F.);
#5913 = ORIENTED_EDGE('',*,*,#5869,.T.);
#5914 = ORIENTED_EDGE('',*,*,#5839,.T.);
#5915 = ORIENTED_EDGE('',*,*,#5891,.F.);
#5916 = PLANE('',#5917);
#5917 = AXIS2_PLACEMENT_3D('',#5918,#5919,#5920);
#5918 = CARTESIAN_POINT('',(0.,0.,0.));
#5919 = DIRECTION('',(0.,0.,1.));
#5920 = DIRECTION('',(1.,0.,-0.));
#5921 = ADVANCED_FACE('',(#5922),#5928,.T.);
#5922 = FACE_BOUND('',#5923,.T.);
#5923 = EDGE_LOOP('',(#5924,#5925,#5926,#5927));
#5924 = ORIENTED_EDGE('',*,*,#5815,.F.);
#5925 = ORIENTED_EDGE('',*,*,#5876,.T.);
#5926 = ORIENTED_EDGE('',*,*,#5855,.T.);
#5927 = ORIENTED_EDGE('',*,*,#5898,.F.);
#5928 = PLANE('',#5929);
#5929 = AXIS2_PLACEMENT_3D('',#5930,#5931,#5932);
#5930 = CARTESIAN_POINT('',(0.,0.,0.2));
#5931 = DIRECTION('',(0.,0.,1.));
#5932 = DIRECTION('',(1.,0.,-0.));
#5933 = ( GEOMETRIC_REPRESENTATION_CONTEXT(3) 
GLOBAL_UNCERTAINTY_ASSIGNED_CONTEXT((#5937)) 
GLOBAL_UNIT_ASSIGNED_CONTEXT((#5934,#5935,#5936)) REPRESENTATION_CONTEXT
('Context #1','3D Context with UNIT and UNCERTAINTY') );
#5934 = ( LENGTH_UNIT() NAMED_UNIT(*) SI_UNIT(.MILLI.,.METRE.) );
#5935 = ( NAMED_UNIT(*) PLANE_ANGLE_UNIT() SI_UNIT($,.RADIAN.) );
#5936 = ( NAMED_UNIT(*) SI_UNIT($,.STERADIAN.) SOLID_ANGLE_UNIT() );
#5937 = UNCERTAINTY_MEASURE_WITH_UNIT(LENGTH_MEASURE(1.E-07),#5934,
  'distance_accuracy_value','confusion accuracy');
#5938 = CONTEXT_DEPENDENT_SHAPE_REPRESENTATION(#5939,#5941);
#5939 = ( REPRESENTATION_RELATIONSHIP('','',#5782,#5023) 
REPRESENTATION_RELATIONSHIP_WITH_TRANSFORMATION(#5940) 
SHAPE_REPRESENTATION_RELATIONSHIP() );
#5940 = ITEM_DEFINED_TRANSFORMATION('','',#11,#5040);
#5941 = PRODUCT_DEFINITION_SHAPE('Placement','Placement of an item',
  #5942);
#5942 = NEXT_ASSEMBLY_USAGE_OCCURRENCE('328','Hotspot_2_1','',#5018,
  #5777,$);
#5943 = PRODUCT_RELATED_PRODUCT_CATEGORY('part',$,(#5779));
#5944 = SHAPE_DEFINITION_REPRESENTATION(#5945,#5951);
#5945 = PRODUCT_DEFINITION_SHAPE('','',#5946);
#5946 = PRODUCT_DEFINITION('design','',#5947,#5950);
#5947 = PRODUCT_DEFINITION_FORMATION('','',#5948);
#5948 = PRODUCT('Hotspot_2_2','Hotspot_2_2','',(#5949));
#5949 = PRODUCT_CONTEXT('',#2,'mechanical');
#5950 = PRODUCT_DEFINITION_CONTEXT('part definition',#2,'design');
#5951 = ADVANCED_BREP_SHAPE_REPRESENTATION('',(#11,#5952),#6102);
#5952 = MANIFOLD_SOLID_BREP('',#5953);
#5953 = CLOSED_SHELL('',(#5954,#5994,#6034,#6056,#6078,#6090));
#5954 = ADVANCED_FACE('',(#5955),#5989,.F.);
#5955 = FACE_BOUND('',#5956,.F.);
#5956 = EDGE_LOOP('',(#5957,#5967,#5975,#5983));
#5957 = ORIENTED_EDGE('',*,*,#5958,.F.);
#5958 = EDGE_CURVE('',#5959,#5961,#5963,.T.);
#5959 = VERTEX_POINT('',#5960);
#5960 = CARTESIAN_POINT('',(0.,0.,0.));
#5961 = VERTEX_POINT('',#5962);
#5962 = CARTESIAN_POINT('',(0.,0.,0.2));
#5963 = LINE('',#5964,#5965);
#5964 = CARTESIAN_POINT('',(0.,0.,0.));
#5965 = VECTOR('',#5966,1.);
#5966 = DIRECTION('',(0.,0.,1.));
#5967 = ORIENTED_EDGE('',*,*,#5968,.T.);
#5968 = EDGE_CURVE('',#5959,#5969,#5971,.T.);
#5969 = VERTEX_POINT('',#5970);
#5970 = CARTESIAN_POINT('',(0.,0.5,0.));
#5971 = LINE('',#5972,#5973);
#5972 = CARTESIAN_POINT('',(0.,0.,0.));
#5973 = VECTOR('',#5974,1.);
#5974 = DIRECTION('',(-0.,1.,0.));
#5975 = ORIENTED_EDGE('',*,*,#5976,.T.);
#5976 = EDGE_CURVE('',#5969,#5977,#5979,.T.);
#5977 = VERTEX_POINT('',#5978);
#5978 = CARTESIAN_POINT('',(0.,0.5,0.2));
#5979 = LINE('',#5980,#5981);
#5980 = CARTESIAN_POINT('',(0.,0.5,0.));
#5981 = VECTOR('',#5982,1.);
#5982 = DIRECTION('',(0.,0.,1.));
#5983 = ORIENTED_EDGE('',*,*,#5984,.F.);
#5984 = EDGE_CURVE('',#5961,#5977,#5985,.T.);
#5985 = LINE('',#5986,#5987);
#5986 = CARTESIAN_POINT('',(0.,0.,0.2));
#5987 = VECTOR('',#5988,1.);
#5988 = DIRECTION('',(-0.,1.,0.));
#5989 = PLANE('',#5990);
#5990 = AXIS2_PLACEMENT_3D('',#5991,#5992,#5993);
#5991 = CARTESIAN_POINT('',(0.,0.,0.));
#5992 = DIRECTION('',(1.,0.,-0.));
#5993 = DIRECTION('',(0.,0.,1.));
#5994 = ADVANCED_FACE('',(#5995),#6029,.T.);
#5995 = FACE_BOUND('',#5996,.T.);
#5996 = EDGE_LOOP('',(#5997,#6007,#6015,#6023));
#5997 = ORIENTED_EDGE('',*,*,#5998,.F.);
#5998 = EDGE_CURVE('',#5999,#6001,#6003,.T.);
#5999 = VERTEX_POINT('',#6000);
#6000 = CARTESIAN_POINT('',(0.2,0.,0.));
#6001 = VERTEX_POINT('',#6002);
#6002 = CARTESIAN_POINT('',(0.2,0.,0.2));
#6003 = LINE('',#6004,#6005);
#6004 = CARTESIAN_POINT('',(0.2,0.,0.));
#6005 = VECTOR('',#6006,1.);
#6006 = DIRECTION('',(0.,0.,1.));
#6007 = ORIENTED_EDGE('',*,*,#6008,.T.);
#6008 = EDGE_CURVE('',#5999,#6009,#6011,.T.);
#6009 = VERTEX_POINT('',#6010);
#6010 = CARTESIAN_POINT('',(0.2,0.5,0.));
#6011 = LINE('',#6012,#6013);
#6012 = CARTESIAN_POINT('',(0.2,0.,0.));
#6013 = VECTOR('',#6014,1.);
#6014 = DIRECTION('',(-0.,1.,0.));
#6015 = ORIENTED_EDGE('',*,*,#6016,.T.);
#6016 = EDGE_CURVE('',#6009,#6017,#6019,.T.);
#6017 = VERTEX_POINT('',#6018);
#6018 = CARTESIAN_POINT('',(0.2,0.5,0.2));
#6019 = LINE('',#6020,#6021);
#6020 = CARTESIAN_POINT('',(0.2,0.5,0.));
#6021 = VECTOR('',#6022,1.);
#6022 = DIRECTION('',(0.,0.,1.));
#6023 = ORIENTED_EDGE('',*,*,#6024,.F.);
#6024 = EDGE_CURVE('',#6001,#6017,#6025,.T.);
#6025 = LINE('',#6026,#6027);
#6026 = CARTESIAN_POINT('',(0.2,0.,0.2));
#6027 = VECTOR('',#6028,1.);
#6028 = DIRECTION('',(-0.,1.,0.));
#6029 = PLANE('',#6030);
#6030 = AXIS2_PLACEMENT_3D('',#6031,#6032,#6033);
#6031 = CARTESIAN_POINT('',(0.2,0.,0.));
#6032 = DIRECTION('',(1.,0.,-0.));
#6033 = DIRECTION('',(0.,0.,1.));
#6034 = ADVANCED_FACE('',(#6035),#6051,.F.);
#6035 = FACE_BOUND('',#6036,.F.);
#6036 = EDGE_LOOP('',(#6037,#6043,#6044,#6050));
#6037 = ORIENTED_EDGE('',*,*,#6038,.F.);
#6038 = EDGE_CURVE('',#5959,#5999,#6039,.T.);
#6039 = LINE('',#6040,#6041);
#6040 = CARTESIAN_POINT('',(0.,0.,0.));
#6041 = VECTOR('',#6042,1.);
#6042 = DIRECTION('',(1.,0.,-0.));
#6043 = ORIENTED_EDGE('',*,*,#5958,.T.);
#6044 = ORIENTED_EDGE('',*,*,#6045,.T.);
#6045 = EDGE_CURVE('',#5961,#6001,#6046,.T.);
#6046 = LINE('',#6047,#6048);
#6047 = CARTESIAN_POINT('',(0.,0.,0.2));
#6048 = VECTOR('',#6049,1.);
#6049 = DIRECTION('',(1.,0.,-0.));
#6050 = ORIENTED_EDGE('',*,*,#5998,.F.);
#6051 = PLANE('',#6052);
#6052 = AXIS2_PLACEMENT_3D('',#6053,#6054,#6055);
#6053 = CARTESIAN_POINT('',(0.,0.,0.));
#6054 = DIRECTION('',(-0.,1.,0.));
#6055 = DIRECTION('',(0.,0.,1.));
#6056 = ADVANCED_FACE('',(#6057),#6073,.T.);
#6057 = FACE_BOUND('',#6058,.T.);
#6058 = EDGE_LOOP('',(#6059,#6065,#6066,#6072));
#6059 = ORIENTED_EDGE('',*,*,#6060,.F.);
#6060 = EDGE_CURVE('',#5969,#6009,#6061,.T.);
#6061 = LINE('',#6062,#6063);
#6062 = CARTESIAN_POINT('',(0.,0.5,0.));
#6063 = VECTOR('',#6064,1.);
#6064 = DIRECTION('',(1.,0.,-0.));
#6065 = ORIENTED_EDGE('',*,*,#5976,.T.);
#6066 = ORIENTED_EDGE('',*,*,#6067,.T.);
#6067 = EDGE_CURVE('',#5977,#6017,#6068,.T.);
#6068 = LINE('',#6069,#6070);
#6069 = CARTESIAN_POINT('',(0.,0.5,0.2));
#6070 = VECTOR('',#6071,1.);
#6071 = DIRECTION('',(1.,0.,-0.));
#6072 = ORIENTED_EDGE('',*,*,#6016,.F.);
#6073 = PLANE('',#6074);
#6074 = AXIS2_PLACEMENT_3D('',#6075,#6076,#6077);
#6075 = CARTESIAN_POINT('',(0.,0.5,0.));
#6076 = DIRECTION('',(-0.,1.,0.));
#6077 = DIRECTION('',(0.,0.,1.));
#6078 = ADVANCED_FACE('',(#6079),#6085,.F.);
#6079 = FACE_BOUND('',#6080,.F.);
#6080 = EDGE_LOOP('',(#6081,#6082,#6083,#6084));
#6081 = ORIENTED_EDGE('',*,*,#5968,.F.);
#6082 = ORIENTED_EDGE('',*,*,#6038,.T.);
#6083 = ORIENTED_EDGE('',*,*,#6008,.T.);
#6084 = ORIENTED_EDGE('',*,*,#6060,.F.);
#6085 = PLANE('',#6086);
#6086 = AXIS2_PLACEMENT_3D('',#6087,#6088,#6089);
#6087 = CARTESIAN_POINT('',(0.,0.,0.));
#6088 = DIRECTION('',(0.,0.,1.));
#6089 = DIRECTION('',(1.,0.,-0.));
#6090 = ADVANCED_FACE('',(#6091),#6097,.T.);
#6091 = FACE_BOUND('',#6092,.T.);
#6092 = EDGE_LOOP('',(#6093,#6094,#6095,#6096));
#6093 = ORIENTED_EDGE('',*,*,#5984,.F.);
#6094 = ORIENTED_EDGE('',*,*,#6045,.T.);
#6095 = ORIENTED_EDGE('',*,*,#6024,.T.);
#6096 = ORIENTED_EDGE('',*,*,#6067,.F.);
#6097 = PLANE('',#6098);
#6098 = AXIS2_PLACEMENT_3D('',#6099,#6100,#6101);
#6099 = CARTESIAN_POINT('',(0.,0.,0.2));
#6100 = DIRECTION('',(0.,0.,1.));
#6101 = DIRECTION('',(1.,0.,-0.));
#6102 = ( GEOMETRIC_REPRESENTATION_CONTEXT(3) 
GLOBAL_UNCERTAINTY_ASSIGNED_CONTEXT((#6106)) 
GLOBAL_UNIT_ASSIGNED_CONTEXT((#6103,#6104,#6105)) REPRESENTATION_CONTEXT
('Context #1','3D Context with UNIT and UNCERTAINTY') );
#6103 = ( LENGTH_UNIT() NAMED_UNIT(*) SI_UNIT(.MILLI.,.METRE.) );
#6104 = ( NAMED_UNIT(*) PLANE_ANGLE_UNIT() SI_UNIT($,.RADIAN.) );
#6105 = ( NAMED_UNIT(*) SI_UNIT($,.STERADIAN.) SOLID_ANGLE_UNIT() );
#6106 = UNCERTAINTY_MEASURE_WITH_UNIT(LENGTH_MEASURE(1.E-07),#6103,
  'distance_accuracy_value','confusion accuracy');
#6107 = CONTEXT_DEPENDENT_SHAPE_REPRESENTATION(#6108,#6110);
#6108 = ( REPRESENTATION_RELATIONSHIP('','',#5951,#5023) 
REPRESENTATION_RELATIONSHIP_WITH_TRANSFORMATION(#6109) 
SHAPE_REPRESENTATION_RELATIONSHIP() );
#6109 = ITEM_DEFINED_TRANSFORMATION('','',#11,#5044);
#6110 = PRODUCT_DEFINITION_SHAPE('Placement','Placement of an item',
  #6111);
#6111 = NEXT_ASSEMBLY_USAGE_OCCURRENCE('329','Hotspot_2_2','',#5018,
  #5946,$);
#6112 = PRODUCT_RELATED_PRODUCT_CATEGORY('part',$,(#5948));
#6113 = SHAPE_DEFINITION_REPRESENTATION(#6114,#6120);
#6114 = PRODUCT_DEFINITION_SHAPE('','',#6115);
#6115 = PRODUCT_DEFINITION('design','',#6116,#6119);
#6116 = PRODUCT_DEFINITION_FORMATION('','',#6117);
#6117 = PRODUCT('Hotspot_2_3','Hotspot_2_3','',(#6118));
#6118 = PRODUCT_CONTEXT('',#2,'mechanical');
#6119 = PRODUCT_DEFINITION_CONTEXT('part definition',#2,'design');
#6120 = ADVANCED_BREP_SHAPE_REPRESENTATION('',(#11,#6121),#6271);
#6121 = MANIFOLD_SOLID_BREP('',#6122);
#6122 = CLOSED_SHELL('',(#6123,#6163,#6203,#6225,#6247,#6259));
#6123 = ADVANCED_FACE('',(#6124),#6158,.F.);
#6124 = FACE_BOUND('',#6125,.F.);
#6125 = EDGE_LOOP('',(#6126,#6136,#6144,#6152));
#6126 = ORIENTED_EDGE('',*,*,#6127,.F.);
#6127 = EDGE_CURVE('',#6128,#6130,#6132,.T.);
#6128 = VERTEX_POINT('',#6129);
#6129 = CARTESIAN_POINT('',(0.,0.,0.));
#6130 = VERTEX_POINT('',#6131);
#6131 = CARTESIAN_POINT('',(0.,0.,0.2));
#6132 = LINE('',#6133,#6134);
#6133 = CARTESIAN_POINT('',(0.,0.,0.));
#6134 = VECTOR('',#6135,1.);
#6135 = DIRECTION('',(0.,0.,1.));
#6136 = ORIENTED_EDGE('',*,*,#6137,.T.);
#6137 = EDGE_CURVE('',#6128,#6138,#6140,.T.);
#6138 = VERTEX_POINT('',#6139);
#6139 = CARTESIAN_POINT('',(0.,0.5,0.));
#6140 = LINE('',#6141,#6142);
#6141 = CARTESIAN_POINT('',(0.,0.,0.));
#6142 = VECTOR('',#6143,1.);
#6143 = DIRECTION('',(-0.,1.,0.));
#6144 = ORIENTED_EDGE('',*,*,#6145,.T.);
#6145 = EDGE_CURVE('',#6138,#6146,#6148,.T.);
#6146 = VERTEX_POINT('',#6147);
#6147 = CARTESIAN_POINT('',(0.,0.5,0.2));
#6148 = LINE('',#6149,#6150);
#6149 = CARTESIAN_POINT('',(0.,0.5,0.));
#6150 = VECTOR('',#6151,1.);
#6151 = DIRECTION('',(0.,0.,1.));
#6152 = ORIENTED_EDGE('',*,*,#6153,.F.);
#6153 = EDGE_CURVE('',#6130,#6146,#6154,.T.);
#6154 = LINE('',#6155,#6156);
#6155 = CARTESIAN_POINT('',(0.,0.,0.2));
#6156 = VECTOR('',#6157,1.);
#6157 = DIRECTION('',(-0.,1.,0.));
#6158 = PLANE('',#6159);
#6159 = AXIS2_PLACEMENT_3D('',#6160,#6161,#6162);
#6160 = CARTESIAN_POINT('',(0.,0.,0.));
#6161 = DIRECTION('',(1.,0.,-0.));
#6162 = DIRECTION('',(0.,0.,1.));
#6163 = ADVANCED_FACE('',(#6164),#6198,.T.);
#6164 = FACE_BOUND('',#6165,.T.);
#6165 = EDGE_LOOP('',(#6166,#6176,#6184,#6192));
#6166 = ORIENTED_EDGE('',*,*,#6167,.F.);
#6167 = EDGE_CURVE('',#6168,#6170,#6172,.T.);
#6168 = VERTEX_POINT('',#6169);
#6169 = CARTESIAN_POINT('',(0.2,0.,0.));
#6170 = VERTEX_POINT('',#6171);
#6171 = CARTESIAN_POINT('',(0.2,0.,0.2));
#6172 = LINE('',#6173,#6174);
#6173 = CARTESIAN_POINT('',(0.2,0.,0.));
#6174 = VECTOR('',#6175,1.);
#6175 = DIRECTION('',(0.,0.,1.));
#6176 = ORIENTED_EDGE('',*,*,#6177,.T.);
#6177 = EDGE_CURVE('',#6168,#6178,#6180,.T.);
#6178 = VERTEX_POINT('',#6179);
#6179 = CARTESIAN_POINT('',(0.2,0.5,0.));
#6180 = LINE('',#6181,#6182);
#6181 = CARTESIAN_POINT('',(0.2,0.,0.));
#6182 = VECTOR('',#6183,1.);
#6183 = DIRECTION('',(-0.,1.,0.));
#6184 = ORIENTED_EDGE('',*,*,#6185,.T.);
#6185 = EDGE_CURVE('',#6178,#6186,#6188,.T.);
#6186 = VERTEX_POINT('',#6187);
#6187 = CARTESIAN_POINT('',(0.2,0.5,0.2));
#6188 = LINE('',#6189,#6190);
#6189 = CARTESIAN_POINT('',(0.2,0.5,0.));
#6190 = VECTOR('',#6191,1.);
#6191 = DIRECTION('',(0.,0.,1.));
#6192 = ORIENTED_EDGE('',*,*,#6193,.F.);
#6193 = EDGE_CURVE('',#6170,#6186,#6194,.T.);
#6194 = LINE('',#6195,#6196);
#6195 = CARTESIAN_POINT('',(0.2,0.,0.2));
#6196 = VECTOR('',#6197,1.);
#6197 = DIRECTION('',(-0.,1.,0.));
#6198 = PLANE('',#6199);
#6199 = AXIS2_PLACEMENT_3D('',#6200,#6201,#6202);
#6200 = CARTESIAN_POINT('',(0.2,0.,0.));
#6201 = DIRECTION('',(1.,0.,-0.));
#6202 = DIRECTION('',(0.,0.,1.));
#6203 = ADVANCED_FACE('',(#6204),#6220,.F.);
#6204 = FACE_BOUND('',#6205,.F.);
#6205 = EDGE_LOOP('',(#6206,#6212,#6213,#6219));
#6206 = ORIENTED_EDGE('',*,*,#6207,.F.);
#6207 = EDGE_CURVE('',#6128,#6168,#6208,.T.);
#6208 = LINE('',#6209,#6210);
#6209 = CARTESIAN_POINT('',(0.,0.,0.));
#6210 = VECTOR('',#6211,1.);
#6211 = DIRECTION('',(1.,0.,-0.));
#6212 = ORIENTED_EDGE('',*,*,#6127,.T.);
#6213 = ORIENTED_EDGE('',*,*,#6214,.T.);
#6214 = EDGE_CURVE('',#6130,#6170,#6215,.T.);
#6215 = LINE('',#6216,#6217);
#6216 = CARTESIAN_POINT('',(0.,0.,0.2));
#6217 = VECTOR('',#6218,1.);
#6218 = DIRECTION('',(1.,0.,-0.));
#6219 = ORIENTED_EDGE('',*,*,#6167,.F.);
#6220 = PLANE('',#6221);
#6221 = AXIS2_PLACEMENT_3D('',#6222,#6223,#6224);
#6222 = CARTESIAN_POINT('',(0.,0.,0.));
#6223 = DIRECTION('',(-0.,1.,0.));
#6224 = DIRECTION('',(0.,0.,1.));
#6225 = ADVANCED_FACE('',(#6226),#6242,.T.);
#6226 = FACE_BOUND('',#6227,.T.);
#6227 = EDGE_LOOP('',(#6228,#6234,#6235,#6241));
#6228 = ORIENTED_EDGE('',*,*,#6229,.F.);
#6229 = EDGE_CURVE('',#6138,#6178,#6230,.T.);
#6230 = LINE('',#6231,#6232);
#6231 = CARTESIAN_POINT('',(0.,0.5,0.));
#6232 = VECTOR('',#6233,1.);
#6233 = DIRECTION('',(1.,0.,-0.));
#6234 = ORIENTED_EDGE('',*,*,#6145,.T.);
#6235 = ORIENTED_EDGE('',*,*,#6236,.T.);
#6236 = EDGE_CURVE('',#6146,#6186,#6237,.T.);
#6237 = LINE('',#6238,#6239);
#6238 = CARTESIAN_POINT('',(0.,0.5,0.2));
#6239 = VECTOR('',#6240,1.);
#6240 = DIRECTION('',(1.,0.,-0.));
#6241 = ORIENTED_EDGE('',*,*,#6185,.F.);
#6242 = PLANE('',#6243);
#6243 = AXIS2_PLACEMENT_3D('',#6244,#6245,#6246);
#6244 = CARTESIAN_POINT('',(0.,0.5,0.));
#6245 = DIRECTION('',(-0.,1.,0.));
#6246 = DIRECTION('',(0.,0.,1.));
#6247 = ADVANCED_FACE('',(#6248),#6254,.F.);
#6248 = FACE_BOUND('',#6249,.F.);
#6249 = EDGE_LOOP('',(#6250,#6251,#6252,#6253));
#6250 = ORIENTED_EDGE('',*,*,#6137,.F.);
#6251 = ORIENTED_EDGE('',*,*,#6207,.T.);
#6252 = ORIENTED_EDGE('',*,*,#6177,.T.);
#6253 = ORIENTED_EDGE('',*,*,#6229,.F.);
#6254 = PLANE('',#6255);
#6255 = AXIS2_PLACEMENT_3D('',#6256,#6257,#6258);
#6256 = CARTESIAN_POINT('',(0.,0.,0.));
#6257 = DIRECTION('',(0.,0.,1.));
#6258 = DIRECTION('',(1.,0.,-0.));
#6259 = ADVANCED_FACE('',(#6260),#6266,.T.);
#6260 = FACE_BOUND('',#6261,.T.);
#6261 = EDGE_LOOP('',(#6262,#6263,#6264,#6265));
#6262 = ORIENTED_EDGE('',*,*,#6153,.F.);
#6263 = ORIENTED_EDGE('',*,*,#6214,.T.);
#6264 = ORIENTED_EDGE('',*,*,#6193,.T.);
#6265 = ORIENTED_EDGE('',*,*,#6236,.F.);
#6266 = PLANE('',#6267);
#6267 = AXIS2_PLACEMENT_3D('',#6268,#6269,#6270);
#6268 = CARTESIAN_POINT('',(0.,0.,0.2));
#6269 = DIRECTION('',(0.,0.,1.));
#6270 = DIRECTION('',(1.,0.,-0.));
#6271 = ( GEOMETRIC_REPRESENTATION_CONTEXT(3) 
GLOBAL_UNCERTAINTY_ASSIGNED_CONTEXT((#6275)) 
GLOBAL_UNIT_ASSIGNED_CONTEXT((#6272,#6273,#6274)) REPRESENTATION_CONTEXT
('Context #1','3D Context with UNIT and UNCERTAINTY') );
#6272 = ( LENGTH_UNIT() NAMED_UNIT(*) SI_UNIT(.MILLI.,.METRE.) );
#6273 = ( NAMED_UNIT(*) PLANE_ANGLE_UNIT() SI_UNIT($,.RADIAN.) );
#6274 = ( NAMED_UNIT(*) SI_UNIT($,.STERADIAN.) SOLID_ANGLE_UNIT() );
#6275 = UNCERTAINTY_MEASURE_WITH_UNIT(LENGTH_MEASURE(1.E-07),#6272,
  'distance_accuracy_value','confusion accuracy');
#6276 = CONTEXT_DEPENDENT_SHAPE_REPRESENTATION(#6277,#6279);
#6277 = ( REPRESENTATION_RELATIONSHIP('','',#6120,#5023) 
REPRESENTATION_RELATIONSHIP_WITH_TRANSFORMATION(#6278) 
SHAPE_REPRESENTATION_RELATIONSHIP() );
#6278 = ITEM_DEFINED_TRANSFORMATION('','',#11,#5048);
#6279 = PRODUCT_DEFINITION_SHAPE('Placement','Placement of an item',
  #6280);
#6280 = NEXT_ASSEMBLY_USAGE_OCCURRENCE('330','Hotspot_2_3','',#5018,
  #6115,$);
#6281 = PRODUCT_RELATED_PRODUCT_CATEGORY('part',$,(#6117));
#6282 = SHAPE_DEFINITION_REPRESENTATION(#6283,#6289);
#6283 = PRODUCT_DEFINITION_SHAPE('','',#6284);
#6284 = PRODUCT_DEFINITION('design','',#6285,#6288);
#6285 = PRODUCT_DEFINITION_FORMATION('','',#6286);
#6286 = PRODUCT('Hotspot_2_4','Hotspot_2_4','',(#6287));
#6287 = PRODUCT_CONTEXT('',#2,'mechanical');
#6288 = PRODUCT_DEFINITION_CONTEXT('part definition',#2,'design');
#6289 = ADVANCED_BREP_SHAPE_REPRESENTATION('',(#11,#6290),#6440);
#6290 = MANIFOLD_SOLID_BREP('',#6291);
#6291 = CLOSED_SHELL('',(#6292,#6332,#6372,#6394,#6416,#6428));
#6292 = ADVANCED_FACE('',(#6293),#6327,.F.);
#6293 = FACE_BOUND('',#6294,.F.);
#6294 = EDGE_LOOP('',(#6295,#6305,#6313,#6321));
#6295 = ORIENTED_EDGE('',*,*,#6296,.F.);
#6296 = EDGE_CURVE('',#6297,#6299,#6301,.T.);
#6297 = VERTEX_POINT('',#6298);
#6298 = CARTESIAN_POINT('',(0.,0.,0.));
#6299 = VERTEX_POINT('',#6300);
#6300 = CARTESIAN_POINT('',(0.,0.,0.2));
#6301 = LINE('',#6302,#6303);
#6302 = CARTESIAN_POINT('',(0.,0.,0.));
#6303 = VECTOR('',#6304,1.);
#6304 = DIRECTION('',(0.,0.,1.));
#6305 = ORIENTED_EDGE('',*,*,#6306,.T.);
#6306 = EDGE_CURVE('',#6297,#6307,#6309,.T.);
#6307 = VERTEX_POINT('',#6308);
#6308 = CARTESIAN_POINT('',(0.,0.5,0.));
#6309 = LINE('',#6310,#6311);
#6310 = CARTESIAN_POINT('',(0.,0.,0.));
#6311 = VECTOR('',#6312,1.);
#6312 = DIRECTION('',(-0.,1.,0.));
#6313 = ORIENTED_EDGE('',*,*,#6314,.T.);
#6314 = EDGE_CURVE('',#6307,#6315,#6317,.T.);
#6315 = VERTEX_POINT('',#6316);
#6316 = CARTESIAN_POINT('',(0.,0.5,0.2));
#6317 = LINE('',#6318,#6319);
#6318 = CARTESIAN_POINT('',(0.,0.5,0.));
#6319 = VECTOR('',#6320,1.);
#6320 = DIRECTION('',(0.,0.,1.));
#6321 = ORIENTED_EDGE('',*,*,#6322,.F.);
#6322 = EDGE_CURVE('',#6299,#6315,#6323,.T.);
#6323 = LINE('',#6324,#6325);
#6324 = CARTESIAN_POINT('',(0.,0.,0.2));
#6325 = VECTOR('',#6326,1.);
#6326 = DIRECTION('',(-0.,1.,0.));
#6327 = PLANE('',#6328);
#6328 = AXIS2_PLACEMENT_3D('',#6329,#6330,#6331);
#6329 = CARTESIAN_POINT('',(0.,0.,0.));
#6330 = DIRECTION('',(1.,0.,-0.));
#6331 = DIRECTION('',(0.,0.,1.));
#6332 = ADVANCED_FACE('',(#6333),#6367,.T.);
#6333 = FACE_BOUND('',#6334,.T.);
#6334 = EDGE_LOOP('',(#6335,#6345,#6353,#6361));
#6335 = ORIENTED_EDGE('',*,*,#6336,.F.);
#6336 = EDGE_CURVE('',#6337,#6339,#6341,.T.);
#6337 = VERTEX_POINT('',#6338);
#6338 = CARTESIAN_POINT('',(0.2,0.,0.));
#6339 = VERTEX_POINT('',#6340);
#6340 = CARTESIAN_POINT('',(0.2,0.,0.2));
#6341 = LINE('',#6342,#6343);
#6342 = CARTESIAN_POINT('',(0.2,0.,0.));
#6343 = VECTOR('',#6344,1.);
#6344 = DIRECTION('',(0.,0.,1.));
#6345 = ORIENTED_EDGE('',*,*,#6346,.T.);
#6346 = EDGE_CURVE('',#6337,#6347,#6349,.T.);
#6347 = VERTEX_POINT('',#6348);
#6348 = CARTESIAN_POINT('',(0.2,0.5,0.));
#6349 = LINE('',#6350,#6351);
#6350 = CARTESIAN_POINT('',(0.2,0.,0.));
#6351 = VECTOR('',#6352,1.);
#6352 = DIRECTION('',(-0.,1.,0.));
#6353 = ORIENTED_EDGE('',*,*,#6354,.T.);
#6354 = EDGE_CURVE('',#6347,#6355,#6357,.T.);
#6355 = VERTEX_POINT('',#6356);
#6356 = CARTESIAN_POINT('',(0.2,0.5,0.2));
#6357 = LINE('',#6358,#6359);
#6358 = CARTESIAN_POINT('',(0.2,0.5,0.));
#6359 = VECTOR('',#6360,1.);
#6360 = DIRECTION('',(0.,0.,1.));
#6361 = ORIENTED_EDGE('',*,*,#6362,.F.);
#6362 = EDGE_CURVE('',#6339,#6355,#6363,.T.);
#6363 = LINE('',#6364,#6365);
#6364 = CARTESIAN_POINT('',(0.2,0.,0.2));
#6365 = VECTOR('',#6366,1.);
#6366 = DIRECTION('',(-0.,1.,0.));
#6367 = PLANE('',#6368);
#6368 = AXIS2_PLACEMENT_3D('',#6369,#6370,#6371);
#6369 = CARTESIAN_POINT('',(0.2,0.,0.));
#6370 = DIRECTION('',(1.,0.,-0.));
#6371 = DIRECTION('',(0.,0.,1.));
#6372 = ADVANCED_FACE('',(#6373),#6389,.F.);
#6373 = FACE_BOUND('',#6374,.F.);
#6374 = EDGE_LOOP('',(#6375,#6381,#6382,#6388));
#6375 = ORIENTED_EDGE('',*,*,#6376,.F.);
#6376 = EDGE_CURVE('',#6297,#6337,#6377,.T.);
#6377 = LINE('',#6378,#6379);
#6378 = CARTESIAN_POINT('',(0.,0.,0.));
#6379 = VECTOR('',#6380,1.);
#6380 = DIRECTION('',(1.,0.,-0.));
#6381 = ORIENTED_EDGE('',*,*,#6296,.T.);
#6382 = ORIENTED_EDGE('',*,*,#6383,.T.);
#6383 = EDGE_CURVE('',#6299,#6339,#6384,.T.);
#6384 = LINE('',#6385,#6386);
#6385 = CARTESIAN_POINT('',(0.,0.,0.2));
#6386 = VECTOR('',#6387,1.);
#6387 = DIRECTION('',(1.,0.,-0.));
#6388 = ORIENTED_EDGE('',*,*,#6336,.F.);
#6389 = PLANE('',#6390);
#6390 = AXIS2_PLACEMENT_3D('',#6391,#6392,#6393);
#6391 = CARTESIAN_POINT('',(0.,0.,0.));
#6392 = DIRECTION('',(-0.,1.,0.));
#6393 = DIRECTION('',(0.,0.,1.));
#6394 = ADVANCED_FACE('',(#6395),#6411,.T.);
#6395 = FACE_BOUND('',#6396,.T.);
#6396 = EDGE_LOOP('',(#6397,#6403,#6404,#6410));
#6397 = ORIENTED_EDGE('',*,*,#6398,.F.);
#6398 = EDGE_CURVE('',#6307,#6347,#6399,.T.);
#6399 = LINE('',#6400,#6401);
#6400 = CARTESIAN_POINT('',(0.,0.5,0.));
#6401 = VECTOR('',#6402,1.);
#6402 = DIRECTION('',(1.,0.,-0.));
#6403 = ORIENTED_EDGE('',*,*,#6314,.T.);
#6404 = ORIENTED_EDGE('',*,*,#6405,.T.);
#6405 = EDGE_CURVE('',#6315,#6355,#6406,.T.);
#6406 = LINE('',#6407,#6408);
#6407 = CARTESIAN_POINT('',(0.,0.5,0.2));
#6408 = VECTOR('',#6409,1.);
#6409 = DIRECTION('',(1.,0.,-0.));
#6410 = ORIENTED_EDGE('',*,*,#6354,.F.);
#6411 = PLANE('',#6412);
#6412 = AXIS2_PLACEMENT_3D('',#6413,#6414,#6415);
#6413 = CARTESIAN_POINT('',(0.,0.5,0.));
#6414 = DIRECTION('',(-0.,1.,0.));
#6415 = DIRECTION('',(0.,0.,1.));
#6416 = ADVANCED_FACE('',(#6417),#6423,.F.);
#6417 = FACE_BOUND('',#6418,.F.);
#6418 = EDGE_LOOP('',(#6419,#6420,#6421,#6422));
#6419 = ORIENTED_EDGE('',*,*,#6306,.F.);
#6420 = ORIENTED_EDGE('',*,*,#6376,.T.);
#6421 = ORIENTED_EDGE('',*,*,#6346,.T.);
#6422 = ORIENTED_EDGE('',*,*,#6398,.F.);
#6423 = PLANE('',#6424);
#6424 = AXIS2_PLACEMENT_3D('',#6425,#6426,#6427);
#6425 = CARTESIAN_POINT('',(0.,0.,0.));
#6426 = DIRECTION('',(0.,0.,1.));
#6427 = DIRECTION('',(1.,0.,-0.));
#6428 = ADVANCED_FACE('',(#6429),#6435,.T.);
#6429 = FACE_BOUND('',#6430,.T.);
#6430 = EDGE_LOOP('',(#6431,#6432,#6433,#6434));
#6431 = ORIENTED_EDGE('',*,*,#6322,.F.);
#6432 = ORIENTED_EDGE('',*,*,#6383,.T.);
#6433 = ORIENTED_EDGE('',*,*,#6362,.T.);
#6434 = ORIENTED_EDGE('',*,*,#6405,.F.);
#6435 = PLANE('',#6436);
#6436 = AXIS2_PLACEMENT_3D('',#6437,#6438,#6439);
#6437 = CARTESIAN_POINT('',(0.,0.,0.2));
#6438 = DIRECTION('',(0.,0.,1.));
#6439 = DIRECTION('',(1.,0.,-0.));
#6440 = ( GEOMETRIC_REPRESENTATION_CONTEXT(3) 
GLOBAL_UNCERTAINTY_ASSIGNED_CONTEXT((#6444)) 
GLOBAL_UNIT_ASSIGNED_CONTEXT((#6441,#6442,#6443)) REPRESENTATION_CONTEXT
('Context #1','3D Context with UNIT and UNCERTAINTY') );
#6441 = ( LENGTH_UNIT() NAMED_UNIT(*) SI_UNIT(.MILLI.,.METRE.) );
#6442 = ( NAMED_UNIT(*) PLANE_ANGLE_UNIT() SI_UNIT($,.RADIAN.) );
#6443 = ( NAMED_UNIT(*) SI_UNIT($,.STERADIAN.) SOLID_ANGLE_UNIT() );
#6444 = UNCERTAINTY_MEASURE_WITH_UNIT(LENGTH_MEASURE(1.E-07),#6441,
  'distance_accuracy_value','confusion accuracy');
#6445 = CONTEXT_DEPENDENT_SHAPE_REPRESENTATION(#6446,#6448);
#6446 = ( REPRESENTATION_RELATIONSHIP('','',#6289,#5023) 
REPRESENTATION_RELATIONSHIP_WITH_TRANSFORMATION(#6447) 
SHAPE_REPRESENTATION_RELATIONSHIP() );
#6447 = ITEM_DEFINED_TRANSFORMATION('','',#11,#5052);
#6448 = PRODUCT_DEFINITION_SHAPE('Placement','Placement of an item',
  #6449);
#6449 = NEXT_ASSEMBLY_USAGE_OCCURRENCE('331','Hotspot_2_4','',#5018,
  #6284,$);
#6450 = PRODUCT_RELATED_PRODUCT_CATEGORY('part',$,(#6286));
#6451 = SHAPE_DEFINITION_REPRESENTATION(#6452,#6458);
#6452 = PRODUCT_DEFINITION_SHAPE('','',#6453);
#6453 = PRODUCT_DEFINITION('design','',#6454,#6457);
#6454 = PRODUCT_DEFINITION_FORMATION('','',#6455);
#6455 = PRODUCT('Hotspot_3_1','Hotspot_3_1','',(#6456));
#6456 = PRODUCT_CONTEXT('',#2,'mechanical');
#6457 = PRODUCT_DEFINITION_CONTEXT('part definition',#2,'design');
#6458 = ADVANCED_BREP_SHAPE_REPRESENTATION('',(#11,#6459),#6609);
#6459 = MANIFOLD_SOLID_BREP('',#6460);
#6460 = CLOSED_SHELL('',(#6461,#6501,#6541,#6563,#6585,#6597));
#6461 = ADVANCED_FACE('',(#6462),#6496,.F.);
#6462 = FACE_BOUND('',#6463,.F.);
#6463 = EDGE_LOOP('',(#6464,#6474,#6482,#6490));
#6464 = ORIENTED_EDGE('',*,*,#6465,.F.);
#6465 = EDGE_CURVE('',#6466,#6468,#6470,.T.);
#6466 = VERTEX_POINT('',#6467);
#6467 = CARTESIAN_POINT('',(0.,0.,0.));
#6468 = VERTEX_POINT('',#6469);
#6469 = CARTESIAN_POINT('',(0.,0.,0.2));
#6470 = LINE('',#6471,#6472);
#6471 = CARTESIAN_POINT('',(0.,0.,0.));
#6472 = VECTOR('',#6473,1.);
#6473 = DIRECTION('',(0.,0.,1.));
#6474 = ORIENTED_EDGE('',*,*,#6475,.T.);
#6475 = EDGE_CURVE('',#6466,#6476,#6478,.T.);
#6476 = VERTEX_POINT('',#6477);
#6477 = CARTESIAN_POINT('',(0.,0.5,0.));
#6478 = LINE('',#6479,#6480);
#6479 = CARTESIAN_POINT('',(0.,0.,0.));
#6480 = VECTOR('',#6481,1.);
#6481 = DIRECTION('',(-0.,1.,0.));
#6482 = ORIENTED_EDGE('',*,*,#6483,.T.);
#6483 = EDGE_CURVE('',#6476,#6484,#6486,.T.);
#6484 = VERTEX_POINT('',#6485);
#6485 = CARTESIAN_POINT('',(0.,0.5,0.2));
#6486 = LINE('',#6487,#6488);
#6487 = CARTESIAN_POINT('',(0.,0.5,0.));
#6488 = VECTOR('',#6489,1.);
#6489 = DIRECTION('',(0.,0.,1.));
#6490 = ORIENTED_EDGE('',*,*,#6491,.F.);
#6491 = EDGE_CURVE('',#6468,#6484,#6492,.T.);
#6492 = LINE('',#6493,#6494);
#6493 = CARTESIAN_POINT('',(0.,0.,0.2));
#6494 = VECTOR('',#6495,1.);
#6495 = DIRECTION('',(-0.,1.,0.));
#6496 = PLANE('',#6497);
#6497 = AXIS2_PLACEMENT_3D('',#6498,#6499,#6500);
#6498 = CARTESIAN_POINT('',(0.,0.,0.));
#6499 = DIRECTION('',(1.,0.,-0.));
#6500 = DIRECTION('',(0.,0.,1.));
#6501 = ADVANCED_FACE('',(#6502),#6536,.T.);
#6502 = FACE_BOUND('',#6503,.T.);
#6503 = EDGE_LOOP('',(#6504,#6514,#6522,#6530));
#6504 = ORIENTED_EDGE('',*,*,#6505,.F.);
#6505 = EDGE_CURVE('',#6506,#6508,#6510,.T.);
#6506 = VERTEX_POINT('',#6507);
#6507 = CARTESIAN_POINT('',(0.2,0.,0.));
#6508 = VERTEX_POINT('',#6509);
#6509 = CARTESIAN_POINT('',(0.2,0.,0.2));
#6510 = LINE('',#6511,#6512);
#6511 = CARTESIAN_POINT('',(0.2,0.,0.));
#6512 = VECTOR('',#6513,1.);
#6513 = DIRECTION('',(0.,0.,1.));
#6514 = ORIENTED_EDGE('',*,*,#6515,.T.);
#6515 = EDGE_CURVE('',#6506,#6516,#6518,.T.);
#6516 = VERTEX_POINT('',#6517);
#6517 = CARTESIAN_POINT('',(0.2,0.5,0.));
#6518 = LINE('',#6519,#6520);
#6519 = CARTESIAN_POINT('',(0.2,0.,0.));
#6520 = VECTOR('',#6521,1.);
#6521 = DIRECTION('',(-0.,1.,0.));
#6522 = ORIENTED_EDGE('',*,*,#6523,.T.);
#6523 = EDGE_CURVE('',#6516,#6524,#6526,.T.);
#6524 = VERTEX_POINT('',#6525);
#6525 = CARTESIAN_POINT('',(0.2,0.5,0.2));
#6526 = LINE('',#6527,#6528);
#6527 = CARTESIAN_POINT('',(0.2,0.5,0.));
#6528 = VECTOR('',#6529,1.);
#6529 = DIRECTION('',(0.,0.,1.));
#6530 = ORIENTED_EDGE('',*,*,#6531,.F.);
#6531 = EDGE_CURVE('',#6508,#6524,#6532,.T.);
#6532 = LINE('',#6533,#6534);
#6533 = CARTESIAN_POINT('',(0.2,0.,0.2));
#6534 = VECTOR('',#6535,1.);
#6535 = DIRECTION('',(-0.,1.,0.));
#6536 = PLANE('',#6537);
#6537 = AXIS2_PLACEMENT_3D('',#6538,#6539,#6540);
#6538 = CARTESIAN_POINT('',(0.2,0.,0.));
#6539 = DIRECTION('',(1.,0.,-0.));
#6540 = DIRECTION('',(0.,0.,1.));
#6541 = ADVANCED_FACE('',(#6542),#6558,.F.);
#6542 = FACE_BOUND('',#6543,.F.);
#6543 = EDGE_LOOP('',(#6544,#6550,#6551,#6557));
#6544 = ORIENTED_EDGE('',*,*,#6545,.F.);
#6545 = EDGE_CURVE('',#6466,#6506,#6546,.T.);
#6546 = LINE('',#6547,#6548);
#6547 = CARTESIAN_POINT('',(0.,0.,0.));
#6548 = VECTOR('',#6549,1.);
#6549 = DIRECTION('',(1.,0.,-0.));
#6550 = ORIENTED_EDGE('',*,*,#6465,.T.);
#6551 = ORIENTED_EDGE('',*,*,#6552,.T.);
#6552 = EDGE_CURVE('',#6468,#6508,#6553,.T.);
#6553 = LINE('',#6554,#6555);
#6554 = CARTESIAN_POINT('',(0.,0.,0.2));
#6555 = VECTOR('',#6556,1.);
#6556 = DIRECTION('',(1.,0.,-0.));
#6557 = ORIENTED_EDGE('',*,*,#6505,.F.);
#6558 = PLANE('',#6559);
#6559 = AXIS2_PLACEMENT_3D('',#6560,#6561,#6562);
#6560 = CARTESIAN_POINT('',(0.,0.,0.));
#6561 = DIRECTION('',(-0.,1.,0.));
#6562 = DIRECTION('',(0.,0.,1.));
#6563 = ADVANCED_FACE('',(#6564),#6580,.T.);
#6564 = FACE_BOUND('',#6565,.T.);
#6565 = EDGE_LOOP('',(#6566,#6572,#6573,#6579));
#6566 = ORIENTED_EDGE('',*,*,#6567,.F.);
#6567 = EDGE_CURVE('',#6476,#6516,#6568,.T.);
#6568 = LINE('',#6569,#6570);
#6569 = CARTESIAN_POINT('',(0.,0.5,0.));
#6570 = VECTOR('',#6571,1.);
#6571 = DIRECTION('',(1.,0.,-0.));
#6572 = ORIENTED_EDGE('',*,*,#6483,.T.);
#6573 = ORIENTED_EDGE('',*,*,#6574,.T.);
#6574 = EDGE_CURVE('',#6484,#6524,#6575,.T.);
#6575 = LINE('',#6576,#6577);
#6576 = CARTESIAN_POINT('',(0.,0.5,0.2));
#6577 = VECTOR('',#6578,1.);
#6578 = DIRECTION('',(1.,0.,-0.));
#6579 = ORIENTED_EDGE('',*,*,#6523,.F.);
#6580 = PLANE('',#6581);
#6581 = AXIS2_PLACEMENT_3D('',#6582,#6583,#6584);
#6582 = CARTESIAN_POINT('',(0.,0.5,0.));
#6583 = DIRECTION('',(-0.,1.,0.));
#6584 = DIRECTION('',(0.,0.,1.));
#6585 = ADVANCED_FACE('',(#6586),#6592,.F.);
#6586 = FACE_BOUND('',#6587,.F.);
#6587 = EDGE_LOOP('',(#6588,#6589,#6590,#6591));
#6588 = ORIENTED_EDGE('',*,*,#6475,.F.);
#6589 = ORIENTED_EDGE('',*,*,#6545,.T.);
#6590 = ORIENTED_EDGE('',*,*,#6515,.T.);
#6591 = ORIENTED_EDGE('',*,*,#6567,.F.);
#6592 = PLANE('',#6593);
#6593 = AXIS2_PLACEMENT_3D('',#6594,#6595,#6596);
#6594 = CARTESIAN_POINT('',(0.,0.,0.));
#6595 = DIRECTION('',(0.,0.,1.));
#6596 = DIRECTION('',(1.,0.,-0.));
#6597 = ADVANCED_FACE('',(#6598),#6604,.T.);
#6598 = FACE_BOUND('',#6599,.T.);
#6599 = EDGE_LOOP('',(#6600,#6601,#6602,#6603));
#6600 = ORIENTED_EDGE('',*,*,#6491,.F.);
#6601 = ORIENTED_EDGE('',*,*,#6552,.T.);
#6602 = ORIENTED_EDGE('',*,*,#6531,.T.);
#6603 = ORIENTED_EDGE('',*,*,#6574,.F.);
#6604 = PLANE('',#6605);
#6605 = AXIS2_PLACEMENT_3D('',#6606,#6607,#6608);
#6606 = CARTESIAN_POINT('',(0.,0.,0.2));
#6607 = DIRECTION('',(0.,0.,1.));
#6608 = DIRECTION('',(1.,0.,-0.));
#6609 = ( GEOMETRIC_REPRESENTATION_CONTEXT(3) 
GLOBAL_UNCERTAINTY_ASSIGNED_CONTEXT((#6613)) 
GLOBAL_UNIT_ASSIGNED_CONTEXT((#6610,#6611,#6612)) REPRESENTATION_CONTEXT
('Context #1','3D Context with UNIT and UNCERTAINTY') );
#6610 = ( LENGTH_UNIT() NAMED_UNIT(*) SI_UNIT(.MILLI.,.METRE.) );
#6611 = ( NAMED_UNIT(*) PLANE_ANGLE_UNIT() SI_UNIT($,.RADIAN.) );
#6612 = ( NAMED_UNIT(*) SI_UNIT($,.STERADIAN.) SOLID_ANGLE_UNIT() );
#6613 = UNCERTAINTY_MEASURE_WITH_UNIT(LENGTH_MEASURE(1.E-07),#6610,
  'distance_accuracy_value','confusion accuracy');
#6614 = CONTEXT_DEPENDENT_SHAPE_REPRESENTATION(#6615,#6617);
#6615 = ( REPRESENTATION_RELATIONSHIP('','',#6458,#5023) 
REPRESENTATION_RELATIONSHIP_WITH_TRANSFORMATION(#6616) 
SHAPE_REPRESENTATION_RELATIONSHIP() );
#6616 = ITEM_DEFINED_TRANSFORMATION('','',#11,#5056);
#6617 = PRODUCT_DEFINITION_SHAPE('Placement','Placement of an item',
  #6618);
#6618 = NEXT_ASSEMBLY_USAGE_OCCURRENCE('332','Hotspot_3_1','',#5018,
  #6453,$);
#6619 = PRODUCT_RELATED_PRODUCT_CATEGORY('part',$,(#6455));
#6620 = SHAPE_DEFINITION_REPRESENTATION(#6621,#6627);
#6621 = PRODUCT_DEFINITION_SHAPE('','',#6622);
#6622 = PRODUCT_DEFINITION('design','',#6623,#6626);
#6623 = PRODUCT_DEFINITION_FORMATION('','',#6624);
#6624 = PRODUCT('Hotspot_3_2','Hotspot_3_2','',(#6625));
#6625 = PRODUCT_CONTEXT('',#2,'mechanical');
#6626 = PRODUCT_DEFINITION_CONTEXT('part definition',#2,'design');
#6627 = ADVANCED_BREP_SHAPE_REPRESENTATION('',(#11,#6628),#6778);
#6628 = MANIFOLD_SOLID_BREP('',#6629);
#6629 = CLOSED_SHELL('',(#6630,#6670,#6710,#6732,#6754,#6766));
#6630 = ADVANCED_FACE('',(#6631),#6665,.F.);
#6631 = FACE_BOUND('',#6632,.F.);
#6632 = EDGE_LOOP('',(#6633,#6643,#6651,#6659));
#6633 = ORIENTED_EDGE('',*,*,#6634,.F.);
#6634 = EDGE_CURVE('',#6635,#6637,#6639,.T.);
#6635 = VERTEX_POINT('',#6636);
#6636 = CARTESIAN_POINT('',(0.,0.,0.));
#6637 = VERTEX_POINT('',#6638);
#6638 = CARTESIAN_POINT('',(0.,0.,0.2));
#6639 = LINE('',#6640,#6641);
#6640 = CARTESIAN_POINT('',(0.,0.,0.));
#6641 = VECTOR('',#6642,1.);
#6642 = DIRECTION('',(0.,0.,1.));
#6643 = ORIENTED_EDGE('',*,*,#6644,.T.);
#6644 = EDGE_CURVE('',#6635,#6645,#6647,.T.);
#6645 = VERTEX_POINT('',#6646);
#6646 = CARTESIAN_POINT('',(0.,0.5,0.));
#6647 = LINE('',#6648,#6649);
#6648 = CARTESIAN_POINT('',(0.,0.,0.));
#6649 = VECTOR('',#6650,1.);
#6650 = DIRECTION('',(-0.,1.,0.));
#6651 = ORIENTED_EDGE('',*,*,#6652,.T.);
#6652 = EDGE_CURVE('',#6645,#6653,#6655,.T.);
#6653 = VERTEX_POINT('',#6654);
#6654 = CARTESIAN_POINT('',(0.,0.5,0.2));
#6655 = LINE('',#6656,#6657);
#6656 = CARTESIAN_POINT('',(0.,0.5,0.));
#6657 = VECTOR('',#6658,1.);
#6658 = DIRECTION('',(0.,0.,1.));
#6659 = ORIENTED_EDGE('',*,*,#6660,.F.);
#6660 = EDGE_CURVE('',#6637,#6653,#6661,.T.);
#6661 = LINE('',#6662,#6663);
#6662 = CARTESIAN_POINT('',(0.,0.,0.2));
#6663 = VECTOR('',#6664,1.);
#6664 = DIRECTION('',(-0.,1.,0.));
#6665 = PLANE('',#6666);
#6666 = AXIS2_PLACEMENT_3D('',#6667,#6668,#6669);
#6667 = CARTESIAN_POINT('',(0.,0.,0.));
#6668 = DIRECTION('',(1.,0.,-0.));
#6669 = DIRECTION('',(0.,0.,1.));
#6670 = ADVANCED_FACE('',(#6671),#6705,.T.);
#6671 = FACE_BOUND('',#6672,.T.);
#6672 = EDGE_LOOP('',(#6673,#6683,#6691,#6699));
#6673 = ORIENTED_EDGE('',*,*,#6674,.F.);
#6674 = EDGE_CURVE('',#6675,#6677,#6679,.T.);
#6675 = VERTEX_POINT('',#6676);
#6676 = CARTESIAN_POINT('',(0.2,0.,0.));
#6677 = VERTEX_POINT('',#6678);
#6678 = CARTESIAN_POINT('',(0.2,0.,0.2));
#6679 = LINE('',#6680,#6681);
#6680 = CARTESIAN_POINT('',(0.2,0.,0.));
#6681 = VECTOR('',#6682,1.);
#6682 = DIRECTION('',(0.,0.,1.));
#6683 = ORIENTED_EDGE('',*,*,#6684,.T.);
#6684 = EDGE_CURVE('',#6675,#6685,#6687,.T.);
#6685 = VERTEX_POINT('',#6686);
#6686 = CARTESIAN_POINT('',(0.2,0.5,0.));
#6687 = LINE('',#6688,#6689);
#6688 = CARTESIAN_POINT('',(0.2,0.,0.));
#6689 = VECTOR('',#6690,1.);
#6690 = DIRECTION('',(-0.,1.,0.));
#6691 = ORIENTED_EDGE('',*,*,#6692,.T.);
#6692 = EDGE_CURVE('',#6685,#6693,#6695,.T.);
#6693 = VERTEX_POINT('',#6694);
#6694 = CARTESIAN_POINT('',(0.2,0.5,0.2));
#6695 = LINE('',#6696,#6697);
#6696 = CARTESIAN_POINT('',(0.2,0.5,0.));
#6697 = VECTOR('',#6698,1.);
#6698 = DIRECTION('',(0.,0.,1.));
#6699 = ORIENTED_EDGE('',*,*,#6700,.F.);
#6700 = EDGE_CURVE('',#6677,#6693,#6701,.T.);
#6701 = LINE('',#6702,#6703);
#6702 = CARTESIAN_POINT('',(0.2,0.,0.2));
#6703 = VECTOR('',#6704,1.);
#6704 = DIRECTION('',(-0.,1.,0.));
#6705 = PLANE('',#6706);
#6706 = AXIS2_PLACEMENT_3D('',#6707,#6708,#6709);
#6707 = CARTESIAN_POINT('',(0.2,0.,0.));
#6708 = DIRECTION('',(1.,0.,-0.));
#6709 = DIRECTION('',(0.,0.,1.));
#6710 = ADVANCED_FACE('',(#6711),#6727,.F.);
#6711 = FACE_BOUND('',#6712,.F.);
#6712 = EDGE_LOOP('',(#6713,#6719,#6720,#6726));
#6713 = ORIENTED_EDGE('',*,*,#6714,.F.);
#6714 = EDGE_CURVE('',#6635,#6675,#6715,.T.);
#6715 = LINE('',#6716,#6717);
#6716 = CARTESIAN_POINT('',(0.,0.,0.));
#6717 = VECTOR('',#6718,1.);
#6718 = DIRECTION('',(1.,0.,-0.));
#6719 = ORIENTED_EDGE('',*,*,#6634,.T.);
#6720 = ORIENTED_EDGE('',*,*,#6721,.T.);
#6721 = EDGE_CURVE('',#6637,#6677,#6722,.T.);
#6722 = LINE('',#6723,#6724);
#6723 = CARTESIAN_POINT('',(0.,0.,0.2));
#6724 = VECTOR('',#6725,1.);
#6725 = DIRECTION('',(1.,0.,-0.));
#6726 = ORIENTED_EDGE('',*,*,#6674,.F.);
#6727 = PLANE('',#6728);
#6728 = AXIS2_PLACEMENT_3D('',#6729,#6730,#6731);
#6729 = CARTESIAN_POINT('',(0.,0.,0.));
#6730 = DIRECTION('',(-0.,1.,0.));
#6731 = DIRECTION('',(0.,0.,1.));
#6732 = ADVANCED_FACE('',(#6733),#6749,.T.);
#6733 = FACE_BOUND('',#6734,.T.);
#6734 = EDGE_LOOP('',(#6735,#6741,#6742,#6748));
#6735 = ORIENTED_EDGE('',*,*,#6736,.F.);
#6736 = EDGE_CURVE('',#6645,#6685,#6737,.T.);
#6737 = LINE('',#6738,#6739);
#6738 = CARTESIAN_POINT('',(0.,0.5,0.));
#6739 = VECTOR('',#6740,1.);
#6740 = DIRECTION('',(1.,0.,-0.));
#6741 = ORIENTED_EDGE('',*,*,#6652,.T.);
#6742 = ORIENTED_EDGE('',*,*,#6743,.T.);
#6743 = EDGE_CURVE('',#6653,#6693,#6744,.T.);
#6744 = LINE('',#6745,#6746);
#6745 = CARTESIAN_POINT('',(0.,0.5,0.2));
#6746 = VECTOR('',#6747,1.);
#6747 = DIRECTION('',(1.,0.,-0.));
#6748 = ORIENTED_EDGE('',*,*,#6692,.F.);
#6749 = PLANE('',#6750);
#6750 = AXIS2_PLACEMENT_3D('',#6751,#6752,#6753);
#6751 = CARTESIAN_POINT('',(0.,0.5,0.));
#6752 = DIRECTION('',(-0.,1.,0.));
#6753 = DIRECTION('',(0.,0.,1.));
#6754 = ADVANCED_FACE('',(#6755),#6761,.F.);
#6755 = FACE_BOUND('',#6756,.F.);
#6756 = EDGE_LOOP('',(#6757,#6758,#6759,#6760));
#6757 = ORIENTED_EDGE('',*,*,#6644,.F.);
#6758 = ORIENTED_EDGE('',*,*,#6714,.T.);
#6759 = ORIENTED_EDGE('',*,*,#6684,.T.);
#6760 = ORIENTED_EDGE('',*,*,#6736,.F.);
#6761 = PLANE('',#6762);
#6762 = AXIS2_PLACEMENT_3D('',#6763,#6764,#6765);
#6763 = CARTESIAN_POINT('',(0.,0.,0.));
#6764 = DIRECTION('',(0.,0.,1.));
#6765 = DIRECTION('',(1.,0.,-0.));
#6766 = ADVANCED_FACE('',(#6767),#6773,.T.);
#6767 = FACE_BOUND('',#6768,.T.);
#6768 = EDGE_LOOP('',(#6769,#6770,#6771,#6772));
#6769 = ORIENTED_EDGE('',*,*,#6660,.F.);
#6770 = ORIENTED_EDGE('',*,*,#6721,.T.);
#6771 = ORIENTED_EDGE('',*,*,#6700,.T.);
#6772 = ORIENTED_EDGE('',*,*,#6743,.F.);
#6773 = PLANE('',#6774);
#6774 = AXIS2_PLACEMENT_3D('',#6775,#6776,#6777);
#6775 = CARTESIAN_POINT('',(0.,0.,0.2));
#6776 = DIRECTION('',(0.,0.,1.));
#6777 = DIRECTION('',(1.,0.,-0.));
#6778 = ( GEOMETRIC_REPRESENTATION_CONTEXT(3) 
GLOBAL_UNCERTAINTY_ASSIGNED_CONTEXT((#6782)) 
GLOBAL_UNIT_ASSIGNED_CONTEXT((#6779,#6780,#6781)) REPRESENTATION_CONTEXT
('Context #1','3D Context with UNIT and UNCERTAINTY') );
#6779 = ( LENGTH_UNIT() NAMED_UNIT(*) SI_UNIT(.MILLI.,.METRE.) );
#6780 = ( NAMED_UNIT(*) PLANE_ANGLE_UNIT() SI_UNIT($,.RADIAN.) );
#6781 = ( NAMED_UNIT(*) SI_UNIT($,.STERADIAN.) SOLID_ANGLE_UNIT() );
#6782 = UNCERTAINTY_MEASURE_WITH_UNIT(LENGTH_MEASURE(1.E-07),#6779,
  'distance_accuracy_value','confusion accuracy');
#6783 = CONTEXT_DEPENDENT_SHAPE_REPRESENTATION(#6784,#6786);
#6784 = ( REPRESENTATION_RELATIONSHIP('','',#6627,#5023) 
REPRESENTATION_RELATIONSHIP_WITH_TRANSFORMATION(#6785) 
SHAPE_REPRESENTATION_RELATIONSHIP() );
#6785 = ITEM_DEFINED_TRANSFORMATION('','',#11,#5060);
#6786 = PRODUCT_DEFINITION_SHAPE('Placement','Placement of an item',
  #6787);
#6787 = NEXT_ASSEMBLY_USAGE_OCCURRENCE('333','Hotspot_3_2','',#5018,
  #6622,$);
#6788 = PRODUCT_RELATED_PRODUCT_CATEGORY('part',$,(#6624));
#6789 = SHAPE_DEFINITION_REPRESENTATION(#6790,#6796);
#6790 = PRODUCT_DEFINITION_SHAPE('','',#6791);
#6791 = PRODUCT_DEFINITION('design','',#6792,#6795);
#6792 = PRODUCT_DEFINITION_FORMATION('','',#6793);
#6793 = PRODUCT('Hotspot_3_3','Hotspot_3_3','',(#6794));
#6794 = PRODUCT_CONTEXT('',#2,'mechanical');
#6795 = PRODUCT_DEFINITION_CONTEXT('part definition',#2,'design');
#6796 = ADVANCED_BREP_SHAPE_REPRESENTATION('',(#11,#6797),#6947);
#6797 = MANIFOLD_SOLID_BREP('',#6798);
#6798 = CLOSED_SHELL('',(#6799,#6839,#6879,#6901,#6923,#6935));
#6799 = ADVANCED_FACE('',(#6800),#6834,.F.);
#6800 = FACE_BOUND('',#6801,.F.);
#6801 = EDGE_LOOP('',(#6802,#6812,#6820,#6828));
#6802 = ORIENTED_EDGE('',*,*,#6803,.F.);
#6803 = EDGE_CURVE('',#6804,#6806,#6808,.T.);
#6804 = VERTEX_POINT('',#6805);
#6805 = CARTESIAN_POINT('',(0.,0.,0.));
#6806 = VERTEX_POINT('',#6807);
#6807 = CARTESIAN_POINT('',(0.,0.,0.2));
#6808 = LINE('',#6809,#6810);
#6809 = CARTESIAN_POINT('',(0.,0.,0.));
#6810 = VECTOR('',#6811,1.);
#6811 = DIRECTION('',(0.,0.,1.));
#6812 = ORIENTED_EDGE('',*,*,#6813,.T.);
#6813 = EDGE_CURVE('',#6804,#6814,#6816,.T.);
#6814 = VERTEX_POINT('',#6815);
#6815 = CARTESIAN_POINT('',(0.,0.5,0.));
#6816 = LINE('',#6817,#6818);
#6817 = CARTESIAN_POINT('',(0.,0.,0.));
#6818 = VECTOR('',#6819,1.);
#6819 = DIRECTION('',(-0.,1.,0.));
#6820 = ORIENTED_EDGE('',*,*,#6821,.T.);
#6821 = EDGE_CURVE('',#6814,#6822,#6824,.T.);
#6822 = VERTEX_POINT('',#6823);
#6823 = CARTESIAN_POINT('',(0.,0.5,0.2));
#6824 = LINE('',#6825,#6826);
#6825 = CARTESIAN_POINT('',(0.,0.5,0.));
#6826 = VECTOR('',#6827,1.);
#6827 = DIRECTION('',(0.,0.,1.));
#6828 = ORIENTED_EDGE('',*,*,#6829,.F.);
#6829 = EDGE_CURVE('',#6806,#6822,#6830,.T.);
#6830 = LINE('',#6831,#6832);
#6831 = CARTESIAN_POINT('',(0.,0.,0.2));
#6832 = VECTOR('',#6833,1.);
#6833 = DIRECTION('',(-0.,1.,0.));
#6834 = PLANE('',#6835);
#6835 = AXIS2_PLACEMENT_3D('',#6836,#6837,#6838);
#6836 = CARTESIAN_POINT('',(0.,0.,0.));
#6837 = DIRECTION('',(1.,0.,-0.));
#6838 = DIRECTION('',(0.,0.,1.));
#6839 = ADVANCED_FACE('',(#6840),#6874,.T.);
#6840 = FACE_BOUND('',#6841,.T.);
#6841 = EDGE_LOOP('',(#6842,#6852,#6860,#6868));
#6842 = ORIENTED_EDGE('',*,*,#6843,.F.);
#6843 = EDGE_CURVE('',#6844,#6846,#6848,.T.);
#6844 = VERTEX_POINT('',#6845);
#6845 = CARTESIAN_POINT('',(0.2,0.,0.));
#6846 = VERTEX_POINT('',#6847);
#6847 = CARTESIAN_POINT('',(0.2,0.,0.2));
#6848 = LINE('',#6849,#6850);
#6849 = CARTESIAN_POINT('',(0.2,0.,0.));
#6850 = VECTOR('',#6851,1.);
#6851 = DIRECTION('',(0.,0.,1.));
#6852 = ORIENTED_EDGE('',*,*,#6853,.T.);
#6853 = EDGE_CURVE('',#6844,#6854,#6856,.T.);
#6854 = VERTEX_POINT('',#6855);
#6855 = CARTESIAN_POINT('',(0.2,0.5,0.));
#6856 = LINE('',#6857,#6858);
#6857 = CARTESIAN_POINT('',(0.2,0.,0.));
#6858 = VECTOR('',#6859,1.);
#6859 = DIRECTION('',(-0.,1.,0.));
#6860 = ORIENTED_EDGE('',*,*,#6861,.T.);
#6861 = EDGE_CURVE('',#6854,#6862,#6864,.T.);
#6862 = VERTEX_POINT('',#6863);
#6863 = CARTESIAN_POINT('',(0.2,0.5,0.2));
#6864 = LINE('',#6865,#6866);
#6865 = CARTESIAN_POINT('',(0.2,0.5,0.));
#6866 = VECTOR('',#6867,1.);
#6867 = DIRECTION('',(0.,0.,1.));
#6868 = ORIENTED_EDGE('',*,*,#6869,.F.);
#6869 = EDGE_CURVE('',#6846,#6862,#6870,.T.);
#6870 = LINE('',#6871,#6872);
#6871 = CARTESIAN_POINT('',(0.2,0.,0.2));
#6872 = VECTOR('',#6873,1.);
#6873 = DIRECTION('',(-0.,1.,0.));
#6874 = PLANE('',#6875);
#6875 = AXIS2_PLACEMENT_3D('',#6876,#6877,#6878);
#6876 = CARTESIAN_POINT('',(0.2,0.,0.));
#6877 = DIRECTION('',(1.,0.,-0.));
#6878 = DIRECTION('',(0.,0.,1.));
#6879 = ADVANCED_FACE('',(#6880),#6896,.F.);
#6880 = FACE_BOUND('',#6881,.F.);
#6881 = EDGE_LOOP('',(#6882,#6888,#6889,#6895));
#6882 = ORIENTED_EDGE('',*,*,#6883,.F.);
#6883 = EDGE_CURVE('',#6804,#6844,#6884,.T.);
#6884 = LINE('',#6885,#6886);
#6885 = CARTESIAN_POINT('',(0.,0.,0.));
#6886 = VECTOR('',#6887,1.);
#6887 = DIRECTION('',(1.,0.,-0.));
#6888 = ORIENTED_EDGE('',*,*,#6803,.T.);
#6889 = ORIENTED_EDGE('',*,*,#6890,.T.);
#6890 = EDGE_CURVE('',#6806,#6846,#6891,.T.);
#6891 = LINE('',#6892,#6893);
#6892 = CARTESIAN_POINT('',(0.,0.,0.2));
#6893 = VECTOR('',#6894,1.);
#6894 = DIRECTION('',(1.,0.,-0.));
#6895 = ORIENTED_EDGE('',*,*,#6843,.F.);
#6896 = PLANE('',#6897);
#6897 = AXIS2_PLACEMENT_3D('',#6898,#6899,#6900);
#6898 = CARTESIAN_POINT('',(0.,0.,0.));
#6899 = DIRECTION('',(-0.,1.,0.));
#6900 = DIRECTION('',(0.,0.,1.));
#6901 = ADVANCED_FACE('',(#6902),#6918,.T.);
#6902 = FACE_BOUND('',#6903,.T.);
#6903 = EDGE_LOOP('',(#6904,#6910,#6911,#6917));
#6904 = ORIENTED_EDGE('',*,*,#6905,.F.);
#6905 = EDGE_CURVE('',#6814,#6854,#6906,.T.);
#6906 = LINE('',#6907,#6908);
#6907 = CARTESIAN_POINT('',(0.,0.5,0.));
#6908 = VECTOR('',#6909,1.);
#6909 = DIRECTION('',(1.,0.,-0.));
#6910 = ORIENTED_EDGE('',*,*,#6821,.T.);
#6911 = ORIENTED_EDGE('',*,*,#6912,.T.);
#6912 = EDGE_CURVE('',#6822,#6862,#6913,.T.);
#6913 = LINE('',#6914,#6915);
#6914 = CARTESIAN_POINT('',(0.,0.5,0.2));
#6915 = VECTOR('',#6916,1.);
#6916 = DIRECTION('',(1.,0.,-0.));
#6917 = ORIENTED_EDGE('',*,*,#6861,.F.);
#6918 = PLANE('',#6919);
#6919 = AXIS2_PLACEMENT_3D('',#6920,#6921,#6922);
#6920 = CARTESIAN_POINT('',(0.,0.5,0.));
#6921 = DIRECTION('',(-0.,1.,0.));
#6922 = DIRECTION('',(0.,0.,1.));
#6923 = ADVANCED_FACE('',(#6924),#6930,.F.);
#6924 = FACE_BOUND('',#6925,.F.);
#6925 = EDGE_LOOP('',(#6926,#6927,#6928,#6929));
#6926 = ORIENTED_EDGE('',*,*,#6813,.F.);
#6927 = ORIENTED_EDGE('',*,*,#6883,.T.);
#6928 = ORIENTED_EDGE('',*,*,#6853,.T.);
#6929 = ORIENTED_EDGE('',*,*,#6905,.F.);
#6930 = PLANE('',#6931);
#6931 = AXIS2_PLACEMENT_3D('',#6932,#6933,#6934);
#6932 = CARTESIAN_POINT('',(0.,0.,0.));
#6933 = DIRECTION('',(0.,0.,1.));
#6934 = DIRECTION('',(1.,0.,-0.));
#6935 = ADVANCED_FACE('',(#6936),#6942,.T.);
#6936 = FACE_BOUND('',#6937,.T.);
#6937 = EDGE_LOOP('',(#6938,#6939,#6940,#6941));
#6938 = ORIENTED_EDGE('',*,*,#6829,.F.);
#6939 = ORIENTED_EDGE('',*,*,#6890,.T.);
#6940 = ORIENTED_EDGE('',*,*,#6869,.T.);
#6941 = ORIENTED_EDGE('',*,*,#6912,.F.);
#6942 = PLANE('',#6943);
#6943 = AXIS2_PLACEMENT_3D('',#6944,#6945,#6946);
#6944 = CARTESIAN_POINT('',(0.,0.,0.2));
#6945 = DIRECTION('',(0.,0.,1.));
#6946 = DIRECTION('',(1.,0.,-0.));
#6947 = ( GEOMETRIC_REPRESENTATION_CONTEXT(3) 
GLOBAL_UNCERTAINTY_ASSIGNED_CONTEXT((#6951)) 
GLOBAL_UNIT_ASSIGNED_CONTEXT((#6948,#6949,#6950)) REPRESENTATION_CONTEXT
('Context #1','3D Context with UNIT and UNCERTAINTY') );
#6948 = ( LENGTH_UNIT() NAMED_UNIT(*) SI_UNIT(.MILLI.,.METRE.) );
#6949 = ( NAMED_UNIT(*) PLANE_ANGLE_UNIT() SI_UNIT($,.RADIAN.) );
#6950 = ( NAMED_UNIT(*) SI_UNIT($,.STERADIAN.) SOLID_ANGLE_UNIT() );
#6951 = UNCERTAINTY_MEASURE_WITH_UNIT(LENGTH_MEASURE(1.E-07),#6948,
  'distance_accuracy_value','confusion accuracy');
#6952 = CONTEXT_DEPENDENT_SHAPE_REPRESENTATION(#6953,#6955);
#6953 = ( REPRESENTATION_RELATIONSHIP('','',#6796,#5023) 
REPRESENTATION_RELATIONSHIP_WITH_TRANSFORMATION(#6954) 
SHAPE_REPRESENTATION_RELATIONSHIP() );
#6954 = ITEM_DEFINED_TRANSFORMATION('','',#11,#5064);
#6955 = PRODUCT_DEFINITION_SHAPE('Placement','Placement of an item',
  #6956);
#6956 = NEXT_ASSEMBLY_USAGE_OCCURRENCE('334','Hotspot_3_3','',#5018,
  #6791,$);
#6957 = PRODUCT_RELATED_PRODUCT_CATEGORY('part',$,(#6793));
#6958 = SHAPE_DEFINITION_REPRESENTATION(#6959,#6965);
#6959 = PRODUCT_DEFINITION_SHAPE('','',#6960);
#6960 = PRODUCT_DEFINITION('design','',#6961,#6964);
#6961 = PRODUCT_DEFINITION_FORMATION('','',#6962);
#6962 = PRODUCT('Hotspot_3_4','Hotspot_3_4','',(#6963));
#6963 = PRODUCT_CONTEXT('',#2,'mechanical');
#6964 = PRODUCT_DEFINITION_CONTEXT('part definition',#2,'design');
#6965 = ADVANCED_BREP_SHAPE_REPRESENTATION('',(#11,#6966),#7116);
#6966 = MANIFOLD_SOLID_BREP('',#6967);
#6967 = CLOSED_SHELL('',(#6968,#7008,#7048,#7070,#7092,#7104));
#6968 = ADVANCED_FACE('',(#6969),#7003,.F.);
#6969 = FACE_BOUND('',#6970,.F.);
#6970 = EDGE_LOOP('',(#6971,#6981,#6989,#6997));
#6971 = ORIENTED_EDGE('',*,*,#6972,.F.);
#6972 = EDGE_CURVE('',#6973,#6975,#6977,.T.);
#6973 = VERTEX_POINT('',#6974);
#6974 = CARTESIAN_POINT('',(0.,0.,0.));
#6975 = VERTEX_POINT('',#6976);
#6976 = CARTESIAN_POINT('',(0.,0.,0.2));
#6977 = LINE('',#6978,#6979);
#6978 = CARTESIAN_POINT('',(0.,0.,0.));
#6979 = VECTOR('',#6980,1.);
#6980 = DIRECTION('',(0.,0.,1.));
#6981 = ORIENTED_EDGE('',*,*,#6982,.T.);
#6982 = EDGE_CURVE('',#6973,#6983,#6985,.T.);
#6983 = VERTEX_POINT('',#6984);
#6984 = CARTESIAN_POINT('',(0.,0.5,0.));
#6985 = LINE('',#6986,#6987);
#6986 = CARTESIAN_POINT('',(0.,0.,0.));
#6987 = VECTOR('',#6988,1.);
#6988 = DIRECTION('',(-0.,1.,0.));
#6989 = ORIENTED_EDGE('',*,*,#6990,.T.);
#6990 = EDGE_CURVE('',#6983,#6991,#6993,.T.);
#6991 = VERTEX_POINT('',#6992);
#6992 = CARTESIAN_POINT('',(0.,0.5,0.2));
#6993 = LINE('',#6994,#6995);
#6994 = CARTESIAN_POINT('',(0.,0.5,0.));
#6995 = VECTOR('',#6996,1.);
#6996 = DIRECTION('',(0.,0.,1.));
#6997 = ORIENTED_EDGE('',*,*,#6998,.F.);
#6998 = EDGE_CURVE('',#6975,#6991,#6999,.T.);
#6999 = LINE('',#7000,#7001);
#7000 = CARTESIAN_POINT('',(0.,0.,0.2));
#7001 = VECTOR('',#7002,1.);
#7002 = DIRECTION('',(-0.,1.,0.));
#7003 = PLANE('',#7004);
#7004 = AXIS2_PLACEMENT_3D('',#7005,#7006,#7007);
#7005 = CARTESIAN_POINT('',(0.,0.,0.));
#7006 = DIRECTION('',(1.,0.,-0.));
#7007 = DIRECTION('',(0.,0.,1.));
#7008 = ADVANCED_FACE('',(#7009),#7043,.T.);
#7009 = FACE_BOUND('',#7010,.T.);
#7010 = EDGE_LOOP('',(#7011,#7021,#7029,#7037));
#7011 = ORIENTED_EDGE('',*,*,#7012,.F.);
#7012 = EDGE_CURVE('',#7013,#7015,#7017,.T.);
#7013 = VERTEX_POINT('',#7014);
#7014 = CARTESIAN_POINT('',(0.2,0.,0.));
#7015 = VERTEX_POINT('',#7016);
#7016 = CARTESIAN_POINT('',(0.2,0.,0.2));
#7017 = LINE('',#7018,#7019);
#7018 = CARTESIAN_POINT('',(0.2,0.,0.));
#7019 = VECTOR('',#7020,1.);
#7020 = DIRECTION('',(0.,0.,1.));
#7021 = ORIENTED_EDGE('',*,*,#7022,.T.);
#7022 = EDGE_CURVE('',#7013,#7023,#7025,.T.);
#7023 = VERTEX_POINT('',#7024);
#7024 = CARTESIAN_POINT('',(0.2,0.5,0.));
#7025 = LINE('',#7026,#7027);
#7026 = CARTESIAN_POINT('',(0.2,0.,0.));
#7027 = VECTOR('',#7028,1.);
#7028 = DIRECTION('',(-0.,1.,0.));
#7029 = ORIENTED_EDGE('',*,*,#7030,.T.);
#7030 = EDGE_CURVE('',#7023,#7031,#7033,.T.);
#7031 = VERTEX_POINT('',#7032);
#7032 = CARTESIAN_POINT('',(0.2,0.5,0.2));
#7033 = LINE('',#7034,#7035);
#7034 = CARTESIAN_POINT('',(0.2,0.5,0.));
#7035 = VECTOR('',#7036,1.);
#7036 = DIRECTION('',(0.,0.,1.));
#7037 = ORIENTED_EDGE('',*,*,#7038,.F.);
#7038 = EDGE_CURVE('',#7015,#7031,#7039,.T.);
#7039 = LINE('',#7040,#7041);
#7040 = CARTESIAN_POINT('',(0.2,0.,0.2));
#7041 = VECTOR('',#7042,1.);
#7042 = DIRECTION('',(-0.,1.,0.));
#7043 = PLANE('',#7044);
#7044 = AXIS2_PLACEMENT_3D('',#7045,#7046,#7047);
#7045 = CARTESIAN_POINT('',(0.2,0.,0.));
#7046 = DIRECTION('',(1.,0.,-0.));
#7047 = DIRECTION('',(0.,0.,1.));
#7048 = ADVANCED_FACE('',(#7049),#7065,.F.);
#7049 = FACE_BOUND('',#7050,.F.);
#7050 = EDGE_LOOP('',(#7051,#7057,#7058,#7064));
#7051 = ORIENTED_EDGE('',*,*,#7052,.F.);
#7052 = EDGE_CURVE('',#6973,#7013,#7053,.T.);
#7053 = LINE('',#7054,#7055);
#7054 = CARTESIAN_POINT('',(0.,0.,0.));
#7055 = VECTOR('',#7056,1.);
#7056 = DIRECTION('',(1.,0.,-0.));
#7057 = ORIENTED_EDGE('',*,*,#6972,.T.);
#7058 = ORIENTED_EDGE('',*,*,#7059,.T.);
#7059 = EDGE_CURVE('',#6975,#7015,#7060,.T.);
#7060 = LINE('',#7061,#7062);
#7061 = CARTESIAN_POINT('',(0.,0.,0.2));
#7062 = VECTOR('',#7063,1.);
#7063 = DIRECTION('',(1.,0.,-0.));
#7064 = ORIENTED_EDGE('',*,*,#7012,.F.);
#7065 = PLANE('',#7066);
#7066 = AXIS2_PLACEMENT_3D('',#7067,#7068,#7069);
#7067 = CARTESIAN_POINT('',(0.,0.,0.));
#7068 = DIRECTION('',(-0.,1.,0.));
#7069 = DIRECTION('',(0.,0.,1.));
#7070 = ADVANCED_FACE('',(#7071),#7087,.T.);
#7071 = FACE_BOUND('',#7072,.T.);
#7072 = EDGE_LOOP('',(#7073,#7079,#7080,#7086));
#7073 = ORIENTED_EDGE('',*,*,#7074,.F.);
#7074 = EDGE_CURVE('',#6983,#7023,#7075,.T.);
#7075 = LINE('',#7076,#7077);
#7076 = CARTESIAN_POINT('',(0.,0.5,0.));
#7077 = VECTOR('',#7078,1.);
#7078 = DIRECTION('',(1.,0.,-0.));
#7079 = ORIENTED_EDGE('',*,*,#6990,.T.);
#7080 = ORIENTED_EDGE('',*,*,#7081,.T.);
#7081 = EDGE_CURVE('',#6991,#7031,#7082,.T.);
#7082 = LINE('',#7083,#7084);
#7083 = CARTESIAN_POINT('',(0.,0.5,0.2));
#7084 = VECTOR('',#7085,1.);
#7085 = DIRECTION('',(1.,0.,-0.));
#7086 = ORIENTED_EDGE('',*,*,#7030,.F.);
#7087 = PLANE('',#7088);
#7088 = AXIS2_PLACEMENT_3D('',#7089,#7090,#7091);
#7089 = CARTESIAN_POINT('',(0.,0.5,0.));
#7090 = DIRECTION('',(-0.,1.,0.));
#7091 = DIRECTION('',(0.,0.,1.));
#7092 = ADVANCED_FACE('',(#7093),#7099,.F.);
#7093 = FACE_BOUND('',#7094,.F.);
#7094 = EDGE_LOOP('',(#7095,#7096,#7097,#7098));
#7095 = ORIENTED_EDGE('',*,*,#6982,.F.);
#7096 = ORIENTED_EDGE('',*,*,#7052,.T.);
#7097 = ORIENTED_EDGE('',*,*,#7022,.T.);
#7098 = ORIENTED_EDGE('',*,*,#7074,.F.);
#7099 = PLANE('',#7100);
#7100 = AXIS2_PLACEMENT_3D('',#7101,#7102,#7103);
#7101 = CARTESIAN_POINT('',(0.,0.,0.));
#7102 = DIRECTION('',(0.,0.,1.));
#7103 = DIRECTION('',(1.,0.,-0.));
#7104 = ADVANCED_FACE('',(#7105),#7111,.T.);
#7105 = FACE_BOUND('',#7106,.T.);
#7106 = EDGE_LOOP('',(#7107,#7108,#7109,#7110));
#7107 = ORIENTED_EDGE('',*,*,#6998,.F.);
#7108 = ORIENTED_EDGE('',*,*,#7059,.T.);
#7109 = ORIENTED_EDGE('',*,*,#7038,.T.);
#7110 = ORIENTED_EDGE('',*,*,#7081,.F.);
#7111 = PLANE('',#7112);
#7112 = AXIS2_PLACEMENT_3D('',#7113,#7114,#7115);
#7113 = CARTESIAN_POINT('',(0.,0.,0.2));
#7114 = DIRECTION('',(0.,0.,1.));
#7115 = DIRECTION('',(1.,0.,-0.));
#7116 = ( GEOMETRIC_REPRESENTATION_CONTEXT(3) 
GLOBAL_UNCERTAINTY_ASSIGNED_CONTEXT((#7120)) 
GLOBAL_UNIT_ASSIGNED_CONTEXT((#7117,#7118,#7119)) REPRESENTATION_CONTEXT
('Context #1','3D Context with UNIT and UNCERTAINTY') );
#7117 = ( LENGTH_UNIT() NAMED_UNIT(*) SI_UNIT(.MILLI.,.METRE.) );
#7118 = ( NAMED_UNIT(*) PLANE_ANGLE_UNIT() SI_UNIT($,.RADIAN.) );
#7119 = ( NAMED_UNIT(*) SI_UNIT($,.STERADIAN.) SOLID_ANGLE_UNIT() );
#7120 = UNCERTAINTY_MEASURE_WITH_UNIT(LENGTH_MEASURE(1.E-07),#7117,
  'distance_accuracy_value','confusion accuracy');
#7121 = CONTEXT_DEPENDENT_SHAPE_REPRESENTATION(#7122,#7124);
#7122 = ( REPRESENTATION_RELATIONSHIP('','',#6965,#5023) 
REPRESENTATION_RELATIONSHIP_WITH_TRANSFORMATION(#7123) 
SHAPE_REPRESENTATION_RELATIONSHIP() );
#7123 = ITEM_DEFINED_TRANSFORMATION('','',#11,#5068);
#7124 = PRODUCT_DEFINITION_SHAPE('Placement','Placement of an item',
  #7125);
#7125 = NEXT_ASSEMBLY_USAGE_OCCURRENCE('335','Hotspot_3_4','',#5018,
  #6960,$);
#7126 = PRODUCT_RELATED_PRODUCT_CATEGORY('part',$,(#6962));
#7127 = SHAPE_DEFINITION_REPRESENTATION(#7128,#7134);
#7128 = PRODUCT_DEFINITION_SHAPE('','',#7129);
#7129 = PRODUCT_DEFINITION('design','',#7130,#7133);
#7130 = PRODUCT_DEFINITION_FORMATION('','',#7131);
#7131 = PRODUCT('Hotspot_4_1','Hotspot_4_1','',(#7132));
#7132 = PRODUCT_CONTEXT('',#2,'mechanical');
#7133 = PRODUCT_DEFINITION_CONTEXT('part definition',#2,'design');
#7134 = ADVANCED_BREP_SHAPE_REPRESENTATION('',(#11,#7135),#7285);
#7135 = MANIFOLD_SOLID_BREP('',#7136);
#7136 = CLOSED_SHELL('',(#7137,#7177,#7217,#7239,#7261,#7273));
#7137 = ADVANCED_FACE('',(#7138),#7172,.F.);
#7138 = FACE_BOUND('',#7139,.F.);
#7139 = EDGE_LOOP('',(#7140,#7150,#7158,#7166));
#7140 = ORIENTED_EDGE('',*,*,#7141,.F.);
#7141 = EDGE_CURVE('',#7142,#7144,#7146,.T.);
#7142 = VERTEX_POINT('',#7143);
#7143 = CARTESIAN_POINT('',(0.,0.,0.));
#7144 = VERTEX_POINT('',#7145);
#7145 = CARTESIAN_POINT('',(0.,0.,0.2));
#7146 = LINE('',#7147,#7148);
#7147 = CARTESIAN_POINT('',(0.,0.,0.));
#7148 = VECTOR('',#7149,1.);
#7149 = DIRECTION('',(0.,0.,1.));
#7150 = ORIENTED_EDGE('',*,*,#7151,.T.);
#7151 = EDGE_CURVE('',#7142,#7152,#7154,.T.);
#7152 = VERTEX_POINT('',#7153);
#7153 = CARTESIAN_POINT('',(0.,0.5,0.));
#7154 = LINE('',#7155,#7156);
#7155 = CARTESIAN_POINT('',(0.,0.,0.));
#7156 = VECTOR('',#7157,1.);
#7157 = DIRECTION('',(-0.,1.,0.));
#7158 = ORIENTED_EDGE('',*,*,#7159,.T.);
#7159 = EDGE_CURVE('',#7152,#7160,#7162,.T.);
#7160 = VERTEX_POINT('',#7161);
#7161 = CARTESIAN_POINT('',(0.,0.5,0.2));
#7162 = LINE('',#7163,#7164);
#7163 = CARTESIAN_POINT('',(0.,0.5,0.));
#7164 = VECTOR('',#7165,1.);
#7165 = DIRECTION('',(0.,0.,1.));
#7166 = ORIENTED_EDGE('',*,*,#7167,.F.);
#7167 = EDGE_CURVE('',#7144,#7160,#7168,.T.);
#7168 = LINE('',#7169,#7170);
#7169 = CARTESIAN_POINT('',(0.,0.,0.2));
#7170 = VECTOR('',#7171,1.);
#7171 = DIRECTION('',(-0.,1.,0.));
#7172 = PLANE('',#7173);
#7173 = AXIS2_PLACEMENT_3D('',#7174,#7175,#7176);
#7174 = CARTESIAN_POINT('',(0.,0.,0.));
#7175 = DIRECTION('',(1.,0.,-0.));
#7176 = DIRECTION('',(0.,0.,1.));
#7177 = ADVANCED_FACE('',(#7178),#7212,.T.);
#7178 = FACE_BOUND('',#7179,.T.);
#7179 = EDGE_LOOP('',(#7180,#7190,#7198,#7206));
#7180 = ORIENTED_EDGE('',*,*,#7181,.F.);
#7181 = EDGE_CURVE('',#7182,#7184,#7186,.T.);
#7182 = VERTEX_POINT('',#7183);
#7183 = CARTESIAN_POINT('',(0.2,0.,0.));
#7184 = VERTEX_POINT('',#7185);
#7185 = CARTESIAN_POINT('',(0.2,0.,0.2));
#7186 = LINE('',#7187,#7188);
#7187 = CARTESIAN_POINT('',(0.2,0.,0.));
#7188 = VECTOR('',#7189,1.);
#7189 = DIRECTION('',(0.,0.,1.));
#7190 = ORIENTED_EDGE('',*,*,#7191,.T.);
#7191 = EDGE_CURVE('',#7182,#7192,#7194,.T.);
#7192 = VERTEX_POINT('',#7193);
#7193 = CARTESIAN_POINT('',(0.2,0.5,0.));
#7194 = LINE('',#7195,#7196);
#7195 = CARTESIAN_POINT('',(0.2,0.,0.));
#7196 = VECTOR('',#7197,1.);
#7197 = DIRECTION('',(-0.,1.,0.));
#7198 = ORIENTED_EDGE('',*,*,#7199,.T.);
#7199 = EDGE_CURVE('',#7192,#7200,#7202,.T.);
#7200 = VERTEX_POINT('',#7201);
#7201 = CARTESIAN_POINT('',(0.2,0.5,0.2));
#7202 = LINE('',#7203,#7204);
#7203 = CARTESIAN_POINT('',(0.2,0.5,0.));
#7204 = VECTOR('',#7205,1.);
#7205 = DIRECTION('',(0.,0.,1.));
#7206 = ORIENTED_EDGE('',*,*,#7207,.F.);
#7207 = EDGE_CURVE('',#7184,#7200,#7208,.T.);
#7208 = LINE('',#7209,#7210);
#7209 = CARTESIAN_POINT('',(0.2,0.,0.2));
#7210 = VECTOR('',#7211,1.);
#7211 = DIRECTION('',(-0.,1.,0.));
#7212 = PLANE('',#7213);
#7213 = AXIS2_PLACEMENT_3D('',#7214,#7215,#7216);
#7214 = CARTESIAN_POINT('',(0.2,0.,0.));
#7215 = DIRECTION('',(1.,0.,-0.));
#7216 = DIRECTION('',(0.,0.,1.));
#7217 = ADVANCED_FACE('',(#7218),#7234,.F.);
#7218 = FACE_BOUND('',#7219,.F.);
#7219 = EDGE_LOOP('',(#7220,#7226,#7227,#7233));
#7220 = ORIENTED_EDGE('',*,*,#7221,.F.);
#7221 = EDGE_CURVE('',#7142,#7182,#7222,.T.);
#7222 = LINE('',#7223,#7224);
#7223 = CARTESIAN_POINT('',(0.,0.,0.));
#7224 = VECTOR('',#7225,1.);
#7225 = DIRECTION('',(1.,0.,-0.));
#7226 = ORIENTED_EDGE('',*,*,#7141,.T.);
#7227 = ORIENTED_EDGE('',*,*,#7228,.T.);
#7228 = EDGE_CURVE('',#7144,#7184,#7229,.T.);
#7229 = LINE('',#7230,#7231);
#7230 = CARTESIAN_POINT('',(0.,0.,0.2));
#7231 = VECTOR('',#7232,1.);
#7232 = DIRECTION('',(1.,0.,-0.));
#7233 = ORIENTED_EDGE('',*,*,#7181,.F.);
#7234 = PLANE('',#7235);
#7235 = AXIS2_PLACEMENT_3D('',#7236,#7237,#7238);
#7236 = CARTESIAN_POINT('',(0.,0.,0.));
#7237 = DIRECTION('',(-0.,1.,0.));
#7238 = DIRECTION('',(0.,0.,1.));
#7239 = ADVANCED_FACE('',(#7240),#7256,.T.);
#7240 = FACE_BOUND('',#7241,.T.);
#7241 = EDGE_LOOP('',(#7242,#7248,#7249,#7255));
#7242 = ORIENTED_EDGE('',*,*,#7243,.F.);
#7243 = EDGE_CURVE('',#7152,#7192,#7244,.T.);
#7244 = LINE('',#7245,#7246);
#7245 = CARTESIAN_POINT('',(0.,0.5,0.));
#7246 = VECTOR('',#7247,1.);
#7247 = DIRECTION('',(1.,0.,-0.));
#7248 = ORIENTED_EDGE('',*,*,#7159,.T.);
#7249 = ORIENTED_EDGE('',*,*,#7250,.T.);
#7250 = EDGE_CURVE('',#7160,#7200,#7251,.T.);
#7251 = LINE('',#7252,#7253);
#7252 = CARTESIAN_POINT('',(0.,0.5,0.2));
#7253 = VECTOR('',#7254,1.);
#7254 = DIRECTION('',(1.,0.,-0.));
#7255 = ORIENTED_EDGE('',*,*,#7199,.F.);
#7256 = PLANE('',#7257);
#7257 = AXIS2_PLACEMENT_3D('',#7258,#7259,#7260);
#7258 = CARTESIAN_POINT('',(0.,0.5,0.));
#7259 = DIRECTION('',(-0.,1.,0.));
#7260 = DIRECTION('',(0.,0.,1.));
#7261 = ADVANCED_FACE('',(#7262),#7268,.F.);
#7262 = FACE_BOUND('',#7263,.F.);
#7263 = EDGE_LOOP('',(#7264,#7265,#7266,#7267));
#7264 = ORIENTED_EDGE('',*,*,#7151,.F.);
#7265 = ORIENTED_EDGE('',*,*,#7221,.T.);
#7266 = ORIENTED_EDGE('',*,*,#7191,.T.);
#7267 = ORIENTED_EDGE('',*,*,#7243,.F.);
#7268 = PLANE('',#7269);
#7269 = AXIS2_PLACEMENT_3D('',#7270,#7271,#7272);
#7270 = CARTESIAN_POINT('',(0.,0.,0.));
#7271 = DIRECTION('',(0.,0.,1.));
#7272 = DIRECTION('',(1.,0.,-0.));
#7273 = ADVANCED_FACE('',(#7274),#7280,.T.);
#7274 = FACE_BOUND('',#7275,.T.);
#7275 = EDGE_LOOP('',(#7276,#7277,#7278,#7279));
#7276 = ORIENTED_EDGE('',*,*,#7167,.F.);
#7277 = ORIENTED_EDGE('',*,*,#7228,.T.);
#7278 = ORIENTED_EDGE('',*,*,#7207,.T.);
#7279 = ORIENTED_EDGE('',*,*,#7250,.F.);
#7280 = PLANE('',#7281);
#7281 = AXIS2_PLACEMENT_3D('',#7282,#7283,#7284);
#7282 = CARTESIAN_POINT('',(0.,0.,0.2));
#7283 = DIRECTION('',(0.,0.,1.));
#7284 = DIRECTION('',(1.,0.,-0.));
#7285 = ( GEOMETRIC_REPRESENTATION_CONTEXT(3) 
GLOBAL_UNCERTAINTY_ASSIGNED_CONTEXT((#7289)) 
GLOBAL_UNIT_ASSIGNED_CONTEXT((#7286,#7287,#7288)) REPRESENTATION_CONTEXT
('Context #1','3D Context with UNIT and UNCERTAINTY') );
#7286 = ( LENGTH_UNIT() NAMED_UNIT(*) SI_UNIT(.MILLI.,.METRE.) );
#7287 = ( NAMED_UNIT(*) PLANE_ANGLE_UNIT() SI_UNIT($,.RADIAN.) );
#7288 = ( NAMED_UNIT(*) SI_UNIT($,.STERADIAN.) SOLID_ANGLE_UNIT() );
#7289 = UNCERTAINTY_MEASURE_WITH_UNIT(LENGTH_MEASURE(1.E-07),#7286,
  'distance_accuracy_value','confusion accuracy');
#7290 = CONTEXT_DEPENDENT_SHAPE_REPRESENTATION(#7291,#7293);
#7291 = ( REPRESENTATION_RELATIONSHIP('','',#7134,#5023) 
REPRESENTATION_RELATIONSHIP_WITH_TRANSFORMATION(#7292) 
SHAPE_REPRESENTATION_RELATIONSHIP() );
#7292 = ITEM_DEFINED_TRANSFORMATION('','',#11,#5072);
#7293 = PRODUCT_DEFINITION_SHAPE('Placement','Placement of an item',
  #7294);
#7294 = NEXT_ASSEMBLY_USAGE_OCCURRENCE('336','Hotspot_4_1','',#5018,
  #7129,$);
#7295 = PRODUCT_RELATED_PRODUCT_CATEGORY('part',$,(#7131));
#7296 = SHAPE_DEFINITION_REPRESENTATION(#7297,#7303);
#7297 = PRODUCT_DEFINITION_SHAPE('','',#7298);
#7298 = PRODUCT_DEFINITION('design','',#7299,#7302);
#7299 = PRODUCT_DEFINITION_FORMATION('','',#7300);
#7300 = PRODUCT('Hotspot_4_2','Hotspot_4_2','',(#7301));
#7301 = PRODUCT_CONTEXT('',#2,'mechanical');
#7302 = PRODUCT_DEFINITION_CONTEXT('part definition',#2,'design');
#7303 = ADVANCED_BREP_SHAPE_REPRESENTATION('',(#11,#7304),#7454);
#7304 = MANIFOLD_SOLID_BREP('',#7305);
#7305 = CLOSED_SHELL('',(#7306,#7346,#7386,#7408,#7430,#7442));
#7306 = ADVANCED_FACE('',(#7307),#7341,.F.);
#7307 = FACE_BOUND('',#7308,.F.);
#7308 = EDGE_LOOP('',(#7309,#7319,#7327,#7335));
#7309 = ORIENTED_EDGE('',*,*,#7310,.F.);
#7310 = EDGE_CURVE('',#7311,#7313,#7315,.T.);
#7311 = VERTEX_POINT('',#7312);
#7312 = CARTESIAN_POINT('',(0.,0.,0.));
#7313 = VERTEX_POINT('',#7314);
#7314 = CARTESIAN_POINT('',(0.,0.,0.2));
#7315 = LINE('',#7316,#7317);
#7316 = CARTESIAN_POINT('',(0.,0.,0.));
#7317 = VECTOR('',#7318,1.);
#7318 = DIRECTION('',(0.,0.,1.));
#7319 = ORIENTED_EDGE('',*,*,#7320,.T.);
#7320 = EDGE_CURVE('',#7311,#7321,#7323,.T.);
#7321 = VERTEX_POINT('',#7322);
#7322 = CARTESIAN_POINT('',(0.,0.5,0.));
#7323 = LINE('',#7324,#7325);
#7324 = CARTESIAN_POINT('',(0.,0.,0.));
#7325 = VECTOR('',#7326,1.);
#7326 = DIRECTION('',(-0.,1.,0.));
#7327 = ORIENTED_EDGE('',*,*,#7328,.T.);
#7328 = EDGE_CURVE('',#7321,#7329,#7331,.T.);
#7329 = VERTEX_POINT('',#7330);
#7330 = CARTESIAN_POINT('',(0.,0.5,0.2));
#7331 = LINE('',#7332,#7333);
#7332 = CARTESIAN_POINT('',(0.,0.5,0.));
#7333 = VECTOR('',#7334,1.);
#7334 = DIRECTION('',(0.,0.,1.));
#7335 = ORIENTED_EDGE('',*,*,#7336,.F.);
#7336 = EDGE_CURVE('',#7313,#7329,#7337,.T.);
#7337 = LINE('',#7338,#7339);
#7338 = CARTESIAN_POINT('',(0.,0.,0.2));
#7339 = VECTOR('',#7340,1.);
#7340 = DIRECTION('',(-0.,1.,0.));
#7341 = PLANE('',#7342);
#7342 = AXIS2_PLACEMENT_3D('',#7343,#7344,#7345);
#7343 = CARTESIAN_POINT('',(0.,0.,0.));
#7344 = DIRECTION('',(1.,0.,-0.));
#7345 = DIRECTION('',(0.,0.,1.));
#7346 = ADVANCED_FACE('',(#7347),#7381,.T.);
#7347 = FACE_BOUND('',#7348,.T.);
#7348 = EDGE_LOOP('',(#7349,#7359,#7367,#7375));
#7349 = ORIENTED_EDGE('',*,*,#7350,.F.);
#7350 = EDGE_CURVE('',#7351,#7353,#7355,.T.);
#7351 = VERTEX_POINT('',#7352);
#7352 = CARTESIAN_POINT('',(0.2,0.,0.));
#7353 = VERTEX_POINT('',#7354);
#7354 = CARTESIAN_POINT('',(0.2,0.,0.2));
#7355 = LINE('',#7356,#7357);
#7356 = CARTESIAN_POINT('',(0.2,0.,0.));
#7357 = VECTOR('',#7358,1.);
#7358 = DIRECTION('',(0.,0.,1.));
#7359 = ORIENTED_EDGE('',*,*,#7360,.T.);
#7360 = EDGE_CURVE('',#7351,#7361,#7363,.T.);
#7361 = VERTEX_POINT('',#7362);
#7362 = CARTESIAN_POINT('',(0.2,0.5,0.));
#7363 = LINE('',#7364,#7365);
#7364 = CARTESIAN_POINT('',(0.2,0.,0.));
#7365 = VECTOR('',#7366,1.);
#7366 = DIRECTION('',(-0.,1.,0.));
#7367 = ORIENTED_EDGE('',*,*,#7368,.T.);
#7368 = EDGE_CURVE('',#7361,#7369,#7371,.T.);
#7369 = VERTEX_POINT('',#7370);
#7370 = CARTESIAN_POINT('',(0.2,0.5,0.2));
#7371 = LINE('',#7372,#7373);
#7372 = CARTESIAN_POINT('',(0.2,0.5,0.));
#7373 = VECTOR('',#7374,1.);
#7374 = DIRECTION('',(0.,0.,1.));
#7375 = ORIENTED_EDGE('',*,*,#7376,.F.);
#7376 = EDGE_CURVE('',#7353,#7369,#7377,.T.);
#7377 = LINE('',#7378,#7379);
#7378 = CARTESIAN_POINT('',(0.2,0.,0.2));
#7379 = VECTOR('',#7380,1.);
#7380 = DIRECTION('',(-0.,1.,0.));
#7381 = PLANE('',#7382);
#7382 = AXIS2_PLACEMENT_3D('',#7383,#7384,#7385);
#7383 = CARTESIAN_POINT('',(0.2,0.,0.));
#7384 = DIRECTION('',(1.,0.,-0.));
#7385 = DIRECTION('',(0.,0.,1.));
#7386 = ADVANCED_FACE('',(#7387),#7403,.F.);
#7387 = FACE_BOUND('',#7388,.F.);
#7388 = EDGE_LOOP('',(#7389,#7395,#7396,#7402));
#7389 = ORIENTED_EDGE('',*,*,#7390,.F.);
#7390 = EDGE_CURVE('',#7311,#7351,#7391,.T.);
#7391 = LINE('',#7392,#7393);
#7392 = CARTESIAN_POINT('',(0.,0.,0.));
#7393 = VECTOR('',#7394,1.);
#7394 = DIRECTION('',(1.,0.,-0.));
#7395 = ORIENTED_EDGE('',*,*,#7310,.T.);
#7396 = ORIENTED_EDGE('',*,*,#7397,.T.);
#7397 = EDGE_CURVE('',#7313,#7353,#7398,.T.);
#7398 = LINE('',#7399,#7400);
#7399 = CARTESIAN_POINT('',(0.,0.,0.2));
#7400 = VECTOR('',#7401,1.);
#7401 = DIRECTION('',(1.,0.,-0.));
#7402 = ORIENTED_EDGE('',*,*,#7350,.F.);
#7403 = PLANE('',#7404);
#7404 = AXIS2_PLACEMENT_3D('',#7405,#7406,#7407);
#7405 = CARTESIAN_POINT('',(0.,0.,0.));
#7406 = DIRECTION('',(-0.,1.,0.));
#7407 = DIRECTION('',(0.,0.,1.));
#7408 = ADVANCED_FACE('',(#7409),#7425,.T.);
#7409 = FACE_BOUND('',#7410,.T.);
#7410 = EDGE_LOOP('',(#7411,#7417,#7418,#7424));
#7411 = ORIENTED_EDGE('',*,*,#7412,.F.);
#7412 = EDGE_CURVE('',#7321,#7361,#7413,.T.);
#7413 = LINE('',#7414,#7415);
#7414 = CARTESIAN_POINT('',(0.,0.5,0.));
#7415 = VECTOR('',#7416,1.);
#7416 = DIRECTION('',(1.,0.,-0.));
#7417 = ORIENTED_EDGE('',*,*,#7328,.T.);
#7418 = ORIENTED_EDGE('',*,*,#7419,.T.);
#7419 = EDGE_CURVE('',#7329,#7369,#7420,.T.);
#7420 = LINE('',#7421,#7422);
#7421 = CARTESIAN_POINT('',(0.,0.5,0.2));
#7422 = VECTOR('',#7423,1.);
#7423 = DIRECTION('',(1.,0.,-0.));
#7424 = ORIENTED_EDGE('',*,*,#7368,.F.);
#7425 = PLANE('',#7426);
#7426 = AXIS2_PLACEMENT_3D('',#7427,#7428,#7429);
#7427 = CARTESIAN_POINT('',(0.,0.5,0.));
#7428 = DIRECTION('',(-0.,1.,0.));
#7429 = DIRECTION('',(0.,0.,1.));
#7430 = ADVANCED_FACE('',(#7431),#7437,.F.);
#7431 = FACE_BOUND('',#7432,.F.);
#7432 = EDGE_LOOP('',(#7433,#7434,#7435,#7436));
#7433 = ORIENTED_EDGE('',*,*,#7320,.F.);
#7434 = ORIENTED_EDGE('',*,*,#7390,.T.);
#7435 = ORIENTED_EDGE('',*,*,#7360,.T.);
#7436 = ORIENTED_EDGE('',*,*,#7412,.F.);
#7437 = PLANE('',#7438);
#7438 = AXIS2_PLACEMENT_3D('',#7439,#7440,#7441);
#7439 = CARTESIAN_POINT('',(0.,0.,0.));
#7440 = DIRECTION('',(0.,0.,1.));
#7441 = DIRECTION('',(1.,0.,-0.));
#7442 = ADVANCED_FACE('',(#7443),#7449,.T.);
#7443 = FACE_BOUND('',#7444,.T.);
#7444 = EDGE_LOOP('',(#7445,#7446,#7447,#7448));
#7445 = ORIENTED_EDGE('',*,*,#7336,.F.);
#7446 = ORIENTED_EDGE('',*,*,#7397,.T.);
#7447 = ORIENTED_EDGE('',*,*,#7376,.T.);
#7448 = ORIENTED_EDGE('',*,*,#7419,.F.);
#7449 = PLANE('',#7450);
#7450 = AXIS2_PLACEMENT_3D('',#7451,#7452,#7453);
#7451 = CARTESIAN_POINT('',(0.,0.,0.2));
#7452 = DIRECTION('',(0.,0.,1.));
#7453 = DIRECTION('',(1.,0.,-0.));
#7454 = ( GEOMETRIC_REPRESENTATION_CONTEXT(3) 
GLOBAL_UNCERTAINTY_ASSIGNED_CONTEXT((#7458)) 
GLOBAL_UNIT_ASSIGNED_CONTEXT((#7455,#7456,#7457)) REPRESENTATION_CONTEXT
('Context #1','3D Context with UNIT and UNCERTAINTY') );
#7455 = ( LENGTH_UNIT() NAMED_UNIT(*) SI_UNIT(.MILLI.,.METRE.) );
#7456 = ( NAMED_UNIT(*) PLANE_ANGLE_UNIT() SI_UNIT($,.RADIAN.) );
#7457 = ( NAMED_UNIT(*) SI_UNIT($,.STERADIAN.) SOLID_ANGLE_UNIT() );
#7458 = UNCERTAINTY_MEASURE_WITH_UNIT(LENGTH_MEASURE(1.E-07),#7455,
  'distance_accuracy_value','confusion accuracy');
#7459 = CONTEXT_DEPENDENT_SHAPE_REPRESENTATION(#7460,#7462);
#7460 = ( REPRESENTATION_RELATIONSHIP('','',#7303,#5023) 
REPRESENTATION_RELATIONSHIP_WITH_TRANSFORMATION(#7461) 
SHAPE_REPRESENTATION_RELATIONSHIP() );
#7461 = ITEM_DEFINED_TRANSFORMATION('','',#11,#5076);
#7462 = PRODUCT_DEFINITION_SHAPE('Placement','Placement of an item',
  #7463);
#7463 = NEXT_ASSEMBLY_USAGE_OCCURRENCE('337','Hotspot_4_2','',#5018,
  #7298,$);
#7464 = PRODUCT_RELATED_PRODUCT_CATEGORY('part',$,(#7300));
#7465 = SHAPE_DEFINITION_REPRESENTATION(#7466,#7472);
#7466 = PRODUCT_DEFINITION_SHAPE('','',#7467);
#7467 = PRODUCT_DEFINITION('design','',#7468,#7471);
#7468 = PRODUCT_DEFINITION_FORMATION('','',#7469);
#7469 = PRODUCT('Hotspot_4_3','Hotspot_4_3','',(#7470));
#7470 = PRODUCT_CONTEXT('',#2,'mechanical');
#7471 = PRODUCT_DEFINITION_CONTEXT('part definition',#2,'design');
#7472 = ADVANCED_BREP_SHAPE_REPRESENTATION('',(#11,#7473),#7623);
#7473 = MANIFOLD_SOLID_BREP('',#7474);
#7474 = CLOSED_SHELL('',(#7475,#7515,#7555,#7577,#7599,#7611));
#7475 = ADVANCED_FACE('',(#7476),#7510,.F.);
#7476 = FACE_BOUND('',#7477,.F.);
#7477 = EDGE_LOOP('',(#7478,#7488,#7496,#7504));
#7478 = ORIENTED_EDGE('',*,*,#7479,.F.);
#7479 = EDGE_CURVE('',#7480,#7482,#7484,.T.);
#7480 = VERTEX_POINT('',#7481);
#7481 = CARTESIAN_POINT('',(0.,0.,0.));
#7482 = VERTEX_POINT('',#7483);
#7483 = CARTESIAN_POINT('',(0.,0.,0.2));
#7484 = LINE('',#7485,#7486);
#7485 = CARTESIAN_POINT('',(0.,0.,0.));
#7486 = VECTOR('',#7487,1.);
#7487 = DIRECTION('',(0.,0.,1.));
#7488 = ORIENTED_EDGE('',*,*,#7489,.T.);
#7489 = EDGE_CURVE('',#7480,#7490,#7492,.T.);
#7490 = VERTEX_POINT('',#7491);
#7491 = CARTESIAN_POINT('',(0.,0.5,0.));
#7492 = LINE('',#7493,#7494);
#7493 = CARTESIAN_POINT('',(0.,0.,0.));
#7494 = VECTOR('',#7495,1.);
#7495 = DIRECTION('',(-0.,1.,0.));
#7496 = ORIENTED_EDGE('',*,*,#7497,.T.);
#7497 = EDGE_CURVE('',#7490,#7498,#7500,.T.);
#7498 = VERTEX_POINT('',#7499);
#7499 = CARTESIAN_POINT('',(0.,0.5,0.2));
#7500 = LINE('',#7501,#7502);
#7501 = CARTESIAN_POINT('',(0.,0.5,0.));
#7502 = VECTOR('',#7503,1.);
#7503 = DIRECTION('',(0.,0.,1.));
#7504 = ORIENTED_EDGE('',*,*,#7505,.F.);
#7505 = EDGE_CURVE('',#7482,#7498,#7506,.T.);
#7506 = LINE('',#7507,#7508);
#7507 = CARTESIAN_POINT('',(0.,0.,0.2));
#7508 = VECTOR('',#7509,1.);
#7509 = DIRECTION('',(-0.,1.,0.));
#7510 = PLANE('',#7511);
#7511 = AXIS2_PLACEMENT_3D('',#7512,#7513,#7514);
#7512 = CARTESIAN_POINT('',(0.,0.,0.));
#7513 = DIRECTION('',(1.,0.,-0.));
#7514 = DIRECTION('',(0.,0.,1.));
#7515 = ADVANCED_FACE('',(#7516),#7550,.T.);
#7516 = FACE_BOUND('',#7517,.T.);
#7517 = EDGE_LOOP('',(#7518,#7528,#7536,#7544));
#7518 = ORIENTED_EDGE('',*,*,#7519,.F.);
#7519 = EDGE_CURVE('',#7520,#7522,#7524,.T.);
#7520 = VERTEX_POINT('',#7521);
#7521 = CARTESIAN_POINT('',(0.2,0.,0.));
#7522 = VERTEX_POINT('',#7523);
#7523 = CARTESIAN_POINT('',(0.2,0.,0.2));
#7524 = LINE('',#7525,#7526);
#7525 = CARTESIAN_POINT('',(0.2,0.,0.));
#7526 = VECTOR('',#7527,1.);
#7527 = DIRECTION('',(0.,0.,1.));
#7528 = ORIENTED_EDGE('',*,*,#7529,.T.);
#7529 = EDGE_CURVE('',#7520,#7530,#7532,.T.);
#7530 = VERTEX_POINT('',#7531);
#7531 = CARTESIAN_POINT('',(0.2,0.5,0.));
#7532 = LINE('',#7533,#7534);
#7533 = CARTESIAN_POINT('',(0.2,0.,0.));
#7534 = VECTOR('',#7535,1.);
#7535 = DIRECTION('',(-0.,1.,0.));
#7536 = ORIENTED_EDGE('',*,*,#7537,.T.);
#7537 = EDGE_CURVE('',#7530,#7538,#7540,.T.);
#7538 = VERTEX_POINT('',#7539);
#7539 = CARTESIAN_POINT('',(0.2,0.5,0.2));
#7540 = LINE('',#7541,#7542);
#7541 = CARTESIAN_POINT('',(0.2,0.5,0.));
#7542 = VECTOR('',#7543,1.);
#7543 = DIRECTION('',(0.,0.,1.));
#7544 = ORIENTED_EDGE('',*,*,#7545,.F.);
#7545 = EDGE_CURVE('',#7522,#7538,#7546,.T.);
#7546 = LINE('',#7547,#7548);
#7547 = CARTESIAN_POINT('',(0.2,0.,0.2));
#7548 = VECTOR('',#7549,1.);
#7549 = DIRECTION('',(-0.,1.,0.));
#7550 = PLANE('',#7551);
#7551 = AXIS2_PLACEMENT_3D('',#7552,#7553,#7554);
#7552 = CARTESIAN_POINT('',(0.2,0.,0.));
#7553 = DIRECTION('',(1.,0.,-0.));
#7554 = DIRECTION('',(0.,0.,1.));
#7555 = ADVANCED_FACE('',(#7556),#7572,.F.);
#7556 = FACE_BOUND('',#7557,.F.);
#7557 = EDGE_LOOP('',(#7558,#7564,#7565,#7571));
#7558 = ORIENTED_EDGE('',*,*,#7559,.F.);
#7559 = EDGE_CURVE('',#7480,#7520,#7560,.T.);
#7560 = LINE('',#7561,#7562);
#7561 = CARTESIAN_POINT('',(0.,0.,0.));
#7562 = VECTOR('',#7563,1.);
#7563 = DIRECTION('',(1.,0.,-0.));
#7564 = ORIENTED_EDGE('',*,*,#7479,.T.);
#7565 = ORIENTED_EDGE('',*,*,#7566,.T.);
#7566 = EDGE_CURVE('',#7482,#7522,#7567,.T.);
#7567 = LINE('',#7568,#7569);
#7568 = CARTESIAN_POINT('',(0.,0.,0.2));
#7569 = VECTOR('',#7570,1.);
#7570 = DIRECTION('',(1.,0.,-0.));
#7571 = ORIENTED_EDGE('',*,*,#7519,.F.);
#7572 = PLANE('',#7573);
#7573 = AXIS2_PLACEMENT_3D('',#7574,#7575,#7576);
#7574 = CARTESIAN_POINT('',(0.,0.,0.));
#7575 = DIRECTION('',(-0.,1.,0.));
#7576 = DIRECTION('',(0.,0.,1.));
#7577 = ADVANCED_FACE('',(#7578),#7594,.T.);
#7578 = FACE_BOUND('',#7579,.T.);
#7579 = EDGE_LOOP('',(#7580,#7586,#7587,#7593));
#7580 = ORIENTED_EDGE('',*,*,#7581,.F.);
#7581 = EDGE_CURVE('',#7490,#7530,#7582,.T.);
#7582 = LINE('',#7583,#7584);
#7583 = CARTESIAN_POINT('',(0.,0.5,0.));
#7584 = VECTOR('',#7585,1.);
#7585 = DIRECTION('',(1.,0.,-0.));
#7586 = ORIENTED_EDGE('',*,*,#7497,.T.);
#7587 = ORIENTED_EDGE('',*,*,#7588,.T.);
#7588 = EDGE_CURVE('',#7498,#7538,#7589,.T.);
#7589 = LINE('',#7590,#7591);
#7590 = CARTESIAN_POINT('',(0.,0.5,0.2));
#7591 = VECTOR('',#7592,1.);
#7592 = DIRECTION('',(1.,0.,-0.));
#7593 = ORIENTED_EDGE('',*,*,#7537,.F.);
#7594 = PLANE('',#7595);
#7595 = AXIS2_PLACEMENT_3D('',#7596,#7597,#7598);
#7596 = CARTESIAN_POINT('',(0.,0.5,0.));
#7597 = DIRECTION('',(-0.,1.,0.));
#7598 = DIRECTION('',(0.,0.,1.));
#7599 = ADVANCED_FACE('',(#7600),#7606,.F.);
#7600 = FACE_BOUND('',#7601,.F.);
#7601 = EDGE_LOOP('',(#7602,#7603,#7604,#7605));
#7602 = ORIENTED_EDGE('',*,*,#7489,.F.);
#7603 = ORIENTED_EDGE('',*,*,#7559,.T.);
#7604 = ORIENTED_EDGE('',*,*,#7529,.T.);
#7605 = ORIENTED_EDGE('',*,*,#7581,.F.);
#7606 = PLANE('',#7607);
#7607 = AXIS2_PLACEMENT_3D('',#7608,#7609,#7610);
#7608 = CARTESIAN_POINT('',(0.,0.,0.));
#7609 = DIRECTION('',(0.,0.,1.));
#7610 = DIRECTION('',(1.,0.,-0.));
#7611 = ADVANCED_FACE('',(#7612),#7618,.T.);
#7612 = FACE_BOUND('',#7613,.T.);
#7613 = EDGE_LOOP('',(#7614,#7615,#7616,#7617));
#7614 = ORIENTED_EDGE('',*,*,#7505,.F.);
#7615 = ORIENTED_EDGE('',*,*,#7566,.T.);
#7616 = ORIENTED_EDGE('',*,*,#7545,.T.);
#7617 = ORIENTED_EDGE('',*,*,#7588,.F.);
#7618 = PLANE('',#7619);
#7619 = AXIS2_PLACEMENT_3D('',#7620,#7621,#7622);
#7620 = CARTESIAN_POINT('',(0.,0.,0.2));
#7621 = DIRECTION('',(0.,0.,1.));
#7622 = DIRECTION('',(1.,0.,-0.));
#7623 = ( GEOMETRIC_REPRESENTATION_CONTEXT(3) 
GLOBAL_UNCERTAINTY_ASSIGNED_CONTEXT((#7627)) 
GLOBAL_UNIT_ASSIGNED_CONTEXT((#7624,#7625,#7626)) REPRESENTATION_CONTEXT
('Context #1','3D Context with UNIT and UNCERTAINTY') );
#7624 = ( LENGTH_UNIT() NAMED_UNIT(*) SI_UNIT(.MILLI.,.METRE.) );
#7625 = ( NAMED_UNIT(*) PLANE_ANGLE_UNIT() SI_UNIT($,.RADIAN.) );
#7626 = ( NAMED_UNIT(*) SI_UNIT($,.STERADIAN.) SOLID_ANGLE_UNIT() );
#7627 = UNCERTAINTY_MEASURE_WITH_UNIT(LENGTH_MEASURE(1.E-07),#7624,
  'distance_accuracy_value','confusion accuracy');
#7628 = CONTEXT_DEPENDENT_SHAPE_REPRESENTATION(#7629,#7631);
#7629 = ( REPRESENTATION_RELATIONSHIP('','',#7472,#5023) 
REPRESENTATION_RELATIONSHIP_WITH_TRANSFORMATION(#7630) 
SHAPE_REPRESENTATION_RELATIONSHIP() );
#7630 = ITEM_DEFINED_TRANSFORMATION('','',#11,#5080);
#7631 = PRODUCT_DEFINITION_SHAPE('Placement','Placement of an item',
  #7632);
#7632 = NEXT_ASSEMBLY_USAGE_OCCURRENCE('338','Hotspot_4_3','',#5018,
  #7467,$);
#7633 = PRODUCT_RELATED_PRODUCT_CATEGORY('part',$,(#7469));
#7634 = SHAPE_DEFINITION_REPRESENTATION(#7635,#7641);
#7635 = PRODUCT_DEFINITION_SHAPE('','',#7636);
#7636 = PRODUCT_DEFINITION('design','',#7637,#7640);
#7637 = PRODUCT_DEFINITION_FORMATION('','',#7638);
#7638 = PRODUCT('Hotspot_4_4','Hotspot_4_4','',(#7639));
#7639 = PRODUCT_CONTEXT('',#2,'mechanical');
#7640 = PRODUCT_DEFINITION_CONTEXT('part definition',#2,'design');
#7641 = ADVANCED_BREP_SHAPE_REPRESENTATION('',(#11,#7642),#7792);
#7642 = MANIFOLD_SOLID_BREP('',#7643);
#7643 = CLOSED_SHELL('',(#7644,#7684,#7724,#7746,#7768,#7780));
#7644 = ADVANCED_FACE('',(#7645),#7679,.F.);
#7645 = FACE_BOUND('',#7646,.F.);
#7646 = EDGE_LOOP('',(#7647,#7657,#7665,#7673));
#7647 = ORIENTED_EDGE('',*,*,#7648,.F.);
#7648 = EDGE_CURVE('',#7649,#7651,#7653,.T.);
#7649 = VERTEX_POINT('',#7650);
#7650 = CARTESIAN_POINT('',(0.,0.,0.));
#7651 = VERTEX_POINT('',#7652);
#7652 = CARTESIAN_POINT('',(0.,0.,0.2));
#7653 = LINE('',#7654,#7655);
#7654 = CARTESIAN_POINT('',(0.,0.,0.));
#7655 = VECTOR('',#7656,1.);
#7656 = DIRECTION('',(0.,0.,1.));
#7657 = ORIENTED_EDGE('',*,*,#7658,.T.);
#7658 = EDGE_CURVE('',#7649,#7659,#7661,.T.);
#7659 = VERTEX_POINT('',#7660);
#7660 = CARTESIAN_POINT('',(0.,0.5,0.));
#7661 = LINE('',#7662,#7663);
#7662 = CARTESIAN_POINT('',(0.,0.,0.));
#7663 = VECTOR('',#7664,1.);
#7664 = DIRECTION('',(-0.,1.,0.));
#7665 = ORIENTED_EDGE('',*,*,#7666,.T.);
#7666 = EDGE_CURVE('',#7659,#7667,#7669,.T.);
#7667 = VERTEX_POINT('',#7668);
#7668 = CARTESIAN_POINT('',(0.,0.5,0.2));
#7669 = LINE('',#7670,#7671);
#7670 = CARTESIAN_POINT('',(0.,0.5,0.));
#7671 = VECTOR('',#7672,1.);
#7672 = DIRECTION('',(0.,0.,1.));
#7673 = ORIENTED_EDGE('',*,*,#7674,.F.);
#7674 = EDGE_CURVE('',#7651,#7667,#7675,.T.);
#7675 = LINE('',#7676,#7677);
#7676 = CARTESIAN_POINT('',(0.,0.,0.2));
#7677 = VECTOR('',#7678,1.);
#7678 = DIRECTION('',(-0.,1.,0.));
#7679 = PLANE('',#7680);
#7680 = AXIS2_PLACEMENT_3D('',#7681,#7682,#7683);
#7681 = CARTESIAN_POINT('',(0.,0.,0.));
#7682 = DIRECTION('',(1.,0.,-0.));
#7683 = DIRECTION('',(0.,0.,1.));
#7684 = ADVANCED_FACE('',(#7685),#7719,.T.);
#7685 = FACE_BOUND('',#7686,.T.);
#7686 = EDGE_LOOP('',(#7687,#7697,#7705,#7713));
#7687 = ORIENTED_EDGE('',*,*,#7688,.F.);
#7688 = EDGE_CURVE('',#7689,#7691,#7693,.T.);
#7689 = VERTEX_POINT('',#7690);
#7690 = CARTESIAN_POINT('',(0.2,0.,0.));
#7691 = VERTEX_POINT('',#7692);
#7692 = CARTESIAN_POINT('',(0.2,0.,0.2));
#7693 = LINE('',#7694,#7695);
#7694 = CARTESIAN_POINT('',(0.2,0.,0.));
#7695 = VECTOR('',#7696,1.);
#7696 = DIRECTION('',(0.,0.,1.));
#7697 = ORIENTED_EDGE('',*,*,#7698,.T.);
#7698 = EDGE_CURVE('',#7689,#7699,#7701,.T.);
#7699 = VERTEX_POINT('',#7700);
#7700 = CARTESIAN_POINT('',(0.2,0.5,0.));
#7701 = LINE('',#7702,#7703);
#7702 = CARTESIAN_POINT('',(0.2,0.,0.));
#7703 = VECTOR('',#7704,1.);
#7704 = DIRECTION('',(-0.,1.,0.));
#7705 = ORIENTED_EDGE('',*,*,#7706,.T.);
#7706 = EDGE_CURVE('',#7699,#7707,#7709,.T.);
#7707 = VERTEX_POINT('',#7708);
#7708 = CARTESIAN_POINT('',(0.2,0.5,0.2));
#7709 = LINE('',#7710,#7711);
#7710 = CARTESIAN_POINT('',(0.2,0.5,0.));
#7711 = VECTOR('',#7712,1.);
#7712 = DIRECTION('',(0.,0.,1.));
#7713 = ORIENTED_EDGE('',*,*,#7714,.F.);
#7714 = EDGE_CURVE('',#7691,#7707,#7715,.T.);
#7715 = LINE('',#7716,#7717);
#7716 = CARTESIAN_POINT('',(0.2,0.,0.2));
#7717 = VECTOR('',#7718,1.);
#7718 = DIRECTION('',(-0.,1.,0.));
#7719 = PLANE('',#7720);
#7720 = AXIS2_PLACEMENT_3D('',#7721,#7722,#7723);
#7721 = CARTESIAN_POINT('',(0.2,0.,0.));
#7722 = DIRECTION('',(1.,0.,-0.));
#7723 = DIRECTION('',(0.,0.,1.));
#7724 = ADVANCED_FACE('',(#7725),#7741,.F.);
#7725 = FACE_BOUND('',#7726,.F.);
#7726 = EDGE_LOOP('',(#7727,#7733,#7734,#7740));
#7727 = ORIENTED_EDGE('',*,*,#7728,.F.);
#7728 = EDGE_CURVE('',#7649,#7689,#7729,.T.);
#7729 = LINE('',#7730,#7731);
#7730 = CARTESIAN_POINT('',(0.,0.,0.));
#7731 = VECTOR('',#7732,1.);
#7732 = DIRECTION('',(1.,0.,-0.));
#7733 = ORIENTED_EDGE('',*,*,#7648,.T.);
#7734 = ORIENTED_EDGE('',*,*,#7735,.T.);
#7735 = EDGE_CURVE('',#7651,#7691,#7736,.T.);
#7736 = LINE('',#7737,#7738);
#7737 = CARTESIAN_POINT('',(0.,0.,0.2));
#7738 = VECTOR('',#7739,1.);
#7739 = DIRECTION('',(1.,0.,-0.));
#7740 = ORIENTED_EDGE('',*,*,#7688,.F.);
#7741 = PLANE('',#7742);
#7742 = AXIS2_PLACEMENT_3D('',#7743,#7744,#7745);
#7743 = CARTESIAN_POINT('',(0.,0.,0.));
#7744 = DIRECTION('',(-0.,1.,0.));
#7745 = DIRECTION('',(0.,0.,1.));
#7746 = ADVANCED_FACE('',(#7747),#7763,.T.);
#7747 = FACE_BOUND('',#7748,.T.);
#7748 = EDGE_LOOP('',(#7749,#7755,#7756,#7762));
#7749 = ORIENTED_EDGE('',*,*,#7750,.F.);
#7750 = EDGE_CURVE('',#7659,#7699,#7751,.T.);
#7751 = LINE('',#7752,#7753);
#7752 = CARTESIAN_POINT('',(0.,0.5,0.));
#7753 = VECTOR('',#7754,1.);
#7754 = DIRECTION('',(1.,0.,-0.));
#7755 = ORIENTED_EDGE('',*,*,#7666,.T.);
#7756 = ORIENTED_EDGE('',*,*,#7757,.T.);
#7757 = EDGE_CURVE('',#7667,#7707,#7758,.T.);
#7758 = LINE('',#7759,#7760);
#7759 = CARTESIAN_POINT('',(0.,0.5,0.2));
#7760 = VECTOR('',#7761,1.);
#7761 = DIRECTION('',(1.,0.,-0.));
#7762 = ORIENTED_EDGE('',*,*,#7706,.F.);
#7763 = PLANE('',#7764);
#7764 = AXIS2_PLACEMENT_3D('',#7765,#7766,#7767);
#7765 = CARTESIAN_POINT('',(0.,0.5,0.));
#7766 = DIRECTION('',(-0.,1.,0.));
#7767 = DIRECTION('',(0.,0.,1.));
#7768 = ADVANCED_FACE('',(#7769),#7775,.F.);
#7769 = FACE_BOUND('',#7770,.F.);
#7770 = EDGE_LOOP('',(#7771,#7772,#7773,#7774));
#7771 = ORIENTED_EDGE('',*,*,#7658,.F.);
#7772 = ORIENTED_EDGE('',*,*,#7728,.T.);
#7773 = ORIENTED_EDGE('',*,*,#7698,.T.);
#7774 = ORIENTED_EDGE('',*,*,#7750,.F.);
#7775 = PLANE('',#7776);
#7776 = AXIS2_PLACEMENT_3D('',#7777,#7778,#7779);
#7777 = CARTESIAN_POINT('',(0.,0.,0.));
#7778 = DIRECTION('',(0.,0.,1.));
#7779 = DIRECTION('',(1.,0.,-0.));
#7780 = ADVANCED_FACE('',(#7781),#7787,.T.);
#7781 = FACE_BOUND('',#7782,.T.);
#7782 = EDGE_LOOP('',(#7783,#7784,#7785,#7786));
#7783 = ORIENTED_EDGE('',*,*,#7674,.F.);
#7784 = ORIENTED_EDGE('',*,*,#7735,.T.);
#7785 = ORIENTED_EDGE('',*,*,#7714,.T.);
#7786 = ORIENTED_EDGE('',*,*,#7757,.F.);
#7787 = PLANE('',#7788);
#7788 = AXIS2_PLACEMENT_3D('',#7789,#7790,#7791);
#7789 = CARTESIAN_POINT('',(0.,0.,0.2));
#7790 = DIRECTION('',(0.,0.,1.));
#7791 = DIRECTION('',(1.,0.,-0.));
#7792 = ( GEOMETRIC_REPRESENTATION_CONTEXT(3) 
GLOBAL_UNCERTAINTY_ASSIGNED_CONTEXT((#7796)) 
GLOBAL_UNIT_ASSIGNED_CONTEXT((#7793,#7794,#7795)) REPRESENTATION_CONTEXT
('Context #1','3D Context with UNIT and UNCERTAINTY') );
#7793 = ( LENGTH_UNIT() NAMED_UNIT(*) SI_UNIT(.MILLI.,.METRE.) );
#7794 = ( NAMED_UNIT(*) PLANE_ANGLE_UNIT() SI_UNIT($,.RADIAN.) );
#7795 = ( NAMED_UNIT(*) SI_UNIT($,.STERADIAN.) SOLID_ANGLE_UNIT() );
#7796 = UNCERTAINTY_MEASURE_WITH_UNIT(LENGTH_MEASURE(1.E-07),#7793,
  'distance_accuracy_value','confusion accuracy');
#7797 = CONTEXT_DEPENDENT_SHAPE_REPRESENTATION(#7798,#7800);
#7798 = ( REPRESENTATION_RELATIONSHIP('','',#7641,#5023) 
REPRESENTATION_RELATIONSHIP_WITH_TRANSFORMATION(#7799) 
SHAPE_REPRESENTATION_RELATIONSHIP() );
#7799 = ITEM_DEFINED_TRANSFORMATION('','',#11,#5084);
#7800 = PRODUCT_DEFINITION_SHAPE('Placement','Placement of an item',
  #7801);
#7801 = NEXT_ASSEMBLY_USAGE_OCCURRENCE('339','Hotspot_4_4','',#5018,
  #7636,$);
#7802 = PRODUCT_RELATED_PRODUCT_CATEGORY('part',$,(#7638));
#7803 = SHAPE_DEFINITION_REPRESENTATION(#7804,#7810);
#7804 = PRODUCT_DEFINITION_SHAPE('','',#7805);
#7805 = PRODUCT_DEFINITION('design','',#7806,#7809);
#7806 = PRODUCT_DEFINITION_FORMATION('','',#7807);
#7807 = PRODUCT('Core_bottom_surfaces','Core_bottom_surfaces','',(#7808)
  );
#7808 = PRODUCT_CONTEXT('',#2,'mechanical');
#7809 = PRODUCT_DEFINITION_CONTEXT('part definition',#2,'design');
#7810 = SHAPE_REPRESENTATION('',(#11,#7811,#7815,#7819,#7823,#7827,#7831
    ,#7835,#7839,#7843,#7847,#7851,#7855,#7859,#7863,#7867,#7871),#7875
  );
#7811 = AXIS2_PLACEMENT_3D('',#7812,#7813,#7814);
#7812 = CARTESIAN_POINT('',(0.,0.,0.));
#7813 = DIRECTION('',(0.,0.,1.));
#7814 = DIRECTION('',(1.,0.,0.));
#7815 = AXIS2_PLACEMENT_3D('',#7816,#7817,#7818);
#7816 = CARTESIAN_POINT('',(0.,0.,0.));
#7817 = DIRECTION('',(0.,0.,1.));
#7818 = DIRECTION('',(1.,0.,0.));
#7819 = AXIS2_PLACEMENT_3D('',#7820,#7821,#7822);
#7820 = CARTESIAN_POINT('',(0.,0.,0.));
#7821 = DIRECTION('',(0.,0.,1.));
#7822 = DIRECTION('',(1.,0.,0.));
#7823 = AXIS2_PLACEMENT_3D('',#7824,#7825,#7826);
#7824 = CARTESIAN_POINT('',(0.,0.,0.));
#7825 = DIRECTION('',(0.,0.,1.));
#7826 = DIRECTION('',(1.,0.,0.));
#7827 = AXIS2_PLACEMENT_3D('',#7828,#7829,#7830);
#7828 = CARTESIAN_POINT('',(0.,0.,0.));
#7829 = DIRECTION('',(0.,0.,1.));
#7830 = DIRECTION('',(1.,0.,0.));
#7831 = AXIS2_PLACEMENT_3D('',#7832,#7833,#7834);
#7832 = CARTESIAN_POINT('',(0.,0.,0.));
#7833 = DIRECTION('',(0.,0.,1.));
#7834 = DIRECTION('',(1.,0.,0.));
#7835 = AXIS2_PLACEMENT_3D('',#7836,#7837,#7838);
#7836 = CARTESIAN_POINT('',(0.,0.,0.));
#7837 = DIRECTION('',(0.,0.,1.));
#7838 = DIRECTION('',(1.,0.,0.));
#7839 = AXIS2_PLACEMENT_3D('',#7840,#7841,#7842);
#7840 = CARTESIAN_POINT('',(0.,0.,0.));
#7841 = DIRECTION('',(0.,0.,1.));
#7842 = DIRECTION('',(1.,0.,0.));
#7843 = AXIS2_PLACEMENT_3D('',#7844,#7845,#7846);
#7844 = CARTESIAN_POINT('',(0.,0.,0.));
#7845 = DIRECTION('',(0.,0.,1.));
#7846 = DIRECTION('',(1.,0.,0.));
#7847 = AXIS2_PLACEMENT_3D('',#7848,#7849,#7850);
#7848 = CARTESIAN_POINT('',(0.,0.,0.));
#7849 = DIRECTION('',(0.,0.,1.));
#7850 = DIRECTION('',(1.,0.,0.));
#7851 = AXIS2_PLACEMENT_3D('',#7852,#7853,#7854);
#7852 = CARTESIAN_POINT('',(0.,0.,0.));
#7853 = DIRECTION('',(0.,0.,1.));
#7854 = DIRECTION('',(1.,0.,0.));
#7855 = AXIS2_PLACEMENT_3D('',#7856,#7857,#7858);
#7856 = CARTESIAN_POINT('',(0.,0.,0.));
#7857 = DIRECTION('',(0.,0.,1.));
#7858 = DIRECTION('',(1.,0.,0.));
#7859 = AXIS2_PLACEMENT_3D('',#7860,#7861,#7862);
#7860 = CARTESIAN_POINT('',(0.,0.,0.));
#7861 = DIRECTION('',(0.,0.,1.));
#7862 = DIRECTION('',(1.,0.,0.));
#7863 = AXIS2_PLACEMENT_3D('',#7864,#7865,#7866);
#7864 = CARTESIAN_POINT('',(0.,0.,0.));
#7865 = DIRECTION('',(0.,0.,1.));
#7866 = DIRECTION('',(1.,0.,0.));
#7867 = AXIS2_PLACEMENT_3D('',#7868,#7869,#7870);
#7868 = CARTESIAN_POINT('',(0.,0.,0.));
#7869 = DIRECTION('',(0.,0.,1.));
#7870 = DIRECTION('',(1.,0.,0.));
#7871 = AXIS2_PLACEMENT_3D('',#7872,#7873,#7874);
#7872 = CARTESIAN_POINT('',(0.,0.,0.));
#7873 = DIRECTION('',(0.,0.,1.));
#7874 = DIRECTION('',(1.,0.,0.));
#7875 = ( GEOMETRIC_REPRESENTATION_CONTEXT(3) 
GLOBAL_UNCERTAINTY_ASSIGNED_CONTEXT((#7879)) 
GLOBAL_UNIT_ASSIGNED_CONTEXT((#7876,#7877,#7878)) REPRESENTATION_CONTEXT
('Context #1','3D Context with UNIT and UNCERTAINTY') );
#7876 = ( LENGTH_UNIT() NAMED_UNIT(*) SI_UNIT(.MILLI.,.METRE.) );
#7877 = ( NAMED_UNIT(*) PLANE_ANGLE_UNIT() SI_UNIT($,.RADIAN.) );
#7878 = ( NAMED_UNIT(*) SI_UNIT($,.STERADIAN.) SOLID_ANGLE_UNIT() );
#7879 = UNCERTAINTY_MEASURE_WITH_UNIT(LENGTH_MEASURE(1.E-07),#7876,
  'distance_accuracy_value','confusion accuracy');
#7880 = CONTEXT_DEPENDENT_SHAPE_REPRESENTATION(#7881,#7883);
#7881 = ( REPRESENTATION_RELATIONSHIP('','',#7810,#10) 
REPRESENTATION_RELATIONSHIP_WITH_TRANSFORMATION(#7882) 
SHAPE_REPRESENTATION_RELATIONSHIP() );
#7882 = ITEM_DEFINED_TRANSFORMATION('','',#11,#23);
#7883 = PRODUCT_DEFINITION_SHAPE('Placement','Placement of an item',
  #7884);
#7884 = NEXT_ASSEMBLY_USAGE_OCCURRENCE('357','Core_bottom_surfaces','',
  #5,#7805,$);
#7885 = PRODUCT_RELATED_PRODUCT_CATEGORY('part',$,(#7807));
#7886 = SHAPE_DEFINITION_REPRESENTATION(#7887,#7893);
#7887 = PRODUCT_DEFINITION_SHAPE('','',#7888);
#7888 = PRODUCT_DEFINITION('design','',#7889,#7892);
#7889 = PRODUCT_DEFINITION_FORMATION('','',#7890);
#7890 = PRODUCT('Core_bottom_surface_1_1','Core_bottom_surface_1_1','',(
    #7891));
#7891 = PRODUCT_CONTEXT('',#2,'mechanical');
#7892 = PRODUCT_DEFINITION_CONTEXT('part definition',#2,'design');
#7893 = MANIFOLD_SURFACE_SHAPE_REPRESENTATION('',(#11,#7894),#7970);
#7894 = SHELL_BASED_SURFACE_MODEL('',(#7895));
#7895 = OPEN_SHELL('',(#7896));
#7896 = ADVANCED_FACE('',(#7897,#7931),#7965,.F.);
#7897 = FACE_BOUND('',#7898,.F.);
#7898 = EDGE_LOOP('',(#7899,#7909,#7917,#7925));
#7899 = ORIENTED_EDGE('',*,*,#7900,.F.);
#7900 = EDGE_CURVE('',#7901,#7903,#7905,.T.);
#7901 = VERTEX_POINT('',#7902);
#7902 = CARTESIAN_POINT('',(2.4,0.,2.4));
#7903 = VERTEX_POINT('',#7904);
#7904 = CARTESIAN_POINT('',(4.4,0.,2.4));
#7905 = LINE('',#7906,#7907);
#7906 = CARTESIAN_POINT('',(2.4,0.,2.4));
#7907 = VECTOR('',#7908,1.);
#7908 = DIRECTION('',(1.,0.,-0.));
#7909 = ORIENTED_EDGE('',*,*,#7910,.T.);
#7910 = EDGE_CURVE('',#7901,#7911,#7913,.T.);
#7911 = VERTEX_POINT('',#7912);
#7912 = CARTESIAN_POINT('',(2.4,0.,4.4));
#7913 = LINE('',#7914,#7915);
#7914 = CARTESIAN_POINT('',(2.4,0.,2.4));
#7915 = VECTOR('',#7916,1.);
#7916 = DIRECTION('',(0.,0.,1.));
#7917 = ORIENTED_EDGE('',*,*,#7918,.T.);
#7918 = EDGE_CURVE('',#7911,#7919,#7921,.T.);
#7919 = VERTEX_POINT('',#7920);
#7920 = CARTESIAN_POINT('',(4.4,0.,4.4));
#7921 = LINE('',#7922,#7923);
#7922 = CARTESIAN_POINT('',(2.4,0.,4.4));
#7923 = VECTOR('',#7924,1.);
#7924 = DIRECTION('',(1.,0.,-0.));
#7925 = ORIENTED_EDGE('',*,*,#7926,.F.);
#7926 = EDGE_CURVE('',#7903,#7919,#7927,.T.);
#7927 = LINE('',#7928,#7929);
#7928 = CARTESIAN_POINT('',(4.4,0.,2.4));
#7929 = VECTOR('',#7930,1.);
#7930 = DIRECTION('',(0.,0.,1.));
#7931 = FACE_BOUND('',#7932,.F.);
#7932 = EDGE_LOOP('',(#7933,#7943,#7951,#7959));
#7933 = ORIENTED_EDGE('',*,*,#7934,.F.);
#7934 = EDGE_CURVE('',#7935,#7937,#7939,.T.);
#7935 = VERTEX_POINT('',#7936);
#7936 = CARTESIAN_POINT('',(3.3,0.,3.3));
#7937 = VERTEX_POINT('',#7938);
#7938 = CARTESIAN_POINT('',(3.3,0.,3.5));
#7939 = LINE('',#7940,#7941);
#7940 = CARTESIAN_POINT('',(3.3,0.,3.3));
#7941 = VECTOR('',#7942,1.);
#7942 = DIRECTION('',(0.,0.,1.));
#7943 = ORIENTED_EDGE('',*,*,#7944,.T.);
#7944 = EDGE_CURVE('',#7935,#7945,#7947,.T.);
#7945 = VERTEX_POINT('',#7946);
#7946 = CARTESIAN_POINT('',(3.5,0.,3.3));
#7947 = LINE('',#7948,#7949);
#7948 = CARTESIAN_POINT('',(3.3,0.,3.3));
#7949 = VECTOR('',#7950,1.);
#7950 = DIRECTION('',(1.,0.,-0.));
#7951 = ORIENTED_EDGE('',*,*,#7952,.T.);
#7952 = EDGE_CURVE('',#7945,#7953,#7955,.T.);
#7953 = VERTEX_POINT('',#7954);
#7954 = CARTESIAN_POINT('',(3.5,0.,3.5));
#7955 = LINE('',#7956,#7957);
#7956 = CARTESIAN_POINT('',(3.5,0.,3.3));
#7957 = VECTOR('',#7958,1.);
#7958 = DIRECTION('',(0.,0.,1.));
#7959 = ORIENTED_EDGE('',*,*,#7960,.F.);
#7960 = EDGE_CURVE('',#7937,#7953,#7961,.T.);
#7961 = LINE('',#7962,#7963);
#7962 = CARTESIAN_POINT('',(3.3,0.,3.5));
#7963 = VECTOR('',#7964,1.);
#7964 = DIRECTION('',(1.,0.,-0.));
#7965 = PLANE('',#7966);
#7966 = AXIS2_PLACEMENT_3D('',#7967,#7968,#7969);
#7967 = CARTESIAN_POINT('',(2.4,0.,2.4));
#7968 = DIRECTION('',(-0.,1.,0.));
#7969 = DIRECTION('',(0.,0.,1.));
#7970 = ( GEOMETRIC_REPRESENTATION_CONTEXT(3) 
GLOBAL_UNCERTAINTY_ASSIGNED_CONTEXT((#7974)) 
GLOBAL_UNIT_ASSIGNED_CONTEXT((#7971,#7972,#7973)) REPRESENTATION_CONTEXT
('Context #1','3D Context with UNIT and UNCERTAINTY') );
#7971 = ( LENGTH_UNIT() NAMED_UNIT(*) SI_UNIT(.MILLI.,.METRE.) );
#7972 = ( NAMED_UNIT(*) PLANE_ANGLE_UNIT() SI_UNIT($,.RADIAN.) );
#7973 = ( NAMED_UNIT(*) SI_UNIT($,.STERADIAN.) SOLID_ANGLE_UNIT() );
#7974 = UNCERTAINTY_MEASURE_WITH_UNIT(LENGTH_MEASURE(1.E-07),#7971,
  'distance_accuracy_value','confusion accuracy');
#7975 = CONTEXT_DEPENDENT_SHAPE_REPRESENTATION(#7976,#7978);
#7976 = ( REPRESENTATION_RELATIONSHIP('','',#7893,#7810) 
REPRESENTATION_RELATIONSHIP_WITH_TRANSFORMATION(#7977) 
SHAPE_REPRESENTATION_RELATIONSHIP() );
#7977 = ITEM_DEFINED_TRANSFORMATION('','',#11,#7811);
#7978 = PRODUCT_DEFINITION_SHAPE('Placement','Placement of an item',
  #7979);
#7979 = NEXT_ASSEMBLY_USAGE_OCCURRENCE('341','Core_bottom_surface_1_1',
  '',#7805,#7888,$);
#7980 = PRODUCT_RELATED_PRODUCT_CATEGORY('part',$,(#7890));
#7981 = SHAPE_DEFINITION_REPRESENTATION(#7982,#7988);
#7982 = PRODUCT_DEFINITION_SHAPE('','',#7983);
#7983 = PRODUCT_DEFINITION('design','',#7984,#7987);
#7984 = PRODUCT_DEFINITION_FORMATION('','',#7985);
#7985 = PRODUCT('Core_bottom_surface_1_2','Core_bottom_surface_1_2','',(
    #7986));
#7986 = PRODUCT_CONTEXT('',#2,'mechanical');
#7987 = PRODUCT_DEFINITION_CONTEXT('part definition',#2,'design');
#7988 = MANIFOLD_SURFACE_SHAPE_REPRESENTATION('',(#11,#7989),#8065);
#7989 = SHELL_BASED_SURFACE_MODEL('',(#7990));
#7990 = OPEN_SHELL('',(#7991));
#7991 = ADVANCED_FACE('',(#7992,#8026),#8060,.F.);
#7992 = FACE_BOUND('',#7993,.F.);
#7993 = EDGE_LOOP('',(#7994,#8004,#8012,#8020));
#7994 = ORIENTED_EDGE('',*,*,#7995,.F.);
#7995 = EDGE_CURVE('',#7996,#7998,#8000,.T.);
#7996 = VERTEX_POINT('',#7997);
#7997 = CARTESIAN_POINT('',(2.4,0.,6.8));
#7998 = VERTEX_POINT('',#7999);
#7999 = CARTESIAN_POINT('',(4.4,0.,6.8));
#8000 = LINE('',#8001,#8002);
#8001 = CARTESIAN_POINT('',(2.4,0.,6.8));
#8002 = VECTOR('',#8003,1.);
#8003 = DIRECTION('',(1.,0.,-0.));
#8004 = ORIENTED_EDGE('',*,*,#8005,.T.);
#8005 = EDGE_CURVE('',#7996,#8006,#8008,.T.);
#8006 = VERTEX_POINT('',#8007);
#8007 = CARTESIAN_POINT('',(2.4,0.,8.8));
#8008 = LINE('',#8009,#8010);
#8009 = CARTESIAN_POINT('',(2.4,0.,6.8));
#8010 = VECTOR('',#8011,1.);
#8011 = DIRECTION('',(0.,0.,1.));
#8012 = ORIENTED_EDGE('',*,*,#8013,.T.);
#8013 = EDGE_CURVE('',#8006,#8014,#8016,.T.);
#8014 = VERTEX_POINT('',#8015);
#8015 = CARTESIAN_POINT('',(4.4,0.,8.8));
#8016 = LINE('',#8017,#8018);
#8017 = CARTESIAN_POINT('',(2.4,0.,8.8));
#8018 = VECTOR('',#8019,1.);
#8019 = DIRECTION('',(1.,0.,-0.));
#8020 = ORIENTED_EDGE('',*,*,#8021,.F.);
#8021 = EDGE_CURVE('',#7998,#8014,#8022,.T.);
#8022 = LINE('',#8023,#8024);
#8023 = CARTESIAN_POINT('',(4.4,0.,6.8));
#8024 = VECTOR('',#8025,1.);
#8025 = DIRECTION('',(0.,0.,1.));
#8026 = FACE_BOUND('',#8027,.F.);
#8027 = EDGE_LOOP('',(#8028,#8038,#8046,#8054));
#8028 = ORIENTED_EDGE('',*,*,#8029,.F.);
#8029 = EDGE_CURVE('',#8030,#8032,#8034,.T.);
#8030 = VERTEX_POINT('',#8031);
#8031 = CARTESIAN_POINT('',(3.3,0.,7.7));
#8032 = VERTEX_POINT('',#8033);
#8033 = CARTESIAN_POINT('',(3.3,0.,7.9));
#8034 = LINE('',#8035,#8036);
#8035 = CARTESIAN_POINT('',(3.3,0.,7.7));
#8036 = VECTOR('',#8037,1.);
#8037 = DIRECTION('',(0.,0.,1.));
#8038 = ORIENTED_EDGE('',*,*,#8039,.T.);
#8039 = EDGE_CURVE('',#8030,#8040,#8042,.T.);
#8040 = VERTEX_POINT('',#8041);
#8041 = CARTESIAN_POINT('',(3.5,0.,7.7));
#8042 = LINE('',#8043,#8044);
#8043 = CARTESIAN_POINT('',(3.3,0.,7.7));
#8044 = VECTOR('',#8045,1.);
#8045 = DIRECTION('',(1.,0.,-0.));
#8046 = ORIENTED_EDGE('',*,*,#8047,.T.);
#8047 = EDGE_CURVE('',#8040,#8048,#8050,.T.);
#8048 = VERTEX_POINT('',#8049);
#8049 = CARTESIAN_POINT('',(3.5,0.,7.9));
#8050 = LINE('',#8051,#8052);
#8051 = CARTESIAN_POINT('',(3.5,0.,7.7));
#8052 = VECTOR('',#8053,1.);
#8053 = DIRECTION('',(0.,0.,1.));
#8054 = ORIENTED_EDGE('',*,*,#8055,.F.);
#8055 = EDGE_CURVE('',#8032,#8048,#8056,.T.);
#8056 = LINE('',#8057,#8058);
#8057 = CARTESIAN_POINT('',(3.3,0.,7.9));
#8058 = VECTOR('',#8059,1.);
#8059 = DIRECTION('',(1.,0.,-0.));
#8060 = PLANE('',#8061);
#8061 = AXIS2_PLACEMENT_3D('',#8062,#8063,#8064);
#8062 = CARTESIAN_POINT('',(2.4,0.,6.8));
#8063 = DIRECTION('',(-0.,1.,0.));
#8064 = DIRECTION('',(0.,0.,1.));
#8065 = ( GEOMETRIC_REPRESENTATION_CONTEXT(3) 
GLOBAL_UNCERTAINTY_ASSIGNED_CONTEXT((#8069)) 
GLOBAL_UNIT_ASSIGNED_CONTEXT((#8066,#8067,#8068)) REPRESENTATION_CONTEXT
('Context #1','3D Context with UNIT and UNCERTAINTY') );
#8066 = ( LENGTH_UNIT() NAMED_UNIT(*) SI_UNIT(.MILLI.,.METRE.) );
#8067 = ( NAMED_UNIT(*) PLANE_ANGLE_UNIT() SI_UNIT($,.RADIAN.) );
#8068 = ( NAMED_UNIT(*) SI_UNIT($,.STERADIAN.) SOLID_ANGLE_UNIT() );
#8069 = UNCERTAINTY_MEASURE_WITH_UNIT(LENGTH_MEASURE(1.E-07),#8066,
  'distance_accuracy_value','confusion accuracy');
#8070 = CONTEXT_DEPENDENT_SHAPE_REPRESENTATION(#8071,#8073);
#8071 = ( REPRESENTATION_RELATIONSHIP('','',#7988,#7810) 
REPRESENTATION_RELATIONSHIP_WITH_TRANSFORMATION(#8072) 
SHAPE_REPRESENTATION_RELATIONSHIP() );
#8072 = ITEM_DEFINED_TRANSFORMATION('','',#11,#7815);
#8073 = PRODUCT_DEFINITION_SHAPE('Placement','Placement of an item',
  #8074);
#8074 = NEXT_ASSEMBLY_USAGE_OCCURRENCE('342','Core_bottom_surface_1_2',
  '',#7805,#7983,$);
#8075 = PRODUCT_RELATED_PRODUCT_CATEGORY('part',$,(#7985));
#8076 = SHAPE_DEFINITION_REPRESENTATION(#8077,#8083);
#8077 = PRODUCT_DEFINITION_SHAPE('','',#8078);
#8078 = PRODUCT_DEFINITION('design','',#8079,#8082);
#8079 = PRODUCT_DEFINITION_FORMATION('','',#8080);
#8080 = PRODUCT('Core_bottom_surface_1_3','Core_bottom_surface_1_3','',(
    #8081));
#8081 = PRODUCT_CONTEXT('',#2,'mechanical');
#8082 = PRODUCT_DEFINITION_CONTEXT('part definition',#2,'design');
#8083 = MANIFOLD_SURFACE_SHAPE_REPRESENTATION('',(#11,#8084),#8160);
#8084 = SHELL_BASED_SURFACE_MODEL('',(#8085));
#8085 = OPEN_SHELL('',(#8086));
#8086 = ADVANCED_FACE('',(#8087,#8121),#8155,.F.);
#8087 = FACE_BOUND('',#8088,.F.);
#8088 = EDGE_LOOP('',(#8089,#8099,#8107,#8115));
#8089 = ORIENTED_EDGE('',*,*,#8090,.F.);
#8090 = EDGE_CURVE('',#8091,#8093,#8095,.T.);
#8091 = VERTEX_POINT('',#8092);
#8092 = CARTESIAN_POINT('',(2.4,0.,11.2));
#8093 = VERTEX_POINT('',#8094);
#8094 = CARTESIAN_POINT('',(4.4,0.,11.2));
#8095 = LINE('',#8096,#8097);
#8096 = CARTESIAN_POINT('',(2.4,0.,11.2));
#8097 = VECTOR('',#8098,1.);
#8098 = DIRECTION('',(1.,0.,-0.));
#8099 = ORIENTED_EDGE('',*,*,#8100,.T.);
#8100 = EDGE_CURVE('',#8091,#8101,#8103,.T.);
#8101 = VERTEX_POINT('',#8102);
#8102 = CARTESIAN_POINT('',(2.4,0.,13.2));
#8103 = LINE('',#8104,#8105);
#8104 = CARTESIAN_POINT('',(2.4,0.,11.2));
#8105 = VECTOR('',#8106,1.);
#8106 = DIRECTION('',(0.,0.,1.));
#8107 = ORIENTED_EDGE('',*,*,#8108,.T.);
#8108 = EDGE_CURVE('',#8101,#8109,#8111,.T.);
#8109 = VERTEX_POINT('',#8110);
#8110 = CARTESIAN_POINT('',(4.4,0.,13.2));
#8111 = LINE('',#8112,#8113);
#8112 = CARTESIAN_POINT('',(2.4,0.,13.2));
#8113 = VECTOR('',#8114,1.);
#8114 = DIRECTION('',(1.,0.,-0.));
#8115 = ORIENTED_EDGE('',*,*,#8116,.F.);
#8116 = EDGE_CURVE('',#8093,#8109,#8117,.T.);
#8117 = LINE('',#8118,#8119);
#8118 = CARTESIAN_POINT('',(4.4,0.,11.2));
#8119 = VECTOR('',#8120,1.);
#8120 = DIRECTION('',(0.,0.,1.));
#8121 = FACE_BOUND('',#8122,.F.);
#8122 = EDGE_LOOP('',(#8123,#8133,#8141,#8149));
#8123 = ORIENTED_EDGE('',*,*,#8124,.F.);
#8124 = EDGE_CURVE('',#8125,#8127,#8129,.T.);
#8125 = VERTEX_POINT('',#8126);
#8126 = CARTESIAN_POINT('',(3.3,0.,12.1));
#8127 = VERTEX_POINT('',#8128);
#8128 = CARTESIAN_POINT('',(3.3,0.,12.3));
#8129 = LINE('',#8130,#8131);
#8130 = CARTESIAN_POINT('',(3.3,0.,12.1));
#8131 = VECTOR('',#8132,1.);
#8132 = DIRECTION('',(0.,0.,1.));
#8133 = ORIENTED_EDGE('',*,*,#8134,.T.);
#8134 = EDGE_CURVE('',#8125,#8135,#8137,.T.);
#8135 = VERTEX_POINT('',#8136);
#8136 = CARTESIAN_POINT('',(3.5,0.,12.1));
#8137 = LINE('',#8138,#8139);
#8138 = CARTESIAN_POINT('',(3.3,0.,12.1));
#8139 = VECTOR('',#8140,1.);
#8140 = DIRECTION('',(1.,0.,-0.));
#8141 = ORIENTED_EDGE('',*,*,#8142,.T.);
#8142 = EDGE_CURVE('',#8135,#8143,#8145,.T.);
#8143 = VERTEX_POINT('',#8144);
#8144 = CARTESIAN_POINT('',(3.5,0.,12.3));
#8145 = LINE('',#8146,#8147);
#8146 = CARTESIAN_POINT('',(3.5,0.,12.1));
#8147 = VECTOR('',#8148,1.);
#8148 = DIRECTION('',(0.,0.,1.));
#8149 = ORIENTED_EDGE('',*,*,#8150,.F.);
#8150 = EDGE_CURVE('',#8127,#8143,#8151,.T.);
#8151 = LINE('',#8152,#8153);
#8152 = CARTESIAN_POINT('',(3.3,0.,12.3));
#8153 = VECTOR('',#8154,1.);
#8154 = DIRECTION('',(1.,0.,-0.));
#8155 = PLANE('',#8156);
#8156 = AXIS2_PLACEMENT_3D('',#8157,#8158,#8159);
#8157 = CARTESIAN_POINT('',(2.4,0.,11.2));
#8158 = DIRECTION('',(-0.,1.,0.));
#8159 = DIRECTION('',(0.,0.,1.));
#8160 = ( GEOMETRIC_REPRESENTATION_CONTEXT(3) 
GLOBAL_UNCERTAINTY_ASSIGNED_CONTEXT((#8164)) 
GLOBAL_UNIT_ASSIGNED_CONTEXT((#8161,#8162,#8163)) REPRESENTATION_CONTEXT
('Context #1','3D Context with UNIT and UNCERTAINTY') );
#8161 = ( LENGTH_UNIT() NAMED_UNIT(*) SI_UNIT(.MILLI.,.METRE.) );
#8162 = ( NAMED_UNIT(*) PLANE_ANGLE_UNIT() SI_UNIT($,.RADIAN.) );
#8163 = ( NAMED_UNIT(*) SI_UNIT($,.STERADIAN.) SOLID_ANGLE_UNIT() );
#8164 = UNCERTAINTY_MEASURE_WITH_UNIT(LENGTH_MEASURE(1.E-07),#8161,
  'distance_accuracy_value','confusion accuracy');
#8165 = CONTEXT_DEPENDENT_SHAPE_REPRESENTATION(#8166,#8168);
#8166 = ( REPRESENTATION_RELATIONSHIP('','',#8083,#7810) 
REPRESENTATION_RELATIONSHIP_WITH_TRANSFORMATION(#8167) 
SHAPE_REPRESENTATION_RELATIONSHIP() );
#8167 = ITEM_DEFINED_TRANSFORMATION('','',#11,#7819);
#8168 = PRODUCT_DEFINITION_SHAPE('Placement','Placement of an item',
  #8169);
#8169 = NEXT_ASSEMBLY_USAGE_OCCURRENCE('343','Core_bottom_surface_1_3',
  '',#7805,#8078,$);
#8170 = PRODUCT_RELATED_PRODUCT_CATEGORY('part',$,(#8080));
#8171 = SHAPE_DEFINITION_REPRESENTATION(#8172,#8178);
#8172 = PRODUCT_DEFINITION_SHAPE('','',#8173);
#8173 = PRODUCT_DEFINITION('design','',#8174,#8177);
#8174 = PRODUCT_DEFINITION_FORMATION('','',#8175);
#8175 = PRODUCT('Core_bottom_surface_1_4','Core_bottom_surface_1_4','',(
    #8176));
#8176 = PRODUCT_CONTEXT('',#2,'mechanical');
#8177 = PRODUCT_DEFINITION_CONTEXT('part definition',#2,'design');
#8178 = MANIFOLD_SURFACE_SHAPE_REPRESENTATION('',(#11,#8179),#8255);
#8179 = SHELL_BASED_SURFACE_MODEL('',(#8180));
#8180 = OPEN_SHELL('',(#8181));
#8181 = ADVANCED_FACE('',(#8182,#8216),#8250,.F.);
#8182 = FACE_BOUND('',#8183,.F.);
#8183 = EDGE_LOOP('',(#8184,#8194,#8202,#8210));
#8184 = ORIENTED_EDGE('',*,*,#8185,.F.);
#8185 = EDGE_CURVE('',#8186,#8188,#8190,.T.);
#8186 = VERTEX_POINT('',#8187);
#8187 = CARTESIAN_POINT('',(2.4,0.,15.6));
#8188 = VERTEX_POINT('',#8189);
#8189 = CARTESIAN_POINT('',(4.4,0.,15.6));
#8190 = LINE('',#8191,#8192);
#8191 = CARTESIAN_POINT('',(2.4,0.,15.6));
#8192 = VECTOR('',#8193,1.);
#8193 = DIRECTION('',(1.,0.,-0.));
#8194 = ORIENTED_EDGE('',*,*,#8195,.T.);
#8195 = EDGE_CURVE('',#8186,#8196,#8198,.T.);
#8196 = VERTEX_POINT('',#8197);
#8197 = CARTESIAN_POINT('',(2.4,0.,17.6));
#8198 = LINE('',#8199,#8200);
#8199 = CARTESIAN_POINT('',(2.4,0.,15.6));
#8200 = VECTOR('',#8201,1.);
#8201 = DIRECTION('',(0.,0.,1.));
#8202 = ORIENTED_EDGE('',*,*,#8203,.T.);
#8203 = EDGE_CURVE('',#8196,#8204,#8206,.T.);
#8204 = VERTEX_POINT('',#8205);
#8205 = CARTESIAN_POINT('',(4.4,0.,17.6));
#8206 = LINE('',#8207,#8208);
#8207 = CARTESIAN_POINT('',(2.4,0.,17.6));
#8208 = VECTOR('',#8209,1.);
#8209 = DIRECTION('',(1.,0.,-0.));
#8210 = ORIENTED_EDGE('',*,*,#8211,.F.);
#8211 = EDGE_CURVE('',#8188,#8204,#8212,.T.);
#8212 = LINE('',#8213,#8214);
#8213 = CARTESIAN_POINT('',(4.4,0.,15.6));
#8214 = VECTOR('',#8215,1.);
#8215 = DIRECTION('',(0.,0.,1.));
#8216 = FACE_BOUND('',#8217,.F.);
#8217 = EDGE_LOOP('',(#8218,#8228,#8236,#8244));
#8218 = ORIENTED_EDGE('',*,*,#8219,.F.);
#8219 = EDGE_CURVE('',#8220,#8222,#8224,.T.);
#8220 = VERTEX_POINT('',#8221);
#8221 = CARTESIAN_POINT('',(3.3,0.,16.5));
#8222 = VERTEX_POINT('',#8223);
#8223 = CARTESIAN_POINT('',(3.3,0.,16.7));
#8224 = LINE('',#8225,#8226);
#8225 = CARTESIAN_POINT('',(3.3,0.,16.5));
#8226 = VECTOR('',#8227,1.);
#8227 = DIRECTION('',(0.,0.,1.));
#8228 = ORIENTED_EDGE('',*,*,#8229,.T.);
#8229 = EDGE_CURVE('',#8220,#8230,#8232,.T.);
#8230 = VERTEX_POINT('',#8231);
#8231 = CARTESIAN_POINT('',(3.5,0.,16.5));
#8232 = LINE('',#8233,#8234);
#8233 = CARTESIAN_POINT('',(3.3,0.,16.5));
#8234 = VECTOR('',#8235,1.);
#8235 = DIRECTION('',(1.,0.,-0.));
#8236 = ORIENTED_EDGE('',*,*,#8237,.T.);
#8237 = EDGE_CURVE('',#8230,#8238,#8240,.T.);
#8238 = VERTEX_POINT('',#8239);
#8239 = CARTESIAN_POINT('',(3.5,0.,16.7));
#8240 = LINE('',#8241,#8242);
#8241 = CARTESIAN_POINT('',(3.5,0.,16.5));
#8242 = VECTOR('',#8243,1.);
#8243 = DIRECTION('',(0.,0.,1.));
#8244 = ORIENTED_EDGE('',*,*,#8245,.F.);
#8245 = EDGE_CURVE('',#8222,#8238,#8246,.T.);
#8246 = LINE('',#8247,#8248);
#8247 = CARTESIAN_POINT('',(3.3,0.,16.7));
#8248 = VECTOR('',#8249,1.);
#8249 = DIRECTION('',(1.,0.,-0.));
#8250 = PLANE('',#8251);
#8251 = AXIS2_PLACEMENT_3D('',#8252,#8253,#8254);
#8252 = CARTESIAN_POINT('',(2.4,0.,15.6));
#8253 = DIRECTION('',(-0.,1.,0.));
#8254 = DIRECTION('',(0.,0.,1.));
#8255 = ( GEOMETRIC_REPRESENTATION_CONTEXT(3) 
GLOBAL_UNCERTAINTY_ASSIGNED_CONTEXT((#8259)) 
GLOBAL_UNIT_ASSIGNED_CONTEXT((#8256,#8257,#8258)) REPRESENTATION_CONTEXT
('Context #1','3D Context with UNIT and UNCERTAINTY') );
#8256 = ( LENGTH_UNIT() NAMED_UNIT(*) SI_UNIT(.MILLI.,.METRE.) );
#8257 = ( NAMED_UNIT(*) PLANE_ANGLE_UNIT() SI_UNIT($,.RADIAN.) );
#8258 = ( NAMED_UNIT(*) SI_UNIT($,.STERADIAN.) SOLID_ANGLE_UNIT() );
#8259 = UNCERTAINTY_MEASURE_WITH_UNIT(LENGTH_MEASURE(1.E-07),#8256,
  'distance_accuracy_value','confusion accuracy');
#8260 = CONTEXT_DEPENDENT_SHAPE_REPRESENTATION(#8261,#8263);
#8261 = ( REPRESENTATION_RELATIONSHIP('','',#8178,#7810) 
REPRESENTATION_RELATIONSHIP_WITH_TRANSFORMATION(#8262) 
SHAPE_REPRESENTATION_RELATIONSHIP() );
#8262 = ITEM_DEFINED_TRANSFORMATION('','',#11,#7823);
#8263 = PRODUCT_DEFINITION_SHAPE('Placement','Placement of an item',
  #8264);
#8264 = NEXT_ASSEMBLY_USAGE_OCCURRENCE('344','Core_bottom_surface_1_4',
  '',#7805,#8173,$);
#8265 = PRODUCT_RELATED_PRODUCT_CATEGORY('part',$,(#8175));
#8266 = SHAPE_DEFINITION_REPRESENTATION(#8267,#8273);
#8267 = PRODUCT_DEFINITION_SHAPE('','',#8268);
#8268 = PRODUCT_DEFINITION('design','',#8269,#8272);
#8269 = PRODUCT_DEFINITION_FORMATION('','',#8270);
#8270 = PRODUCT('Core_bottom_surface_2_1','Core_bottom_surface_2_1','',(
    #8271));
#8271 = PRODUCT_CONTEXT('',#2,'mechanical');
#8272 = PRODUCT_DEFINITION_CONTEXT('part definition',#2,'design');
#8273 = MANIFOLD_SURFACE_SHAPE_REPRESENTATION('',(#11,#8274),#8350);
#8274 = SHELL_BASED_SURFACE_MODEL('',(#8275));
#8275 = OPEN_SHELL('',(#8276));
#8276 = ADVANCED_FACE('',(#8277,#8311),#8345,.F.);
#8277 = FACE_BOUND('',#8278,.F.);
#8278 = EDGE_LOOP('',(#8279,#8289,#8297,#8305));
#8279 = ORIENTED_EDGE('',*,*,#8280,.F.);
#8280 = EDGE_CURVE('',#8281,#8283,#8285,.T.);
#8281 = VERTEX_POINT('',#8282);
#8282 = CARTESIAN_POINT('',(6.8,0.,2.4));
#8283 = VERTEX_POINT('',#8284);
#8284 = CARTESIAN_POINT('',(8.8,0.,2.4));
#8285 = LINE('',#8286,#8287);
#8286 = CARTESIAN_POINT('',(6.8,0.,2.4));
#8287 = VECTOR('',#8288,1.);
#8288 = DIRECTION('',(1.,0.,-0.));
#8289 = ORIENTED_EDGE('',*,*,#8290,.T.);
#8290 = EDGE_CURVE('',#8281,#8291,#8293,.T.);
#8291 = VERTEX_POINT('',#8292);
#8292 = CARTESIAN_POINT('',(6.8,0.,4.4));
#8293 = LINE('',#8294,#8295);
#8294 = CARTESIAN_POINT('',(6.8,0.,2.4));
#8295 = VECTOR('',#8296,1.);
#8296 = DIRECTION('',(0.,0.,1.));
#8297 = ORIENTED_EDGE('',*,*,#8298,.T.);
#8298 = EDGE_CURVE('',#8291,#8299,#8301,.T.);
#8299 = VERTEX_POINT('',#8300);
#8300 = CARTESIAN_POINT('',(8.8,0.,4.4));
#8301 = LINE('',#8302,#8303);
#8302 = CARTESIAN_POINT('',(6.8,0.,4.4));
#8303 = VECTOR('',#8304,1.);
#8304 = DIRECTION('',(1.,0.,-0.));
#8305 = ORIENTED_EDGE('',*,*,#8306,.F.);
#8306 = EDGE_CURVE('',#8283,#8299,#8307,.T.);
#8307 = LINE('',#8308,#8309);
#8308 = CARTESIAN_POINT('',(8.8,0.,2.4));
#8309 = VECTOR('',#8310,1.);
#8310 = DIRECTION('',(0.,0.,1.));
#8311 = FACE_BOUND('',#8312,.F.);
#8312 = EDGE_LOOP('',(#8313,#8323,#8331,#8339));
#8313 = ORIENTED_EDGE('',*,*,#8314,.F.);
#8314 = EDGE_CURVE('',#8315,#8317,#8319,.T.);
#8315 = VERTEX_POINT('',#8316);
#8316 = CARTESIAN_POINT('',(7.7,0.,3.3));
#8317 = VERTEX_POINT('',#8318);
#8318 = CARTESIAN_POINT('',(7.7,0.,3.5));
#8319 = LINE('',#8320,#8321);
#8320 = CARTESIAN_POINT('',(7.7,0.,3.3));
#8321 = VECTOR('',#8322,1.);
#8322 = DIRECTION('',(0.,0.,1.));
#8323 = ORIENTED_EDGE('',*,*,#8324,.T.);
#8324 = EDGE_CURVE('',#8315,#8325,#8327,.T.);
#8325 = VERTEX_POINT('',#8326);
#8326 = CARTESIAN_POINT('',(7.9,0.,3.3));
#8327 = LINE('',#8328,#8329);
#8328 = CARTESIAN_POINT('',(7.7,0.,3.3));
#8329 = VECTOR('',#8330,1.);
#8330 = DIRECTION('',(1.,0.,-0.));
#8331 = ORIENTED_EDGE('',*,*,#8332,.T.);
#8332 = EDGE_CURVE('',#8325,#8333,#8335,.T.);
#8333 = VERTEX_POINT('',#8334);
#8334 = CARTESIAN_POINT('',(7.9,0.,3.5));
#8335 = LINE('',#8336,#8337);
#8336 = CARTESIAN_POINT('',(7.9,0.,3.3));
#8337 = VECTOR('',#8338,1.);
#8338 = DIRECTION('',(0.,0.,1.));
#8339 = ORIENTED_EDGE('',*,*,#8340,.F.);
#8340 = EDGE_CURVE('',#8317,#8333,#8341,.T.);
#8341 = LINE('',#8342,#8343);
#8342 = CARTESIAN_POINT('',(7.7,0.,3.5));
#8343 = VECTOR('',#8344,1.);
#8344 = DIRECTION('',(1.,0.,-0.));
#8345 = PLANE('',#8346);
#8346 = AXIS2_PLACEMENT_3D('',#8347,#8348,#8349);
#8347 = CARTESIAN_POINT('',(6.8,0.,2.4));
#8348 = DIRECTION('',(-0.,1.,0.));
#8349 = DIRECTION('',(0.,0.,1.));
#8350 = ( GEOMETRIC_REPRESENTATION_CONTEXT(3) 
GLOBAL_UNCERTAINTY_ASSIGNED_CONTEXT((#8354)) 
GLOBAL_UNIT_ASSIGNED_CONTEXT((#8351,#8352,#8353)) REPRESENTATION_CONTEXT
('Context #1','3D Context with UNIT and UNCERTAINTY') );
#8351 = ( LENGTH_UNIT() NAMED_UNIT(*) SI_UNIT(.MILLI.,.METRE.) );
#8352 = ( NAMED_UNIT(*) PLANE_ANGLE_UNIT() SI_UNIT($,.RADIAN.) );
#8353 = ( NAMED_UNIT(*) SI_UNIT($,.STERADIAN.) SOLID_ANGLE_UNIT() );
#8354 = UNCERTAINTY_MEASURE_WITH_UNIT(LENGTH_MEASURE(1.E-07),#8351,
  'distance_accuracy_value','confusion accuracy');
#8355 = CONTEXT_DEPENDENT_SHAPE_REPRESENTATION(#8356,#8358);
#8356 = ( REPRESENTATION_RELATIONSHIP('','',#8273,#7810) 
REPRESENTATION_RELATIONSHIP_WITH_TRANSFORMATION(#8357) 
SHAPE_REPRESENTATION_RELATIONSHIP() );
#8357 = ITEM_DEFINED_TRANSFORMATION('','',#11,#7827);
#8358 = PRODUCT_DEFINITION_SHAPE('Placement','Placement of an item',
  #8359);
#8359 = NEXT_ASSEMBLY_USAGE_OCCURRENCE('345','Core_bottom_surface_2_1',
  '',#7805,#8268,$);
#8360 = PRODUCT_RELATED_PRODUCT_CATEGORY('part',$,(#8270));
#8361 = SHAPE_DEFINITION_REPRESENTATION(#8362,#8368);
#8362 = PRODUCT_DEFINITION_SHAPE('','',#8363);
#8363 = PRODUCT_DEFINITION('design','',#8364,#8367);
#8364 = PRODUCT_DEFINITION_FORMATION('','',#8365);
#8365 = PRODUCT('Core_bottom_surface_2_2','Core_bottom_surface_2_2','',(
    #8366));
#8366 = PRODUCT_CONTEXT('',#2,'mechanical');
#8367 = PRODUCT_DEFINITION_CONTEXT('part definition',#2,'design');
#8368 = MANIFOLD_SURFACE_SHAPE_REPRESENTATION('',(#11,#8369),#8445);
#8369 = SHELL_BASED_SURFACE_MODEL('',(#8370));
#8370 = OPEN_SHELL('',(#8371));
#8371 = ADVANCED_FACE('',(#8372,#8406),#8440,.F.);
#8372 = FACE_BOUND('',#8373,.F.);
#8373 = EDGE_LOOP('',(#8374,#8384,#8392,#8400));
#8374 = ORIENTED_EDGE('',*,*,#8375,.F.);
#8375 = EDGE_CURVE('',#8376,#8378,#8380,.T.);
#8376 = VERTEX_POINT('',#8377);
#8377 = CARTESIAN_POINT('',(6.8,0.,6.8));
#8378 = VERTEX_POINT('',#8379);
#8379 = CARTESIAN_POINT('',(8.8,0.,6.8));
#8380 = LINE('',#8381,#8382);
#8381 = CARTESIAN_POINT('',(6.8,0.,6.8));
#8382 = VECTOR('',#8383,1.);
#8383 = DIRECTION('',(1.,0.,-0.));
#8384 = ORIENTED_EDGE('',*,*,#8385,.T.);
#8385 = EDGE_CURVE('',#8376,#8386,#8388,.T.);
#8386 = VERTEX_POINT('',#8387);
#8387 = CARTESIAN_POINT('',(6.8,0.,8.8));
#8388 = LINE('',#8389,#8390);
#8389 = CARTESIAN_POINT('',(6.8,0.,6.8));
#8390 = VECTOR('',#8391,1.);
#8391 = DIRECTION('',(0.,0.,1.));
#8392 = ORIENTED_EDGE('',*,*,#8393,.T.);
#8393 = EDGE_CURVE('',#8386,#8394,#8396,.T.);
#8394 = VERTEX_POINT('',#8395);
#8395 = CARTESIAN_POINT('',(8.8,0.,8.8));
#8396 = LINE('',#8397,#8398);
#8397 = CARTESIAN_POINT('',(6.8,0.,8.8));
#8398 = VECTOR('',#8399,1.);
#8399 = DIRECTION('',(1.,0.,-0.));
#8400 = ORIENTED_EDGE('',*,*,#8401,.F.);
#8401 = EDGE_CURVE('',#8378,#8394,#8402,.T.);
#8402 = LINE('',#8403,#8404);
#8403 = CARTESIAN_POINT('',(8.8,0.,6.8));
#8404 = VECTOR('',#8405,1.);
#8405 = DIRECTION('',(0.,0.,1.));
#8406 = FACE_BOUND('',#8407,.F.);
#8407 = EDGE_LOOP('',(#8408,#8418,#8426,#8434));
#8408 = ORIENTED_EDGE('',*,*,#8409,.F.);
#8409 = EDGE_CURVE('',#8410,#8412,#8414,.T.);
#8410 = VERTEX_POINT('',#8411);
#8411 = CARTESIAN_POINT('',(7.7,0.,7.7));
#8412 = VERTEX_POINT('',#8413);
#8413 = CARTESIAN_POINT('',(7.7,0.,7.9));
#8414 = LINE('',#8415,#8416);
#8415 = CARTESIAN_POINT('',(7.7,0.,7.7));
#8416 = VECTOR('',#8417,1.);
#8417 = DIRECTION('',(0.,0.,1.));
#8418 = ORIENTED_EDGE('',*,*,#8419,.T.);
#8419 = EDGE_CURVE('',#8410,#8420,#8422,.T.);
#8420 = VERTEX_POINT('',#8421);
#8421 = CARTESIAN_POINT('',(7.9,0.,7.7));
#8422 = LINE('',#8423,#8424);
#8423 = CARTESIAN_POINT('',(7.7,0.,7.7));
#8424 = VECTOR('',#8425,1.);
#8425 = DIRECTION('',(1.,0.,-0.));
#8426 = ORIENTED_EDGE('',*,*,#8427,.T.);
#8427 = EDGE_CURVE('',#8420,#8428,#8430,.T.);
#8428 = VERTEX_POINT('',#8429);
#8429 = CARTESIAN_POINT('',(7.9,0.,7.9));
#8430 = LINE('',#8431,#8432);
#8431 = CARTESIAN_POINT('',(7.9,0.,7.7));
#8432 = VECTOR('',#8433,1.);
#8433 = DIRECTION('',(0.,0.,1.));
#8434 = ORIENTED_EDGE('',*,*,#8435,.F.);
#8435 = EDGE_CURVE('',#8412,#8428,#8436,.T.);
#8436 = LINE('',#8437,#8438);
#8437 = CARTESIAN_POINT('',(7.7,0.,7.9));
#8438 = VECTOR('',#8439,1.);
#8439 = DIRECTION('',(1.,0.,-0.));
#8440 = PLANE('',#8441);
#8441 = AXIS2_PLACEMENT_3D('',#8442,#8443,#8444);
#8442 = CARTESIAN_POINT('',(6.8,0.,6.8));
#8443 = DIRECTION('',(-0.,1.,0.));
#8444 = DIRECTION('',(0.,0.,1.));
#8445 = ( GEOMETRIC_REPRESENTATION_CONTEXT(3) 
GLOBAL_UNCERTAINTY_ASSIGNED_CONTEXT((#8449)) 
GLOBAL_UNIT_ASSIGNED_CONTEXT((#8446,#8447,#8448)) REPRESENTATION_CONTEXT
('Context #1','3D Context with UNIT and UNCERTAINTY') );
#8446 = ( LENGTH_UNIT() NAMED_UNIT(*) SI_UNIT(.MILLI.,.METRE.) );
#8447 = ( NAMED_UNIT(*) PLANE_ANGLE_UNIT() SI_UNIT($,.RADIAN.) );
#8448 = ( NAMED_UNIT(*) SI_UNIT($,.STERADIAN.) SOLID_ANGLE_UNIT() );
#8449 = UNCERTAINTY_MEASURE_WITH_UNIT(LENGTH_MEASURE(1.E-07),#8446,
  'distance_accuracy_value','confusion accuracy');
#8450 = CONTEXT_DEPENDENT_SHAPE_REPRESENTATION(#8451,#8453);
#8451 = ( REPRESENTATION_RELATIONSHIP('','',#8368,#7810) 
REPRESENTATION_RELATIONSHIP_WITH_TRANSFORMATION(#8452) 
SHAPE_REPRESENTATION_RELATIONSHIP() );
#8452 = ITEM_DEFINED_TRANSFORMATION('','',#11,#7831);
#8453 = PRODUCT_DEFINITION_SHAPE('Placement','Placement of an item',
  #8454);
#8454 = NEXT_ASSEMBLY_USAGE_OCCURRENCE('346','Core_bottom_surface_2_2',
  '',#7805,#8363,$);
#8455 = PRODUCT_RELATED_PRODUCT_CATEGORY('part',$,(#8365));
#8456 = SHAPE_DEFINITION_REPRESENTATION(#8457,#8463);
#8457 = PRODUCT_DEFINITION_SHAPE('','',#8458);
#8458 = PRODUCT_DEFINITION('design','',#8459,#8462);
#8459 = PRODUCT_DEFINITION_FORMATION('','',#8460);
#8460 = PRODUCT('Core_bottom_surface_2_3','Core_bottom_surface_2_3','',(
    #8461));
#8461 = PRODUCT_CONTEXT('',#2,'mechanical');
#8462 = PRODUCT_DEFINITION_CONTEXT('part definition',#2,'design');
#8463 = MANIFOLD_SURFACE_SHAPE_REPRESENTATION('',(#11,#8464),#8540);
#8464 = SHELL_BASED_SURFACE_MODEL('',(#8465));
#8465 = OPEN_SHELL('',(#8466));
#8466 = ADVANCED_FACE('',(#8467,#8501),#8535,.F.);
#8467 = FACE_BOUND('',#8468,.F.);
#8468 = EDGE_LOOP('',(#8469,#8479,#8487,#8495));
#8469 = ORIENTED_EDGE('',*,*,#8470,.F.);
#8470 = EDGE_CURVE('',#8471,#8473,#8475,.T.);
#8471 = VERTEX_POINT('',#8472);
#8472 = CARTESIAN_POINT('',(6.8,0.,11.2));
#8473 = VERTEX_POINT('',#8474);
#8474 = CARTESIAN_POINT('',(8.8,0.,11.2));
#8475 = LINE('',#8476,#8477);
#8476 = CARTESIAN_POINT('',(6.8,0.,11.2));
#8477 = VECTOR('',#8478,1.);
#8478 = DIRECTION('',(1.,0.,-0.));
#8479 = ORIENTED_EDGE('',*,*,#8480,.T.);
#8480 = EDGE_CURVE('',#8471,#8481,#8483,.T.);
#8481 = VERTEX_POINT('',#8482);
#8482 = CARTESIAN_POINT('',(6.8,0.,13.2));
#8483 = LINE('',#8484,#8485);
#8484 = CARTESIAN_POINT('',(6.8,0.,11.2));
#8485 = VECTOR('',#8486,1.);
#8486 = DIRECTION('',(0.,0.,1.));
#8487 = ORIENTED_EDGE('',*,*,#8488,.T.);
#8488 = EDGE_CURVE('',#8481,#8489,#8491,.T.);
#8489 = VERTEX_POINT('',#8490);
#8490 = CARTESIAN_POINT('',(8.8,0.,13.2));
#8491 = LINE('',#8492,#8493);
#8492 = CARTESIAN_POINT('',(6.8,0.,13.2));
#8493 = VECTOR('',#8494,1.);
#8494 = DIRECTION('',(1.,0.,-0.));
#8495 = ORIENTED_EDGE('',*,*,#8496,.F.);
#8496 = EDGE_CURVE('',#8473,#8489,#8497,.T.);
#8497 = LINE('',#8498,#8499);
#8498 = CARTESIAN_POINT('',(8.8,0.,11.2));
#8499 = VECTOR('',#8500,1.);
#8500 = DIRECTION('',(0.,0.,1.));
#8501 = FACE_BOUND('',#8502,.F.);
#8502 = EDGE_LOOP('',(#8503,#8513,#8521,#8529));
#8503 = ORIENTED_EDGE('',*,*,#8504,.F.);
#8504 = EDGE_CURVE('',#8505,#8507,#8509,.T.);
#8505 = VERTEX_POINT('',#8506);
#8506 = CARTESIAN_POINT('',(7.7,0.,12.1));
#8507 = VERTEX_POINT('',#8508);
#8508 = CARTESIAN_POINT('',(7.7,0.,12.3));
#8509 = LINE('',#8510,#8511);
#8510 = CARTESIAN_POINT('',(7.7,0.,12.1));
#8511 = VECTOR('',#8512,1.);
#8512 = DIRECTION('',(0.,0.,1.));
#8513 = ORIENTED_EDGE('',*,*,#8514,.T.);
#8514 = EDGE_CURVE('',#8505,#8515,#8517,.T.);
#8515 = VERTEX_POINT('',#8516);
#8516 = CARTESIAN_POINT('',(7.9,0.,12.1));
#8517 = LINE('',#8518,#8519);
#8518 = CARTESIAN_POINT('',(7.7,0.,12.1));
#8519 = VECTOR('',#8520,1.);
#8520 = DIRECTION('',(1.,0.,-0.));
#8521 = ORIENTED_EDGE('',*,*,#8522,.T.);
#8522 = EDGE_CURVE('',#8515,#8523,#8525,.T.);
#8523 = VERTEX_POINT('',#8524);
#8524 = CARTESIAN_POINT('',(7.9,0.,12.3));
#8525 = LINE('',#8526,#8527);
#8526 = CARTESIAN_POINT('',(7.9,0.,12.1));
#8527 = VECTOR('',#8528,1.);
#8528 = DIRECTION('',(0.,0.,1.));
#8529 = ORIENTED_EDGE('',*,*,#8530,.F.);
#8530 = EDGE_CURVE('',#8507,#8523,#8531,.T.);
#8531 = LINE('',#8532,#8533);
#8532 = CARTESIAN_POINT('',(7.7,0.,12.3));
#8533 = VECTOR('',#8534,1.);
#8534 = DIRECTION('',(1.,0.,-0.));
#8535 = PLANE('',#8536);
#8536 = AXIS2_PLACEMENT_3D('',#8537,#8538,#8539);
#8537 = CARTESIAN_POINT('',(6.8,0.,11.2));
#8538 = DIRECTION('',(-0.,1.,0.));
#8539 = DIRECTION('',(0.,0.,1.));
#8540 = ( GEOMETRIC_REPRESENTATION_CONTEXT(3) 
GLOBAL_UNCERTAINTY_ASSIGNED_CONTEXT((#8544)) 
GLOBAL_UNIT_ASSIGNED_CONTEXT((#8541,#8542,#8543)) REPRESENTATION_CONTEXT
('Context #1','3D Context with UNIT and UNCERTAINTY') );
#8541 = ( LENGTH_UNIT() NAMED_UNIT(*) SI_UNIT(.MILLI.,.METRE.) );
#8542 = ( NAMED_UNIT(*) PLANE_ANGLE_UNIT() SI_UNIT($,.RADIAN.) );
#8543 = ( NAMED_UNIT(*) SI_UNIT($,.STERADIAN.) SOLID_ANGLE_UNIT() );
#8544 = UNCERTAINTY_MEASURE_WITH_UNIT(LENGTH_MEASURE(1.E-07),#8541,
  'distance_accuracy_value','confusion accuracy');
#8545 = CONTEXT_DEPENDENT_SHAPE_REPRESENTATION(#8546,#8548);
#8546 = ( REPRESENTATION_RELATIONSHIP('','',#8463,#7810) 
REPRESENTATION_RELATIONSHIP_WITH_TRANSFORMATION(#8547) 
SHAPE_REPRESENTATION_RELATIONSHIP() );
#8547 = ITEM_DEFINED_TRANSFORMATION('','',#11,#7835);
#8548 = PRODUCT_DEFINITION_SHAPE('Placement','Placement of an item',
  #8549);
#8549 = NEXT_ASSEMBLY_USAGE_OCCURRENCE('347','Core_bottom_surface_2_3',
  '',#7805,#8458,$);
#8550 = PRODUCT_RELATED_PRODUCT_CATEGORY('part',$,(#8460));
#8551 = SHAPE_DEFINITION_REPRESENTATION(#8552,#8558);
#8552 = PRODUCT_DEFINITION_SHAPE('','',#8553);
#8553 = PRODUCT_DEFINITION('design','',#8554,#8557);
#8554 = PRODUCT_DEFINITION_FORMATION('','',#8555);
#8555 = PRODUCT('Core_bottom_surface_2_4','Core_bottom_surface_2_4','',(
    #8556));
#8556 = PRODUCT_CONTEXT('',#2,'mechanical');
#8557 = PRODUCT_DEFINITION_CONTEXT('part definition',#2,'design');
#8558 = MANIFOLD_SURFACE_SHAPE_REPRESENTATION('',(#11,#8559),#8635);
#8559 = SHELL_BASED_SURFACE_MODEL('',(#8560));
#8560 = OPEN_SHELL('',(#8561));
#8561 = ADVANCED_FACE('',(#8562,#8596),#8630,.F.);
#8562 = FACE_BOUND('',#8563,.F.);
#8563 = EDGE_LOOP('',(#8564,#8574,#8582,#8590));
#8564 = ORIENTED_EDGE('',*,*,#8565,.F.);
#8565 = EDGE_CURVE('',#8566,#8568,#8570,.T.);
#8566 = VERTEX_POINT('',#8567);
#8567 = CARTESIAN_POINT('',(6.8,0.,15.6));
#8568 = VERTEX_POINT('',#8569);
#8569 = CARTESIAN_POINT('',(8.8,0.,15.6));
#8570 = LINE('',#8571,#8572);
#8571 = CARTESIAN_POINT('',(6.8,0.,15.6));
#8572 = VECTOR('',#8573,1.);
#8573 = DIRECTION('',(1.,0.,-0.));
#8574 = ORIENTED_EDGE('',*,*,#8575,.T.);
#8575 = EDGE_CURVE('',#8566,#8576,#8578,.T.);
#8576 = VERTEX_POINT('',#8577);
#8577 = CARTESIAN_POINT('',(6.8,0.,17.6));
#8578 = LINE('',#8579,#8580);
#8579 = CARTESIAN_POINT('',(6.8,0.,15.6));
#8580 = VECTOR('',#8581,1.);
#8581 = DIRECTION('',(0.,0.,1.));
#8582 = ORIENTED_EDGE('',*,*,#8583,.T.);
#8583 = EDGE_CURVE('',#8576,#8584,#8586,.T.);
#8584 = VERTEX_POINT('',#8585);
#8585 = CARTESIAN_POINT('',(8.8,0.,17.6));
#8586 = LINE('',#8587,#8588);
#8587 = CARTESIAN_POINT('',(6.8,0.,17.6));
#8588 = VECTOR('',#8589,1.);
#8589 = DIRECTION('',(1.,0.,-0.));
#8590 = ORIENTED_EDGE('',*,*,#8591,.F.);
#8591 = EDGE_CURVE('',#8568,#8584,#8592,.T.);
#8592 = LINE('',#8593,#8594);
#8593 = CARTESIAN_POINT('',(8.8,0.,15.6));
#8594 = VECTOR('',#8595,1.);
#8595 = DIRECTION('',(0.,0.,1.));
#8596 = FACE_BOUND('',#8597,.F.);
#8597 = EDGE_LOOP('',(#8598,#8608,#8616,#8624));
#8598 = ORIENTED_EDGE('',*,*,#8599,.F.);
#8599 = EDGE_CURVE('',#8600,#8602,#8604,.T.);
#8600 = VERTEX_POINT('',#8601);
#8601 = CARTESIAN_POINT('',(7.7,0.,16.5));
#8602 = VERTEX_POINT('',#8603);
#8603 = CARTESIAN_POINT('',(7.7,0.,16.7));
#8604 = LINE('',#8605,#8606);
#8605 = CARTESIAN_POINT('',(7.7,0.,16.5));
#8606 = VECTOR('',#8607,1.);
#8607 = DIRECTION('',(0.,0.,1.));
#8608 = ORIENTED_EDGE('',*,*,#8609,.T.);
#8609 = EDGE_CURVE('',#8600,#8610,#8612,.T.);
#8610 = VERTEX_POINT('',#8611);
#8611 = CARTESIAN_POINT('',(7.9,0.,16.5));
#8612 = LINE('',#8613,#8614);
#8613 = CARTESIAN_POINT('',(7.7,0.,16.5));
#8614 = VECTOR('',#8615,1.);
#8615 = DIRECTION('',(1.,0.,-0.));
#8616 = ORIENTED_EDGE('',*,*,#8617,.T.);
#8617 = EDGE_CURVE('',#8610,#8618,#8620,.T.);
#8618 = VERTEX_POINT('',#8619);
#8619 = CARTESIAN_POINT('',(7.9,0.,16.7));
#8620 = LINE('',#8621,#8622);
#8621 = CARTESIAN_POINT('',(7.9,0.,16.5));
#8622 = VECTOR('',#8623,1.);
#8623 = DIRECTION('',(0.,0.,1.));
#8624 = ORIENTED_EDGE('',*,*,#8625,.F.);
#8625 = EDGE_CURVE('',#8602,#8618,#8626,.T.);
#8626 = LINE('',#8627,#8628);
#8627 = CARTESIAN_POINT('',(7.7,0.,16.7));
#8628 = VECTOR('',#8629,1.);
#8629 = DIRECTION('',(1.,0.,-0.));
#8630 = PLANE('',#8631);
#8631 = AXIS2_PLACEMENT_3D('',#8632,#8633,#8634);
#8632 = CARTESIAN_POINT('',(6.8,0.,15.6));
#8633 = DIRECTION('',(-0.,1.,0.));
#8634 = DIRECTION('',(0.,0.,1.));
#8635 = ( GEOMETRIC_REPRESENTATION_CONTEXT(3) 
GLOBAL_UNCERTAINTY_ASSIGNED_CONTEXT((#8639)) 
GLOBAL_UNIT_ASSIGNED_CONTEXT((#8636,#8637,#8638)) REPRESENTATION_CONTEXT
('Context #1','3D Context with UNIT and UNCERTAINTY') );
#8636 = ( LENGTH_UNIT() NAMED_UNIT(*) SI_UNIT(.MILLI.,.METRE.) );
#8637 = ( NAMED_UNIT(*) PLANE_ANGLE_UNIT() SI_UNIT($,.RADIAN.) );
#8638 = ( NAMED_UNIT(*) SI_UNIT($,.STERADIAN.) SOLID_ANGLE_UNIT() );
#8639 = UNCERTAINTY_MEASURE_WITH_UNIT(LENGTH_MEASURE(1.E-07),#8636,
  'distance_accuracy_value','confusion accuracy');
#8640 = CONTEXT_DEPENDENT_SHAPE_REPRESENTATION(#8641,#8643);
#8641 = ( REPRESENTATION_RELATIONSHIP('','',#8558,#7810) 
REPRESENTATION_RELATIONSHIP_WITH_TRANSFORMATION(#8642) 
SHAPE_REPRESENTATION_RELATIONSHIP() );
#8642 = ITEM_DEFINED_TRANSFORMATION('','',#11,#7839);
#8643 = PRODUCT_DEFINITION_SHAPE('Placement','Placement of an item',
  #8644);
#8644 = NEXT_ASSEMBLY_USAGE_OCCURRENCE('348','Core_bottom_surface_2_4',
  '',#7805,#8553,$);
#8645 = PRODUCT_RELATED_PRODUCT_CATEGORY('part',$,(#8555));
#8646 = SHAPE_DEFINITION_REPRESENTATION(#8647,#8653);
#8647 = PRODUCT_DEFINITION_SHAPE('','',#8648);
#8648 = PRODUCT_DEFINITION('design','',#8649,#8652);
#8649 = PRODUCT_DEFINITION_FORMATION('','',#8650);
#8650 = PRODUCT('Core_bottom_surface_3_1','Core_bottom_surface_3_1','',(
    #8651));
#8651 = PRODUCT_CONTEXT('',#2,'mechanical');
#8652 = PRODUCT_DEFINITION_CONTEXT('part definition',#2,'design');
#8653 = MANIFOLD_SURFACE_SHAPE_REPRESENTATION('',(#11,#8654),#8730);
#8654 = SHELL_BASED_SURFACE_MODEL('',(#8655));
#8655 = OPEN_SHELL('',(#8656));
#8656 = ADVANCED_FACE('',(#8657,#8691),#8725,.F.);
#8657 = FACE_BOUND('',#8658,.F.);
#8658 = EDGE_LOOP('',(#8659,#8669,#8677,#8685));
#8659 = ORIENTED_EDGE('',*,*,#8660,.F.);
#8660 = EDGE_CURVE('',#8661,#8663,#8665,.T.);
#8661 = VERTEX_POINT('',#8662);
#8662 = CARTESIAN_POINT('',(11.2,0.,2.4));
#8663 = VERTEX_POINT('',#8664);
#8664 = CARTESIAN_POINT('',(13.2,0.,2.4));
#8665 = LINE('',#8666,#8667);
#8666 = CARTESIAN_POINT('',(11.2,0.,2.4));
#8667 = VECTOR('',#8668,1.);
#8668 = DIRECTION('',(1.,0.,-0.));
#8669 = ORIENTED_EDGE('',*,*,#8670,.T.);
#8670 = EDGE_CURVE('',#8661,#8671,#8673,.T.);
#8671 = VERTEX_POINT('',#8672);
#8672 = CARTESIAN_POINT('',(11.2,0.,4.4));
#8673 = LINE('',#8674,#8675);
#8674 = CARTESIAN_POINT('',(11.2,0.,2.4));
#8675 = VECTOR('',#8676,1.);
#8676 = DIRECTION('',(0.,0.,1.));
#8677 = ORIENTED_EDGE('',*,*,#8678,.T.);
#8678 = EDGE_CURVE('',#8671,#8679,#8681,.T.);
#8679 = VERTEX_POINT('',#8680);
#8680 = CARTESIAN_POINT('',(13.2,0.,4.4));
#8681 = LINE('',#8682,#8683);
#8682 = CARTESIAN_POINT('',(11.2,0.,4.4));
#8683 = VECTOR('',#8684,1.);
#8684 = DIRECTION('',(1.,0.,-0.));
#8685 = ORIENTED_EDGE('',*,*,#8686,.F.);
#8686 = EDGE_CURVE('',#8663,#8679,#8687,.T.);
#8687 = LINE('',#8688,#8689);
#8688 = CARTESIAN_POINT('',(13.2,0.,2.4));
#8689 = VECTOR('',#8690,1.);
#8690 = DIRECTION('',(0.,0.,1.));
#8691 = FACE_BOUND('',#8692,.F.);
#8692 = EDGE_LOOP('',(#8693,#8703,#8711,#8719));
#8693 = ORIENTED_EDGE('',*,*,#8694,.F.);
#8694 = EDGE_CURVE('',#8695,#8697,#8699,.T.);
#8695 = VERTEX_POINT('',#8696);
#8696 = CARTESIAN_POINT('',(12.1,0.,3.3));
#8697 = VERTEX_POINT('',#8698);
#8698 = CARTESIAN_POINT('',(12.1,0.,3.5));
#8699 = LINE('',#8700,#8701);
#8700 = CARTESIAN_POINT('',(12.1,0.,3.3));
#8701 = VECTOR('',#8702,1.);
#8702 = DIRECTION('',(0.,0.,1.));
#8703 = ORIENTED_EDGE('',*,*,#8704,.T.);
#8704 = EDGE_CURVE('',#8695,#8705,#8707,.T.);
#8705 = VERTEX_POINT('',#8706);
#8706 = CARTESIAN_POINT('',(12.3,0.,3.3));
#8707 = LINE('',#8708,#8709);
#8708 = CARTESIAN_POINT('',(12.1,0.,3.3));
#8709 = VECTOR('',#8710,1.);
#8710 = DIRECTION('',(1.,0.,-0.));
#8711 = ORIENTED_EDGE('',*,*,#8712,.T.);
#8712 = EDGE_CURVE('',#8705,#8713,#8715,.T.);
#8713 = VERTEX_POINT('',#8714);
#8714 = CARTESIAN_POINT('',(12.3,0.,3.5));
#8715 = LINE('',#8716,#8717);
#8716 = CARTESIAN_POINT('',(12.3,0.,3.3));
#8717 = VECTOR('',#8718,1.);
#8718 = DIRECTION('',(0.,0.,1.));
#8719 = ORIENTED_EDGE('',*,*,#8720,.F.);
#8720 = EDGE_CURVE('',#8697,#8713,#8721,.T.);
#8721 = LINE('',#8722,#8723);
#8722 = CARTESIAN_POINT('',(12.1,0.,3.5));
#8723 = VECTOR('',#8724,1.);
#8724 = DIRECTION('',(1.,0.,-0.));
#8725 = PLANE('',#8726);
#8726 = AXIS2_PLACEMENT_3D('',#8727,#8728,#8729);
#8727 = CARTESIAN_POINT('',(11.2,0.,2.4));
#8728 = DIRECTION('',(-0.,1.,0.));
#8729 = DIRECTION('',(0.,0.,1.));
#8730 = ( GEOMETRIC_REPRESENTATION_CONTEXT(3) 
GLOBAL_UNCERTAINTY_ASSIGNED_CONTEXT((#8734)) 
GLOBAL_UNIT_ASSIGNED_CONTEXT((#8731,#8732,#8733)) REPRESENTATION_CONTEXT
('Context #1','3D Context with UNIT and UNCERTAINTY') );
#8731 = ( LENGTH_UNIT() NAMED_UNIT(*) SI_UNIT(.MILLI.,.METRE.) );
#8732 = ( NAMED_UNIT(*) PLANE_ANGLE_UNIT() SI_UNIT($,.RADIAN.) );
#8733 = ( NAMED_UNIT(*) SI_UNIT($,.STERADIAN.) SOLID_ANGLE_UNIT() );
#8734 = UNCERTAINTY_MEASURE_WITH_UNIT(LENGTH_MEASURE(1.E-07),#8731,
  'distance_accuracy_value','confusion accuracy');
#8735 = CONTEXT_DEPENDENT_SHAPE_REPRESENTATION(#8736,#8738);
#8736 = ( REPRESENTATION_RELATIONSHIP('','',#8653,#7810) 
REPRESENTATION_RELATIONSHIP_WITH_TRANSFORMATION(#8737) 
SHAPE_REPRESENTATION_RELATIONSHIP() );
#8737 = ITEM_DEFINED_TRANSFORMATION('','',#11,#7843);
#8738 = PRODUCT_DEFINITION_SHAPE('Placement','Placement of an item',
  #8739);
#8739 = NEXT_ASSEMBLY_USAGE_OCCURRENCE('349','Core_bottom_surface_3_1',
  '',#7805,#8648,$);
#8740 = PRODUCT_RELATED_PRODUCT_CATEGORY('part',$,(#8650));
#8741 = SHAPE_DEFINITION_REPRESENTATION(#8742,#8748);
#8742 = PRODUCT_DEFINITION_SHAPE('','',#8743);
#8743 = PRODUCT_DEFINITION('design','',#8744,#8747);
#8744 = PRODUCT_DEFINITION_FORMATION('','',#8745);
#8745 = PRODUCT('Core_bottom_surface_3_2','Core_bottom_surface_3_2','',(
    #8746));
#8746 = PRODUCT_CONTEXT('',#2,'mechanical');
#8747 = PRODUCT_DEFINITION_CONTEXT('part definition',#2,'design');
#8748 = MANIFOLD_SURFACE_SHAPE_REPRESENTATION('',(#11,#8749),#8825);
#8749 = SHELL_BASED_SURFACE_MODEL('',(#8750));
#8750 = OPEN_SHELL('',(#8751));
#8751 = ADVANCED_FACE('',(#8752,#8786),#8820,.F.);
#8752 = FACE_BOUND('',#8753,.F.);
#8753 = EDGE_LOOP('',(#8754,#8764,#8772,#8780));
#8754 = ORIENTED_EDGE('',*,*,#8755,.F.);
#8755 = EDGE_CURVE('',#8756,#8758,#8760,.T.);
#8756 = VERTEX_POINT('',#8757);
#8757 = CARTESIAN_POINT('',(11.2,0.,6.8));
#8758 = VERTEX_POINT('',#8759);
#8759 = CARTESIAN_POINT('',(13.2,0.,6.8));
#8760 = LINE('',#8761,#8762);
#8761 = CARTESIAN_POINT('',(11.2,0.,6.8));
#8762 = VECTOR('',#8763,1.);
#8763 = DIRECTION('',(1.,0.,-0.));
#8764 = ORIENTED_EDGE('',*,*,#8765,.T.);
#8765 = EDGE_CURVE('',#8756,#8766,#8768,.T.);
#8766 = VERTEX_POINT('',#8767);
#8767 = CARTESIAN_POINT('',(11.2,0.,8.8));
#8768 = LINE('',#8769,#8770);
#8769 = CARTESIAN_POINT('',(11.2,0.,6.8));
#8770 = VECTOR('',#8771,1.);
#8771 = DIRECTION('',(0.,0.,1.));
#8772 = ORIENTED_EDGE('',*,*,#8773,.T.);
#8773 = EDGE_CURVE('',#8766,#8774,#8776,.T.);
#8774 = VERTEX_POINT('',#8775);
#8775 = CARTESIAN_POINT('',(13.2,0.,8.8));
#8776 = LINE('',#8777,#8778);
#8777 = CARTESIAN_POINT('',(11.2,0.,8.8));
#8778 = VECTOR('',#8779,1.);
#8779 = DIRECTION('',(1.,0.,-0.));
#8780 = ORIENTED_EDGE('',*,*,#8781,.F.);
#8781 = EDGE_CURVE('',#8758,#8774,#8782,.T.);
#8782 = LINE('',#8783,#8784);
#8783 = CARTESIAN_POINT('',(13.2,0.,6.8));
#8784 = VECTOR('',#8785,1.);
#8785 = DIRECTION('',(0.,0.,1.));
#8786 = FACE_BOUND('',#8787,.F.);
#8787 = EDGE_LOOP('',(#8788,#8798,#8806,#8814));
#8788 = ORIENTED_EDGE('',*,*,#8789,.F.);
#8789 = EDGE_CURVE('',#8790,#8792,#8794,.T.);
#8790 = VERTEX_POINT('',#8791);
#8791 = CARTESIAN_POINT('',(12.1,0.,7.7));
#8792 = VERTEX_POINT('',#8793);
#8793 = CARTESIAN_POINT('',(12.1,0.,7.9));
#8794 = LINE('',#8795,#8796);
#8795 = CARTESIAN_POINT('',(12.1,0.,7.7));
#8796 = VECTOR('',#8797,1.);
#8797 = DIRECTION('',(0.,0.,1.));
#8798 = ORIENTED_EDGE('',*,*,#8799,.T.);
#8799 = EDGE_CURVE('',#8790,#8800,#8802,.T.);
#8800 = VERTEX_POINT('',#8801);
#8801 = CARTESIAN_POINT('',(12.3,0.,7.7));
#8802 = LINE('',#8803,#8804);
#8803 = CARTESIAN_POINT('',(12.1,0.,7.7));
#8804 = VECTOR('',#8805,1.);
#8805 = DIRECTION('',(1.,0.,-0.));
#8806 = ORIENTED_EDGE('',*,*,#8807,.T.);
#8807 = EDGE_CURVE('',#8800,#8808,#8810,.T.);
#8808 = VERTEX_POINT('',#8809);
#8809 = CARTESIAN_POINT('',(12.3,0.,7.9));
#8810 = LINE('',#8811,#8812);
#8811 = CARTESIAN_POINT('',(12.3,0.,7.7));
#8812 = VECTOR('',#8813,1.);
#8813 = DIRECTION('',(0.,0.,1.));
#8814 = ORIENTED_EDGE('',*,*,#8815,.F.);
#8815 = EDGE_CURVE('',#8792,#8808,#8816,.T.);
#8816 = LINE('',#8817,#8818);
#8817 = CARTESIAN_POINT('',(12.1,0.,7.9));
#8818 = VECTOR('',#8819,1.);
#8819 = DIRECTION('',(1.,0.,-0.));
#8820 = PLANE('',#8821);
#8821 = AXIS2_PLACEMENT_3D('',#8822,#8823,#8824);
#8822 = CARTESIAN_POINT('',(11.2,0.,6.8));
#8823 = DIRECTION('',(-0.,1.,0.));
#8824 = DIRECTION('',(0.,0.,1.));
#8825 = ( GEOMETRIC_REPRESENTATION_CONTEXT(3) 
GLOBAL_UNCERTAINTY_ASSIGNED_CONTEXT((#8829)) 
GLOBAL_UNIT_ASSIGNED_CONTEXT((#8826,#8827,#8828)) REPRESENTATION_CONTEXT
('Context #1','3D Context with UNIT and UNCERTAINTY') );
#8826 = ( LENGTH_UNIT() NAMED_UNIT(*) SI_UNIT(.MILLI.,.METRE.) );
#8827 = ( NAMED_UNIT(*) PLANE_ANGLE_UNIT() SI_UNIT($,.RADIAN.) );
#8828 = ( NAMED_UNIT(*) SI_UNIT($,.STERADIAN.) SOLID_ANGLE_UNIT() );
#8829 = UNCERTAINTY_MEASURE_WITH_UNIT(LENGTH_MEASURE(1.E-07),#8826,
  'distance_accuracy_value','confusion accuracy');
#8830 = CONTEXT_DEPENDENT_SHAPE_REPRESENTATION(#8831,#8833);
#8831 = ( REPRESENTATION_RELATIONSHIP('','',#8748,#7810) 
REPRESENTATION_RELATIONSHIP_WITH_TRANSFORMATION(#8832) 
SHAPE_REPRESENTATION_RELATIONSHIP() );
#8832 = ITEM_DEFINED_TRANSFORMATION('','',#11,#7847);
#8833 = PRODUCT_DEFINITION_SHAPE('Placement','Placement of an item',
  #8834);
#8834 = NEXT_ASSEMBLY_USAGE_OCCURRENCE('350','Core_bottom_surface_3_2',
  '',#7805,#8743,$);
#8835 = PRODUCT_RELATED_PRODUCT_CATEGORY('part',$,(#8745));
#8836 = SHAPE_DEFINITION_REPRESENTATION(#8837,#8843);
#8837 = PRODUCT_DEFINITION_SHAPE('','',#8838);
#8838 = PRODUCT_DEFINITION('design','',#8839,#8842);
#8839 = PRODUCT_DEFINITION_FORMATION('','',#8840);
#8840 = PRODUCT('Core_bottom_surface_3_3','Core_bottom_surface_3_3','',(
    #8841));
#8841 = PRODUCT_CONTEXT('',#2,'mechanical');
#8842 = PRODUCT_DEFINITION_CONTEXT('part definition',#2,'design');
#8843 = MANIFOLD_SURFACE_SHAPE_REPRESENTATION('',(#11,#8844),#8920);
#8844 = SHELL_BASED_SURFACE_MODEL('',(#8845));
#8845 = OPEN_SHELL('',(#8846));
#8846 = ADVANCED_FACE('',(#8847,#8881),#8915,.F.);
#8847 = FACE_BOUND('',#8848,.F.);
#8848 = EDGE_LOOP('',(#8849,#8859,#8867,#8875));
#8849 = ORIENTED_EDGE('',*,*,#8850,.F.);
#8850 = EDGE_CURVE('',#8851,#8853,#8855,.T.);
#8851 = VERTEX_POINT('',#8852);
#8852 = CARTESIAN_POINT('',(11.2,0.,11.2));
#8853 = VERTEX_POINT('',#8854);
#8854 = CARTESIAN_POINT('',(13.2,0.,11.2));
#8855 = LINE('',#8856,#8857);
#8856 = CARTESIAN_POINT('',(11.2,0.,11.2));
#8857 = VECTOR('',#8858,1.);
#8858 = DIRECTION('',(1.,0.,-0.));
#8859 = ORIENTED_EDGE('',*,*,#8860,.T.);
#8860 = EDGE_CURVE('',#8851,#8861,#8863,.T.);
#8861 = VERTEX_POINT('',#8862);
#8862 = CARTESIAN_POINT('',(11.2,0.,13.2));
#8863 = LINE('',#8864,#8865);
#8864 = CARTESIAN_POINT('',(11.2,0.,11.2));
#8865 = VECTOR('',#8866,1.);
#8866 = DIRECTION('',(0.,0.,1.));
#8867 = ORIENTED_EDGE('',*,*,#8868,.T.);
#8868 = EDGE_CURVE('',#8861,#8869,#8871,.T.);
#8869 = VERTEX_POINT('',#8870);
#8870 = CARTESIAN_POINT('',(13.2,0.,13.2));
#8871 = LINE('',#8872,#8873);
#8872 = CARTESIAN_POINT('',(11.2,0.,13.2));
#8873 = VECTOR('',#8874,1.);
#8874 = DIRECTION('',(1.,0.,-0.));
#8875 = ORIENTED_EDGE('',*,*,#8876,.F.);
#8876 = EDGE_CURVE('',#8853,#8869,#8877,.T.);
#8877 = LINE('',#8878,#8879);
#8878 = CARTESIAN_POINT('',(13.2,0.,11.2));
#8879 = VECTOR('',#8880,1.);
#8880 = DIRECTION('',(0.,0.,1.));
#8881 = FACE_BOUND('',#8882,.F.);
#8882 = EDGE_LOOP('',(#8883,#8893,#8901,#8909));
#8883 = ORIENTED_EDGE('',*,*,#8884,.F.);
#8884 = EDGE_CURVE('',#8885,#8887,#8889,.T.);
#8885 = VERTEX_POINT('',#8886);
#8886 = CARTESIAN_POINT('',(12.1,0.,12.1));
#8887 = VERTEX_POINT('',#8888);
#8888 = CARTESIAN_POINT('',(12.1,0.,12.3));
#8889 = LINE('',#8890,#8891);
#8890 = CARTESIAN_POINT('',(12.1,0.,12.1));
#8891 = VECTOR('',#8892,1.);
#8892 = DIRECTION('',(0.,0.,1.));
#8893 = ORIENTED_EDGE('',*,*,#8894,.T.);
#8894 = EDGE_CURVE('',#8885,#8895,#8897,.T.);
#8895 = VERTEX_POINT('',#8896);
#8896 = CARTESIAN_POINT('',(12.3,0.,12.1));
#8897 = LINE('',#8898,#8899);
#8898 = CARTESIAN_POINT('',(12.1,0.,12.1));
#8899 = VECTOR('',#8900,1.);
#8900 = DIRECTION('',(1.,0.,-0.));
#8901 = ORIENTED_EDGE('',*,*,#8902,.T.);
#8902 = EDGE_CURVE('',#8895,#8903,#8905,.T.);
#8903 = VERTEX_POINT('',#8904);
#8904 = CARTESIAN_POINT('',(12.3,0.,12.3));
#8905 = LINE('',#8906,#8907);
#8906 = CARTESIAN_POINT('',(12.3,0.,12.1));
#8907 = VECTOR('',#8908,1.);
#8908 = DIRECTION('',(0.,0.,1.));
#8909 = ORIENTED_EDGE('',*,*,#8910,.F.);
#8910 = EDGE_CURVE('',#8887,#8903,#8911,.T.);
#8911 = LINE('',#8912,#8913);
#8912 = CARTESIAN_POINT('',(12.1,0.,12.3));
#8913 = VECTOR('',#8914,1.);
#8914 = DIRECTION('',(1.,0.,-0.));
#8915 = PLANE('',#8916);
#8916 = AXIS2_PLACEMENT_3D('',#8917,#8918,#8919);
#8917 = CARTESIAN_POINT('',(11.2,0.,11.2));
#8918 = DIRECTION('',(-0.,1.,0.));
#8919 = DIRECTION('',(0.,0.,1.));
#8920 = ( GEOMETRIC_REPRESENTATION_CONTEXT(3) 
GLOBAL_UNCERTAINTY_ASSIGNED_CONTEXT((#8924)) 
GLOBAL_UNIT_ASSIGNED_CONTEXT((#8921,#8922,#8923)) REPRESENTATION_CONTEXT
('Context #1','3D Context with UNIT and UNCERTAINTY') );
#8921 = ( LENGTH_UNIT() NAMED_UNIT(*) SI_UNIT(.MILLI.,.METRE.) );
#8922 = ( NAMED_UNIT(*) PLANE_ANGLE_UNIT() SI_UNIT($,.RADIAN.) );
#8923 = ( NAMED_UNIT(*) SI_UNIT($,.STERADIAN.) SOLID_ANGLE_UNIT() );
#8924 = UNCERTAINTY_MEASURE_WITH_UNIT(LENGTH_MEASURE(1.E-07),#8921,
  'distance_accuracy_value','confusion accuracy');
#8925 = CONTEXT_DEPENDENT_SHAPE_REPRESENTATION(#8926,#8928);
#8926 = ( REPRESENTATION_RELATIONSHIP('','',#8843,#7810) 
REPRESENTATION_RELATIONSHIP_WITH_TRANSFORMATION(#8927) 
SHAPE_REPRESENTATION_RELATIONSHIP() );
#8927 = ITEM_DEFINED_TRANSFORMATION('','',#11,#7851);
#8928 = PRODUCT_DEFINITION_SHAPE('Placement','Placement of an item',
  #8929);
#8929 = NEXT_ASSEMBLY_USAGE_OCCURRENCE('351','Core_bottom_surface_3_3',
  '',#7805,#8838,$);
#8930 = PRODUCT_RELATED_PRODUCT_CATEGORY('part',$,(#8840));
#8931 = SHAPE_DEFINITION_REPRESENTATION(#8932,#8938);
#8932 = PRODUCT_DEFINITION_SHAPE('','',#8933);
#8933 = PRODUCT_DEFINITION('design','',#8934,#8937);
#8934 = PRODUCT_DEFINITION_FORMATION('','',#8935);
#8935 = PRODUCT('Core_bottom_surface_3_4','Core_bottom_surface_3_4','',(
    #8936));
#8936 = PRODUCT_CONTEXT('',#2,'mechanical');
#8937 = PRODUCT_DEFINITION_CONTEXT('part definition',#2,'design');
#8938 = MANIFOLD_SURFACE_SHAPE_REPRESENTATION('',(#11,#8939),#9015);
#8939 = SHELL_BASED_SURFACE_MODEL('',(#8940));
#8940 = OPEN_SHELL('',(#8941));
#8941 = ADVANCED_FACE('',(#8942,#8976),#9010,.F.);
#8942 = FACE_BOUND('',#8943,.F.);
#8943 = EDGE_LOOP('',(#8944,#8954,#8962,#8970));
#8944 = ORIENTED_EDGE('',*,*,#8945,.F.);
#8945 = EDGE_CURVE('',#8946,#8948,#8950,.T.);
#8946 = VERTEX_POINT('',#8947);
#8947 = CARTESIAN_POINT('',(11.2,0.,15.6));
#8948 = VERTEX_POINT('',#8949);
#8949 = CARTESIAN_POINT('',(13.2,0.,15.6));
#8950 = LINE('',#8951,#8952);
#8951 = CARTESIAN_POINT('',(11.2,0.,15.6));
#8952 = VECTOR('',#8953,1.);
#8953 = DIRECTION('',(1.,0.,-0.));
#8954 = ORIENTED_EDGE('',*,*,#8955,.T.);
#8955 = EDGE_CURVE('',#8946,#8956,#8958,.T.);
#8956 = VERTEX_POINT('',#8957);
#8957 = CARTESIAN_POINT('',(11.2,0.,17.6));
#8958 = LINE('',#8959,#8960);
#8959 = CARTESIAN_POINT('',(11.2,0.,15.6));
#8960 = VECTOR('',#8961,1.);
#8961 = DIRECTION('',(0.,0.,1.));
#8962 = ORIENTED_EDGE('',*,*,#8963,.T.);
#8963 = EDGE_CURVE('',#8956,#8964,#8966,.T.);
#8964 = VERTEX_POINT('',#8965);
#8965 = CARTESIAN_POINT('',(13.2,0.,17.6));
#8966 = LINE('',#8967,#8968);
#8967 = CARTESIAN_POINT('',(11.2,0.,17.6));
#8968 = VECTOR('',#8969,1.);
#8969 = DIRECTION('',(1.,0.,-0.));
#8970 = ORIENTED_EDGE('',*,*,#8971,.F.);
#8971 = EDGE_CURVE('',#8948,#8964,#8972,.T.);
#8972 = LINE('',#8973,#8974);
#8973 = CARTESIAN_POINT('',(13.2,0.,15.6));
#8974 = VECTOR('',#8975,1.);
#8975 = DIRECTION('',(0.,0.,1.));
#8976 = FACE_BOUND('',#8977,.F.);
#8977 = EDGE_LOOP('',(#8978,#8988,#8996,#9004));
#8978 = ORIENTED_EDGE('',*,*,#8979,.F.);
#8979 = EDGE_CURVE('',#8980,#8982,#8984,.T.);
#8980 = VERTEX_POINT('',#8981);
#8981 = CARTESIAN_POINT('',(12.1,0.,16.5));
#8982 = VERTEX_POINT('',#8983);
#8983 = CARTESIAN_POINT('',(12.1,0.,16.7));
#8984 = LINE('',#8985,#8986);
#8985 = CARTESIAN_POINT('',(12.1,0.,16.5));
#8986 = VECTOR('',#8987,1.);
#8987 = DIRECTION('',(0.,0.,1.));
#8988 = ORIENTED_EDGE('',*,*,#8989,.T.);
#8989 = EDGE_CURVE('',#8980,#8990,#8992,.T.);
#8990 = VERTEX_POINT('',#8991);
#8991 = CARTESIAN_POINT('',(12.3,0.,16.5));
#8992 = LINE('',#8993,#8994);
#8993 = CARTESIAN_POINT('',(12.1,0.,16.5));
#8994 = VECTOR('',#8995,1.);
#8995 = DIRECTION('',(1.,0.,-0.));
#8996 = ORIENTED_EDGE('',*,*,#8997,.T.);
#8997 = EDGE_CURVE('',#8990,#8998,#9000,.T.);
#8998 = VERTEX_POINT('',#8999);
#8999 = CARTESIAN_POINT('',(12.3,0.,16.7));
#9000 = LINE('',#9001,#9002);
#9001 = CARTESIAN_POINT('',(12.3,0.,16.5));
#9002 = VECTOR('',#9003,1.);
#9003 = DIRECTION('',(0.,0.,1.));
#9004 = ORIENTED_EDGE('',*,*,#9005,.F.);
#9005 = EDGE_CURVE('',#8982,#8998,#9006,.T.);
#9006 = LINE('',#9007,#9008);
#9007 = CARTESIAN_POINT('',(12.1,0.,16.7));
#9008 = VECTOR('',#9009,1.);
#9009 = DIRECTION('',(1.,0.,-0.));
#9010 = PLANE('',#9011);
#9011 = AXIS2_PLACEMENT_3D('',#9012,#9013,#9014);
#9012 = CARTESIAN_POINT('',(11.2,0.,15.6));
#9013 = DIRECTION('',(-0.,1.,0.));
#9014 = DIRECTION('',(0.,0.,1.));
#9015 = ( GEOMETRIC_REPRESENTATION_CONTEXT(3) 
GLOBAL_UNCERTAINTY_ASSIGNED_CONTEXT((#9019)) 
GLOBAL_UNIT_ASSIGNED_CONTEXT((#9016,#9017,#9018)) REPRESENTATION_CONTEXT
('Context #1','3D Context with UNIT and UNCERTAINTY') );
#9016 = ( LENGTH_UNIT() NAMED_UNIT(*) SI_UNIT(.MILLI.,.METRE.) );
#9017 = ( NAMED_UNIT(*) PLANE_ANGLE_UNIT() SI_UNIT($,.RADIAN.) );
#9018 = ( NAMED_UNIT(*) SI_UNIT($,.STERADIAN.) SOLID_ANGLE_UNIT() );
#9019 = UNCERTAINTY_MEASURE_WITH_UNIT(LENGTH_MEASURE(1.E-07),#9016,
  'distance_accuracy_value','confusion accuracy');
#9020 = CONTEXT_DEPENDENT_SHAPE_REPRESENTATION(#9021,#9023);
#9021 = ( REPRESENTATION_RELATIONSHIP('','',#8938,#7810) 
REPRESENTATION_RELATIONSHIP_WITH_TRANSFORMATION(#9022) 
SHAPE_REPRESENTATION_RELATIONSHIP() );
#9022 = ITEM_DEFINED_TRANSFORMATION('','',#11,#7855);
#9023 = PRODUCT_DEFINITION_SHAPE('Placement','Placement of an item',
  #9024);
#9024 = NEXT_ASSEMBLY_USAGE_OCCURRENCE('352','Core_bottom_surface_3_4',
  '',#7805,#8933,$);
#9025 = PRODUCT_RELATED_PRODUCT_CATEGORY('part',$,(#8935));
#9026 = SHAPE_DEFINITION_REPRESENTATION(#9027,#9033);
#9027 = PRODUCT_DEFINITION_SHAPE('','',#9028);
#9028 = PRODUCT_DEFINITION('design','',#9029,#9032);
#9029 = PRODUCT_DEFINITION_FORMATION('','',#9030);
#9030 = PRODUCT('Core_bottom_surface_4_1','Core_bottom_surface_4_1','',(
    #9031));
#9031 = PRODUCT_CONTEXT('',#2,'mechanical');
#9032 = PRODUCT_DEFINITION_CONTEXT('part definition',#2,'design');
#9033 = MANIFOLD_SURFACE_SHAPE_REPRESENTATION('',(#11,#9034),#9110);
#9034 = SHELL_BASED_SURFACE_MODEL('',(#9035));
#9035 = OPEN_SHELL('',(#9036));
#9036 = ADVANCED_FACE('',(#9037,#9071),#9105,.F.);
#9037 = FACE_BOUND('',#9038,.F.);
#9038 = EDGE_LOOP('',(#9039,#9049,#9057,#9065));
#9039 = ORIENTED_EDGE('',*,*,#9040,.F.);
#9040 = EDGE_CURVE('',#9041,#9043,#9045,.T.);
#9041 = VERTEX_POINT('',#9042);
#9042 = CARTESIAN_POINT('',(15.6,0.,2.4));
#9043 = VERTEX_POINT('',#9044);
#9044 = CARTESIAN_POINT('',(17.6,0.,2.4));
#9045 = LINE('',#9046,#9047);
#9046 = CARTESIAN_POINT('',(15.6,0.,2.4));
#9047 = VECTOR('',#9048,1.);
#9048 = DIRECTION('',(1.,0.,-0.));
#9049 = ORIENTED_EDGE('',*,*,#9050,.T.);
#9050 = EDGE_CURVE('',#9041,#9051,#9053,.T.);
#9051 = VERTEX_POINT('',#9052);
#9052 = CARTESIAN_POINT('',(15.6,0.,4.4));
#9053 = LINE('',#9054,#9055);
#9054 = CARTESIAN_POINT('',(15.6,0.,2.4));
#9055 = VECTOR('',#9056,1.);
#9056 = DIRECTION('',(0.,0.,1.));
#9057 = ORIENTED_EDGE('',*,*,#9058,.T.);
#9058 = EDGE_CURVE('',#9051,#9059,#9061,.T.);
#9059 = VERTEX_POINT('',#9060);
#9060 = CARTESIAN_POINT('',(17.6,0.,4.4));
#9061 = LINE('',#9062,#9063);
#9062 = CARTESIAN_POINT('',(15.6,0.,4.4));
#9063 = VECTOR('',#9064,1.);
#9064 = DIRECTION('',(1.,0.,-0.));
#9065 = ORIENTED_EDGE('',*,*,#9066,.F.);
#9066 = EDGE_CURVE('',#9043,#9059,#9067,.T.);
#9067 = LINE('',#9068,#9069);
#9068 = CARTESIAN_POINT('',(17.6,0.,2.4));
#9069 = VECTOR('',#9070,1.);
#9070 = DIRECTION('',(0.,0.,1.));
#9071 = FACE_BOUND('',#9072,.F.);
#9072 = EDGE_LOOP('',(#9073,#9083,#9091,#9099));
#9073 = ORIENTED_EDGE('',*,*,#9074,.F.);
#9074 = EDGE_CURVE('',#9075,#9077,#9079,.T.);
#9075 = VERTEX_POINT('',#9076);
#9076 = CARTESIAN_POINT('',(16.5,0.,3.3));
#9077 = VERTEX_POINT('',#9078);
#9078 = CARTESIAN_POINT('',(16.5,0.,3.5));
#9079 = LINE('',#9080,#9081);
#9080 = CARTESIAN_POINT('',(16.5,0.,3.3));
#9081 = VECTOR('',#9082,1.);
#9082 = DIRECTION('',(0.,0.,1.));
#9083 = ORIENTED_EDGE('',*,*,#9084,.T.);
#9084 = EDGE_CURVE('',#9075,#9085,#9087,.T.);
#9085 = VERTEX_POINT('',#9086);
#9086 = CARTESIAN_POINT('',(16.7,0.,3.3));
#9087 = LINE('',#9088,#9089);
#9088 = CARTESIAN_POINT('',(16.5,0.,3.3));
#9089 = VECTOR('',#9090,1.);
#9090 = DIRECTION('',(1.,0.,-0.));
#9091 = ORIENTED_EDGE('',*,*,#9092,.T.);
#9092 = EDGE_CURVE('',#9085,#9093,#9095,.T.);
#9093 = VERTEX_POINT('',#9094);
#9094 = CARTESIAN_POINT('',(16.7,0.,3.5));
#9095 = LINE('',#9096,#9097);
#9096 = CARTESIAN_POINT('',(16.7,0.,3.3));
#9097 = VECTOR('',#9098,1.);
#9098 = DIRECTION('',(0.,0.,1.));
#9099 = ORIENTED_EDGE('',*,*,#9100,.F.);
#9100 = EDGE_CURVE('',#9077,#9093,#9101,.T.);
#9101 = LINE('',#9102,#9103);
#9102 = CARTESIAN_POINT('',(16.5,0.,3.5));
#9103 = VECTOR('',#9104,1.);
#9104 = DIRECTION('',(1.,0.,-0.));
#9105 = PLANE('',#9106);
#9106 = AXIS2_PLACEMENT_3D('',#9107,#9108,#9109);
#9107 = CARTESIAN_POINT('',(15.6,0.,2.4));
#9108 = DIRECTION('',(-0.,1.,0.));
#9109 = DIRECTION('',(0.,0.,1.));
#9110 = ( GEOMETRIC_REPRESENTATION_CONTEXT(3) 
GLOBAL_UNCERTAINTY_ASSIGNED_CONTEXT((#9114)) 
GLOBAL_UNIT_ASSIGNED_CONTEXT((#9111,#9112,#9113)) REPRESENTATION_CONTEXT
('Context #1','3D Context with UNIT and UNCERTAINTY') );
#9111 = ( LENGTH_UNIT() NAMED_UNIT(*) SI_UNIT(.MILLI.,.METRE.) );
#9112 = ( NAMED_UNIT(*) PLANE_ANGLE_UNIT() SI_UNIT($,.RADIAN.) );
#9113 = ( NAMED_UNIT(*) SI_UNIT($,.STERADIAN.) SOLID_ANGLE_UNIT() );
#9114 = UNCERTAINTY_MEASURE_WITH_UNIT(LENGTH_MEASURE(1.E-07),#9111,
  'distance_accuracy_value','confusion accuracy');
#9115 = CONTEXT_DEPENDENT_SHAPE_REPRESENTATION(#9116,#9118);
#9116 = ( REPRESENTATION_RELATIONSHIP('','',#9033,#7810) 
REPRESENTATION_RELATIONSHIP_WITH_TRANSFORMATION(#9117) 
SHAPE_REPRESENTATION_RELATIONSHIP() );
#9117 = ITEM_DEFINED_TRANSFORMATION('','',#11,#7859);
#9118 = PRODUCT_DEFINITION_SHAPE('Placement','Placement of an item',
  #9119);
#9119 = NEXT_ASSEMBLY_USAGE_OCCURRENCE('353','Core_bottom_surface_4_1',
  '',#7805,#9028,$);
#9120 = PRODUCT_RELATED_PRODUCT_CATEGORY('part',$,(#9030));
#9121 = SHAPE_DEFINITION_REPRESENTATION(#9122,#9128);
#9122 = PRODUCT_DEFINITION_SHAPE('','',#9123);
#9123 = PRODUCT_DEFINITION('design','',#9124,#9127);
#9124 = PRODUCT_DEFINITION_FORMATION('','',#9125);
#9125 = PRODUCT('Core_bottom_surface_4_2','Core_bottom_surface_4_2','',(
    #9126));
#9126 = PRODUCT_CONTEXT('',#2,'mechanical');
#9127 = PRODUCT_DEFINITION_CONTEXT('part definition',#2,'design');
#9128 = MANIFOLD_SURFACE_SHAPE_REPRESENTATION('',(#11,#9129),#9205);
#9129 = SHELL_BASED_SURFACE_MODEL('',(#9130));
#9130 = OPEN_SHELL('',(#9131));
#9131 = ADVANCED_FACE('',(#9132,#9166),#9200,.F.);
#9132 = FACE_BOUND('',#9133,.F.);
#9133 = EDGE_LOOP('',(#9134,#9144,#9152,#9160));
#9134 = ORIENTED_EDGE('',*,*,#9135,.F.);
#9135 = EDGE_CURVE('',#9136,#9138,#9140,.T.);
#9136 = VERTEX_POINT('',#9137);
#9137 = CARTESIAN_POINT('',(15.6,0.,6.8));
#9138 = VERTEX_POINT('',#9139);
#9139 = CARTESIAN_POINT('',(17.6,0.,6.8));
#9140 = LINE('',#9141,#9142);
#9141 = CARTESIAN_POINT('',(15.6,0.,6.8));
#9142 = VECTOR('',#9143,1.);
#9143 = DIRECTION('',(1.,0.,-0.));
#9144 = ORIENTED_EDGE('',*,*,#9145,.T.);
#9145 = EDGE_CURVE('',#9136,#9146,#9148,.T.);
#9146 = VERTEX_POINT('',#9147);
#9147 = CARTESIAN_POINT('',(15.6,0.,8.8));
#9148 = LINE('',#9149,#9150);
#9149 = CARTESIAN_POINT('',(15.6,0.,6.8));
#9150 = VECTOR('',#9151,1.);
#9151 = DIRECTION('',(0.,0.,1.));
#9152 = ORIENTED_EDGE('',*,*,#9153,.T.);
#9153 = EDGE_CURVE('',#9146,#9154,#9156,.T.);
#9154 = VERTEX_POINT('',#9155);
#9155 = CARTESIAN_POINT('',(17.6,0.,8.8));
#9156 = LINE('',#9157,#9158);
#9157 = CARTESIAN_POINT('',(15.6,0.,8.8));
#9158 = VECTOR('',#9159,1.);
#9159 = DIRECTION('',(1.,0.,-0.));
#9160 = ORIENTED_EDGE('',*,*,#9161,.F.);
#9161 = EDGE_CURVE('',#9138,#9154,#9162,.T.);
#9162 = LINE('',#9163,#9164);
#9163 = CARTESIAN_POINT('',(17.6,0.,6.8));
#9164 = VECTOR('',#9165,1.);
#9165 = DIRECTION('',(0.,0.,1.));
#9166 = FACE_BOUND('',#9167,.F.);
#9167 = EDGE_LOOP('',(#9168,#9178,#9186,#9194));
#9168 = ORIENTED_EDGE('',*,*,#9169,.F.);
#9169 = EDGE_CURVE('',#9170,#9172,#9174,.T.);
#9170 = VERTEX_POINT('',#9171);
#9171 = CARTESIAN_POINT('',(16.5,0.,7.7));
#9172 = VERTEX_POINT('',#9173);
#9173 = CARTESIAN_POINT('',(16.5,0.,7.9));
#9174 = LINE('',#9175,#9176);
#9175 = CARTESIAN_POINT('',(16.5,0.,7.7));
#9176 = VECTOR('',#9177,1.);
#9177 = DIRECTION('',(0.,0.,1.));
#9178 = ORIENTED_EDGE('',*,*,#9179,.T.);
#9179 = EDGE_CURVE('',#9170,#9180,#9182,.T.);
#9180 = VERTEX_POINT('',#9181);
#9181 = CARTESIAN_POINT('',(16.7,0.,7.7));
#9182 = LINE('',#9183,#9184);
#9183 = CARTESIAN_POINT('',(16.5,0.,7.7));
#9184 = VECTOR('',#9185,1.);
#9185 = DIRECTION('',(1.,0.,-0.));
#9186 = ORIENTED_EDGE('',*,*,#9187,.T.);
#9187 = EDGE_CURVE('',#9180,#9188,#9190,.T.);
#9188 = VERTEX_POINT('',#9189);
#9189 = CARTESIAN_POINT('',(16.7,0.,7.9));
#9190 = LINE('',#9191,#9192);
#9191 = CARTESIAN_POINT('',(16.7,0.,7.7));
#9192 = VECTOR('',#9193,1.);
#9193 = DIRECTION('',(0.,0.,1.));
#9194 = ORIENTED_EDGE('',*,*,#9195,.F.);
#9195 = EDGE_CURVE('',#9172,#9188,#9196,.T.);
#9196 = LINE('',#9197,#9198);
#9197 = CARTESIAN_POINT('',(16.5,0.,7.9));
#9198 = VECTOR('',#9199,1.);
#9199 = DIRECTION('',(1.,0.,-0.));
#9200 = PLANE('',#9201);
#9201 = AXIS2_PLACEMENT_3D('',#9202,#9203,#9204);
#9202 = CARTESIAN_POINT('',(15.6,0.,6.8));
#9203 = DIRECTION('',(-0.,1.,0.));
#9204 = DIRECTION('',(0.,0.,1.));
#9205 = ( GEOMETRIC_REPRESENTATION_CONTEXT(3) 
GLOBAL_UNCERTAINTY_ASSIGNED_CONTEXT((#9209)) 
GLOBAL_UNIT_ASSIGNED_CONTEXT((#9206,#9207,#9208)) REPRESENTATION_CONTEXT
('Context #1','3D Context with UNIT and UNCERTAINTY') );
#9206 = ( LENGTH_UNIT() NAMED_UNIT(*) SI_UNIT(.MILLI.,.METRE.) );
#9207 = ( NAMED_UNIT(*) PLANE_ANGLE_UNIT() SI_UNIT($,.RADIAN.) );
#9208 = ( NAMED_UNIT(*) SI_UNIT($,.STERADIAN.) SOLID_ANGLE_UNIT() );
#9209 = UNCERTAINTY_MEASURE_WITH_UNIT(LENGTH_MEASURE(1.E-07),#9206,
  'distance_accuracy_value','confusion accuracy');
#9210 = CONTEXT_DEPENDENT_SHAPE_REPRESENTATION(#9211,#9213);
#9211 = ( REPRESENTATION_RELATIONSHIP('','',#9128,#7810) 
REPRESENTATION_RELATIONSHIP_WITH_TRANSFORMATION(#9212) 
SHAPE_REPRESENTATION_RELATIONSHIP() );
#9212 = ITEM_DEFINED_TRANSFORMATION('','',#11,#7863);
#9213 = PRODUCT_DEFINITION_SHAPE('Placement','Placement of an item',
  #9214);
#9214 = NEXT_ASSEMBLY_USAGE_OCCURRENCE('354','Core_bottom_surface_4_2',
  '',#7805,#9123,$);
#9215 = PRODUCT_RELATED_PRODUCT_CATEGORY('part',$,(#9125));
#9216 = SHAPE_DEFINITION_REPRESENTATION(#9217,#9223);
#9217 = PRODUCT_DEFINITION_SHAPE('','',#9218);
#9218 = PRODUCT_DEFINITION('design','',#9219,#9222);
#9219 = PRODUCT_DEFINITION_FORMATION('','',#9220);
#9220 = PRODUCT('Core_bottom_surface_4_3','Core_bottom_surface_4_3','',(
    #9221));
#9221 = PRODUCT_CONTEXT('',#2,'mechanical');
#9222 = PRODUCT_DEFINITION_CONTEXT('part definition',#2,'design');
#9223 = MANIFOLD_SURFACE_SHAPE_REPRESENTATION('',(#11,#9224),#9300);
#9224 = SHELL_BASED_SURFACE_MODEL('',(#9225));
#9225 = OPEN_SHELL('',(#9226));
#9226 = ADVANCED_FACE('',(#9227,#9261),#9295,.F.);
#9227 = FACE_BOUND('',#9228,.F.);
#9228 = EDGE_LOOP('',(#9229,#9239,#9247,#9255));
#9229 = ORIENTED_EDGE('',*,*,#9230,.F.);
#9230 = EDGE_CURVE('',#9231,#9233,#9235,.T.);
#9231 = VERTEX_POINT('',#9232);
#9232 = CARTESIAN_POINT('',(15.6,0.,11.2));
#9233 = VERTEX_POINT('',#9234);
#9234 = CARTESIAN_POINT('',(17.6,0.,11.2));
#9235 = LINE('',#9236,#9237);
#9236 = CARTESIAN_POINT('',(15.6,0.,11.2));
#9237 = VECTOR('',#9238,1.);
#9238 = DIRECTION('',(1.,0.,-0.));
#9239 = ORIENTED_EDGE('',*,*,#9240,.T.);
#9240 = EDGE_CURVE('',#9231,#9241,#9243,.T.);
#9241 = VERTEX_POINT('',#9242);
#9242 = CARTESIAN_POINT('',(15.6,0.,13.2));
#9243 = LINE('',#9244,#9245);
#9244 = CARTESIAN_POINT('',(15.6,0.,11.2));
#9245 = VECTOR('',#9246,1.);
#9246 = DIRECTION('',(0.,0.,1.));
#9247 = ORIENTED_EDGE('',*,*,#9248,.T.);
#9248 = EDGE_CURVE('',#9241,#9249,#9251,.T.);
#9249 = VERTEX_POINT('',#9250);
#9250 = CARTESIAN_POINT('',(17.6,0.,13.2));
#9251 = LINE('',#9252,#9253);
#9252 = CARTESIAN_POINT('',(15.6,0.,13.2));
#9253 = VECTOR('',#9254,1.);
#9254 = DIRECTION('',(1.,0.,-0.));
#9255 = ORIENTED_EDGE('',*,*,#9256,.F.);
#9256 = EDGE_CURVE('',#9233,#9249,#9257,.T.);
#9257 = LINE('',#9258,#9259);
#9258 = CARTESIAN_POINT('',(17.6,0.,11.2));
#9259 = VECTOR('',#9260,1.);
#9260 = DIRECTION('',(0.,0.,1.));
#9261 = FACE_BOUND('',#9262,.F.);
#9262 = EDGE_LOOP('',(#9263,#9273,#9281,#9289));
#9263 = ORIENTED_EDGE('',*,*,#9264,.F.);
#9264 = EDGE_CURVE('',#9265,#9267,#9269,.T.);
#9265 = VERTEX_POINT('',#9266);
#9266 = CARTESIAN_POINT('',(16.5,0.,12.1));
#9267 = VERTEX_POINT('',#9268);
#9268 = CARTESIAN_POINT('',(16.5,0.,12.3));
#9269 = LINE('',#9270,#9271);
#9270 = CARTESIAN_POINT('',(16.5,0.,12.1));
#9271 = VECTOR('',#9272,1.);
#9272 = DIRECTION('',(0.,0.,1.));
#9273 = ORIENTED_EDGE('',*,*,#9274,.T.);
#9274 = EDGE_CURVE('',#9265,#9275,#9277,.T.);
#9275 = VERTEX_POINT('',#9276);
#9276 = CARTESIAN_POINT('',(16.7,0.,12.1));
#9277 = LINE('',#9278,#9279);
#9278 = CARTESIAN_POINT('',(16.5,0.,12.1));
#9279 = VECTOR('',#9280,1.);
#9280 = DIRECTION('',(1.,0.,-0.));
#9281 = ORIENTED_EDGE('',*,*,#9282,.T.);
#9282 = EDGE_CURVE('',#9275,#9283,#9285,.T.);
#9283 = VERTEX_POINT('',#9284);
#9284 = CARTESIAN_POINT('',(16.7,0.,12.3));
#9285 = LINE('',#9286,#9287);
#9286 = CARTESIAN_POINT('',(16.7,0.,12.1));
#9287 = VECTOR('',#9288,1.);
#9288 = DIRECTION('',(0.,0.,1.));
#9289 = ORIENTED_EDGE('',*,*,#9290,.F.);
#9290 = EDGE_CURVE('',#9267,#9283,#9291,.T.);
#9291 = LINE('',#9292,#9293);
#9292 = CARTESIAN_POINT('',(16.5,0.,12.3));
#9293 = VECTOR('',#9294,1.);
#9294 = DIRECTION('',(1.,0.,-0.));
#9295 = PLANE('',#9296);
#9296 = AXIS2_PLACEMENT_3D('',#9297,#9298,#9299);
#9297 = CARTESIAN_POINT('',(15.6,0.,11.2));
#9298 = DIRECTION('',(-0.,1.,0.));
#9299 = DIRECTION('',(0.,0.,1.));
#9300 = ( GEOMETRIC_REPRESENTATION_CONTEXT(3) 
GLOBAL_UNCERTAINTY_ASSIGNED_CONTEXT((#9304)) 
GLOBAL_UNIT_ASSIGNED_CONTEXT((#9301,#9302,#9303)) REPRESENTATION_CONTEXT
('Context #1','3D Context with UNIT and UNCERTAINTY') );
#9301 = ( LENGTH_UNIT() NAMED_UNIT(*) SI_UNIT(.MILLI.,.METRE.) );
#9302 = ( NAMED_UNIT(*) PLANE_ANGLE_UNIT() SI_UNIT($,.RADIAN.) );
#9303 = ( NAMED_UNIT(*) SI_UNIT($,.STERADIAN.) SOLID_ANGLE_UNIT() );
#9304 = UNCERTAINTY_MEASURE_WITH_UNIT(LENGTH_MEASURE(1.E-07),#9301,
  'distance_accuracy_value','confusion accuracy');
#9305 = CONTEXT_DEPENDENT_SHAPE_REPRESENTATION(#9306,#9308);
#9306 = ( REPRESENTATION_RELATIONSHIP('','',#9223,#7810) 
REPRESENTATION_RELATIONSHIP_WITH_TRANSFORMATION(#9307) 
SHAPE_REPRESENTATION_RELATIONSHIP() );
#9307 = ITEM_DEFINED_TRANSFORMATION('','',#11,#7867);
#9308 = PRODUCT_DEFINITION_SHAPE('Placement','Placement of an item',
  #9309);
#9309 = NEXT_ASSEMBLY_USAGE_OCCURRENCE('355','Core_bottom_surface_4_3',
  '',#7805,#9218,$);
#9310 = PRODUCT_RELATED_PRODUCT_CATEGORY('part',$,(#9220));
#9311 = SHAPE_DEFINITION_REPRESENTATION(#9312,#9318);
#9312 = PRODUCT_DEFINITION_SHAPE('','',#9313);
#9313 = PRODUCT_DEFINITION('design','',#9314,#9317);
#9314 = PRODUCT_DEFINITION_FORMATION('','',#9315);
#9315 = PRODUCT('Core_bottom_surface_4_4','Core_bottom_surface_4_4','',(
    #9316));
#9316 = PRODUCT_CONTEXT('',#2,'mechanical');
#9317 = PRODUCT_DEFINITION_CONTEXT('part definition',#2,'design');
#9318 = MANIFOLD_SURFACE_SHAPE_REPRESENTATION('',(#11,#9319),#9395);
#9319 = SHELL_BASED_SURFACE_MODEL('',(#9320));
#9320 = OPEN_SHELL('',(#9321));
#9321 = ADVANCED_FACE('',(#9322,#9356),#9390,.F.);
#9322 = FACE_BOUND('',#9323,.F.);
#9323 = EDGE_LOOP('',(#9324,#9334,#9342,#9350));
#9324 = ORIENTED_EDGE('',*,*,#9325,.F.);
#9325 = EDGE_CURVE('',#9326,#9328,#9330,.T.);
#9326 = VERTEX_POINT('',#9327);
#9327 = CARTESIAN_POINT('',(15.6,0.,15.6));
#9328 = VERTEX_POINT('',#9329);
#9329 = CARTESIAN_POINT('',(17.6,0.,15.6));
#9330 = LINE('',#9331,#9332);
#9331 = CARTESIAN_POINT('',(15.6,0.,15.6));
#9332 = VECTOR('',#9333,1.);
#9333 = DIRECTION('',(1.,0.,-0.));
#9334 = ORIENTED_EDGE('',*,*,#9335,.T.);
#9335 = EDGE_CURVE('',#9326,#9336,#9338,.T.);
#9336 = VERTEX_POINT('',#9337);
#9337 = CARTESIAN_POINT('',(15.6,0.,17.6));
#9338 = LINE('',#9339,#9340);
#9339 = CARTESIAN_POINT('',(15.6,0.,15.6));
#9340 = VECTOR('',#9341,1.);
#9341 = DIRECTION('',(0.,0.,1.));
#9342 = ORIENTED_EDGE('',*,*,#9343,.T.);
#9343 = EDGE_CURVE('',#9336,#9344,#9346,.T.);
#9344 = VERTEX_POINT('',#9345);
#9345 = CARTESIAN_POINT('',(17.6,0.,17.6));
#9346 = LINE('',#9347,#9348);
#9347 = CARTESIAN_POINT('',(15.6,0.,17.6));
#9348 = VECTOR('',#9349,1.);
#9349 = DIRECTION('',(1.,0.,-0.));
#9350 = ORIENTED_EDGE('',*,*,#9351,.F.);
#9351 = EDGE_CURVE('',#9328,#9344,#9352,.T.);
#9352 = LINE('',#9353,#9354);
#9353 = CARTESIAN_POINT('',(17.6,0.,15.6));
#9354 = VECTOR('',#9355,1.);
#9355 = DIRECTION('',(0.,0.,1.));
#9356 = FACE_BOUND('',#9357,.F.);
#9357 = EDGE_LOOP('',(#9358,#9368,#9376,#9384));
#9358 = ORIENTED_EDGE('',*,*,#9359,.F.);
#9359 = EDGE_CURVE('',#9360,#9362,#9364,.T.);
#9360 = VERTEX_POINT('',#9361);
#9361 = CARTESIAN_POINT('',(16.5,0.,16.5));
#9362 = VERTEX_POINT('',#9363);
#9363 = CARTESIAN_POINT('',(16.5,0.,16.7));
#9364 = LINE('',#9365,#9366);
#9365 = CARTESIAN_POINT('',(16.5,0.,16.5));
#9366 = VECTOR('',#9367,1.);
#9367 = DIRECTION('',(0.,0.,1.));
#9368 = ORIENTED_EDGE('',*,*,#9369,.T.);
#9369 = EDGE_CURVE('',#9360,#9370,#9372,.T.);
#9370 = VERTEX_POINT('',#9371);
#9371 = CARTESIAN_POINT('',(16.7,0.,16.5));
#9372 = LINE('',#9373,#9374);
#9373 = CARTESIAN_POINT('',(16.5,0.,16.5));
#9374 = VECTOR('',#9375,1.);
#9375 = DIRECTION('',(1.,0.,-0.));
#9376 = ORIENTED_EDGE('',*,*,#9377,.T.);
#9377 = EDGE_CURVE('',#9370,#9378,#9380,.T.);
#9378 = VERTEX_POINT('',#9379);
#9379 = CARTESIAN_POINT('',(16.7,0.,16.7));
#9380 = LINE('',#9381,#9382);
#9381 = CARTESIAN_POINT('',(16.7,0.,16.5));
#9382 = VECTOR('',#9383,1.);
#9383 = DIRECTION('',(0.,0.,1.));
#9384 = ORIENTED_EDGE('',*,*,#9385,.F.);
#9385 = EDGE_CURVE('',#9362,#9378,#9386,.T.);
#9386 = LINE('',#9387,#9388);
#9387 = CARTESIAN_POINT('',(16.5,0.,16.7));
#9388 = VECTOR('',#9389,1.);
#9389 = DIRECTION('',(1.,0.,-0.));
#9390 = PLANE('',#9391);
#9391 = AXIS2_PLACEMENT_3D('',#9392,#9393,#9394);
#9392 = CARTESIAN_POINT('',(15.6,0.,15.6));
#9393 = DIRECTION('',(-0.,1.,0.));
#9394 = DIRECTION('',(0.,0.,1.));
#9395 = ( GEOMETRIC_REPRESENTATION_CONTEXT(3) 
GLOBAL_UNCERTAINTY_ASSIGNED_CONTEXT((#9399)) 
GLOBAL_UNIT_ASSIGNED_CONTEXT((#9396,#9397,#9398)) REPRESENTATION_CONTEXT
('Context #1','3D Context with UNIT and UNCERTAINTY') );
#9396 = ( LENGTH_UNIT() NAMED_UNIT(*) SI_UNIT(.MILLI.,.METRE.) );
#9397 = ( NAMED_UNIT(*) PLANE_ANGLE_UNIT() SI_UNIT($,.RADIAN.) );
#9398 = ( NAMED_UNIT(*) SI_UNIT($,.STERADIAN.) SOLID_ANGLE_UNIT() );
#9399 = UNCERTAINTY_MEASURE_WITH_UNIT(LENGTH_MEASURE(1.E-07),#9396,
  'distance_accuracy_value','confusion accuracy');
#9400 = CONTEXT_DEPENDENT_SHAPE_REPRESENTATION(#9401,#9403);
#9401 = ( REPRESENTATION_RELATIONSHIP('','',#9318,#7810) 
REPRESENTATION_RELATIONSHIP_WITH_TRANSFORMATION(#9402) 
SHAPE_REPRESENTATION_RELATIONSHIP() );
#9402 = ITEM_DEFINED_TRANSFORMATION('','',#11,#7871);
#9403 = PRODUCT_DEFINITION_SHAPE('Placement','Placement of an item',
  #9404);
#9404 = NEXT_ASSEMBLY_USAGE_OCCURRENCE('356','Core_bottom_surface_4_4',
  '',#7805,#9313,$);
#9405 = PRODUCT_RELATED_PRODUCT_CATEGORY('part',$,(#9315));
#9406 = SHAPE_DEFINITION_REPRESENTATION(#9407,#9413);
#9407 = PRODUCT_DEFINITION_SHAPE('','',#9408);
#9408 = PRODUCT_DEFINITION('design','',#9409,#9412);
#9409 = PRODUCT_DEFINITION_FORMATION('','',#9410);
#9410 = PRODUCT('Hotspot_bottom_surfaces','Hotspot_bottom_surfaces','',(
    #9411));
#9411 = PRODUCT_CONTEXT('',#2,'mechanical');
#9412 = PRODUCT_DEFINITION_CONTEXT('part definition',#2,'design');
#9413 = SHAPE_REPRESENTATION('',(#11,#9414,#9418,#9422,#9426,#9430,#9434
    ,#9438,#9442,#9446,#9450,#9454,#9458,#9462,#9466,#9470,#9474),#9478
  );
#9414 = AXIS2_PLACEMENT_3D('',#9415,#9416,#9417);
#9415 = CARTESIAN_POINT('',(3.3,0.,3.3));
#9416 = DIRECTION('',(0.,0.,1.));
#9417 = DIRECTION('',(1.,0.,0.));
#9418 = AXIS2_PLACEMENT_3D('',#9419,#9420,#9421);
#9419 = CARTESIAN_POINT('',(3.3,0.,7.7));
#9420 = DIRECTION('',(0.,0.,1.));
#9421 = DIRECTION('',(1.,0.,0.));
#9422 = AXIS2_PLACEMENT_3D('',#9423,#9424,#9425);
#9423 = CARTESIAN_POINT('',(3.3,0.,12.1));
#9424 = DIRECTION('',(0.,0.,1.));
#9425 = DIRECTION('',(1.,0.,0.));
#9426 = AXIS2_PLACEMENT_3D('',#9427,#9428,#9429);
#9427 = CARTESIAN_POINT('',(3.3,0.,16.5));
#9428 = DIRECTION('',(0.,0.,1.));
#9429 = DIRECTION('',(1.,0.,0.));
#9430 = AXIS2_PLACEMENT_3D('',#9431,#9432,#9433);
#9431 = CARTESIAN_POINT('',(7.7,0.,3.3));
#9432 = DIRECTION('',(0.,0.,1.));
#9433 = DIRECTION('',(1.,0.,0.));
#9434 = AXIS2_PLACEMENT_3D('',#9435,#9436,#9437);
#9435 = CARTESIAN_POINT('',(7.7,0.,7.7));
#9436 = DIRECTION('',(0.,0.,1.));
#9437 = DIRECTION('',(1.,0.,0.));
#9438 = AXIS2_PLACEMENT_3D('',#9439,#9440,#9441);
#9439 = CARTESIAN_POINT('',(7.7,0.,12.1));
#9440 = DIRECTION('',(0.,0.,1.));
#9441 = DIRECTION('',(1.,0.,0.));
#9442 = AXIS2_PLACEMENT_3D('',#9443,#9444,#9445);
#9443 = CARTESIAN_POINT('',(7.7,0.,16.5));
#9444 = DIRECTION('',(0.,0.,1.));
#9445 = DIRECTION('',(1.,0.,0.));
#9446 = AXIS2_PLACEMENT_3D('',#9447,#9448,#9449);
#9447 = CARTESIAN_POINT('',(12.1,0.,3.3));
#9448 = DIRECTION('',(0.,0.,1.));
#9449 = DIRECTION('',(1.,0.,0.));
#9450 = AXIS2_PLACEMENT_3D('',#9451,#9452,#9453);
#9451 = CARTESIAN_POINT('',(12.1,0.,7.7));
#9452 = DIRECTION('',(0.,0.,1.));
#9453 = DIRECTION('',(1.,0.,0.));
#9454 = AXIS2_PLACEMENT_3D('',#9455,#9456,#9457);
#9455 = CARTESIAN_POINT('',(12.1,0.,12.1));
#9456 = DIRECTION('',(0.,0.,1.));
#9457 = DIRECTION('',(1.,0.,0.));
#9458 = AXIS2_PLACEMENT_3D('',#9459,#9460,#9461);
#9459 = CARTESIAN_POINT('',(12.1,0.,16.5));
#9460 = DIRECTION('',(0.,0.,1.));
#9461 = DIRECTION('',(1.,0.,0.));
#9462 = AXIS2_PLACEMENT_3D('',#9463,#9464,#9465);
#9463 = CARTESIAN_POINT('',(16.5,0.,3.3));
#9464 = DIRECTION('',(0.,0.,1.));
#9465 = DIRECTION('',(1.,0.,0.));
#9466 = AXIS2_PLACEMENT_3D('',#9467,#9468,#9469);
#9467 = CARTESIAN_POINT('',(16.5,0.,7.7));
#9468 = DIRECTION('',(0.,0.,1.));
#9469 = DIRECTION('',(1.,0.,0.));
#9470 = AXIS2_PLACEMENT_3D('',#9471,#9472,#9473);
#9471 = CARTESIAN_POINT('',(16.5,0.,12.1));
#9472 = DIRECTION('',(0.,0.,1.));
#9473 = DIRECTION('',(1.,0.,0.));
#9474 = AXIS2_PLACEMENT_3D('',#9475,#9476,#9477);
#9475 = CARTESIAN_POINT('',(16.5,0.,16.5));
#9476 = DIRECTION('',(0.,0.,1.));
#9477 = DIRECTION('',(1.,0.,0.));
#9478 = ( GEOMETRIC_REPRESENTATION_CONTEXT(3) 
GLOBAL_UNCERTAINTY_ASSIGNED_CONTEXT((#9482)) 
GLOBAL_UNIT_ASSIGNED_CONTEXT((#9479,#9480,#9481)) REPRESENTATION_CONTEXT
('Context #1','3D Context with UNIT and UNCERTAINTY') );
#9479 = ( LENGTH_UNIT() NAMED_UNIT(*) SI_UNIT(.MILLI.,.METRE.) );
#9480 = ( NAMED_UNIT(*) PLANE_ANGLE_UNIT() SI_UNIT($,.RADIAN.) );
#9481 = ( NAMED_UNIT(*) SI_UNIT($,.STERADIAN.) SOLID_ANGLE_UNIT() );
#9482 = UNCERTAINTY_MEASURE_WITH_UNIT(LENGTH_MEASURE(1.E-07),#9479,
  'distance_accuracy_value','confusion accuracy');
#9483 = CONTEXT_DEPENDENT_SHAPE_REPRESENTATION(#9484,#9486);
#9484 = ( REPRESENTATION_RELATIONSHIP('','',#9413,#10) 
REPRESENTATION_RELATIONSHIP_WITH_TRANSFORMATION(#9485) 
SHAPE_REPRESENTATION_RELATIONSHIP() );
#9485 = ITEM_DEFINED_TRANSFORMATION('','',#11,#27);
#9486 = PRODUCT_DEFINITION_SHAPE('Placement','Placement of an item',
  #9487);
#9487 = NEXT_ASSEMBLY_USAGE_OCCURRENCE('374','Hotspot_bottom_surfaces',
  '',#5,#9408,$);
#9488 = PRODUCT_RELATED_PRODUCT_CATEGORY('part',$,(#9410));
#9489 = SHAPE_DEFINITION_REPRESENTATION(#9490,#9496);
#9490 = PRODUCT_DEFINITION_SHAPE('','',#9491);
#9491 = PRODUCT_DEFINITION('design','',#9492,#9495);
#9492 = PRODUCT_DEFINITION_FORMATION('','',#9493);
#9493 = PRODUCT('Hotspot_bottom_surface_1_1',
  'Hotspot_bottom_surface_1_1','',(#9494));
#9494 = PRODUCT_CONTEXT('',#2,'mechanical');
#9495 = PRODUCT_DEFINITION_CONTEXT('part definition',#2,'design');
#9496 = MANIFOLD_SURFACE_SHAPE_REPRESENTATION('',(#11,#9497),#9539);
#9497 = SHELL_BASED_SURFACE_MODEL('',(#9498));
#9498 = OPEN_SHELL('',(#9499));
#9499 = ADVANCED_FACE('',(#9500),#9534,.F.);
#9500 = FACE_BOUND('',#9501,.F.);
#9501 = EDGE_LOOP('',(#9502,#9512,#9520,#9528));
#9502 = ORIENTED_EDGE('',*,*,#9503,.F.);
#9503 = EDGE_CURVE('',#9504,#9506,#9508,.T.);
#9504 = VERTEX_POINT('',#9505);
#9505 = CARTESIAN_POINT('',(0.,0.,0.));
#9506 = VERTEX_POINT('',#9507);
#9507 = CARTESIAN_POINT('',(0.2,0.,0.));
#9508 = LINE('',#9509,#9510);
#9509 = CARTESIAN_POINT('',(0.,0.,0.));
#9510 = VECTOR('',#9511,1.);
#9511 = DIRECTION('',(1.,0.,-0.));
#9512 = ORIENTED_EDGE('',*,*,#9513,.T.);
#9513 = EDGE_CURVE('',#9504,#9514,#9516,.T.);
#9514 = VERTEX_POINT('',#9515);
#9515 = CARTESIAN_POINT('',(0.,0.,0.2));
#9516 = LINE('',#9517,#9518);
#9517 = CARTESIAN_POINT('',(0.,0.,0.));
#9518 = VECTOR('',#9519,1.);
#9519 = DIRECTION('',(0.,0.,1.));
#9520 = ORIENTED_EDGE('',*,*,#9521,.T.);
#9521 = EDGE_CURVE('',#9514,#9522,#9524,.T.);
#9522 = VERTEX_POINT('',#9523);
#9523 = CARTESIAN_POINT('',(0.2,0.,0.2));
#9524 = LINE('',#9525,#9526);
#9525 = CARTESIAN_POINT('',(0.,0.,0.2));
#9526 = VECTOR('',#9527,1.);
#9527 = DIRECTION('',(1.,0.,-0.));
#9528 = ORIENTED_EDGE('',*,*,#9529,.F.);
#9529 = EDGE_CURVE('',#9506,#9522,#9530,.T.);
#9530 = LINE('',#9531,#9532);
#9531 = CARTESIAN_POINT('',(0.2,0.,0.));
#9532 = VECTOR('',#9533,1.);
#9533 = DIRECTION('',(0.,0.,1.));
#9534 = PLANE('',#9535);
#9535 = AXIS2_PLACEMENT_3D('',#9536,#9537,#9538);
#9536 = CARTESIAN_POINT('',(0.,0.,0.));
#9537 = DIRECTION('',(-0.,1.,0.));
#9538 = DIRECTION('',(0.,0.,1.));
#9539 = ( GEOMETRIC_REPRESENTATION_CONTEXT(3) 
GLOBAL_UNCERTAINTY_ASSIGNED_CONTEXT((#9543)) 
GLOBAL_UNIT_ASSIGNED_CONTEXT((#9540,#9541,#9542)) REPRESENTATION_CONTEXT
('Context #1','3D Context with UNIT and UNCERTAINTY') );
#9540 = ( LENGTH_UNIT() NAMED_UNIT(*) SI_UNIT(.MILLI.,.METRE.) );
#9541 = ( NAMED_UNIT(*) PLANE_ANGLE_UNIT() SI_UNIT($,.RADIAN.) );
#9542 = ( NAMED_UNIT(*) SI_UNIT($,.STERADIAN.) SOLID_ANGLE_UNIT() );
#9543 = UNCERTAINTY_MEASURE_WITH_UNIT(LENGTH_MEASURE(1.E-07),#9540,
  'distance_accuracy_value','confusion accuracy');
#9544 = CONTEXT_DEPENDENT_SHAPE_REPRESENTATION(#9545,#9547);
#9545 = ( REPRESENTATION_RELATIONSHIP('','',#9496,#9413) 
REPRESENTATION_RELATIONSHIP_WITH_TRANSFORMATION(#9546) 
SHAPE_REPRESENTATION_RELATIONSHIP() );
#9546 = ITEM_DEFINED_TRANSFORMATION('','',#11,#9414);
#9547 = PRODUCT_DEFINITION_SHAPE('Placement','Placement of an item',
  #9548);
#9548 = NEXT_ASSEMBLY_USAGE_OCCURRENCE('358',
  'Hotspot_bottom_surface_1_1','',#9408,#9491,$);
#9549 = PRODUCT_RELATED_PRODUCT_CATEGORY('part',$,(#9493));
#9550 = SHAPE_DEFINITION_REPRESENTATION(#9551,#9557);
#9551 = PRODUCT_DEFINITION_SHAPE('','',#9552);
#9552 = PRODUCT_DEFINITION('design','',#9553,#9556);
#9553 = PRODUCT_DEFINITION_FORMATION('','',#9554);
#9554 = PRODUCT('Hotspot_bottom_surface_1_2',
  'Hotspot_bottom_surface_1_2','',(#9555));
#9555 = PRODUCT_CONTEXT('',#2,'mechanical');
#9556 = PRODUCT_DEFINITION_CONTEXT('part definition',#2,'design');
#9557 = MANIFOLD_SURFACE_SHAPE_REPRESENTATION('',(#11,#9558),#9600);
#9558 = SHELL_BASED_SURFACE_MODEL('',(#9559));
#9559 = OPEN_SHELL('',(#9560));
#9560 = ADVANCED_FACE('',(#9561),#9595,.F.);
#9561 = FACE_BOUND('',#9562,.F.);
#9562 = EDGE_LOOP('',(#9563,#9573,#9581,#9589));
#9563 = ORIENTED_EDGE('',*,*,#9564,.F.);
#9564 = EDGE_CURVE('',#9565,#9567,#9569,.T.);
#9565 = VERTEX_POINT('',#9566);
#9566 = CARTESIAN_POINT('',(0.,0.,0.));
#9567 = VERTEX_POINT('',#9568);
#9568 = CARTESIAN_POINT('',(0.2,0.,0.));
#9569 = LINE('',#9570,#9571);
#9570 = CARTESIAN_POINT('',(0.,0.,0.));
#9571 = VECTOR('',#9572,1.);
#9572 = DIRECTION('',(1.,0.,-0.));
#9573 = ORIENTED_EDGE('',*,*,#9574,.T.);
#9574 = EDGE_CURVE('',#9565,#9575,#9577,.T.);
#9575 = VERTEX_POINT('',#9576);
#9576 = CARTESIAN_POINT('',(0.,0.,0.2));
#9577 = LINE('',#9578,#9579);
#9578 = CARTESIAN_POINT('',(0.,0.,0.));
#9579 = VECTOR('',#9580,1.);
#9580 = DIRECTION('',(0.,0.,1.));
#9581 = ORIENTED_EDGE('',*,*,#9582,.T.);
#9582 = EDGE_CURVE('',#9575,#9583,#9585,.T.);
#9583 = VERTEX_POINT('',#9584);
#9584 = CARTESIAN_POINT('',(0.2,0.,0.2));
#9585 = LINE('',#9586,#9587);
#9586 = CARTESIAN_POINT('',(0.,0.,0.2));
#9587 = VECTOR('',#9588,1.);
#9588 = DIRECTION('',(1.,0.,-0.));
#9589 = ORIENTED_EDGE('',*,*,#9590,.F.);
#9590 = EDGE_CURVE('',#9567,#9583,#9591,.T.);
#9591 = LINE('',#9592,#9593);
#9592 = CARTESIAN_POINT('',(0.2,0.,0.));
#9593 = VECTOR('',#9594,1.);
#9594 = DIRECTION('',(0.,0.,1.));
#9595 = PLANE('',#9596);
#9596 = AXIS2_PLACEMENT_3D('',#9597,#9598,#9599);
#9597 = CARTESIAN_POINT('',(0.,0.,0.));
#9598 = DIRECTION('',(-0.,1.,0.));
#9599 = DIRECTION('',(0.,0.,1.));
#9600 = ( GEOMETRIC_REPRESENTATION_CONTEXT(3) 
GLOBAL_UNCERTAINTY_ASSIGNED_CONTEXT((#9604)) 
GLOBAL_UNIT_ASSIGNED_CONTEXT((#9601,#9602,#9603)) REPRESENTATION_CONTEXT
('Context #1','3D Context with UNIT and UNCERTAINTY') );
#9601 = ( LENGTH_UNIT() NAMED_UNIT(*) SI_UNIT(.MILLI.,.METRE.) );
#9602 = ( NAMED_UNIT(*) PLANE_ANGLE_UNIT() SI_UNIT($,.RADIAN.) );
#9603 = ( NAMED_UNIT(*) SI_UNIT($,.STERADIAN.) SOLID_ANGLE_UNIT() );
#9604 = UNCERTAINTY_MEASURE_WITH_UNIT(LENGTH_MEASURE(1.E-07),#9601,
  'distance_accuracy_value','confusion accuracy');
#9605 = CONTEXT_DEPENDENT_SHAPE_REPRESENTATION(#9606,#9608);
#9606 = ( REPRESENTATION_RELATIONSHIP('','',#9557,#9413) 
REPRESENTATION_RELATIONSHIP_WITH_TRANSFORMATION(#9607) 
SHAPE_REPRESENTATION_RELATIONSHIP() );
#9607 = ITEM_DEFINED_TRANSFORMATION('','',#11,#9418);
#9608 = PRODUCT_DEFINITION_SHAPE('Placement','Placement of an item',
  #9609);
#9609 = NEXT_ASSEMBLY_USAGE_OCCURRENCE('359',
  'Hotspot_bottom_surface_1_2','',#9408,#9552,$);
#9610 = PRODUCT_RELATED_PRODUCT_CATEGORY('part',$,(#9554));
#9611 = SHAPE_DEFINITION_REPRESENTATION(#9612,#9618);
#9612 = PRODUCT_DEFINITION_SHAPE('','',#9613);
#9613 = PRODUCT_DEFINITION('design','',#9614,#9617);
#9614 = PRODUCT_DEFINITION_FORMATION('','',#9615);
#9615 = PRODUCT('Hotspot_bottom_surface_1_3',
  'Hotspot_bottom_surface_1_3','',(#9616));
#9616 = PRODUCT_CONTEXT('',#2,'mechanical');
#9617 = PRODUCT_DEFINITION_CONTEXT('part definition',#2,'design');
#9618 = MANIFOLD_SURFACE_SHAPE_REPRESENTATION('',(#11,#9619),#9661);
#9619 = SHELL_BASED_SURFACE_MODEL('',(#9620));
#9620 = OPEN_SHELL('',(#9621));
#9621 = ADVANCED_FACE('',(#9622),#9656,.F.);
#9622 = FACE_BOUND('',#9623,.F.);
#9623 = EDGE_LOOP('',(#9624,#9634,#9642,#9650));
#9624 = ORIENTED_EDGE('',*,*,#9625,.F.);
#9625 = EDGE_CURVE('',#9626,#9628,#9630,.T.);
#9626 = VERTEX_POINT('',#9627);
#9627 = CARTESIAN_POINT('',(0.,0.,0.));
#9628 = VERTEX_POINT('',#9629);
#9629 = CARTESIAN_POINT('',(0.2,0.,0.));
#9630 = LINE('',#9631,#9632);
#9631 = CARTESIAN_POINT('',(0.,0.,0.));
#9632 = VECTOR('',#9633,1.);
#9633 = DIRECTION('',(1.,0.,-0.));
#9634 = ORIENTED_EDGE('',*,*,#9635,.T.);
#9635 = EDGE_CURVE('',#9626,#9636,#9638,.T.);
#9636 = VERTEX_POINT('',#9637);
#9637 = CARTESIAN_POINT('',(0.,0.,0.2));
#9638 = LINE('',#9639,#9640);
#9639 = CARTESIAN_POINT('',(0.,0.,0.));
#9640 = VECTOR('',#9641,1.);
#9641 = DIRECTION('',(0.,0.,1.));
#9642 = ORIENTED_EDGE('',*,*,#9643,.T.);
#9643 = EDGE_CURVE('',#9636,#9644,#9646,.T.);
#9644 = VERTEX_POINT('',#9645);
#9645 = CARTESIAN_POINT('',(0.2,0.,0.2));
#9646 = LINE('',#9647,#9648);
#9647 = CARTESIAN_POINT('',(0.,0.,0.2));
#9648 = VECTOR('',#9649,1.);
#9649 = DIRECTION('',(1.,0.,-0.));
#9650 = ORIENTED_EDGE('',*,*,#9651,.F.);
#9651 = EDGE_CURVE('',#9628,#9644,#9652,.T.);
#9652 = LINE('',#9653,#9654);
#9653 = CARTESIAN_POINT('',(0.2,0.,0.));
#9654 = VECTOR('',#9655,1.);
#9655 = DIRECTION('',(0.,0.,1.));
#9656 = PLANE('',#9657);
#9657 = AXIS2_PLACEMENT_3D('',#9658,#9659,#9660);
#9658 = CARTESIAN_POINT('',(0.,0.,0.));
#9659 = DIRECTION('',(-0.,1.,0.));
#9660 = DIRECTION('',(0.,0.,1.));
#9661 = ( GEOMETRIC_REPRESENTATION_CONTEXT(3) 
GLOBAL_UNCERTAINTY_ASSIGNED_CONTEXT((#9665)) 
GLOBAL_UNIT_ASSIGNED_CONTEXT((#9662,#9663,#9664)) REPRESENTATION_CONTEXT
('Context #1','3D Context with UNIT and UNCERTAINTY') );
#9662 = ( LENGTH_UNIT() NAMED_UNIT(*) SI_UNIT(.MILLI.,.METRE.) );
#9663 = ( NAMED_UNIT(*) PLANE_ANGLE_UNIT() SI_UNIT($,.RADIAN.) );
#9664 = ( NAMED_UNIT(*) SI_UNIT($,.STERADIAN.) SOLID_ANGLE_UNIT() );
#9665 = UNCERTAINTY_MEASURE_WITH_UNIT(LENGTH_MEASURE(1.E-07),#9662,
  'distance_accuracy_value','confusion accuracy');
#9666 = CONTEXT_DEPENDENT_SHAPE_REPRESENTATION(#9667,#9669);
#9667 = ( REPRESENTATION_RELATIONSHIP('','',#9618,#9413) 
REPRESENTATION_RELATIONSHIP_WITH_TRANSFORMATION(#9668) 
SHAPE_REPRESENTATION_RELATIONSHIP() );
#9668 = ITEM_DEFINED_TRANSFORMATION('','',#11,#9422);
#9669 = PRODUCT_DEFINITION_SHAPE('Placement','Placement of an item',
  #9670);
#9670 = NEXT_ASSEMBLY_USAGE_OCCURRENCE('360',
  'Hotspot_bottom_surface_1_3','',#9408,#9613,$);
#9671 = PRODUCT_RELATED_PRODUCT_CATEGORY('part',$,(#9615));
#9672 = SHAPE_DEFINITION_REPRESENTATION(#9673,#9679);
#9673 = PRODUCT_DEFINITION_SHAPE('','',#9674);
#9674 = PRODUCT_DEFINITION('design','',#9675,#9678);
#9675 = PRODUCT_DEFINITION_FORMATION('','',#9676);
#9676 = PRODUCT('Hotspot_bottom_surface_1_4',
  'Hotspot_bottom_surface_1_4','',(#9677));
#9677 = PRODUCT_CONTEXT('',#2,'mechanical');
#9678 = PRODUCT_DEFINITION_CONTEXT('part definition',#2,'design');
#9679 = MANIFOLD_SURFACE_SHAPE_REPRESENTATION('',(#11,#9680),#9722);
#9680 = SHELL_BASED_SURFACE_MODEL('',(#9681));
#9681 = OPEN_SHELL('',(#9682));
#9682 = ADVANCED_FACE('',(#9683),#9717,.F.);
#9683 = FACE_BOUND('',#9684,.F.);
#9684 = EDGE_LOOP('',(#9685,#9695,#9703,#9711));
#9685 = ORIENTED_EDGE('',*,*,#9686,.F.);
#9686 = EDGE_CURVE('',#9687,#9689,#9691,.T.);
#9687 = VERTEX_POINT('',#9688);
#9688 = CARTESIAN_POINT('',(0.,0.,0.));
#9689 = VERTEX_POINT('',#9690);
#9690 = CARTESIAN_POINT('',(0.2,0.,0.));
#9691 = LINE('',#9692,#9693);
#9692 = CARTESIAN_POINT('',(0.,0.,0.));
#9693 = VECTOR('',#9694,1.);
#9694 = DIRECTION('',(1.,0.,-0.));
#9695 = ORIENTED_EDGE('',*,*,#9696,.T.);
#9696 = EDGE_CURVE('',#9687,#9697,#9699,.T.);
#9697 = VERTEX_POINT('',#9698);
#9698 = CARTESIAN_POINT('',(0.,0.,0.2));
#9699 = LINE('',#9700,#9701);
#9700 = CARTESIAN_POINT('',(0.,0.,0.));
#9701 = VECTOR('',#9702,1.);
#9702 = DIRECTION('',(0.,0.,1.));
#9703 = ORIENTED_EDGE('',*,*,#9704,.T.);
#9704 = EDGE_CURVE('',#9697,#9705,#9707,.T.);
#9705 = VERTEX_POINT('',#9706);
#9706 = CARTESIAN_POINT('',(0.2,0.,0.2));
#9707 = LINE('',#9708,#9709);
#9708 = CARTESIAN_POINT('',(0.,0.,0.2));
#9709 = VECTOR('',#9710,1.);
#9710 = DIRECTION('',(1.,0.,-0.));
#9711 = ORIENTED_EDGE('',*,*,#9712,.F.);
#9712 = EDGE_CURVE('',#9689,#9705,#9713,.T.);
#9713 = LINE('',#9714,#9715);
#9714 = CARTESIAN_POINT('',(0.2,0.,0.));
#9715 = VECTOR('',#9716,1.);
#9716 = DIRECTION('',(0.,0.,1.));
#9717 = PLANE('',#9718);
#9718 = AXIS2_PLACEMENT_3D('',#9719,#9720,#9721);
#9719 = CARTESIAN_POINT('',(0.,0.,0.));
#9720 = DIRECTION('',(-0.,1.,0.));
#9721 = DIRECTION('',(0.,0.,1.));
#9722 = ( GEOMETRIC_REPRESENTATION_CONTEXT(3) 
GLOBAL_UNCERTAINTY_ASSIGNED_CONTEXT((#9726)) 
GLOBAL_UNIT_ASSIGNED_CONTEXT((#9723,#9724,#9725)) REPRESENTATION_CONTEXT
('Context #1','3D Context with UNIT and UNCERTAINTY') );
#9723 = ( LENGTH_UNIT() NAMED_UNIT(*) SI_UNIT(.MILLI.,.METRE.) );
#9724 = ( NAMED_UNIT(*) PLANE_ANGLE_UNIT() SI_UNIT($,.RADIAN.) );
#9725 = ( NAMED_UNIT(*) SI_UNIT($,.STERADIAN.) SOLID_ANGLE_UNIT() );
#9726 = UNCERTAINTY_MEASURE_WITH_UNIT(LENGTH_MEASURE(1.E-07),#9723,
  'distance_accuracy_value','confusion accuracy');
#9727 = CONTEXT_DEPENDENT_SHAPE_REPRESENTATION(#9728,#9730);
#9728 = ( REPRESENTATION_RELATIONSHIP('','',#9679,#9413) 
REPRESENTATION_RELATIONSHIP_WITH_TRANSFORMATION(#9729) 
SHAPE_REPRESENTATION_RELATIONSHIP() );
#9729 = ITEM_DEFINED_TRANSFORMATION('','',#11,#9426);
#9730 = PRODUCT_DEFINITION_SHAPE('Placement','Placement of an item',
  #9731);
#9731 = NEXT_ASSEMBLY_USAGE_OCCURRENCE('361',
  'Hotspot_bottom_surface_1_4','',#9408,#9674,$);
#9732 = PRODUCT_RELATED_PRODUCT_CATEGORY('part',$,(#9676));
#9733 = SHAPE_DEFINITION_REPRESENTATION(#9734,#9740);
#9734 = PRODUCT_DEFINITION_SHAPE('','',#9735);
#9735 = PRODUCT_DEFINITION('design','',#9736,#9739);
#9736 = PRODUCT_DEFINITION_FORMATION('','',#9737);
#9737 = PRODUCT('Hotspot_bottom_surface_2_1',
  'Hotspot_bottom_surface_2_1','',(#9738));
#9738 = PRODUCT_CONTEXT('',#2,'mechanical');
#9739 = PRODUCT_DEFINITION_CONTEXT('part definition',#2,'design');
#9740 = MANIFOLD_SURFACE_SHAPE_REPRESENTATION('',(#11,#9741),#9783);
#9741 = SHELL_BASED_SURFACE_MODEL('',(#9742));
#9742 = OPEN_SHELL('',(#9743));
#9743 = ADVANCED_FACE('',(#9744),#9778,.F.);
#9744 = FACE_BOUND('',#9745,.F.);
#9745 = EDGE_LOOP('',(#9746,#9756,#9764,#9772));
#9746 = ORIENTED_EDGE('',*,*,#9747,.F.);
#9747 = EDGE_CURVE('',#9748,#9750,#9752,.T.);
#9748 = VERTEX_POINT('',#9749);
#9749 = CARTESIAN_POINT('',(0.,0.,0.));
#9750 = VERTEX_POINT('',#9751);
#9751 = CARTESIAN_POINT('',(0.2,0.,0.));
#9752 = LINE('',#9753,#9754);
#9753 = CARTESIAN_POINT('',(0.,0.,0.));
#9754 = VECTOR('',#9755,1.);
#9755 = DIRECTION('',(1.,0.,-0.));
#9756 = ORIENTED_EDGE('',*,*,#9757,.T.);
#9757 = EDGE_CURVE('',#9748,#9758,#9760,.T.);
#9758 = VERTEX_POINT('',#9759);
#9759 = CARTESIAN_POINT('',(0.,0.,0.2));
#9760 = LINE('',#9761,#9762);
#9761 = CARTESIAN_POINT('',(0.,0.,0.));
#9762 = VECTOR('',#9763,1.);
#9763 = DIRECTION('',(0.,0.,1.));
#9764 = ORIENTED_EDGE('',*,*,#9765,.T.);
#9765 = EDGE_CURVE('',#9758,#9766,#9768,.T.);
#9766 = VERTEX_POINT('',#9767);
#9767 = CARTESIAN_POINT('',(0.2,0.,0.2));
#9768 = LINE('',#9769,#9770);
#9769 = CARTESIAN_POINT('',(0.,0.,0.2));
#9770 = VECTOR('',#9771,1.);
#9771 = DIRECTION('',(1.,0.,-0.));
#9772 = ORIENTED_EDGE('',*,*,#9773,.F.);
#9773 = EDGE_CURVE('',#9750,#9766,#9774,.T.);
#9774 = LINE('',#9775,#9776);
#9775 = CARTESIAN_POINT('',(0.2,0.,0.));
#9776 = VECTOR('',#9777,1.);
#9777 = DIRECTION('',(0.,0.,1.));
#9778 = PLANE('',#9779);
#9779 = AXIS2_PLACEMENT_3D('',#9780,#9781,#9782);
#9780 = CARTESIAN_POINT('',(0.,0.,0.));
#9781 = DIRECTION('',(-0.,1.,0.));
#9782 = DIRECTION('',(0.,0.,1.));
#9783 = ( GEOMETRIC_REPRESENTATION_CONTEXT(3) 
GLOBAL_UNCERTAINTY_ASSIGNED_CONTEXT((#9787)) 
GLOBAL_UNIT_ASSIGNED_CONTEXT((#9784,#9785,#9786)) REPRESENTATION_CONTEXT
('Context #1','3D Context with UNIT and UNCERTAINTY') );
#9784 = ( LENGTH_UNIT() NAMED_UNIT(*) SI_UNIT(.MILLI.,.METRE.) );
#9785 = ( NAMED_UNIT(*) PLANE_ANGLE_UNIT() SI_UNIT($,.RADIAN.) );
#9786 = ( NAMED_UNIT(*) SI_UNIT($,.STERADIAN.) SOLID_ANGLE_UNIT() );
#9787 = UNCERTAINTY_MEASURE_WITH_UNIT(LENGTH_MEASURE(1.E-07),#9784,
  'distance_accuracy_value','confusion accuracy');
#9788 = CONTEXT_DEPENDENT_SHAPE_REPRESENTATION(#9789,#9791);
#9789 = ( REPRESENTATION_RELATIONSHIP('','',#9740,#9413) 
REPRESENTATION_RELATIONSHIP_WITH_TRANSFORMATION(#9790) 
SHAPE_REPRESENTATION_RELATIONSHIP() );
#9790 = ITEM_DEFINED_TRANSFORMATION('','',#11,#9430);
#9791 = PRODUCT_DEFINITION_SHAPE('Placement','Placement of an item',
  #9792);
#9792 = NEXT_ASSEMBLY_USAGE_OCCURRENCE('362',
  'Hotspot_bottom_surface_2_1','',#9408,#9735,$);
#9793 = PRODUCT_RELATED_PRODUCT_CATEGORY('part',$,(#9737));
#9794 = SHAPE_DEFINITION_REPRESENTATION(#9795,#9801);
#9795 = PRODUCT_DEFINITION_SHAPE('','',#9796);
#9796 = PRODUCT_DEFINITION('design','',#9797,#9800);
#9797 = PRODUCT_DEFINITION_FORMATION('','',#9798);
#9798 = PRODUCT('Hotspot_bottom_surface_2_2',
  'Hotspot_bottom_surface_2_2','',(#9799));
#9799 = PRODUCT_CONTEXT('',#2,'mechanical');
#9800 = PRODUCT_DEFINITION_CONTEXT('part definition',#2,'design');
#9801 = MANIFOLD_SURFACE_SHAPE_REPRESENTATION('',(#11,#9802),#9844);
#9802 = SHELL_BASED_SURFACE_MODEL('',(#9803));
#9803 = OPEN_SHELL('',(#9804));
#9804 = ADVANCED_FACE('',(#9805),#9839,.F.);
#9805 = FACE_BOUND('',#9806,.F.);
#9806 = EDGE_LOOP('',(#9807,#9817,#9825,#9833));
#9807 = ORIENTED_EDGE('',*,*,#9808,.F.);
#9808 = EDGE_CURVE('',#9809,#9811,#9813,.T.);
#9809 = VERTEX_POINT('',#9810);
#9810 = CARTESIAN_POINT('',(0.,0.,0.));
#9811 = VERTEX_POINT('',#9812);
#9812 = CARTESIAN_POINT('',(0.2,0.,0.));
#9813 = LINE('',#9814,#9815);
#9814 = CARTESIAN_POINT('',(0.,0.,0.));
#9815 = VECTOR('',#9816,1.);
#9816 = DIRECTION('',(1.,0.,-0.));
#9817 = ORIENTED_EDGE('',*,*,#9818,.T.);
#9818 = EDGE_CURVE('',#9809,#9819,#9821,.T.);
#9819 = VERTEX_POINT('',#9820);
#9820 = CARTESIAN_POINT('',(0.,0.,0.2));
#9821 = LINE('',#9822,#9823);
#9822 = CARTESIAN_POINT('',(0.,0.,0.));
#9823 = VECTOR('',#9824,1.);
#9824 = DIRECTION('',(0.,0.,1.));
#9825 = ORIENTED_EDGE('',*,*,#9826,.T.);
#9826 = EDGE_CURVE('',#9819,#9827,#9829,.T.);
#9827 = VERTEX_POINT('',#9828);
#9828 = CARTESIAN_POINT('',(0.2,0.,0.2));
#9829 = LINE('',#9830,#9831);
#9830 = CARTESIAN_POINT('',(0.,0.,0.2));
#9831 = VECTOR('',#9832,1.);
#9832 = DIRECTION('',(1.,0.,-0.));
#9833 = ORIENTED_EDGE('',*,*,#9834,.F.);
#9834 = EDGE_CURVE('',#9811,#9827,#9835,.T.);
#9835 = LINE('',#9836,#9837);
#9836 = CARTESIAN_POINT('',(0.2,0.,0.));
#9837 = VECTOR('',#9838,1.);
#9838 = DIRECTION('',(0.,0.,1.));
#9839 = PLANE('',#9840);
#9840 = AXIS2_PLACEMENT_3D('',#9841,#9842,#9843);
#9841 = CARTESIAN_POINT('',(0.,0.,0.));
#9842 = DIRECTION('',(-0.,1.,0.));
#9843 = DIRECTION('',(0.,0.,1.));
#9844 = ( GEOMETRIC_REPRESENTATION_CONTEXT(3) 
GLOBAL_UNCERTAINTY_ASSIGNED_CONTEXT((#9848)) 
GLOBAL_UNIT_ASSIGNED_CONTEXT((#9845,#9846,#9847)) REPRESENTATION_CONTEXT
('Context #1','3D Context with UNIT and UNCERTAINTY') );
#9845 = ( LENGTH_UNIT() NAMED_UNIT(*) SI_UNIT(.MILLI.,.METRE.) );
#9846 = ( NAMED_UNIT(*) PLANE_ANGLE_UNIT() SI_UNIT($,.RADIAN.) );
#9847 = ( NAMED_UNIT(*) SI_UNIT($,.STERADIAN.) SOLID_ANGLE_UNIT() );
#9848 = UNCERTAINTY_MEASURE_WITH_UNIT(LENGTH_MEASURE(1.E-07),#9845,
  'distance_accuracy_value','confusion accuracy');
#9849 = CONTEXT_DEPENDENT_SHAPE_REPRESENTATION(#9850,#9852);
#9850 = ( REPRESENTATION_RELATIONSHIP('','',#9801,#9413) 
REPRESENTATION_RELATIONSHIP_WITH_TRANSFORMATION(#9851) 
SHAPE_REPRESENTATION_RELATIONSHIP() );
#9851 = ITEM_DEFINED_TRANSFORMATION('','',#11,#9434);
#9852 = PRODUCT_DEFINITION_SHAPE('Placement','Placement of an item',
  #9853);
#9853 = NEXT_ASSEMBLY_USAGE_OCCURRENCE('363',
  'Hotspot_bottom_surface_2_2','',#9408,#9796,$);
#9854 = PRODUCT_RELATED_PRODUCT_CATEGORY('part',$,(#9798));
#9855 = SHAPE_DEFINITION_REPRESENTATION(#9856,#9862);
#9856 = PRODUCT_DEFINITION_SHAPE('','',#9857);
#9857 = PRODUCT_DEFINITION('design','',#9858,#9861);
#9858 = PRODUCT_DEFINITION_FORMATION('','',#9859);
#9859 = PRODUCT('Hotspot_bottom_surface_2_3',
  'Hotspot_bottom_surface_2_3','',(#9860));
#9860 = PRODUCT_CONTEXT('',#2,'mechanical');
#9861 = PRODUCT_DEFINITION_CONTEXT('part definition',#2,'design');
#9862 = MANIFOLD_SURFACE_SHAPE_REPRESENTATION('',(#11,#9863),#9905);
#9863 = SHELL_BASED_SURFACE_MODEL('',(#9864));
#9864 = OPEN_SHELL('',(#9865));
#9865 = ADVANCED_FACE('',(#9866),#9900,.F.);
#9866 = FACE_BOUND('',#9867,.F.);
#9867 = EDGE_LOOP('',(#9868,#9878,#9886,#9894));
#9868 = ORIENTED_EDGE('',*,*,#9869,.F.);
#9869 = EDGE_CURVE('',#9870,#9872,#9874,.T.);
#9870 = VERTEX_POINT('',#9871);
#9871 = CARTESIAN_POINT('',(0.,0.,0.));
#9872 = VERTEX_POINT('',#9873);
#9873 = CARTESIAN_POINT('',(0.2,0.,0.));
#9874 = LINE('',#9875,#9876);
#9875 = CARTESIAN_POINT('',(0.,0.,0.));
#9876 = VECTOR('',#9877,1.);
#9877 = DIRECTION('',(1.,0.,-0.));
#9878 = ORIENTED_EDGE('',*,*,#9879,.T.);
#9879 = EDGE_CURVE('',#9870,#9880,#9882,.T.);
#9880 = VERTEX_POINT('',#9881);
#9881 = CARTESIAN_POINT('',(0.,0.,0.2));
#9882 = LINE('',#9883,#9884);
#9883 = CARTESIAN_POINT('',(0.,0.,0.));
#9884 = VECTOR('',#9885,1.);
#9885 = DIRECTION('',(0.,0.,1.));
#9886 = ORIENTED_EDGE('',*,*,#9887,.T.);
#9887 = EDGE_CURVE('',#9880,#9888,#9890,.T.);
#9888 = VERTEX_POINT('',#9889);
#9889 = CARTESIAN_POINT('',(0.2,0.,0.2));
#9890 = LINE('',#9891,#9892);
#9891 = CARTESIAN_POINT('',(0.,0.,0.2));
#9892 = VECTOR('',#9893,1.);
#9893 = DIRECTION('',(1.,0.,-0.));
#9894 = ORIENTED_EDGE('',*,*,#9895,.F.);
#9895 = EDGE_CURVE('',#9872,#9888,#9896,.T.);
#9896 = LINE('',#9897,#9898);
#9897 = CARTESIAN_POINT('',(0.2,0.,0.));
#9898 = VECTOR('',#9899,1.);
#9899 = DIRECTION('',(0.,0.,1.));
#9900 = PLANE('',#9901);
#9901 = AXIS2_PLACEMENT_3D('',#9902,#9903,#9904);
#9902 = CARTESIAN_POINT('',(0.,0.,0.));
#9903 = DIRECTION('',(-0.,1.,0.));
#9904 = DIRECTION('',(0.,0.,1.));
#9905 = ( GEOMETRIC_REPRESENTATION_CONTEXT(3) 
GLOBAL_UNCERTAINTY_ASSIGNED_CONTEXT((#9909)) 
GLOBAL_UNIT_ASSIGNED_CONTEXT((#9906,#9907,#9908)) REPRESENTATION_CONTEXT
('Context #1','3D Context with UNIT and UNCERTAINTY') );
#9906 = ( LENGTH_UNIT() NAMED_UNIT(*) SI_UNIT(.MILLI.,.METRE.) );
#9907 = ( NAMED_UNIT(*) PLANE_ANGLE_UNIT() SI_UNIT($,.RADIAN.) );
#9908 = ( NAMED_UNIT(*) SI_UNIT($,.STERADIAN.) SOLID_ANGLE_UNIT() );
#9909 = UNCERTAINTY_MEASURE_WITH_UNIT(LENGTH_MEASURE(1.E-07),#9906,
  'distance_accuracy_value','confusion accuracy');
#9910 = CONTEXT_DEPENDENT_SHAPE_REPRESENTATION(#9911,#9913);
#9911 = ( REPRESENTATION_RELATIONSHIP('','',#9862,#9413) 
REPRESENTATION_RELATIONSHIP_WITH_TRANSFORMATION(#9912) 
SHAPE_REPRESENTATION_RELATIONSHIP() );
#9912 = ITEM_DEFINED_TRANSFORMATION('','',#11,#9438);
#9913 = PRODUCT_DEFINITION_SHAPE('Placement','Placement of an item',
  #9914);
#9914 = NEXT_ASSEMBLY_USAGE_OCCURRENCE('364',
  'Hotspot_bottom_surface_2_3','',#9408,#9857,$);
#9915 = PRODUCT_RELATED_PRODUCT_CATEGORY('part',$,(#9859));
#9916 = SHAPE_DEFINITION_REPRESENTATION(#9917,#9923);
#9917 = PRODUCT_DEFINITION_SHAPE('','',#9918);
#9918 = PRODUCT_DEFINITION('design','',#9919,#9922);
#9919 = PRODUCT_DEFINITION_FORMATION('','',#9920);
#9920 = PRODUCT('Hotspot_bottom_surface_2_4',
  'Hotspot_bottom_surface_2_4','',(#9921));
#9921 = PRODUCT_CONTEXT('',#2,'mechanical');
#9922 = PRODUCT_DEFINITION_CONTEXT('part definition',#2,'design');
#9923 = MANIFOLD_SURFACE_SHAPE_REPRESENTATION('',(#11,#9924),#9966);
#9924 = SHELL_BASED_SURFACE_MODEL('',(#9925));
#9925 = OPEN_SHELL('',(#9926));
#9926 = ADVANCED_FACE('',(#9927),#9961,.F.);
#9927 = FACE_BOUND('',#9928,.F.);
#9928 = EDGE_LOOP('',(#9929,#9939,#9947,#9955));
#9929 = ORIENTED_EDGE('',*,*,#9930,.F.);
#9930 = EDGE_CURVE('',#9931,#9933,#9935,.T.);
#9931 = VERTEX_POINT('',#9932);
#9932 = CARTESIAN_POINT('',(0.,0.,0.));
#9933 = VERTEX_POINT('',#9934);
#9934 = CARTESIAN_POINT('',(0.2,0.,0.));
#9935 = LINE('',#9936,#9937);
#9936 = CARTESIAN_POINT('',(0.,0.,0.));
#9937 = VECTOR('',#9938,1.);
#9938 = DIRECTION('',(1.,0.,-0.));
#9939 = ORIENTED_EDGE('',*,*,#9940,.T.);
#9940 = EDGE_CURVE('',#9931,#9941,#9943,.T.);
#9941 = VERTEX_POINT('',#9942);
#9942 = CARTESIAN_POINT('',(0.,0.,0.2));
#9943 = LINE('',#9944,#9945);
#9944 = CARTESIAN_POINT('',(0.,0.,0.));
#9945 = VECTOR('',#9946,1.);
#9946 = DIRECTION('',(0.,0.,1.));
#9947 = ORIENTED_EDGE('',*,*,#9948,.T.);
#9948 = EDGE_CURVE('',#9941,#9949,#9951,.T.);
#9949 = VERTEX_POINT('',#9950);
#9950 = CARTESIAN_POINT('',(0.2,0.,0.2));
#9951 = LINE('',#9952,#9953);
#9952 = CARTESIAN_POINT('',(0.,0.,0.2));
#9953 = VECTOR('',#9954,1.);
#9954 = DIRECTION('',(1.,0.,-0.));
#9955 = ORIENTED_EDGE('',*,*,#9956,.F.);
#9956 = EDGE_CURVE('',#9933,#9949,#9957,.T.);
#9957 = LINE('',#9958,#9959);
#9958 = CARTESIAN_POINT('',(0.2,0.,0.));
#9959 = VECTOR('',#9960,1.);
#9960 = DIRECTION('',(0.,0.,1.));
#9961 = PLANE('',#9962);
#9962 = AXIS2_PLACEMENT_3D('',#9963,#9964,#9965);
#9963 = CARTESIAN_POINT('',(0.,0.,0.));
#9964 = DIRECTION('',(-0.,1.,0.));
#9965 = DIRECTION('',(0.,0.,1.));
#9966 = ( GEOMETRIC_REPRESENTATION_CONTEXT(3) 
GLOBAL_UNCERTAINTY_ASSIGNED_CONTEXT((#9970)) 
GLOBAL_UNIT_ASSIGNED_CONTEXT((#9967,#9968,#9969)) REPRESENTATION_CONTEXT
('Context #1','3D Context with UNIT and UNCERTAINTY') );
#9967 = ( LENGTH_UNIT() NAMED_UNIT(*) SI_UNIT(.MILLI.,.METRE.) );
#9968 = ( NAMED_UNIT(*) PLANE_ANGLE_UNIT() SI_UNIT($,.RADIAN.) );
#9969 = ( NAMED_UNIT(*) SI_UNIT($,.STERADIAN.) SOLID_ANGLE_UNIT() );
#9970 = UNCERTAINTY_MEASURE_WITH_UNIT(LENGTH_MEASURE(1.E-07),#9967,
  'distance_accuracy_value','confusion accuracy');
#9971 = CONTEXT_DEPENDENT_SHAPE_REPRESENTATION(#9972,#9974);
#9972 = ( REPRESENTATION_RELATIONSHIP('','',#9923,#9413) 
REPRESENTATION_RELATIONSHIP_WITH_TRANSFORMATION(#9973) 
SHAPE_REPRESENTATION_RELATIONSHIP() );
#9973 = ITEM_DEFINED_TRANSFORMATION('','',#11,#9442);
#9974 = PRODUCT_DEFINITION_SHAPE('Placement','Placement of an item',
  #9975);
#9975 = NEXT_ASSEMBLY_USAGE_OCCURRENCE('365',
  'Hotspot_bottom_surface_2_4','',#9408,#9918,$);
#9976 = PRODUCT_RELATED_PRODUCT_CATEGORY('part',$,(#9920));
#9977 = SHAPE_DEFINITION_REPRESENTATION(#9978,#9984);
#9978 = PRODUCT_DEFINITION_SHAPE('','',#9979);
#9979 = PRODUCT_DEFINITION('design','',#9980,#9983);
#9980 = PRODUCT_DEFINITION_FORMATION('','',#9981);
#9981 = PRODUCT('Hotspot_bottom_surface_3_1',
  'Hotspot_bottom_surface_3_1','',(#9982));
#9982 = PRODUCT_CONTEXT('',#2,'mechanical');
#9983 = PRODUCT_DEFINITION_CONTEXT('part definition',#2,'design');
#9984 = MANIFOLD_SURFACE_SHAPE_REPRESENTATION('',(#11,#9985),#10027);
#9985 = SHELL_BASED_SURFACE_MODEL('',(#9986));
#9986 = OPEN_SHELL('',(#9987));
#9987 = ADVANCED_FACE('',(#9988),#10022,.F.);
#9988 = FACE_BOUND('',#9989,.F.);
#9989 = EDGE_LOOP('',(#9990,#10000,#10008,#10016));
#9990 = ORIENTED_EDGE('',*,*,#9991,.F.);
#9991 = EDGE_CURVE('',#9992,#9994,#9996,.T.);
#9992 = VERTEX_POINT('',#9993);
#9993 = CARTESIAN_POINT('',(0.,0.,0.));
#9994 = VERTEX_POINT('',#9995);
#9995 = CARTESIAN_POINT('',(0.2,0.,0.));
#9996 = LINE('',#9997,#9998);
#9997 = CARTESIAN_POINT('',(0.,0.,0.));
#9998 = VECTOR('',#9999,1.);
#9999 = DIRECTION('',(1.,0.,-0.));
#10000 = ORIENTED_EDGE('',*,*,#10001,.T.);
#10001 = EDGE_CURVE('',#9992,#10002,#10004,.T.);
#10002 = VERTEX_POINT('',#10003);
#10003 = CARTESIAN_POINT('',(0.,0.,0.2));
#10004 = LINE('',#10005,#10006);
#10005 = CARTESIAN_POINT('',(0.,0.,0.));
#10006 = VECTOR('',#10007,1.);
#10007 = DIRECTION('',(0.,0.,1.));
#10008 = ORIENTED_EDGE('',*,*,#10009,.T.);
#10009 = EDGE_CURVE('',#10002,#10010,#10012,.T.);
#10010 = VERTEX_POINT('',#10011);
#10011 = CARTESIAN_POINT('',(0.2,0.,0.2));
#10012 = LINE('',#10013,#10014);
#10013 = CARTESIAN_POINT('',(0.,0.,0.2));
#10014 = VECTOR('',#10015,1.);
#10015 = DIRECTION('',(1.,0.,-0.));
#10016 = ORIENTED_EDGE('',*,*,#10017,.F.);
#10017 = EDGE_CURVE('',#9994,#10010,#10018,.T.);
#10018 = LINE('',#10019,#10020);
#10019 = CARTESIAN_POINT('',(0.2,0.,0.));
#10020 = VECTOR('',#10021,1.);
#10021 = DIRECTION('',(0.,0.,1.));
#10022 = PLANE('',#10023);
#10023 = AXIS2_PLACEMENT_3D('',#10024,#10025,#10026);
#10024 = CARTESIAN_POINT('',(0.,0.,0.));
#10025 = DIRECTION('',(-0.,1.,0.));
#10026 = DIRECTION('',(0.,0.,1.));
#10027 = ( GEOMETRIC_REPRESENTATION_CONTEXT(3) 
GLOBAL_UNCERTAINTY_ASSIGNED_CONTEXT((#10031)) 
GLOBAL_UNIT_ASSIGNED_CONTEXT((#10028,#10029,#10030)) 
REPRESENTATION_CONTEXT('Context #1',
  '3D Context with UNIT and UNCERTAINTY') );
#10028 = ( LENGTH_UNIT() NAMED_UNIT(*) SI_UNIT(.MILLI.,.METRE.) );
#10029 = ( NAMED_UNIT(*) PLANE_ANGLE_UNIT() SI_UNIT($,.RADIAN.) );
#10030 = ( NAMED_UNIT(*) SI_UNIT($,.STERADIAN.) SOLID_ANGLE_UNIT() );
#10031 = UNCERTAINTY_MEASURE_WITH_UNIT(LENGTH_MEASURE(1.E-07),#10028,
  'distance_accuracy_value','confusion accuracy');
#10032 = CONTEXT_DEPENDENT_SHAPE_REPRESENTATION(#10033,#10035);
#10033 = ( REPRESENTATION_RELATIONSHIP('','',#9984,#9413) 
REPRESENTATION_RELATIONSHIP_WITH_TRANSFORMATION(#10034) 
SHAPE_REPRESENTATION_RELATIONSHIP() );
#10034 = ITEM_DEFINED_TRANSFORMATION('','',#11,#9446);
#10035 = PRODUCT_DEFINITION_SHAPE('Placement','Placement of an item',
  #10036);
#10036 = NEXT_ASSEMBLY_USAGE_OCCURRENCE('366',
  'Hotspot_bottom_surface_3_1','',#9408,#9979,$);
#10037 = PRODUCT_RELATED_PRODUCT_CATEGORY('part',$,(#9981));
#10038 = SHAPE_DEFINITION_REPRESENTATION(#10039,#10045);
#10039 = PRODUCT_DEFINITION_SHAPE('','',#10040);
#10040 = PRODUCT_DEFINITION('design','',#10041,#10044);
#10041 = PRODUCT_DEFINITION_FORMATION('','',#10042);
#10042 = PRODUCT('Hotspot_bottom_surface_3_2',
  'Hotspot_bottom_surface_3_2','',(#10043));
#10043 = PRODUCT_CONTEXT('',#2,'mechanical');
#10044 = PRODUCT_DEFINITION_CONTEXT('part definition',#2,'design');
#10045 = MANIFOLD_SURFACE_SHAPE_REPRESENTATION('',(#11,#10046),#10088);
#10046 = SHELL_BASED_SURFACE_MODEL('',(#10047));
#10047 = OPEN_SHELL('',(#10048));
#10048 = ADVANCED_FACE('',(#10049),#10083,.F.);
#10049 = FACE_BOUND('',#10050,.F.);
#10050 = EDGE_LOOP('',(#10051,#10061,#10069,#10077));
#10051 = ORIENTED_EDGE('',*,*,#10052,.F.);
#10052 = EDGE_CURVE('',#10053,#10055,#10057,.T.);
#10053 = VERTEX_POINT('',#10054);
#10054 = CARTESIAN_POINT('',(0.,0.,0.));
#10055 = VERTEX_POINT('',#10056);
#10056 = CARTESIAN_POINT('',(0.2,0.,0.));
#10057 = LINE('',#10058,#10059);
#10058 = CARTESIAN_POINT('',(0.,0.,0.));
#10059 = VECTOR('',#10060,1.);
#10060 = DIRECTION('',(1.,0.,-0.));
#10061 = ORIENTED_EDGE('',*,*,#10062,.T.);
#10062 = EDGE_CURVE('',#10053,#10063,#10065,.T.);
#10063 = VERTEX_POINT('',#10064);
#10064 = CARTESIAN_POINT('',(0.,0.,0.2));
#10065 = LINE('',#10066,#10067);
#10066 = CARTESIAN_POINT('',(0.,0.,0.));
#10067 = VECTOR('',#10068,1.);
#10068 = DIRECTION('',(0.,0.,1.));
#10069 = ORIENTED_EDGE('',*,*,#10070,.T.);
#10070 = EDGE_CURVE('',#10063,#10071,#10073,.T.);
#10071 = VERTEX_POINT('',#10072);
#10072 = CARTESIAN_POINT('',(0.2,0.,0.2));
#10073 = LINE('',#10074,#10075);
#10074 = CARTESIAN_POINT('',(0.,0.,0.2));
#10075 = VECTOR('',#10076,1.);
#10076 = DIRECTION('',(1.,0.,-0.));
#10077 = ORIENTED_EDGE('',*,*,#10078,.F.);
#10078 = EDGE_CURVE('',#10055,#10071,#10079,.T.);
#10079 = LINE('',#10080,#10081);
#10080 = CARTESIAN_POINT('',(0.2,0.,0.));
#10081 = VECTOR('',#10082,1.);
#10082 = DIRECTION('',(0.,0.,1.));
#10083 = PLANE('',#10084);
#10084 = AXIS2_PLACEMENT_3D('',#10085,#10086,#10087);
#10085 = CARTESIAN_POINT('',(0.,0.,0.));
#10086 = DIRECTION('',(-0.,1.,0.));
#10087 = DIRECTION('',(0.,0.,1.));
#10088 = ( GEOMETRIC_REPRESENTATION_CONTEXT(3) 
GLOBAL_UNCERTAINTY_ASSIGNED_CONTEXT((#10092)) 
GLOBAL_UNIT_ASSIGNED_CONTEXT((#10089,#10090,#10091)) 
REPRESENTATION_CONTEXT('Context #1',
  '3D Context with UNIT and UNCERTAINTY') );
#10089 = ( LENGTH_UNIT() NAMED_UNIT(*) SI_UNIT(.MILLI.,.METRE.) );
#10090 = ( NAMED_UNIT(*) PLANE_ANGLE_UNIT() SI_UNIT($,.RADIAN.) );
#10091 = ( NAMED_UNIT(*) SI_UNIT($,.STERADIAN.) SOLID_ANGLE_UNIT() );
#10092 = UNCERTAINTY_MEASURE_WITH_UNIT(LENGTH_MEASURE(1.E-07),#10089,
  'distance_accuracy_value','confusion accuracy');
#10093 = CONTEXT_DEPENDENT_SHAPE_REPRESENTATION(#10094,#10096);
#10094 = ( REPRESENTATION_RELATIONSHIP('','',#10045,#9413) 
REPRESENTATION_RELATIONSHIP_WITH_TRANSFORMATION(#10095) 
SHAPE_REPRESENTATION_RELATIONSHIP() );
#10095 = ITEM_DEFINED_TRANSFORMATION('','',#11,#9450);
#10096 = PRODUCT_DEFINITION_SHAPE('Placement','Placement of an item',
  #10097);
#10097 = NEXT_ASSEMBLY_USAGE_OCCURRENCE('367',
  'Hotspot_bottom_surface_3_2','',#9408,#10040,$);
#10098 = PRODUCT_RELATED_PRODUCT_CATEGORY('part',$,(#10042));
#10099 = SHAPE_DEFINITION_REPRESENTATION(#10100,#10106);
#10100 = PRODUCT_DEFINITION_SHAPE('','',#10101);
#10101 = PRODUCT_DEFINITION('design','',#10102,#10105);
#10102 = PRODUCT_DEFINITION_FORMATION('','',#10103);
#10103 = PRODUCT('Hotspot_bottom_surface_3_3',
  'Hotspot_bottom_surface_3_3','',(#10104));
#10104 = PRODUCT_CONTEXT('',#2,'mechanical');
#10105 = PRODUCT_DEFINITION_CONTEXT('part definition',#2,'design');
#10106 = MANIFOLD_SURFACE_SHAPE_REPRESENTATION('',(#11,#10107),#10149);
#10107 = SHELL_BASED_SURFACE_MODEL('',(#10108));
#10108 = OPEN_SHELL('',(#10109));
#10109 = ADVANCED_FACE('',(#10110),#10144,.F.);
#10110 = FACE_BOUND('',#10111,.F.);
#10111 = EDGE_LOOP('',(#10112,#10122,#10130,#10138));
#10112 = ORIENTED_EDGE('',*,*,#10113,.F.);
#10113 = EDGE_CURVE('',#10114,#10116,#10118,.T.);
#10114 = VERTEX_POINT('',#10115);
#10115 = CARTESIAN_POINT('',(0.,0.,0.));
#10116 = VERTEX_POINT('',#10117);
#10117 = CARTESIAN_POINT('',(0.2,0.,0.));
#10118 = LINE('',#10119,#10120);
#10119 = CARTESIAN_POINT('',(0.,0.,0.));
#10120 = VECTOR('',#10121,1.);
#10121 = DIRECTION('',(1.,0.,-0.));
#10122 = ORIENTED_EDGE('',*,*,#10123,.T.);
#10123 = EDGE_CURVE('',#10114,#10124,#10126,.T.);
#10124 = VERTEX_POINT('',#10125);
#10125 = CARTESIAN_POINT('',(0.,0.,0.2));
#10126 = LINE('',#10127,#10128);
#10127 = CARTESIAN_POINT('',(0.,0.,0.));
#10128 = VECTOR('',#10129,1.);
#10129 = DIRECTION('',(0.,0.,1.));
#10130 = ORIENTED_EDGE('',*,*,#10131,.T.);
#10131 = EDGE_CURVE('',#10124,#10132,#10134,.T.);
#10132 = VERTEX_POINT('',#10133);
#10133 = CARTESIAN_POINT('',(0.2,0.,0.2));
#10134 = LINE('',#10135,#10136);
#10135 = CARTESIAN_POINT('',(0.,0.,0.2));
#10136 = VECTOR('',#10137,1.);
#10137 = DIRECTION('',(1.,0.,-0.));
#10138 = ORIENTED_EDGE('',*,*,#10139,.F.);
#10139 = EDGE_CURVE('',#10116,#10132,#10140,.T.);
#10140 = LINE('',#10141,#10142);
#10141 = CARTESIAN_POINT('',(0.2,0.,0.));
#10142 = VECTOR('',#10143,1.);
#10143 = DIRECTION('',(0.,0.,1.));
#10144 = PLANE('',#10145);
#10145 = AXIS2_PLACEMENT_3D('',#10146,#10147,#10148);
#10146 = CARTESIAN_POINT('',(0.,0.,0.));
#10147 = DIRECTION('',(-0.,1.,0.));
#10148 = DIRECTION('',(0.,0.,1.));
#10149 = ( GEOMETRIC_REPRESENTATION_CONTEXT(3) 
GLOBAL_UNCERTAINTY_ASSIGNED_CONTEXT((#10153)) 
GLOBAL_UNIT_ASSIGNED_CONTEXT((#10150,#10151,#10152)) 
REPRESENTATION_CONTEXT('Context #1',
  '3D Context with UNIT and UNCERTAINTY') );
#10150 = ( LENGTH_UNIT() NAMED_UNIT(*) SI_UNIT(.MILLI.,.METRE.) );
#10151 = ( NAMED_UNIT(*) PLANE_ANGLE_UNIT() SI_UNIT($,.RADIAN.) );
#10152 = ( NAMED_UNIT(*) SI_UNIT($,.STERADIAN.) SOLID_ANGLE_UNIT() );
#10153 = UNCERTAINTY_MEASURE_WITH_UNIT(LENGTH_MEASURE(1.E-07),#10150,
  'distance_accuracy_value','confusion accuracy');
#10154 = CONTEXT_DEPENDENT_SHAPE_REPRESENTATION(#10155,#10157);
#10155 = ( REPRESENTATION_RELATIONSHIP('','',#10106,#9413) 
REPRESENTATION_RELATIONSHIP_WITH_TRANSFORMATION(#10156) 
SHAPE_REPRESENTATION_RELATIONSHIP() );
#10156 = ITEM_DEFINED_TRANSFORMATION('','',#11,#9454);
#10157 = PRODUCT_DEFINITION_SHAPE('Placement','Placement of an item',
  #10158);
#10158 = NEXT_ASSEMBLY_USAGE_OCCURRENCE('368',
  'Hotspot_bottom_surface_3_3','',#9408,#10101,$);
#10159 = PRODUCT_RELATED_PRODUCT_CATEGORY('part',$,(#10103));
#10160 = SHAPE_DEFINITION_REPRESENTATION(#10161,#10167);
#10161 = PRODUCT_DEFINITION_SHAPE('','',#10162);
#10162 = PRODUCT_DEFINITION('design','',#10163,#10166);
#10163 = PRODUCT_DEFINITION_FORMATION('','',#10164);
#10164 = PRODUCT('Hotspot_bottom_surface_3_4',
  'Hotspot_bottom_surface_3_4','',(#10165));
#10165 = PRODUCT_CONTEXT('',#2,'mechanical');
#10166 = PRODUCT_DEFINITION_CONTEXT('part definition',#2,'design');
#10167 = MANIFOLD_SURFACE_SHAPE_REPRESENTATION('',(#11,#10168),#10210);
#10168 = SHELL_BASED_SURFACE_MODEL('',(#10169));
#10169 = OPEN_SHELL('',(#10170));
#10170 = ADVANCED_FACE('',(#10171),#10205,.F.);
#10171 = FACE_BOUND('',#10172,.F.);
#10172 = EDGE_LOOP('',(#10173,#10183,#10191,#10199));
#10173 = ORIENTED_EDGE('',*,*,#10174,.F.);
#10174 = EDGE_CURVE('',#10175,#10177,#10179,.T.);
#10175 = VERTEX_POINT('',#10176);
#10176 = CARTESIAN_POINT('',(0.,0.,0.));
#10177 = VERTEX_POINT('',#10178);
#10178 = CARTESIAN_POINT('',(0.2,0.,0.));
#10179 = LINE('',#10180,#10181);
#10180 = CARTESIAN_POINT('',(0.,0.,0.));
#10181 = VECTOR('',#10182,1.);
#10182 = DIRECTION('',(1.,0.,-0.));
#10183 = ORIENTED_EDGE('',*,*,#10184,.T.);
#10184 = EDGE_CURVE('',#10175,#10185,#10187,.T.);
#10185 = VERTEX_POINT('',#10186);
#10186 = CARTESIAN_POINT('',(0.,0.,0.2));
#10187 = LINE('',#10188,#10189);
#10188 = CARTESIAN_POINT('',(0.,0.,0.));
#10189 = VECTOR('',#10190,1.);
#10190 = DIRECTION('',(0.,0.,1.));
#10191 = ORIENTED_EDGE('',*,*,#10192,.T.);
#10192 = EDGE_CURVE('',#10185,#10193,#10195,.T.);
#10193 = VERTEX_POINT('',#10194);
#10194 = CARTESIAN_POINT('',(0.2,0.,0.2));
#10195 = LINE('',#10196,#10197);
#10196 = CARTESIAN_POINT('',(0.,0.,0.2));
#10197 = VECTOR('',#10198,1.);
#10198 = DIRECTION('',(1.,0.,-0.));
#10199 = ORIENTED_EDGE('',*,*,#10200,.F.);
#10200 = EDGE_CURVE('',#10177,#10193,#10201,.T.);
#10201 = LINE('',#10202,#10203);
#10202 = CARTESIAN_POINT('',(0.2,0.,0.));
#10203 = VECTOR('',#10204,1.);
#10204 = DIRECTION('',(0.,0.,1.));
#10205 = PLANE('',#10206);
#10206 = AXIS2_PLACEMENT_3D('',#10207,#10208,#10209);
#10207 = CARTESIAN_POINT('',(0.,0.,0.));
#10208 = DIRECTION('',(-0.,1.,0.));
#10209 = DIRECTION('',(0.,0.,1.));
#10210 = ( GEOMETRIC_REPRESENTATION_CONTEXT(3) 
GLOBAL_UNCERTAINTY_ASSIGNED_CONTEXT((#10214)) 
GLOBAL_UNIT_ASSIGNED_CONTEXT((#10211,#10212,#10213)) 
REPRESENTATION_CONTEXT('Context #1',
  '3D Context with UNIT and UNCERTAINTY') );
#10211 = ( LENGTH_UNIT() NAMED_UNIT(*) SI_UNIT(.MILLI.,.METRE.) );
#10212 = ( NAMED_UNIT(*) PLANE_ANGLE_UNIT() SI_UNIT($,.RADIAN.) );
#10213 = ( NAMED_UNIT(*) SI_UNIT($,.STERADIAN.) SOLID_ANGLE_UNIT() );
#10214 = UNCERTAINTY_MEASURE_WITH_UNIT(LENGTH_MEASURE(1.E-07),#10211,
  'distance_accuracy_value','confusion accuracy');
#10215 = CONTEXT_DEPENDENT_SHAPE_REPRESENTATION(#10216,#10218);
#10216 = ( REPRESENTATION_RELATIONSHIP('','',#10167,#9413) 
REPRESENTATION_RELATIONSHIP_WITH_TRANSFORMATION(#10217) 
SHAPE_REPRESENTATION_RELATIONSHIP() );
#10217 = ITEM_DEFINED_TRANSFORMATION('','',#11,#9458);
#10218 = PRODUCT_DEFINITION_SHAPE('Placement','Placement of an item',
  #10219);
#10219 = NEXT_ASSEMBLY_USAGE_OCCURRENCE('369',
  'Hotspot_bottom_surface_3_4','',#9408,#10162,$);
#10220 = PRODUCT_RELATED_PRODUCT_CATEGORY('part',$,(#10164));
#10221 = SHAPE_DEFINITION_REPRESENTATION(#10222,#10228);
#10222 = PRODUCT_DEFINITION_SHAPE('','',#10223);
#10223 = PRODUCT_DEFINITION('design','',#10224,#10227);
#10224 = PRODUCT_DEFINITION_FORMATION('','',#10225);
#10225 = PRODUCT('Hotspot_bottom_surface_4_1',
  'Hotspot_bottom_surface_4_1','',(#10226));
#10226 = PRODUCT_CONTEXT('',#2,'mechanical');
#10227 = PRODUCT_DEFINITION_CONTEXT('part definition',#2,'design');
#10228 = MANIFOLD_SURFACE_SHAPE_REPRESENTATION('',(#11,#10229),#10271);
#10229 = SHELL_BASED_SURFACE_MODEL('',(#10230));
#10230 = OPEN_SHELL('',(#10231));
#10231 = ADVANCED_FACE('',(#10232),#10266,.F.);
#10232 = FACE_BOUND('',#10233,.F.);
#10233 = EDGE_LOOP('',(#10234,#10244,#10252,#10260));
#10234 = ORIENTED_EDGE('',*,*,#10235,.F.);
#10235 = EDGE_CURVE('',#10236,#10238,#10240,.T.);
#10236 = VERTEX_POINT('',#10237);
#10237 = CARTESIAN_POINT('',(0.,0.,0.));
#10238 = VERTEX_POINT('',#10239);
#10239 = CARTESIAN_POINT('',(0.2,0.,0.));
#10240 = LINE('',#10241,#10242);
#10241 = CARTESIAN_POINT('',(0.,0.,0.));
#10242 = VECTOR('',#10243,1.);
#10243 = DIRECTION('',(1.,0.,-0.));
#10244 = ORIENTED_EDGE('',*,*,#10245,.T.);
#10245 = EDGE_CURVE('',#10236,#10246,#10248,.T.);
#10246 = VERTEX_POINT('',#10247);
#10247 = CARTESIAN_POINT('',(0.,0.,0.2));
#10248 = LINE('',#10249,#10250);
#10249 = CARTESIAN_POINT('',(0.,0.,0.));
#10250 = VECTOR('',#10251,1.);
#10251 = DIRECTION('',(0.,0.,1.));
#10252 = ORIENTED_EDGE('',*,*,#10253,.T.);
#10253 = EDGE_CURVE('',#10246,#10254,#10256,.T.);
#10254 = VERTEX_POINT('',#10255);
#10255 = CARTESIAN_POINT('',(0.2,0.,0.2));
#10256 = LINE('',#10257,#10258);
#10257 = CARTESIAN_POINT('',(0.,0.,0.2));
#10258 = VECTOR('',#10259,1.);
#10259 = DIRECTION('',(1.,0.,-0.));
#10260 = ORIENTED_EDGE('',*,*,#10261,.F.);
#10261 = EDGE_CURVE('',#10238,#10254,#10262,.T.);
#10262 = LINE('',#10263,#10264);
#10263 = CARTESIAN_POINT('',(0.2,0.,0.));
#10264 = VECTOR('',#10265,1.);
#10265 = DIRECTION('',(0.,0.,1.));
#10266 = PLANE('',#10267);
#10267 = AXIS2_PLACEMENT_3D('',#10268,#10269,#10270);
#10268 = CARTESIAN_POINT('',(0.,0.,0.));
#10269 = DIRECTION('',(-0.,1.,0.));
#10270 = DIRECTION('',(0.,0.,1.));
#10271 = ( GEOMETRIC_REPRESENTATION_CONTEXT(3) 
GLOBAL_UNCERTAINTY_ASSIGNED_CONTEXT((#10275)) 
GLOBAL_UNIT_ASSIGNED_CONTEXT((#10272,#10273,#10274)) 
REPRESENTATION_CONTEXT('Context #1',
  '3D Context with UNIT and UNCERTAINTY') );
#10272 = ( LENGTH_UNIT() NAMED_UNIT(*) SI_UNIT(.MILLI.,.METRE.) );
#10273 = ( NAMED_UNIT(*) PLANE_ANGLE_UNIT() SI_UNIT($,.RADIAN.) );
#10274 = ( NAMED_UNIT(*) SI_UNIT($,.STERADIAN.) SOLID_ANGLE_UNIT() );
#10275 = UNCERTAINTY_MEASURE_WITH_UNIT(LENGTH_MEASURE(1.E-07),#10272,
  'distance_accuracy_value','confusion accuracy');
#10276 = CONTEXT_DEPENDENT_SHAPE_REPRESENTATION(#10277,#10279);
#10277 = ( REPRESENTATION_RELATIONSHIP('','',#10228,#9413) 
REPRESENTATION_RELATIONSHIP_WITH_TRANSFORMATION(#10278) 
SHAPE_REPRESENTATION_RELATIONSHIP() );
#10278 = ITEM_DEFINED_TRANSFORMATION('','',#11,#9462);
#10279 = PRODUCT_DEFINITION_SHAPE('Placement','Placement of an item',
  #10280);
#10280 = NEXT_ASSEMBLY_USAGE_OCCURRENCE('370',
  'Hotspot_bottom_surface_4_1','',#9408,#10223,$);
#10281 = PRODUCT_RELATED_PRODUCT_CATEGORY('part',$,(#10225));
#10282 = SHAPE_DEFINITION_REPRESENTATION(#10283,#10289);
#10283 = PRODUCT_DEFINITION_SHAPE('','',#10284);
#10284 = PRODUCT_DEFINITION('design','',#10285,#10288);
#10285 = PRODUCT_DEFINITION_FORMATION('','',#10286);
#10286 = PRODUCT('Hotspot_bottom_surface_4_2',
  'Hotspot_bottom_surface_4_2','',(#10287));
#10287 = PRODUCT_CONTEXT('',#2,'mechanical');
#10288 = PRODUCT_DEFINITION_CONTEXT('part definition',#2,'design');
#10289 = MANIFOLD_SURFACE_SHAPE_REPRESENTATION('',(#11,#10290),#10332);
#10290 = SHELL_BASED_SURFACE_MODEL('',(#10291));
#10291 = OPEN_SHELL('',(#10292));
#10292 = ADVANCED_FACE('',(#10293),#10327,.F.);
#10293 = FACE_BOUND('',#10294,.F.);
#10294 = EDGE_LOOP('',(#10295,#10305,#10313,#10321));
#10295 = ORIENTED_EDGE('',*,*,#10296,.F.);
#10296 = EDGE_CURVE('',#10297,#10299,#10301,.T.);
#10297 = VERTEX_POINT('',#10298);
#10298 = CARTESIAN_POINT('',(0.,0.,0.));
#10299 = VERTEX_POINT('',#10300);
#10300 = CARTESIAN_POINT('',(0.2,0.,0.));
#10301 = LINE('',#10302,#10303);
#10302 = CARTESIAN_POINT('',(0.,0.,0.));
#10303 = VECTOR('',#10304,1.);
#10304 = DIRECTION('',(1.,0.,-0.));
#10305 = ORIENTED_EDGE('',*,*,#10306,.T.);
#10306 = EDGE_CURVE('',#10297,#10307,#10309,.T.);
#10307 = VERTEX_POINT('',#10308);
#10308 = CARTESIAN_POINT('',(0.,0.,0.2));
#10309 = LINE('',#10310,#10311);
#10310 = CARTESIAN_POINT('',(0.,0.,0.));
#10311 = VECTOR('',#10312,1.);
#10312 = DIRECTION('',(0.,0.,1.));
#10313 = ORIENTED_EDGE('',*,*,#10314,.T.);
#10314 = EDGE_CURVE('',#10307,#10315,#10317,.T.);
#10315 = VERTEX_POINT('',#10316);
#10316 = CARTESIAN_POINT('',(0.2,0.,0.2));
#10317 = LINE('',#10318,#10319);
#10318 = CARTESIAN_POINT('',(0.,0.,0.2));
#10319 = VECTOR('',#10320,1.);
#10320 = DIRECTION('',(1.,0.,-0.));
#10321 = ORIENTED_EDGE('',*,*,#10322,.F.);
#10322 = EDGE_CURVE('',#10299,#10315,#10323,.T.);
#10323 = LINE('',#10324,#10325);
#10324 = CARTESIAN_POINT('',(0.2,0.,0.));
#10325 = VECTOR('',#10326,1.);
#10326 = DIRECTION('',(0.,0.,1.));
#10327 = PLANE('',#10328);
#10328 = AXIS2_PLACEMENT_3D('',#10329,#10330,#10331);
#10329 = CARTESIAN_POINT('',(0.,0.,0.));
#10330 = DIRECTION('',(-0.,1.,0.));
#10331 = DIRECTION('',(0.,0.,1.));
#10332 = ( GEOMETRIC_REPRESENTATION_CONTEXT(3) 
GLOBAL_UNCERTAINTY_ASSIGNED_CONTEXT((#10336)) 
GLOBAL_UNIT_ASSIGNED_CONTEXT((#10333,#10334,#10335)) 
REPRESENTATION_CONTEXT('Context #1',
  '3D Context with UNIT and UNCERTAINTY') );
#10333 = ( LENGTH_UNIT() NAMED_UNIT(*) SI_UNIT(.MILLI.,.METRE.) );
#10334 = ( NAMED_UNIT(*) PLANE_ANGLE_UNIT() SI_UNIT($,.RADIAN.) );
#10335 = ( NAMED_UNIT(*) SI_UNIT($,.STERADIAN.) SOLID_ANGLE_UNIT() );
#10336 = UNCERTAINTY_MEASURE_WITH_UNIT(LENGTH_MEASURE(1.E-07),#10333,
  'distance_accuracy_value','confusion accuracy');
#10337 = CONTEXT_DEPENDENT_SHAPE_REPRESENTATION(#10338,#10340);
#10338 = ( REPRESENTATION_RELATIONSHIP('','',#10289,#9413) 
REPRESENTATION_RELATIONSHIP_WITH_TRANSFORMATION(#10339) 
SHAPE_REPRESENTATION_RELATIONSHIP() );
#10339 = ITEM_DEFINED_TRANSFORMATION('','',#11,#9466);
#10340 = PRODUCT_DEFINITION_SHAPE('Placement','Placement of an item',
  #10341);
#10341 = NEXT_ASSEMBLY_USAGE_OCCURRENCE('371',
  'Hotspot_bottom_surface_4_2','',#9408,#10284,$);
#10342 = PRODUCT_RELATED_PRODUCT_CATEGORY('part',$,(#10286));
#10343 = SHAPE_DEFINITION_REPRESENTATION(#10344,#10350);
#10344 = PRODUCT_DEFINITION_SHAPE('','',#10345);
#10345 = PRODUCT_DEFINITION('design','',#10346,#10349);
#10346 = PRODUCT_DEFINITION_FORMATION('','',#10347);
#10347 = PRODUCT('Hotspot_bottom_surface_4_3',
  'Hotspot_bottom_surface_4_3','',(#10348));
#10348 = PRODUCT_CONTEXT('',#2,'mechanical');
#10349 = PRODUCT_DEFINITION_CONTEXT('part definition',#2,'design');
#10350 = MANIFOLD_SURFACE_SHAPE_REPRESENTATION('',(#11,#10351),#10393);
#10351 = SHELL_BASED_SURFACE_MODEL('',(#10352));
#10352 = OPEN_SHELL('',(#10353));
#10353 = ADVANCED_FACE('',(#10354),#10388,.F.);
#10354 = FACE_BOUND('',#10355,.F.);
#10355 = EDGE_LOOP('',(#10356,#10366,#10374,#10382));
#10356 = ORIENTED_EDGE('',*,*,#10357,.F.);
#10357 = EDGE_CURVE('',#10358,#10360,#10362,.T.);
#10358 = VERTEX_POINT('',#10359);
#10359 = CARTESIAN_POINT('',(0.,0.,0.));
#10360 = VERTEX_POINT('',#10361);
#10361 = CARTESIAN_POINT('',(0.2,0.,0.));
#10362 = LINE('',#10363,#10364);
#10363 = CARTESIAN_POINT('',(0.,0.,0.));
#10364 = VECTOR('',#10365,1.);
#10365 = DIRECTION('',(1.,0.,-0.));
#10366 = ORIENTED_EDGE('',*,*,#10367,.T.);
#10367 = EDGE_CURVE('',#10358,#10368,#10370,.T.);
#10368 = VERTEX_POINT('',#10369);
#10369 = CARTESIAN_POINT('',(0.,0.,0.2));
#10370 = LINE('',#10371,#10372);
#10371 = CARTESIAN_POINT('',(0.,0.,0.));
#10372 = VECTOR('',#10373,1.);
#10373 = DIRECTION('',(0.,0.,1.));
#10374 = ORIENTED_EDGE('',*,*,#10375,.T.);
#10375 = EDGE_CURVE('',#10368,#10376,#10378,.T.);
#10376 = VERTEX_POINT('',#10377);
#10377 = CARTESIAN_POINT('',(0.2,0.,0.2));
#10378 = LINE('',#10379,#10380);
#10379 = CARTESIAN_POINT('',(0.,0.,0.2));
#10380 = VECTOR('',#10381,1.);
#10381 = DIRECTION('',(1.,0.,-0.));
#10382 = ORIENTED_EDGE('',*,*,#10383,.F.);
#10383 = EDGE_CURVE('',#10360,#10376,#10384,.T.);
#10384 = LINE('',#10385,#10386);
#10385 = CARTESIAN_POINT('',(0.2,0.,0.));
#10386 = VECTOR('',#10387,1.);
#10387 = DIRECTION('',(0.,0.,1.));
#10388 = PLANE('',#10389);
#10389 = AXIS2_PLACEMENT_3D('',#10390,#10391,#10392);
#10390 = CARTESIAN_POINT('',(0.,0.,0.));
#10391 = DIRECTION('',(-0.,1.,0.));
#10392 = DIRECTION('',(0.,0.,1.));
#10393 = ( GEOMETRIC_REPRESENTATION_CONTEXT(3) 
GLOBAL_UNCERTAINTY_ASSIGNED_CONTEXT((#10397)) 
GLOBAL_UNIT_ASSIGNED_CONTEXT((#10394,#10395,#10396)) 
REPRESENTATION_CONTEXT('Context #1',
  '3D Context with UNIT and UNCERTAINTY') );
#10394 = ( LENGTH_UNIT() NAMED_UNIT(*) SI_UNIT(.MILLI.,.METRE.) );
#10395 = ( NAMED_UNIT(*) PLANE_ANGLE_UNIT() SI_UNIT($,.RADIAN.) );
#10396 = ( NAMED_UNIT(*) SI_UNIT($,.STERADIAN.) SOLID_ANGLE_UNIT() );
#10397 = UNCERTAINTY_MEASURE_WITH_UNIT(LENGTH_MEASURE(1.E-07),#10394,
  'distance_accuracy_value','confusion accuracy');
#10398 = CONTEXT_DEPENDENT_SHAPE_REPRESENTATION(#10399,#10401);
#10399 = ( REPRESENTATION_RELATIONSHIP('','',#10350,#9413) 
REPRESENTATION_RELATIONSHIP_WITH_TRANSFORMATION(#10400) 
SHAPE_REPRESENTATION_RELATIONSHIP() );
#10400 = ITEM_DEFINED_TRANSFORMATION('','',#11,#9470);
#10401 = PRODUCT_DEFINITION_SHAPE('Placement','Placement of an item',
  #10402);
#10402 = NEXT_ASSEMBLY_USAGE_OCCURRENCE('372',
  'Hotspot_bottom_surface_4_3','',#9408,#10345,$);
#10403 = PRODUCT_RELATED_PRODUCT_CATEGORY('part',$,(#10347));
#10404 = SHAPE_DEFINITION_REPRESENTATION(#10405,#10411);
#10405 = PRODUCT_DEFINITION_SHAPE('','',#10406);
#10406 = PRODUCT_DEFINITION('design','',#10407,#10410);
#10407 = PRODUCT_DEFINITION_FORMATION('','',#10408);
#10408 = PRODUCT('Hotspot_bottom_surface_4_4',
  'Hotspot_bottom_surface_4_4','',(#10409));
#10409 = PRODUCT_CONTEXT('',#2,'mechanical');
#10410 = PRODUCT_DEFINITION_CONTEXT('part definition',#2,'design');
#10411 = MANIFOLD_SURFACE_SHAPE_REPRESENTATION('',(#11,#10412),#10454);
#10412 = SHELL_BASED_SURFACE_MODEL('',(#10413));
#10413 = OPEN_SHELL('',(#10414));
#10414 = ADVANCED_FACE('',(#10415),#10449,.F.);
#10415 = FACE_BOUND('',#10416,.F.);
#10416 = EDGE_LOOP('',(#10417,#10427,#10435,#10443));
#10417 = ORIENTED_EDGE('',*,*,#10418,.F.);
#10418 = EDGE_CURVE('',#10419,#10421,#10423,.T.);
#10419 = VERTEX_POINT('',#10420);
#10420 = CARTESIAN_POINT('',(0.,0.,0.));
#10421 = VERTEX_POINT('',#10422);
#10422 = CARTESIAN_POINT('',(0.2,0.,0.));
#10423 = LINE('',#10424,#10425);
#10424 = CARTESIAN_POINT('',(0.,0.,0.));
#10425 = VECTOR('',#10426,1.);
#10426 = DIRECTION('',(1.,0.,-0.));
#10427 = ORIENTED_EDGE('',*,*,#10428,.T.);
#10428 = EDGE_CURVE('',#10419,#10429,#10431,.T.);
#10429 = VERTEX_POINT('',#10430);
#10430 = CARTESIAN_POINT('',(0.,0.,0.2));
#10431 = LINE('',#10432,#10433);
#10432 = CARTESIAN_POINT('',(0.,0.,0.));
#10433 = VECTOR('',#10434,1.);
#10434 = DIRECTION('',(0.,0.,1.));
#10435 = ORIENTED_EDGE('',*,*,#10436,.T.);
#10436 = EDGE_CURVE('',#10429,#10437,#10439,.T.);
#10437 = VERTEX_POINT('',#10438);
#10438 = CARTESIAN_POINT('',(0.2,0.,0.2));
#10439 = LINE('',#10440,#10441);
#10440 = CARTESIAN_POINT('',(0.,0.,0.2));
#10441 = VECTOR('',#10442,1.);
#10442 = DIRECTION('',(1.,0.,-0.));
#10443 = ORIENTED_EDGE('',*,*,#10444,.F.);
#10444 = EDGE_CURVE('',#10421,#10437,#10445,.T.);
#10445 = LINE('',#10446,#10447);
#10446 = CARTESIAN_POINT('',(0.2,0.,0.));
#10447 = VECTOR('',#10448,1.);
#10448 = DIRECTION('',(0.,0.,1.));
#10449 = PLANE('',#10450);
#10450 = AXIS2_PLACEMENT_3D('',#10451,#10452,#10453);
#10451 = CARTESIAN_POINT('',(0.,0.,0.));
#10452 = DIRECTION('',(-0.,1.,0.));
#10453 = DIRECTION('',(0.,0.,1.));
#10454 = ( GEOMETRIC_REPRESENTATION_CONTEXT(3) 
GLOBAL_UNCERTAINTY_ASSIGNED_CONTEXT((#10458)) 
GLOBAL_UNIT_ASSIGNED_CONTEXT((#10455,#10456,#10457)) 
REPRESENTATION_CONTEXT('Context #1',
  '3D Context with UNIT and UNCERTAINTY') );
#10455 = ( LENGTH_UNIT() NAMED_UNIT(*) SI_UNIT(.MILLI.,.METRE.) );
#10456 = ( NAMED_UNIT(*) PLANE_ANGLE_UNIT() SI_UNIT($,.RADIAN.) );
#10457 = ( NAMED_UNIT(*) SI_UNIT($,.STERADIAN.) SOLID_ANGLE_UNIT() );
#10458 = UNCERTAINTY_MEASURE_WITH_UNIT(LENGTH_MEASURE(1.E-07),#10455,
  'distance_accuracy_value','confusion accuracy');
#10459 = CONTEXT_DEPENDENT_SHAPE_REPRESENTATION(#10460,#10462);
#10460 = ( REPRESENTATION_RELATIONSHIP('','',#10411,#9413) 
REPRESENTATION_RELATIONSHIP_WITH_TRANSFORMATION(#10461) 
SHAPE_REPRESENTATION_RELATIONSHIP() );
#10461 = ITEM_DEFINED_TRANSFORMATION('','',#11,#9474);
#10462 = PRODUCT_DEFINITION_SHAPE('Placement','Placement of an item',
  #10463);
#10463 = NEXT_ASSEMBLY_USAGE_OCCURRENCE('373',
  'Hotspot_bottom_surface_4_4','',#9408,#10406,$);
#10464 = PRODUCT_RELATED_PRODUCT_CATEGORY('part',$,(#10408));
#10465 = SHAPE_DEFINITION_REPRESENTATION(#10466,#10472);
#10466 = PRODUCT_DEFINITION_SHAPE('','',#10467);
#10467 = PRODUCT_DEFINITION('design','',#10468,#10471);
#10468 = PRODUCT_DEFINITION_FORMATION('','',#10469);
#10469 = PRODUCT('Chip','Chip','',(#10470));
#10470 = PRODUCT_CONTEXT('',#2,'mechanical');
#10471 = PRODUCT_DEFINITION_CONTEXT('part definition',#2,'design');
#10472 = ADVANCED_BREP_SHAPE_REPRESENTATION('',(#11,#10473),#12799);
#10473 = MANIFOLD_SOLID_BREP('',#10474);
#10474 = CLOSED_SHELL('',(#10475,#10515,#11090,#11114,#11682,#11699,
    #11711,#11733,#11750,#11767,#11779,#11801,#11818,#11835,#11847,
    #11869,#11886,#11903,#11915,#11937,#11954,#11971,#11983,#12005,
    #12022,#12039,#12051,#12073,#12090,#12107,#12119,#12141,#12158,
    #12175,#12187,#12209,#12226,#12243,#12255,#12277,#12294,#12311,
    #12323,#12345,#12362,#12379,#12391,#12413,#12430,#12447,#12459,
    #12481,#12498,#12515,#12527,#12549,#12566,#12583,#12595,#12617,
    #12634,#12651,#12663,#12685,#12702,#12719,#12731,#12753,#12770,
    #12787));
#10475 = ADVANCED_FACE('',(#10476),#10510,.F.);
#10476 = FACE_BOUND('',#10477,.F.);
#10477 = EDGE_LOOP('',(#10478,#10488,#10496,#10504));
#10478 = ORIENTED_EDGE('',*,*,#10479,.F.);
#10479 = EDGE_CURVE('',#10480,#10482,#10484,.T.);
#10480 = VERTEX_POINT('',#10481);
#10481 = CARTESIAN_POINT('',(0.,0.,0.));
#10482 = VERTEX_POINT('',#10483);
#10483 = CARTESIAN_POINT('',(0.,0.,20.));
#10484 = LINE('',#10485,#10486);
#10485 = CARTESIAN_POINT('',(0.,0.,0.));
#10486 = VECTOR('',#10487,1.);
#10487 = DIRECTION('',(0.,0.,1.));
#10488 = ORIENTED_EDGE('',*,*,#10489,.T.);
#10489 = EDGE_CURVE('',#10480,#10490,#10492,.T.);
#10490 = VERTEX_POINT('',#10491);
#10491 = CARTESIAN_POINT('',(0.,0.5,0.));
#10492 = LINE('',#10493,#10494);
#10493 = CARTESIAN_POINT('',(0.,0.,0.));
#10494 = VECTOR('',#10495,1.);
#10495 = DIRECTION('',(-0.,1.,0.));
#10496 = ORIENTED_EDGE('',*,*,#10497,.T.);
#10497 = EDGE_CURVE('',#10490,#10498,#10500,.T.);
#10498 = VERTEX_POINT('',#10499);
#10499 = CARTESIAN_POINT('',(0.,0.5,20.));
#10500 = LINE('',#10501,#10502);
#10501 = CARTESIAN_POINT('',(0.,0.5,0.));
#10502 = VECTOR('',#10503,1.);
#10503 = DIRECTION('',(0.,0.,1.));
#10504 = ORIENTED_EDGE('',*,*,#10505,.F.);
#10505 = EDGE_CURVE('',#10482,#10498,#10506,.T.);
#10506 = LINE('',#10507,#10508);
#10507 = CARTESIAN_POINT('',(0.,0.,20.));
#10508 = VECTOR('',#10509,1.);
#10509 = DIRECTION('',(-0.,1.,0.));
#10510 = PLANE('',#10511);
#10511 = AXIS2_PLACEMENT_3D('',#10512,#10513,#10514);
#10512 = CARTESIAN_POINT('',(0.,0.,0.));
#10513 = DIRECTION('',(1.,0.,-0.));
#10514 = DIRECTION('',(0.,0.,1.));
#10515 = ADVANCED_FACE('',(#10516,#10541,#10575,#10609,#10643,#10677,
    #10711,#10745,#10779,#10813,#10847,#10881,#10915,#10949,#10983,
    #11017,#11051),#11085,.F.);
#10516 = FACE_BOUND('',#10517,.F.);
#10517 = EDGE_LOOP('',(#10518,#10526,#10527,#10535));
#10518 = ORIENTED_EDGE('',*,*,#10519,.F.);
#10519 = EDGE_CURVE('',#10480,#10520,#10522,.T.);
#10520 = VERTEX_POINT('',#10521);
#10521 = CARTESIAN_POINT('',(20.,0.,0.));
#10522 = LINE('',#10523,#10524);
#10523 = CARTESIAN_POINT('',(0.,0.,0.));
#10524 = VECTOR('',#10525,1.);
#10525 = DIRECTION('',(1.,0.,-0.));
#10526 = ORIENTED_EDGE('',*,*,#10479,.T.);
#10527 = ORIENTED_EDGE('',*,*,#10528,.T.);
#10528 = EDGE_CURVE('',#10482,#10529,#10531,.T.);
#10529 = VERTEX_POINT('',#10530);
#10530 = CARTESIAN_POINT('',(20.,0.,20.));
#10531 = LINE('',#10532,#10533);
#10532 = CARTESIAN_POINT('',(0.,0.,20.));
#10533 = VECTOR('',#10534,1.);
#10534 = DIRECTION('',(1.,0.,-0.));
#10535 = ORIENTED_EDGE('',*,*,#10536,.F.);
#10536 = EDGE_CURVE('',#10520,#10529,#10537,.T.);
#10537 = LINE('',#10538,#10539);
#10538 = CARTESIAN_POINT('',(20.,0.,0.));
#10539 = VECTOR('',#10540,1.);
#10540 = DIRECTION('',(0.,0.,1.));
#10541 = FACE_BOUND('',#10542,.F.);
#10542 = EDGE_LOOP('',(#10543,#10553,#10561,#10569));
#10543 = ORIENTED_EDGE('',*,*,#10544,.F.);
#10544 = EDGE_CURVE('',#10545,#10547,#10549,.T.);
#10545 = VERTEX_POINT('',#10546);
#10546 = CARTESIAN_POINT('',(2.4,0.,2.4));
#10547 = VERTEX_POINT('',#10548);
#10548 = CARTESIAN_POINT('',(2.4,0.,4.4));
#10549 = LINE('',#10550,#10551);
#10550 = CARTESIAN_POINT('',(2.4,0.,2.4));
#10551 = VECTOR('',#10552,1.);
#10552 = DIRECTION('',(0.,0.,1.));
#10553 = ORIENTED_EDGE('',*,*,#10554,.T.);
#10554 = EDGE_CURVE('',#10545,#10555,#10557,.T.);
#10555 = VERTEX_POINT('',#10556);
#10556 = CARTESIAN_POINT('',(4.4,0.,2.4));
#10557 = LINE('',#10558,#10559);
#10558 = CARTESIAN_POINT('',(2.4,0.,2.4));
#10559 = VECTOR('',#10560,1.);
#10560 = DIRECTION('',(1.,0.,-0.));
#10561 = ORIENTED_EDGE('',*,*,#10562,.T.);
#10562 = EDGE_CURVE('',#10555,#10563,#10565,.T.);
#10563 = VERTEX_POINT('',#10564);
#10564 = CARTESIAN_POINT('',(4.4,0.,4.4));
#10565 = LINE('',#10566,#10567);
#10566 = CARTESIAN_POINT('',(4.4,0.,2.4));
#10567 = VECTOR('',#10568,1.);
#10568 = DIRECTION('',(0.,0.,1.));
#10569 = ORIENTED_EDGE('',*,*,#10570,.F.);
#10570 = EDGE_CURVE('',#10547,#10563,#10571,.T.);
#10571 = LINE('',#10572,#10573);
#10572 = CARTESIAN_POINT('',(2.4,0.,4.4));
#10573 = VECTOR('',#10574,1.);
#10574 = DIRECTION('',(1.,0.,-0.));
#10575 = FACE_BOUND('',#10576,.F.);
#10576 = EDGE_LOOP('',(#10577,#10587,#10595,#10603));
#10577 = ORIENTED_EDGE('',*,*,#10578,.F.);
#10578 = EDGE_CURVE('',#10579,#10581,#10583,.T.);
#10579 = VERTEX_POINT('',#10580);
#10580 = CARTESIAN_POINT('',(2.4,0.,6.8));
#10581 = VERTEX_POINT('',#10582);
#10582 = CARTESIAN_POINT('',(2.4,0.,8.8));
#10583 = LINE('',#10584,#10585);
#10584 = CARTESIAN_POINT('',(2.4,0.,6.8));
#10585 = VECTOR('',#10586,1.);
#10586 = DIRECTION('',(0.,0.,1.));
#10587 = ORIENTED_EDGE('',*,*,#10588,.T.);
#10588 = EDGE_CURVE('',#10579,#10589,#10591,.T.);
#10589 = VERTEX_POINT('',#10590);
#10590 = CARTESIAN_POINT('',(4.4,0.,6.8));
#10591 = LINE('',#10592,#10593);
#10592 = CARTESIAN_POINT('',(2.4,0.,6.8));
#10593 = VECTOR('',#10594,1.);
#10594 = DIRECTION('',(1.,0.,-0.));
#10595 = ORIENTED_EDGE('',*,*,#10596,.T.);
#10596 = EDGE_CURVE('',#10589,#10597,#10599,.T.);
#10597 = VERTEX_POINT('',#10598);
#10598 = CARTESIAN_POINT('',(4.4,0.,8.8));
#10599 = LINE('',#10600,#10601);
#10600 = CARTESIAN_POINT('',(4.4,0.,6.8));
#10601 = VECTOR('',#10602,1.);
#10602 = DIRECTION('',(0.,0.,1.));
#10603 = ORIENTED_EDGE('',*,*,#10604,.F.);
#10604 = EDGE_CURVE('',#10581,#10597,#10605,.T.);
#10605 = LINE('',#10606,#10607);
#10606 = CARTESIAN_POINT('',(2.4,0.,8.8));
#10607 = VECTOR('',#10608,1.);
#10608 = DIRECTION('',(1.,0.,-0.));
#10609 = FACE_BOUND('',#10610,.F.);
#10610 = EDGE_LOOP('',(#10611,#10621,#10629,#10637));
#10611 = ORIENTED_EDGE('',*,*,#10612,.F.);
#10612 = EDGE_CURVE('',#10613,#10615,#10617,.T.);
#10613 = VERTEX_POINT('',#10614);
#10614 = CARTESIAN_POINT('',(6.8,0.,2.4));
#10615 = VERTEX_POINT('',#10616);
#10616 = CARTESIAN_POINT('',(6.8,0.,4.4));
#10617 = LINE('',#10618,#10619);
#10618 = CARTESIAN_POINT('',(6.8,0.,2.4));
#10619 = VECTOR('',#10620,1.);
#10620 = DIRECTION('',(0.,0.,1.));
#10621 = ORIENTED_EDGE('',*,*,#10622,.T.);
#10622 = EDGE_CURVE('',#10613,#10623,#10625,.T.);
#10623 = VERTEX_POINT('',#10624);
#10624 = CARTESIAN_POINT('',(8.8,0.,2.4));
#10625 = LINE('',#10626,#10627);
#10626 = CARTESIAN_POINT('',(6.8,0.,2.4));
#10627 = VECTOR('',#10628,1.);
#10628 = DIRECTION('',(1.,0.,-0.));
#10629 = ORIENTED_EDGE('',*,*,#10630,.T.);
#10630 = EDGE_CURVE('',#10623,#10631,#10633,.T.);
#10631 = VERTEX_POINT('',#10632);
#10632 = CARTESIAN_POINT('',(8.8,0.,4.4));
#10633 = LINE('',#10634,#10635);
#10634 = CARTESIAN_POINT('',(8.8,0.,2.4));
#10635 = VECTOR('',#10636,1.);
#10636 = DIRECTION('',(0.,0.,1.));
#10637 = ORIENTED_EDGE('',*,*,#10638,.F.);
#10638 = EDGE_CURVE('',#10615,#10631,#10639,.T.);
#10639 = LINE('',#10640,#10641);
#10640 = CARTESIAN_POINT('',(6.8,0.,4.4));
#10641 = VECTOR('',#10642,1.);
#10642 = DIRECTION('',(1.,0.,-0.));
#10643 = FACE_BOUND('',#10644,.F.);
#10644 = EDGE_LOOP('',(#10645,#10655,#10663,#10671));
#10645 = ORIENTED_EDGE('',*,*,#10646,.F.);
#10646 = EDGE_CURVE('',#10647,#10649,#10651,.T.);
#10647 = VERTEX_POINT('',#10648);
#10648 = CARTESIAN_POINT('',(6.8,0.,6.8));
#10649 = VERTEX_POINT('',#10650);
#10650 = CARTESIAN_POINT('',(6.8,0.,8.8));
#10651 = LINE('',#10652,#10653);
#10652 = CARTESIAN_POINT('',(6.8,0.,6.8));
#10653 = VECTOR('',#10654,1.);
#10654 = DIRECTION('',(0.,0.,1.));
#10655 = ORIENTED_EDGE('',*,*,#10656,.T.);
#10656 = EDGE_CURVE('',#10647,#10657,#10659,.T.);
#10657 = VERTEX_POINT('',#10658);
#10658 = CARTESIAN_POINT('',(8.8,0.,6.8));
#10659 = LINE('',#10660,#10661);
#10660 = CARTESIAN_POINT('',(6.8,0.,6.8));
#10661 = VECTOR('',#10662,1.);
#10662 = DIRECTION('',(1.,0.,-0.));
#10663 = ORIENTED_EDGE('',*,*,#10664,.T.);
#10664 = EDGE_CURVE('',#10657,#10665,#10667,.T.);
#10665 = VERTEX_POINT('',#10666);
#10666 = CARTESIAN_POINT('',(8.8,0.,8.8));
#10667 = LINE('',#10668,#10669);
#10668 = CARTESIAN_POINT('',(8.8,0.,6.8));
#10669 = VECTOR('',#10670,1.);
#10670 = DIRECTION('',(0.,0.,1.));
#10671 = ORIENTED_EDGE('',*,*,#10672,.F.);
#10672 = EDGE_CURVE('',#10649,#10665,#10673,.T.);
#10673 = LINE('',#10674,#10675);
#10674 = CARTESIAN_POINT('',(6.8,0.,8.8));
#10675 = VECTOR('',#10676,1.);
#10676 = DIRECTION('',(1.,0.,-0.));
#10677 = FACE_BOUND('',#10678,.F.);
#10678 = EDGE_LOOP('',(#10679,#10689,#10697,#10705));
#10679 = ORIENTED_EDGE('',*,*,#10680,.F.);
#10680 = EDGE_CURVE('',#10681,#10683,#10685,.T.);
#10681 = VERTEX_POINT('',#10682);
#10682 = CARTESIAN_POINT('',(2.4,0.,11.2));
#10683 = VERTEX_POINT('',#10684);
#10684 = CARTESIAN_POINT('',(2.4,0.,13.2));
#10685 = LINE('',#10686,#10687);
#10686 = CARTESIAN_POINT('',(2.4,0.,11.2));
#10687 = VECTOR('',#10688,1.);
#10688 = DIRECTION('',(0.,0.,1.));
#10689 = ORIENTED_EDGE('',*,*,#10690,.T.);
#10690 = EDGE_CURVE('',#10681,#10691,#10693,.T.);
#10691 = VERTEX_POINT('',#10692);
#10692 = CARTESIAN_POINT('',(4.4,0.,11.2));
#10693 = LINE('',#10694,#10695);
#10694 = CARTESIAN_POINT('',(2.4,0.,11.2));
#10695 = VECTOR('',#10696,1.);
#10696 = DIRECTION('',(1.,0.,-0.));
#10697 = ORIENTED_EDGE('',*,*,#10698,.T.);
#10698 = EDGE_CURVE('',#10691,#10699,#10701,.T.);
#10699 = VERTEX_POINT('',#10700);
#10700 = CARTESIAN_POINT('',(4.4,0.,13.2));
#10701 = LINE('',#10702,#10703);
#10702 = CARTESIAN_POINT('',(4.4,0.,11.2));
#10703 = VECTOR('',#10704,1.);
#10704 = DIRECTION('',(0.,0.,1.));
#10705 = ORIENTED_EDGE('',*,*,#10706,.F.);
#10706 = EDGE_CURVE('',#10683,#10699,#10707,.T.);
#10707 = LINE('',#10708,#10709);
#10708 = CARTESIAN_POINT('',(2.4,0.,13.2));
#10709 = VECTOR('',#10710,1.);
#10710 = DIRECTION('',(1.,0.,-0.));
#10711 = FACE_BOUND('',#10712,.F.);
#10712 = EDGE_LOOP('',(#10713,#10723,#10731,#10739));
#10713 = ORIENTED_EDGE('',*,*,#10714,.F.);
#10714 = EDGE_CURVE('',#10715,#10717,#10719,.T.);
#10715 = VERTEX_POINT('',#10716);
#10716 = CARTESIAN_POINT('',(2.4,0.,15.6));
#10717 = VERTEX_POINT('',#10718);
#10718 = CARTESIAN_POINT('',(2.4,0.,17.6));
#10719 = LINE('',#10720,#10721);
#10720 = CARTESIAN_POINT('',(2.4,0.,15.6));
#10721 = VECTOR('',#10722,1.);
#10722 = DIRECTION('',(0.,0.,1.));
#10723 = ORIENTED_EDGE('',*,*,#10724,.T.);
#10724 = EDGE_CURVE('',#10715,#10725,#10727,.T.);
#10725 = VERTEX_POINT('',#10726);
#10726 = CARTESIAN_POINT('',(4.4,0.,15.6));
#10727 = LINE('',#10728,#10729);
#10728 = CARTESIAN_POINT('',(2.4,0.,15.6));
#10729 = VECTOR('',#10730,1.);
#10730 = DIRECTION('',(1.,0.,-0.));
#10731 = ORIENTED_EDGE('',*,*,#10732,.T.);
#10732 = EDGE_CURVE('',#10725,#10733,#10735,.T.);
#10733 = VERTEX_POINT('',#10734);
#10734 = CARTESIAN_POINT('',(4.4,0.,17.6));
#10735 = LINE('',#10736,#10737);
#10736 = CARTESIAN_POINT('',(4.4,0.,15.6));
#10737 = VECTOR('',#10738,1.);
#10738 = DIRECTION('',(0.,0.,1.));
#10739 = ORIENTED_EDGE('',*,*,#10740,.F.);
#10740 = EDGE_CURVE('',#10717,#10733,#10741,.T.);
#10741 = LINE('',#10742,#10743);
#10742 = CARTESIAN_POINT('',(2.4,0.,17.6));
#10743 = VECTOR('',#10744,1.);
#10744 = DIRECTION('',(1.,0.,-0.));
#10745 = FACE_BOUND('',#10746,.F.);
#10746 = EDGE_LOOP('',(#10747,#10757,#10765,#10773));
#10747 = ORIENTED_EDGE('',*,*,#10748,.F.);
#10748 = EDGE_CURVE('',#10749,#10751,#10753,.T.);
#10749 = VERTEX_POINT('',#10750);
#10750 = CARTESIAN_POINT('',(6.8,0.,11.2));
#10751 = VERTEX_POINT('',#10752);
#10752 = CARTESIAN_POINT('',(6.8,0.,13.2));
#10753 = LINE('',#10754,#10755);
#10754 = CARTESIAN_POINT('',(6.8,0.,11.2));
#10755 = VECTOR('',#10756,1.);
#10756 = DIRECTION('',(0.,0.,1.));
#10757 = ORIENTED_EDGE('',*,*,#10758,.T.);
#10758 = EDGE_CURVE('',#10749,#10759,#10761,.T.);
#10759 = VERTEX_POINT('',#10760);
#10760 = CARTESIAN_POINT('',(8.8,0.,11.2));
#10761 = LINE('',#10762,#10763);
#10762 = CARTESIAN_POINT('',(6.8,0.,11.2));
#10763 = VECTOR('',#10764,1.);
#10764 = DIRECTION('',(1.,0.,-0.));
#10765 = ORIENTED_EDGE('',*,*,#10766,.T.);
#10766 = EDGE_CURVE('',#10759,#10767,#10769,.T.);
#10767 = VERTEX_POINT('',#10768);
#10768 = CARTESIAN_POINT('',(8.8,0.,13.2));
#10769 = LINE('',#10770,#10771);
#10770 = CARTESIAN_POINT('',(8.8,0.,11.2));
#10771 = VECTOR('',#10772,1.);
#10772 = DIRECTION('',(0.,0.,1.));
#10773 = ORIENTED_EDGE('',*,*,#10774,.F.);
#10774 = EDGE_CURVE('',#10751,#10767,#10775,.T.);
#10775 = LINE('',#10776,#10777);
#10776 = CARTESIAN_POINT('',(6.8,0.,13.2));
#10777 = VECTOR('',#10778,1.);
#10778 = DIRECTION('',(1.,0.,-0.));
#10779 = FACE_BOUND('',#10780,.F.);
#10780 = EDGE_LOOP('',(#10781,#10791,#10799,#10807));
#10781 = ORIENTED_EDGE('',*,*,#10782,.F.);
#10782 = EDGE_CURVE('',#10783,#10785,#10787,.T.);
#10783 = VERTEX_POINT('',#10784);
#10784 = CARTESIAN_POINT('',(6.8,0.,15.6));
#10785 = VERTEX_POINT('',#10786);
#10786 = CARTESIAN_POINT('',(6.8,0.,17.6));
#10787 = LINE('',#10788,#10789);
#10788 = CARTESIAN_POINT('',(6.8,0.,15.6));
#10789 = VECTOR('',#10790,1.);
#10790 = DIRECTION('',(0.,0.,1.));
#10791 = ORIENTED_EDGE('',*,*,#10792,.T.);
#10792 = EDGE_CURVE('',#10783,#10793,#10795,.T.);
#10793 = VERTEX_POINT('',#10794);
#10794 = CARTESIAN_POINT('',(8.8,0.,15.6));
#10795 = LINE('',#10796,#10797);
#10796 = CARTESIAN_POINT('',(6.8,0.,15.6));
#10797 = VECTOR('',#10798,1.);
#10798 = DIRECTION('',(1.,0.,-0.));
#10799 = ORIENTED_EDGE('',*,*,#10800,.T.);
#10800 = EDGE_CURVE('',#10793,#10801,#10803,.T.);
#10801 = VERTEX_POINT('',#10802);
#10802 = CARTESIAN_POINT('',(8.8,0.,17.6));
#10803 = LINE('',#10804,#10805);
#10804 = CARTESIAN_POINT('',(8.8,0.,15.6));
#10805 = VECTOR('',#10806,1.);
#10806 = DIRECTION('',(0.,0.,1.));
#10807 = ORIENTED_EDGE('',*,*,#10808,.F.);
#10808 = EDGE_CURVE('',#10785,#10801,#10809,.T.);
#10809 = LINE('',#10810,#10811);
#10810 = CARTESIAN_POINT('',(6.8,0.,17.6));
#10811 = VECTOR('',#10812,1.);
#10812 = DIRECTION('',(1.,0.,-0.));
#10813 = FACE_BOUND('',#10814,.F.);
#10814 = EDGE_LOOP('',(#10815,#10825,#10833,#10841));
#10815 = ORIENTED_EDGE('',*,*,#10816,.F.);
#10816 = EDGE_CURVE('',#10817,#10819,#10821,.T.);
#10817 = VERTEX_POINT('',#10818);
#10818 = CARTESIAN_POINT('',(11.2,0.,2.4));
#10819 = VERTEX_POINT('',#10820);
#10820 = CARTESIAN_POINT('',(11.2,0.,4.4));
#10821 = LINE('',#10822,#10823);
#10822 = CARTESIAN_POINT('',(11.2,0.,2.4));
#10823 = VECTOR('',#10824,1.);
#10824 = DIRECTION('',(0.,0.,1.));
#10825 = ORIENTED_EDGE('',*,*,#10826,.T.);
#10826 = EDGE_CURVE('',#10817,#10827,#10829,.T.);
#10827 = VERTEX_POINT('',#10828);
#10828 = CARTESIAN_POINT('',(13.2,0.,2.4));
#10829 = LINE('',#10830,#10831);
#10830 = CARTESIAN_POINT('',(11.2,0.,2.4));
#10831 = VECTOR('',#10832,1.);
#10832 = DIRECTION('',(1.,0.,-0.));
#10833 = ORIENTED_EDGE('',*,*,#10834,.T.);
#10834 = EDGE_CURVE('',#10827,#10835,#10837,.T.);
#10835 = VERTEX_POINT('',#10836);
#10836 = CARTESIAN_POINT('',(13.2,0.,4.4));
#10837 = LINE('',#10838,#10839);
#10838 = CARTESIAN_POINT('',(13.2,0.,2.4));
#10839 = VECTOR('',#10840,1.);
#10840 = DIRECTION('',(0.,0.,1.));
#10841 = ORIENTED_EDGE('',*,*,#10842,.F.);
#10842 = EDGE_CURVE('',#10819,#10835,#10843,.T.);
#10843 = LINE('',#10844,#10845);
#10844 = CARTESIAN_POINT('',(11.2,0.,4.4));
#10845 = VECTOR('',#10846,1.);
#10846 = DIRECTION('',(1.,0.,-0.));
#10847 = FACE_BOUND('',#10848,.F.);
#10848 = EDGE_LOOP('',(#10849,#10859,#10867,#10875));
#10849 = ORIENTED_EDGE('',*,*,#10850,.F.);
#10850 = EDGE_CURVE('',#10851,#10853,#10855,.T.);
#10851 = VERTEX_POINT('',#10852);
#10852 = CARTESIAN_POINT('',(11.2,0.,6.8));
#10853 = VERTEX_POINT('',#10854);
#10854 = CARTESIAN_POINT('',(11.2,0.,8.8));
#10855 = LINE('',#10856,#10857);
#10856 = CARTESIAN_POINT('',(11.2,0.,6.8));
#10857 = VECTOR('',#10858,1.);
#10858 = DIRECTION('',(0.,0.,1.));
#10859 = ORIENTED_EDGE('',*,*,#10860,.T.);
#10860 = EDGE_CURVE('',#10851,#10861,#10863,.T.);
#10861 = VERTEX_POINT('',#10862);
#10862 = CARTESIAN_POINT('',(13.2,0.,6.8));
#10863 = LINE('',#10864,#10865);
#10864 = CARTESIAN_POINT('',(11.2,0.,6.8));
#10865 = VECTOR('',#10866,1.);
#10866 = DIRECTION('',(1.,0.,-0.));
#10867 = ORIENTED_EDGE('',*,*,#10868,.T.);
#10868 = EDGE_CURVE('',#10861,#10869,#10871,.T.);
#10869 = VERTEX_POINT('',#10870);
#10870 = CARTESIAN_POINT('',(13.2,0.,8.8));
#10871 = LINE('',#10872,#10873);
#10872 = CARTESIAN_POINT('',(13.2,0.,6.8));
#10873 = VECTOR('',#10874,1.);
#10874 = DIRECTION('',(0.,0.,1.));
#10875 = ORIENTED_EDGE('',*,*,#10876,.F.);
#10876 = EDGE_CURVE('',#10853,#10869,#10877,.T.);
#10877 = LINE('',#10878,#10879);
#10878 = CARTESIAN_POINT('',(11.2,0.,8.8));
#10879 = VECTOR('',#10880,1.);
#10880 = DIRECTION('',(1.,0.,-0.));
#10881 = FACE_BOUND('',#10882,.F.);
#10882 = EDGE_LOOP('',(#10883,#10893,#10901,#10909));
#10883 = ORIENTED_EDGE('',*,*,#10884,.F.);
#10884 = EDGE_CURVE('',#10885,#10887,#10889,.T.);
#10885 = VERTEX_POINT('',#10886);
#10886 = CARTESIAN_POINT('',(15.6,0.,2.4));
#10887 = VERTEX_POINT('',#10888);
#10888 = CARTESIAN_POINT('',(15.6,0.,4.4));
#10889 = LINE('',#10890,#10891);
#10890 = CARTESIAN_POINT('',(15.6,0.,2.4));
#10891 = VECTOR('',#10892,1.);
#10892 = DIRECTION('',(0.,0.,1.));
#10893 = ORIENTED_EDGE('',*,*,#10894,.T.);
#10894 = EDGE_CURVE('',#10885,#10895,#10897,.T.);
#10895 = VERTEX_POINT('',#10896);
#10896 = CARTESIAN_POINT('',(17.6,0.,2.4));
#10897 = LINE('',#10898,#10899);
#10898 = CARTESIAN_POINT('',(15.6,0.,2.4));
#10899 = VECTOR('',#10900,1.);
#10900 = DIRECTION('',(1.,0.,-0.));
#10901 = ORIENTED_EDGE('',*,*,#10902,.T.);
#10902 = EDGE_CURVE('',#10895,#10903,#10905,.T.);
#10903 = VERTEX_POINT('',#10904);
#10904 = CARTESIAN_POINT('',(17.6,0.,4.4));
#10905 = LINE('',#10906,#10907);
#10906 = CARTESIAN_POINT('',(17.6,0.,2.4));
#10907 = VECTOR('',#10908,1.);
#10908 = DIRECTION('',(0.,0.,1.));
#10909 = ORIENTED_EDGE('',*,*,#10910,.F.);
#10910 = EDGE_CURVE('',#10887,#10903,#10911,.T.);
#10911 = LINE('',#10912,#10913);
#10912 = CARTESIAN_POINT('',(15.6,0.,4.4));
#10913 = VECTOR('',#10914,1.);
#10914 = DIRECTION('',(1.,0.,-0.));
#10915 = FACE_BOUND('',#10916,.F.);
#10916 = EDGE_LOOP('',(#10917,#10927,#10935,#10943));
#10917 = ORIENTED_EDGE('',*,*,#10918,.F.);
#10918 = EDGE_CURVE('',#10919,#10921,#10923,.T.);
#10919 = VERTEX_POINT('',#10920);
#10920 = CARTESIAN_POINT('',(15.6,0.,6.8));
#10921 = VERTEX_POINT('',#10922);
#10922 = CARTESIAN_POINT('',(15.6,0.,8.8));
#10923 = LINE('',#10924,#10925);
#10924 = CARTESIAN_POINT('',(15.6,0.,6.8));
#10925 = VECTOR('',#10926,1.);
#10926 = DIRECTION('',(0.,0.,1.));
#10927 = ORIENTED_EDGE('',*,*,#10928,.T.);
#10928 = EDGE_CURVE('',#10919,#10929,#10931,.T.);
#10929 = VERTEX_POINT('',#10930);
#10930 = CARTESIAN_POINT('',(17.6,0.,6.8));
#10931 = LINE('',#10932,#10933);
#10932 = CARTESIAN_POINT('',(15.6,0.,6.8));
#10933 = VECTOR('',#10934,1.);
#10934 = DIRECTION('',(1.,0.,-0.));
#10935 = ORIENTED_EDGE('',*,*,#10936,.T.);
#10936 = EDGE_CURVE('',#10929,#10937,#10939,.T.);
#10937 = VERTEX_POINT('',#10938);
#10938 = CARTESIAN_POINT('',(17.6,0.,8.8));
#10939 = LINE('',#10940,#10941);
#10940 = CARTESIAN_POINT('',(17.6,0.,6.8));
#10941 = VECTOR('',#10942,1.);
#10942 = DIRECTION('',(0.,0.,1.));
#10943 = ORIENTED_EDGE('',*,*,#10944,.F.);
#10944 = EDGE_CURVE('',#10921,#10937,#10945,.T.);
#10945 = LINE('',#10946,#10947);
#10946 = CARTESIAN_POINT('',(15.6,0.,8.8));
#10947 = VECTOR('',#10948,1.);
#10948 = DIRECTION('',(1.,0.,-0.));
#10949 = FACE_BOUND('',#10950,.F.);
#10950 = EDGE_LOOP('',(#10951,#10961,#10969,#10977));
#10951 = ORIENTED_EDGE('',*,*,#10952,.F.);
#10952 = EDGE_CURVE('',#10953,#10955,#10957,.T.);
#10953 = VERTEX_POINT('',#10954);
#10954 = CARTESIAN_POINT('',(11.2,0.,11.2));
#10955 = VERTEX_POINT('',#10956);
#10956 = CARTESIAN_POINT('',(11.2,0.,13.2));
#10957 = LINE('',#10958,#10959);
#10958 = CARTESIAN_POINT('',(11.2,0.,11.2));
#10959 = VECTOR('',#10960,1.);
#10960 = DIRECTION('',(0.,0.,1.));
#10961 = ORIENTED_EDGE('',*,*,#10962,.T.);
#10962 = EDGE_CURVE('',#10953,#10963,#10965,.T.);
#10963 = VERTEX_POINT('',#10964);
#10964 = CARTESIAN_POINT('',(13.2,0.,11.2));
#10965 = LINE('',#10966,#10967);
#10966 = CARTESIAN_POINT('',(11.2,0.,11.2));
#10967 = VECTOR('',#10968,1.);
#10968 = DIRECTION('',(1.,0.,-0.));
#10969 = ORIENTED_EDGE('',*,*,#10970,.T.);
#10970 = EDGE_CURVE('',#10963,#10971,#10973,.T.);
#10971 = VERTEX_POINT('',#10972);
#10972 = CARTESIAN_POINT('',(13.2,0.,13.2));
#10973 = LINE('',#10974,#10975);
#10974 = CARTESIAN_POINT('',(13.2,0.,11.2));
#10975 = VECTOR('',#10976,1.);
#10976 = DIRECTION('',(0.,0.,1.));
#10977 = ORIENTED_EDGE('',*,*,#10978,.F.);
#10978 = EDGE_CURVE('',#10955,#10971,#10979,.T.);
#10979 = LINE('',#10980,#10981);
#10980 = CARTESIAN_POINT('',(11.2,0.,13.2));
#10981 = VECTOR('',#10982,1.);
#10982 = DIRECTION('',(1.,0.,-0.));
#10983 = FACE_BOUND('',#10984,.F.);
#10984 = EDGE_LOOP('',(#10985,#10995,#11003,#11011));
#10985 = ORIENTED_EDGE('',*,*,#10986,.F.);
#10986 = EDGE_CURVE('',#10987,#10989,#10991,.T.);
#10987 = VERTEX_POINT('',#10988);
#10988 = CARTESIAN_POINT('',(11.2,0.,15.6));
#10989 = VERTEX_POINT('',#10990);
#10990 = CARTESIAN_POINT('',(11.2,0.,17.6));
#10991 = LINE('',#10992,#10993);
#10992 = CARTESIAN_POINT('',(11.2,0.,15.6));
#10993 = VECTOR('',#10994,1.);
#10994 = DIRECTION('',(0.,0.,1.));
#10995 = ORIENTED_EDGE('',*,*,#10996,.T.);
#10996 = EDGE_CURVE('',#10987,#10997,#10999,.T.);
#10997 = VERTEX_POINT('',#10998);
#10998 = CARTESIAN_POINT('',(13.2,0.,15.6));
#10999 = LINE('',#11000,#11001);
#11000 = CARTESIAN_POINT('',(11.2,0.,15.6));
#11001 = VECTOR('',#11002,1.);
#11002 = DIRECTION('',(1.,0.,-0.));
#11003 = ORIENTED_EDGE('',*,*,#11004,.T.);
#11004 = EDGE_CURVE('',#10997,#11005,#11007,.T.);
#11005 = VERTEX_POINT('',#11006);
#11006 = CARTESIAN_POINT('',(13.2,0.,17.6));
#11007 = LINE('',#11008,#11009);
#11008 = CARTESIAN_POINT('',(13.2,0.,15.6));
#11009 = VECTOR('',#11010,1.);
#11010 = DIRECTION('',(0.,0.,1.));
#11011 = ORIENTED_EDGE('',*,*,#11012,.F.);
#11012 = EDGE_CURVE('',#10989,#11005,#11013,.T.);
#11013 = LINE('',#11014,#11015);
#11014 = CARTESIAN_POINT('',(11.2,0.,17.6));
#11015 = VECTOR('',#11016,1.);
#11016 = DIRECTION('',(1.,0.,-0.));
#11017 = FACE_BOUND('',#11018,.F.);
#11018 = EDGE_LOOP('',(#11019,#11029,#11037,#11045));
#11019 = ORIENTED_EDGE('',*,*,#11020,.F.);
#11020 = EDGE_CURVE('',#11021,#11023,#11025,.T.);
#11021 = VERTEX_POINT('',#11022);
#11022 = CARTESIAN_POINT('',(15.6,0.,11.2));
#11023 = VERTEX_POINT('',#11024);
#11024 = CARTESIAN_POINT('',(15.6,0.,13.2));
#11025 = LINE('',#11026,#11027);
#11026 = CARTESIAN_POINT('',(15.6,0.,11.2));
#11027 = VECTOR('',#11028,1.);
#11028 = DIRECTION('',(0.,0.,1.));
#11029 = ORIENTED_EDGE('',*,*,#11030,.T.);
#11030 = EDGE_CURVE('',#11021,#11031,#11033,.T.);
#11031 = VERTEX_POINT('',#11032);
#11032 = CARTESIAN_POINT('',(17.6,0.,11.2));
#11033 = LINE('',#11034,#11035);
#11034 = CARTESIAN_POINT('',(15.6,0.,11.2));
#11035 = VECTOR('',#11036,1.);
#11036 = DIRECTION('',(1.,0.,-0.));
#11037 = ORIENTED_EDGE('',*,*,#11038,.T.);
#11038 = EDGE_CURVE('',#11031,#11039,#11041,.T.);
#11039 = VERTEX_POINT('',#11040);
#11040 = CARTESIAN_POINT('',(17.6,0.,13.2));
#11041 = LINE('',#11042,#11043);
#11042 = CARTESIAN_POINT('',(17.6,0.,11.2));
#11043 = VECTOR('',#11044,1.);
#11044 = DIRECTION('',(0.,0.,1.));
#11045 = ORIENTED_EDGE('',*,*,#11046,.F.);
#11046 = EDGE_CURVE('',#11023,#11039,#11047,.T.);
#11047 = LINE('',#11048,#11049);
#11048 = CARTESIAN_POINT('',(15.6,0.,13.2));
#11049 = VECTOR('',#11050,1.);
#11050 = DIRECTION('',(1.,0.,-0.));
#11051 = FACE_BOUND('',#11052,.F.);
#11052 = EDGE_LOOP('',(#11053,#11063,#11071,#11079));
#11053 = ORIENTED_EDGE('',*,*,#11054,.F.);
#11054 = EDGE_CURVE('',#11055,#11057,#11059,.T.);
#11055 = VERTEX_POINT('',#11056);
#11056 = CARTESIAN_POINT('',(15.6,0.,15.6));
#11057 = VERTEX_POINT('',#11058);
#11058 = CARTESIAN_POINT('',(15.6,0.,17.6));
#11059 = LINE('',#11060,#11061);
#11060 = CARTESIAN_POINT('',(15.6,0.,15.6));
#11061 = VECTOR('',#11062,1.);
#11062 = DIRECTION('',(0.,0.,1.));
#11063 = ORIENTED_EDGE('',*,*,#11064,.T.);
#11064 = EDGE_CURVE('',#11055,#11065,#11067,.T.);
#11065 = VERTEX_POINT('',#11066);
#11066 = CARTESIAN_POINT('',(17.6,0.,15.6));
#11067 = LINE('',#11068,#11069);
#11068 = CARTESIAN_POINT('',(15.6,0.,15.6));
#11069 = VECTOR('',#11070,1.);
#11070 = DIRECTION('',(1.,0.,-0.));
#11071 = ORIENTED_EDGE('',*,*,#11072,.T.);
#11072 = EDGE_CURVE('',#11065,#11073,#11075,.T.);
#11073 = VERTEX_POINT('',#11074);
#11074 = CARTESIAN_POINT('',(17.6,0.,17.6));
#11075 = LINE('',#11076,#11077);
#11076 = CARTESIAN_POINT('',(17.6,0.,15.6));
#11077 = VECTOR('',#11078,1.);
#11078 = DIRECTION('',(0.,0.,1.));
#11079 = ORIENTED_EDGE('',*,*,#11080,.F.);
#11080 = EDGE_CURVE('',#11057,#11073,#11081,.T.);
#11081 = LINE('',#11082,#11083);
#11082 = CARTESIAN_POINT('',(15.6,0.,17.6));
#11083 = VECTOR('',#11084,1.);
#11084 = DIRECTION('',(1.,0.,-0.));
#11085 = PLANE('',#11086);
#11086 = AXIS2_PLACEMENT_3D('',#11087,#11088,#11089);
#11087 = CARTESIAN_POINT('',(0.,0.,0.));
#11088 = DIRECTION('',(-0.,1.,0.));
#11089 = DIRECTION('',(0.,0.,1.));
#11090 = ADVANCED_FACE('',(#11091),#11109,.T.);
#11091 = FACE_BOUND('',#11092,.T.);
#11092 = EDGE_LOOP('',(#11093,#11094,#11095,#11103));
#11093 = ORIENTED_EDGE('',*,*,#10505,.F.);
#11094 = ORIENTED_EDGE('',*,*,#10528,.T.);
#11095 = ORIENTED_EDGE('',*,*,#11096,.T.);
#11096 = EDGE_CURVE('',#10529,#11097,#11099,.T.);
#11097 = VERTEX_POINT('',#11098);
#11098 = CARTESIAN_POINT('',(20.,0.5,20.));
#11099 = LINE('',#11100,#11101);
#11100 = CARTESIAN_POINT('',(20.,0.,20.));
#11101 = VECTOR('',#11102,1.);
#11102 = DIRECTION('',(-0.,1.,0.));
#11103 = ORIENTED_EDGE('',*,*,#11104,.F.);
#11104 = EDGE_CURVE('',#10498,#11097,#11105,.T.);
#11105 = LINE('',#11106,#11107);
#11106 = CARTESIAN_POINT('',(0.,0.5,20.));
#11107 = VECTOR('',#11108,1.);
#11108 = DIRECTION('',(1.,0.,-0.));
#11109 = PLANE('',#11110);
#11110 = AXIS2_PLACEMENT_3D('',#11111,#11112,#11113);
#11111 = CARTESIAN_POINT('',(0.,0.,20.));
#11112 = DIRECTION('',(0.,0.,1.));
#11113 = DIRECTION('',(1.,0.,-0.));
#11114 = ADVANCED_FACE('',(#11115,#11133,#11167,#11201,#11235,#11269,
    #11303,#11337,#11371,#11405,#11439,#11473,#11507,#11541,#11575,
    #11609,#11643),#11677,.T.);
#11115 = FACE_BOUND('',#11116,.T.);
#11116 = EDGE_LOOP('',(#11117,#11125,#11126,#11127));
#11117 = ORIENTED_EDGE('',*,*,#11118,.F.);
#11118 = EDGE_CURVE('',#10490,#11119,#11121,.T.);
#11119 = VERTEX_POINT('',#11120);
#11120 = CARTESIAN_POINT('',(20.,0.5,0.));
#11121 = LINE('',#11122,#11123);
#11122 = CARTESIAN_POINT('',(0.,0.5,0.));
#11123 = VECTOR('',#11124,1.);
#11124 = DIRECTION('',(1.,0.,-0.));
#11125 = ORIENTED_EDGE('',*,*,#10497,.T.);
#11126 = ORIENTED_EDGE('',*,*,#11104,.T.);
#11127 = ORIENTED_EDGE('',*,*,#11128,.F.);
#11128 = EDGE_CURVE('',#11119,#11097,#11129,.T.);
#11129 = LINE('',#11130,#11131);
#11130 = CARTESIAN_POINT('',(20.,0.5,0.));
#11131 = VECTOR('',#11132,1.);
#11132 = DIRECTION('',(0.,0.,1.));
#11133 = FACE_BOUND('',#11134,.T.);
#11134 = EDGE_LOOP('',(#11135,#11145,#11153,#11161));
#11135 = ORIENTED_EDGE('',*,*,#11136,.F.);
#11136 = EDGE_CURVE('',#11137,#11139,#11141,.T.);
#11137 = VERTEX_POINT('',#11138);
#11138 = CARTESIAN_POINT('',(2.4,0.5,2.4));
#11139 = VERTEX_POINT('',#11140);
#11140 = CARTESIAN_POINT('',(2.4,0.5,4.4));
#11141 = LINE('',#11142,#11143);
#11142 = CARTESIAN_POINT('',(2.4,0.5,2.4));
#11143 = VECTOR('',#11144,1.);
#11144 = DIRECTION('',(0.,0.,1.));
#11145 = ORIENTED_EDGE('',*,*,#11146,.T.);
#11146 = EDGE_CURVE('',#11137,#11147,#11149,.T.);
#11147 = VERTEX_POINT('',#11148);
#11148 = CARTESIAN_POINT('',(4.4,0.5,2.4));
#11149 = LINE('',#11150,#11151);
#11150 = CARTESIAN_POINT('',(2.4,0.5,2.4));
#11151 = VECTOR('',#11152,1.);
#11152 = DIRECTION('',(1.,0.,-0.));
#11153 = ORIENTED_EDGE('',*,*,#11154,.T.);
#11154 = EDGE_CURVE('',#11147,#11155,#11157,.T.);
#11155 = VERTEX_POINT('',#11156);
#11156 = CARTESIAN_POINT('',(4.4,0.5,4.4));
#11157 = LINE('',#11158,#11159);
#11158 = CARTESIAN_POINT('',(4.4,0.5,2.4));
#11159 = VECTOR('',#11160,1.);
#11160 = DIRECTION('',(0.,0.,1.));
#11161 = ORIENTED_EDGE('',*,*,#11162,.F.);
#11162 = EDGE_CURVE('',#11139,#11155,#11163,.T.);
#11163 = LINE('',#11164,#11165);
#11164 = CARTESIAN_POINT('',(2.4,0.5,4.4));
#11165 = VECTOR('',#11166,1.);
#11166 = DIRECTION('',(1.,0.,-0.));
#11167 = FACE_BOUND('',#11168,.T.);
#11168 = EDGE_LOOP('',(#11169,#11179,#11187,#11195));
#11169 = ORIENTED_EDGE('',*,*,#11170,.F.);
#11170 = EDGE_CURVE('',#11171,#11173,#11175,.T.);
#11171 = VERTEX_POINT('',#11172);
#11172 = CARTESIAN_POINT('',(2.4,0.5,6.8));
#11173 = VERTEX_POINT('',#11174);
#11174 = CARTESIAN_POINT('',(2.4,0.5,8.8));
#11175 = LINE('',#11176,#11177);
#11176 = CARTESIAN_POINT('',(2.4,0.5,6.8));
#11177 = VECTOR('',#11178,1.);
#11178 = DIRECTION('',(0.,0.,1.));
#11179 = ORIENTED_EDGE('',*,*,#11180,.T.);
#11180 = EDGE_CURVE('',#11171,#11181,#11183,.T.);
#11181 = VERTEX_POINT('',#11182);
#11182 = CARTESIAN_POINT('',(4.4,0.5,6.8));
#11183 = LINE('',#11184,#11185);
#11184 = CARTESIAN_POINT('',(2.4,0.5,6.8));
#11185 = VECTOR('',#11186,1.);
#11186 = DIRECTION('',(1.,0.,-0.));
#11187 = ORIENTED_EDGE('',*,*,#11188,.T.);
#11188 = EDGE_CURVE('',#11181,#11189,#11191,.T.);
#11189 = VERTEX_POINT('',#11190);
#11190 = CARTESIAN_POINT('',(4.4,0.5,8.8));
#11191 = LINE('',#11192,#11193);
#11192 = CARTESIAN_POINT('',(4.4,0.5,6.8));
#11193 = VECTOR('',#11194,1.);
#11194 = DIRECTION('',(0.,0.,1.));
#11195 = ORIENTED_EDGE('',*,*,#11196,.F.);
#11196 = EDGE_CURVE('',#11173,#11189,#11197,.T.);
#11197 = LINE('',#11198,#11199);
#11198 = CARTESIAN_POINT('',(2.4,0.5,8.8));
#11199 = VECTOR('',#11200,1.);
#11200 = DIRECTION('',(1.,0.,-0.));
#11201 = FACE_BOUND('',#11202,.T.);
#11202 = EDGE_LOOP('',(#11203,#11213,#11221,#11229));
#11203 = ORIENTED_EDGE('',*,*,#11204,.F.);
#11204 = EDGE_CURVE('',#11205,#11207,#11209,.T.);
#11205 = VERTEX_POINT('',#11206);
#11206 = CARTESIAN_POINT('',(6.8,0.5,2.4));
#11207 = VERTEX_POINT('',#11208);
#11208 = CARTESIAN_POINT('',(6.8,0.5,4.4));
#11209 = LINE('',#11210,#11211);
#11210 = CARTESIAN_POINT('',(6.8,0.5,2.4));
#11211 = VECTOR('',#11212,1.);
#11212 = DIRECTION('',(0.,0.,1.));
#11213 = ORIENTED_EDGE('',*,*,#11214,.T.);
#11214 = EDGE_CURVE('',#11205,#11215,#11217,.T.);
#11215 = VERTEX_POINT('',#11216);
#11216 = CARTESIAN_POINT('',(8.8,0.5,2.4));
#11217 = LINE('',#11218,#11219);
#11218 = CARTESIAN_POINT('',(6.8,0.5,2.4));
#11219 = VECTOR('',#11220,1.);
#11220 = DIRECTION('',(1.,0.,-0.));
#11221 = ORIENTED_EDGE('',*,*,#11222,.T.);
#11222 = EDGE_CURVE('',#11215,#11223,#11225,.T.);
#11223 = VERTEX_POINT('',#11224);
#11224 = CARTESIAN_POINT('',(8.8,0.5,4.4));
#11225 = LINE('',#11226,#11227);
#11226 = CARTESIAN_POINT('',(8.8,0.5,2.4));
#11227 = VECTOR('',#11228,1.);
#11228 = DIRECTION('',(0.,0.,1.));
#11229 = ORIENTED_EDGE('',*,*,#11230,.F.);
#11230 = EDGE_CURVE('',#11207,#11223,#11231,.T.);
#11231 = LINE('',#11232,#11233);
#11232 = CARTESIAN_POINT('',(6.8,0.5,4.4));
#11233 = VECTOR('',#11234,1.);
#11234 = DIRECTION('',(1.,0.,-0.));
#11235 = FACE_BOUND('',#11236,.T.);
#11236 = EDGE_LOOP('',(#11237,#11247,#11255,#11263));
#11237 = ORIENTED_EDGE('',*,*,#11238,.F.);
#11238 = EDGE_CURVE('',#11239,#11241,#11243,.T.);
#11239 = VERTEX_POINT('',#11240);
#11240 = CARTESIAN_POINT('',(6.8,0.5,6.8));
#11241 = VERTEX_POINT('',#11242);
#11242 = CARTESIAN_POINT('',(6.8,0.5,8.8));
#11243 = LINE('',#11244,#11245);
#11244 = CARTESIAN_POINT('',(6.8,0.5,6.8));
#11245 = VECTOR('',#11246,1.);
#11246 = DIRECTION('',(0.,0.,1.));
#11247 = ORIENTED_EDGE('',*,*,#11248,.T.);
#11248 = EDGE_CURVE('',#11239,#11249,#11251,.T.);
#11249 = VERTEX_POINT('',#11250);
#11250 = CARTESIAN_POINT('',(8.8,0.5,6.8));
#11251 = LINE('',#11252,#11253);
#11252 = CARTESIAN_POINT('',(6.8,0.5,6.8));
#11253 = VECTOR('',#11254,1.);
#11254 = DIRECTION('',(1.,0.,-0.));
#11255 = ORIENTED_EDGE('',*,*,#11256,.T.);
#11256 = EDGE_CURVE('',#11249,#11257,#11259,.T.);
#11257 = VERTEX_POINT('',#11258);
#11258 = CARTESIAN_POINT('',(8.8,0.5,8.8));
#11259 = LINE('',#11260,#11261);
#11260 = CARTESIAN_POINT('',(8.8,0.5,6.8));
#11261 = VECTOR('',#11262,1.);
#11262 = DIRECTION('',(0.,0.,1.));
#11263 = ORIENTED_EDGE('',*,*,#11264,.F.);
#11264 = EDGE_CURVE('',#11241,#11257,#11265,.T.);
#11265 = LINE('',#11266,#11267);
#11266 = CARTESIAN_POINT('',(6.8,0.5,8.8));
#11267 = VECTOR('',#11268,1.);
#11268 = DIRECTION('',(1.,0.,-0.));
#11269 = FACE_BOUND('',#11270,.T.);
#11270 = EDGE_LOOP('',(#11271,#11281,#11289,#11297));
#11271 = ORIENTED_EDGE('',*,*,#11272,.F.);
#11272 = EDGE_CURVE('',#11273,#11275,#11277,.T.);
#11273 = VERTEX_POINT('',#11274);
#11274 = CARTESIAN_POINT('',(2.4,0.5,11.2));
#11275 = VERTEX_POINT('',#11276);
#11276 = CARTESIAN_POINT('',(2.4,0.5,13.2));
#11277 = LINE('',#11278,#11279);
#11278 = CARTESIAN_POINT('',(2.4,0.5,11.2));
#11279 = VECTOR('',#11280,1.);
#11280 = DIRECTION('',(0.,0.,1.));
#11281 = ORIENTED_EDGE('',*,*,#11282,.T.);
#11282 = EDGE_CURVE('',#11273,#11283,#11285,.T.);
#11283 = VERTEX_POINT('',#11284);
#11284 = CARTESIAN_POINT('',(4.4,0.5,11.2));
#11285 = LINE('',#11286,#11287);
#11286 = CARTESIAN_POINT('',(2.4,0.5,11.2));
#11287 = VECTOR('',#11288,1.);
#11288 = DIRECTION('',(1.,0.,-0.));
#11289 = ORIENTED_EDGE('',*,*,#11290,.T.);
#11290 = EDGE_CURVE('',#11283,#11291,#11293,.T.);
#11291 = VERTEX_POINT('',#11292);
#11292 = CARTESIAN_POINT('',(4.4,0.5,13.2));
#11293 = LINE('',#11294,#11295);
#11294 = CARTESIAN_POINT('',(4.4,0.5,11.2));
#11295 = VECTOR('',#11296,1.);
#11296 = DIRECTION('',(0.,0.,1.));
#11297 = ORIENTED_EDGE('',*,*,#11298,.F.);
#11298 = EDGE_CURVE('',#11275,#11291,#11299,.T.);
#11299 = LINE('',#11300,#11301);
#11300 = CARTESIAN_POINT('',(2.4,0.5,13.2));
#11301 = VECTOR('',#11302,1.);
#11302 = DIRECTION('',(1.,0.,-0.));
#11303 = FACE_BOUND('',#11304,.T.);
#11304 = EDGE_LOOP('',(#11305,#11315,#11323,#11331));
#11305 = ORIENTED_EDGE('',*,*,#11306,.F.);
#11306 = EDGE_CURVE('',#11307,#11309,#11311,.T.);
#11307 = VERTEX_POINT('',#11308);
#11308 = CARTESIAN_POINT('',(2.4,0.5,15.6));
#11309 = VERTEX_POINT('',#11310);
#11310 = CARTESIAN_POINT('',(2.4,0.5,17.6));
#11311 = LINE('',#11312,#11313);
#11312 = CARTESIAN_POINT('',(2.4,0.5,15.6));
#11313 = VECTOR('',#11314,1.);
#11314 = DIRECTION('',(0.,0.,1.));
#11315 = ORIENTED_EDGE('',*,*,#11316,.T.);
#11316 = EDGE_CURVE('',#11307,#11317,#11319,.T.);
#11317 = VERTEX_POINT('',#11318);
#11318 = CARTESIAN_POINT('',(4.4,0.5,15.6));
#11319 = LINE('',#11320,#11321);
#11320 = CARTESIAN_POINT('',(2.4,0.5,15.6));
#11321 = VECTOR('',#11322,1.);
#11322 = DIRECTION('',(1.,0.,-0.));
#11323 = ORIENTED_EDGE('',*,*,#11324,.T.);
#11324 = EDGE_CURVE('',#11317,#11325,#11327,.T.);
#11325 = VERTEX_POINT('',#11326);
#11326 = CARTESIAN_POINT('',(4.4,0.5,17.6));
#11327 = LINE('',#11328,#11329);
#11328 = CARTESIAN_POINT('',(4.4,0.5,15.6));
#11329 = VECTOR('',#11330,1.);
#11330 = DIRECTION('',(0.,0.,1.));
#11331 = ORIENTED_EDGE('',*,*,#11332,.F.);
#11332 = EDGE_CURVE('',#11309,#11325,#11333,.T.);
#11333 = LINE('',#11334,#11335);
#11334 = CARTESIAN_POINT('',(2.4,0.5,17.6));
#11335 = VECTOR('',#11336,1.);
#11336 = DIRECTION('',(1.,0.,-0.));
#11337 = FACE_BOUND('',#11338,.T.);
#11338 = EDGE_LOOP('',(#11339,#11349,#11357,#11365));
#11339 = ORIENTED_EDGE('',*,*,#11340,.F.);
#11340 = EDGE_CURVE('',#11341,#11343,#11345,.T.);
#11341 = VERTEX_POINT('',#11342);
#11342 = CARTESIAN_POINT('',(6.8,0.5,11.2));
#11343 = VERTEX_POINT('',#11344);
#11344 = CARTESIAN_POINT('',(6.8,0.5,13.2));
#11345 = LINE('',#11346,#11347);
#11346 = CARTESIAN_POINT('',(6.8,0.5,11.2));
#11347 = VECTOR('',#11348,1.);
#11348 = DIRECTION('',(0.,0.,1.));
#11349 = ORIENTED_EDGE('',*,*,#11350,.T.);
#11350 = EDGE_CURVE('',#11341,#11351,#11353,.T.);
#11351 = VERTEX_POINT('',#11352);
#11352 = CARTESIAN_POINT('',(8.8,0.5,11.2));
#11353 = LINE('',#11354,#11355);
#11354 = CARTESIAN_POINT('',(6.8,0.5,11.2));
#11355 = VECTOR('',#11356,1.);
#11356 = DIRECTION('',(1.,0.,-0.));
#11357 = ORIENTED_EDGE('',*,*,#11358,.T.);
#11358 = EDGE_CURVE('',#11351,#11359,#11361,.T.);
#11359 = VERTEX_POINT('',#11360);
#11360 = CARTESIAN_POINT('',(8.8,0.5,13.2));
#11361 = LINE('',#11362,#11363);
#11362 = CARTESIAN_POINT('',(8.8,0.5,11.2));
#11363 = VECTOR('',#11364,1.);
#11364 = DIRECTION('',(0.,0.,1.));
#11365 = ORIENTED_EDGE('',*,*,#11366,.F.);
#11366 = EDGE_CURVE('',#11343,#11359,#11367,.T.);
#11367 = LINE('',#11368,#11369);
#11368 = CARTESIAN_POINT('',(6.8,0.5,13.2));
#11369 = VECTOR('',#11370,1.);
#11370 = DIRECTION('',(1.,0.,-0.));
#11371 = FACE_BOUND('',#11372,.T.);
#11372 = EDGE_LOOP('',(#11373,#11383,#11391,#11399));
#11373 = ORIENTED_EDGE('',*,*,#11374,.F.);
#11374 = EDGE_CURVE('',#11375,#11377,#11379,.T.);
#11375 = VERTEX_POINT('',#11376);
#11376 = CARTESIAN_POINT('',(6.8,0.5,15.6));
#11377 = VERTEX_POINT('',#11378);
#11378 = CARTESIAN_POINT('',(6.8,0.5,17.6));
#11379 = LINE('',#11380,#11381);
#11380 = CARTESIAN_POINT('',(6.8,0.5,15.6));
#11381 = VECTOR('',#11382,1.);
#11382 = DIRECTION('',(0.,0.,1.));
#11383 = ORIENTED_EDGE('',*,*,#11384,.T.);
#11384 = EDGE_CURVE('',#11375,#11385,#11387,.T.);
#11385 = VERTEX_POINT('',#11386);
#11386 = CARTESIAN_POINT('',(8.8,0.5,15.6));
#11387 = LINE('',#11388,#11389);
#11388 = CARTESIAN_POINT('',(6.8,0.5,15.6));
#11389 = VECTOR('',#11390,1.);
#11390 = DIRECTION('',(1.,0.,-0.));
#11391 = ORIENTED_EDGE('',*,*,#11392,.T.);
#11392 = EDGE_CURVE('',#11385,#11393,#11395,.T.);
#11393 = VERTEX_POINT('',#11394);
#11394 = CARTESIAN_POINT('',(8.8,0.5,17.6));
#11395 = LINE('',#11396,#11397);
#11396 = CARTESIAN_POINT('',(8.8,0.5,15.6));
#11397 = VECTOR('',#11398,1.);
#11398 = DIRECTION('',(0.,0.,1.));
#11399 = ORIENTED_EDGE('',*,*,#11400,.F.);
#11400 = EDGE_CURVE('',#11377,#11393,#11401,.T.);
#11401 = LINE('',#11402,#11403);
#11402 = CARTESIAN_POINT('',(6.8,0.5,17.6));
#11403 = VECTOR('',#11404,1.);
#11404 = DIRECTION('',(1.,0.,-0.));
#11405 = FACE_BOUND('',#11406,.T.);
#11406 = EDGE_LOOP('',(#11407,#11417,#11425,#11433));
#11407 = ORIENTED_EDGE('',*,*,#11408,.F.);
#11408 = EDGE_CURVE('',#11409,#11411,#11413,.T.);
#11409 = VERTEX_POINT('',#11410);
#11410 = CARTESIAN_POINT('',(11.2,0.5,2.4));
#11411 = VERTEX_POINT('',#11412);
#11412 = CARTESIAN_POINT('',(11.2,0.5,4.4));
#11413 = LINE('',#11414,#11415);
#11414 = CARTESIAN_POINT('',(11.2,0.5,2.4));
#11415 = VECTOR('',#11416,1.);
#11416 = DIRECTION('',(0.,0.,1.));
#11417 = ORIENTED_EDGE('',*,*,#11418,.T.);
#11418 = EDGE_CURVE('',#11409,#11419,#11421,.T.);
#11419 = VERTEX_POINT('',#11420);
#11420 = CARTESIAN_POINT('',(13.2,0.5,2.4));
#11421 = LINE('',#11422,#11423);
#11422 = CARTESIAN_POINT('',(11.2,0.5,2.4));
#11423 = VECTOR('',#11424,1.);
#11424 = DIRECTION('',(1.,0.,-0.));
#11425 = ORIENTED_EDGE('',*,*,#11426,.T.);
#11426 = EDGE_CURVE('',#11419,#11427,#11429,.T.);
#11427 = VERTEX_POINT('',#11428);
#11428 = CARTESIAN_POINT('',(13.2,0.5,4.4));
#11429 = LINE('',#11430,#11431);
#11430 = CARTESIAN_POINT('',(13.2,0.5,2.4));
#11431 = VECTOR('',#11432,1.);
#11432 = DIRECTION('',(0.,0.,1.));
#11433 = ORIENTED_EDGE('',*,*,#11434,.F.);
#11434 = EDGE_CURVE('',#11411,#11427,#11435,.T.);
#11435 = LINE('',#11436,#11437);
#11436 = CARTESIAN_POINT('',(11.2,0.5,4.4));
#11437 = VECTOR('',#11438,1.);
#11438 = DIRECTION('',(1.,0.,-0.));
#11439 = FACE_BOUND('',#11440,.T.);
#11440 = EDGE_LOOP('',(#11441,#11451,#11459,#11467));
#11441 = ORIENTED_EDGE('',*,*,#11442,.F.);
#11442 = EDGE_CURVE('',#11443,#11445,#11447,.T.);
#11443 = VERTEX_POINT('',#11444);
#11444 = CARTESIAN_POINT('',(11.2,0.5,6.8));
#11445 = VERTEX_POINT('',#11446);
#11446 = CARTESIAN_POINT('',(11.2,0.5,8.8));
#11447 = LINE('',#11448,#11449);
#11448 = CARTESIAN_POINT('',(11.2,0.5,6.8));
#11449 = VECTOR('',#11450,1.);
#11450 = DIRECTION('',(0.,0.,1.));
#11451 = ORIENTED_EDGE('',*,*,#11452,.T.);
#11452 = EDGE_CURVE('',#11443,#11453,#11455,.T.);
#11453 = VERTEX_POINT('',#11454);
#11454 = CARTESIAN_POINT('',(13.2,0.5,6.8));
#11455 = LINE('',#11456,#11457);
#11456 = CARTESIAN_POINT('',(11.2,0.5,6.8));
#11457 = VECTOR('',#11458,1.);
#11458 = DIRECTION('',(1.,0.,-0.));
#11459 = ORIENTED_EDGE('',*,*,#11460,.T.);
#11460 = EDGE_CURVE('',#11453,#11461,#11463,.T.);
#11461 = VERTEX_POINT('',#11462);
#11462 = CARTESIAN_POINT('',(13.2,0.5,8.8));
#11463 = LINE('',#11464,#11465);
#11464 = CARTESIAN_POINT('',(13.2,0.5,6.8));
#11465 = VECTOR('',#11466,1.);
#11466 = DIRECTION('',(0.,0.,1.));
#11467 = ORIENTED_EDGE('',*,*,#11468,.F.);
#11468 = EDGE_CURVE('',#11445,#11461,#11469,.T.);
#11469 = LINE('',#11470,#11471);
#11470 = CARTESIAN_POINT('',(11.2,0.5,8.8));
#11471 = VECTOR('',#11472,1.);
#11472 = DIRECTION('',(1.,0.,-0.));
#11473 = FACE_BOUND('',#11474,.T.);
#11474 = EDGE_LOOP('',(#11475,#11485,#11493,#11501));
#11475 = ORIENTED_EDGE('',*,*,#11476,.F.);
#11476 = EDGE_CURVE('',#11477,#11479,#11481,.T.);
#11477 = VERTEX_POINT('',#11478);
#11478 = CARTESIAN_POINT('',(15.6,0.5,2.4));
#11479 = VERTEX_POINT('',#11480);
#11480 = CARTESIAN_POINT('',(15.6,0.5,4.4));
#11481 = LINE('',#11482,#11483);
#11482 = CARTESIAN_POINT('',(15.6,0.5,2.4));
#11483 = VECTOR('',#11484,1.);
#11484 = DIRECTION('',(0.,0.,1.));
#11485 = ORIENTED_EDGE('',*,*,#11486,.T.);
#11486 = EDGE_CURVE('',#11477,#11487,#11489,.T.);
#11487 = VERTEX_POINT('',#11488);
#11488 = CARTESIAN_POINT('',(17.6,0.5,2.4));
#11489 = LINE('',#11490,#11491);
#11490 = CARTESIAN_POINT('',(15.6,0.5,2.4));
#11491 = VECTOR('',#11492,1.);
#11492 = DIRECTION('',(1.,0.,-0.));
#11493 = ORIENTED_EDGE('',*,*,#11494,.T.);
#11494 = EDGE_CURVE('',#11487,#11495,#11497,.T.);
#11495 = VERTEX_POINT('',#11496);
#11496 = CARTESIAN_POINT('',(17.6,0.5,4.4));
#11497 = LINE('',#11498,#11499);
#11498 = CARTESIAN_POINT('',(17.6,0.5,2.4));
#11499 = VECTOR('',#11500,1.);
#11500 = DIRECTION('',(0.,0.,1.));
#11501 = ORIENTED_EDGE('',*,*,#11502,.F.);
#11502 = EDGE_CURVE('',#11479,#11495,#11503,.T.);
#11503 = LINE('',#11504,#11505);
#11504 = CARTESIAN_POINT('',(15.6,0.5,4.4));
#11505 = VECTOR('',#11506,1.);
#11506 = DIRECTION('',(1.,0.,-0.));
#11507 = FACE_BOUND('',#11508,.T.);
#11508 = EDGE_LOOP('',(#11509,#11519,#11527,#11535));
#11509 = ORIENTED_EDGE('',*,*,#11510,.F.);
#11510 = EDGE_CURVE('',#11511,#11513,#11515,.T.);
#11511 = VERTEX_POINT('',#11512);
#11512 = CARTESIAN_POINT('',(15.6,0.5,6.8));
#11513 = VERTEX_POINT('',#11514);
#11514 = CARTESIAN_POINT('',(15.6,0.5,8.8));
#11515 = LINE('',#11516,#11517);
#11516 = CARTESIAN_POINT('',(15.6,0.5,6.8));
#11517 = VECTOR('',#11518,1.);
#11518 = DIRECTION('',(0.,0.,1.));
#11519 = ORIENTED_EDGE('',*,*,#11520,.T.);
#11520 = EDGE_CURVE('',#11511,#11521,#11523,.T.);
#11521 = VERTEX_POINT('',#11522);
#11522 = CARTESIAN_POINT('',(17.6,0.5,6.8));
#11523 = LINE('',#11524,#11525);
#11524 = CARTESIAN_POINT('',(15.6,0.5,6.8));
#11525 = VECTOR('',#11526,1.);
#11526 = DIRECTION('',(1.,0.,-0.));
#11527 = ORIENTED_EDGE('',*,*,#11528,.T.);
#11528 = EDGE_CURVE('',#11521,#11529,#11531,.T.);
#11529 = VERTEX_POINT('',#11530);
#11530 = CARTESIAN_POINT('',(17.6,0.5,8.8));
#11531 = LINE('',#11532,#11533);
#11532 = CARTESIAN_POINT('',(17.6,0.5,6.8));
#11533 = VECTOR('',#11534,1.);
#11534 = DIRECTION('',(0.,0.,1.));
#11535 = ORIENTED_EDGE('',*,*,#11536,.F.);
#11536 = EDGE_CURVE('',#11513,#11529,#11537,.T.);
#11537 = LINE('',#11538,#11539);
#11538 = CARTESIAN_POINT('',(15.6,0.5,8.8));
#11539 = VECTOR('',#11540,1.);
#11540 = DIRECTION('',(1.,0.,-0.));
#11541 = FACE_BOUND('',#11542,.T.);
#11542 = EDGE_LOOP('',(#11543,#11553,#11561,#11569));
#11543 = ORIENTED_EDGE('',*,*,#11544,.F.);
#11544 = EDGE_CURVE('',#11545,#11547,#11549,.T.);
#11545 = VERTEX_POINT('',#11546);
#11546 = CARTESIAN_POINT('',(11.2,0.5,11.2));
#11547 = VERTEX_POINT('',#11548);
#11548 = CARTESIAN_POINT('',(11.2,0.5,13.2));
#11549 = LINE('',#11550,#11551);
#11550 = CARTESIAN_POINT('',(11.2,0.5,11.2));
#11551 = VECTOR('',#11552,1.);
#11552 = DIRECTION('',(0.,0.,1.));
#11553 = ORIENTED_EDGE('',*,*,#11554,.T.);
#11554 = EDGE_CURVE('',#11545,#11555,#11557,.T.);
#11555 = VERTEX_POINT('',#11556);
#11556 = CARTESIAN_POINT('',(13.2,0.5,11.2));
#11557 = LINE('',#11558,#11559);
#11558 = CARTESIAN_POINT('',(11.2,0.5,11.2));
#11559 = VECTOR('',#11560,1.);
#11560 = DIRECTION('',(1.,0.,-0.));
#11561 = ORIENTED_EDGE('',*,*,#11562,.T.);
#11562 = EDGE_CURVE('',#11555,#11563,#11565,.T.);
#11563 = VERTEX_POINT('',#11564);
#11564 = CARTESIAN_POINT('',(13.2,0.5,13.2));
#11565 = LINE('',#11566,#11567);
#11566 = CARTESIAN_POINT('',(13.2,0.5,11.2));
#11567 = VECTOR('',#11568,1.);
#11568 = DIRECTION('',(0.,0.,1.));
#11569 = ORIENTED_EDGE('',*,*,#11570,.F.);
#11570 = EDGE_CURVE('',#11547,#11563,#11571,.T.);
#11571 = LINE('',#11572,#11573);
#11572 = CARTESIAN_POINT('',(11.2,0.5,13.2));
#11573 = VECTOR('',#11574,1.);
#11574 = DIRECTION('',(1.,0.,-0.));
#11575 = FACE_BOUND('',#11576,.T.);
#11576 = EDGE_LOOP('',(#11577,#11587,#11595,#11603));
#11577 = ORIENTED_EDGE('',*,*,#11578,.F.);
#11578 = EDGE_CURVE('',#11579,#11581,#11583,.T.);
#11579 = VERTEX_POINT('',#11580);
#11580 = CARTESIAN_POINT('',(11.2,0.5,15.6));
#11581 = VERTEX_POINT('',#11582);
#11582 = CARTESIAN_POINT('',(11.2,0.5,17.6));
#11583 = LINE('',#11584,#11585);
#11584 = CARTESIAN_POINT('',(11.2,0.5,15.6));
#11585 = VECTOR('',#11586,1.);
#11586 = DIRECTION('',(0.,0.,1.));
#11587 = ORIENTED_EDGE('',*,*,#11588,.T.);
#11588 = EDGE_CURVE('',#11579,#11589,#11591,.T.);
#11589 = VERTEX_POINT('',#11590);
#11590 = CARTESIAN_POINT('',(13.2,0.5,15.6));
#11591 = LINE('',#11592,#11593);
#11592 = CARTESIAN_POINT('',(11.2,0.5,15.6));
#11593 = VECTOR('',#11594,1.);
#11594 = DIRECTION('',(1.,0.,-0.));
#11595 = ORIENTED_EDGE('',*,*,#11596,.T.);
#11596 = EDGE_CURVE('',#11589,#11597,#11599,.T.);
#11597 = VERTEX_POINT('',#11598);
#11598 = CARTESIAN_POINT('',(13.2,0.5,17.6));
#11599 = LINE('',#11600,#11601);
#11600 = CARTESIAN_POINT('',(13.2,0.5,15.6));
#11601 = VECTOR('',#11602,1.);
#11602 = DIRECTION('',(0.,0.,1.));
#11603 = ORIENTED_EDGE('',*,*,#11604,.F.);
#11604 = EDGE_CURVE('',#11581,#11597,#11605,.T.);
#11605 = LINE('',#11606,#11607);
#11606 = CARTESIAN_POINT('',(11.2,0.5,17.6));
#11607 = VECTOR('',#11608,1.);
#11608 = DIRECTION('',(1.,0.,-0.));
#11609 = FACE_BOUND('',#11610,.T.);
#11610 = EDGE_LOOP('',(#11611,#11621,#11629,#11637));
#11611 = ORIENTED_EDGE('',*,*,#11612,.F.);
#11612 = EDGE_CURVE('',#11613,#11615,#11617,.T.);
#11613 = VERTEX_POINT('',#11614);
#11614 = CARTESIAN_POINT('',(15.6,0.5,11.2));
#11615 = VERTEX_POINT('',#11616);
#11616 = CARTESIAN_POINT('',(15.6,0.5,13.2));
#11617 = LINE('',#11618,#11619);
#11618 = CARTESIAN_POINT('',(15.6,0.5,11.2));
#11619 = VECTOR('',#11620,1.);
#11620 = DIRECTION('',(0.,0.,1.));
#11621 = ORIENTED_EDGE('',*,*,#11622,.T.);
#11622 = EDGE_CURVE('',#11613,#11623,#11625,.T.);
#11623 = VERTEX_POINT('',#11624);
#11624 = CARTESIAN_POINT('',(17.6,0.5,11.2));
#11625 = LINE('',#11626,#11627);
#11626 = CARTESIAN_POINT('',(15.6,0.5,11.2));
#11627 = VECTOR('',#11628,1.);
#11628 = DIRECTION('',(1.,0.,-0.));
#11629 = ORIENTED_EDGE('',*,*,#11630,.T.);
#11630 = EDGE_CURVE('',#11623,#11631,#11633,.T.);
#11631 = VERTEX_POINT('',#11632);
#11632 = CARTESIAN_POINT('',(17.6,0.5,13.2));
#11633 = LINE('',#11634,#11635);
#11634 = CARTESIAN_POINT('',(17.6,0.5,11.2));
#11635 = VECTOR('',#11636,1.);
#11636 = DIRECTION('',(0.,0.,1.));
#11637 = ORIENTED_EDGE('',*,*,#11638,.F.);
#11638 = EDGE_CURVE('',#11615,#11631,#11639,.T.);
#11639 = LINE('',#11640,#11641);
#11640 = CARTESIAN_POINT('',(15.6,0.5,13.2));
#11641 = VECTOR('',#11642,1.);
#11642 = DIRECTION('',(1.,0.,-0.));
#11643 = FACE_BOUND('',#11644,.T.);
#11644 = EDGE_LOOP('',(#11645,#11655,#11663,#11671));
#11645 = ORIENTED_EDGE('',*,*,#11646,.F.);
#11646 = EDGE_CURVE('',#11647,#11649,#11651,.T.);
#11647 = VERTEX_POINT('',#11648);
#11648 = CARTESIAN_POINT('',(15.6,0.5,15.6));
#11649 = VERTEX_POINT('',#11650);
#11650 = CARTESIAN_POINT('',(15.6,0.5,17.6));
#11651 = LINE('',#11652,#11653);
#11652 = CARTESIAN_POINT('',(15.6,0.5,15.6));
#11653 = VECTOR('',#11654,1.);
#11654 = DIRECTION('',(0.,0.,1.));
#11655 = ORIENTED_EDGE('',*,*,#11656,.T.);
#11656 = EDGE_CURVE('',#11647,#11657,#11659,.T.);
#11657 = VERTEX_POINT('',#11658);
#11658 = CARTESIAN_POINT('',(17.6,0.5,15.6));
#11659 = LINE('',#11660,#11661);
#11660 = CARTESIAN_POINT('',(15.6,0.5,15.6));
#11661 = VECTOR('',#11662,1.);
#11662 = DIRECTION('',(1.,0.,-0.));
#11663 = ORIENTED_EDGE('',*,*,#11664,.T.);
#11664 = EDGE_CURVE('',#11657,#11665,#11667,.T.);
#11665 = VERTEX_POINT('',#11666);
#11666 = CARTESIAN_POINT('',(17.6,0.5,17.6));
#11667 = LINE('',#11668,#11669);
#11668 = CARTESIAN_POINT('',(17.6,0.5,15.6));
#11669 = VECTOR('',#11670,1.);
#11670 = DIRECTION('',(0.,0.,1.));
#11671 = ORIENTED_EDGE('',*,*,#11672,.F.);
#11672 = EDGE_CURVE('',#11649,#11665,#11673,.T.);
#11673 = LINE('',#11674,#11675);
#11674 = CARTESIAN_POINT('',(15.6,0.5,17.6));
#11675 = VECTOR('',#11676,1.);
#11676 = DIRECTION('',(1.,0.,-0.));
#11677 = PLANE('',#11678);
#11678 = AXIS2_PLACEMENT_3D('',#11679,#11680,#11681);
#11679 = CARTESIAN_POINT('',(0.,0.5,0.));
#11680 = DIRECTION('',(-0.,1.,0.));
#11681 = DIRECTION('',(0.,0.,1.));
#11682 = ADVANCED_FACE('',(#11683),#11694,.F.);
#11683 = FACE_BOUND('',#11684,.F.);
#11684 = EDGE_LOOP('',(#11685,#11686,#11687,#11693));
#11685 = ORIENTED_EDGE('',*,*,#10489,.F.);
#11686 = ORIENTED_EDGE('',*,*,#10519,.T.);
#11687 = ORIENTED_EDGE('',*,*,#11688,.T.);
#11688 = EDGE_CURVE('',#10520,#11119,#11689,.T.);
#11689 = LINE('',#11690,#11691);
#11690 = CARTESIAN_POINT('',(20.,0.,0.));
#11691 = VECTOR('',#11692,1.);
#11692 = DIRECTION('',(-0.,1.,0.));
#11693 = ORIENTED_EDGE('',*,*,#11118,.F.);
#11694 = PLANE('',#11695);
#11695 = AXIS2_PLACEMENT_3D('',#11696,#11697,#11698);
#11696 = CARTESIAN_POINT('',(0.,0.,0.));
#11697 = DIRECTION('',(0.,0.,1.));
#11698 = DIRECTION('',(1.,0.,-0.));
#11699 = ADVANCED_FACE('',(#11700),#11706,.T.);
#11700 = FACE_BOUND('',#11701,.T.);
#11701 = EDGE_LOOP('',(#11702,#11703,#11704,#11705));
#11702 = ORIENTED_EDGE('',*,*,#10536,.F.);
#11703 = ORIENTED_EDGE('',*,*,#11688,.T.);
#11704 = ORIENTED_EDGE('',*,*,#11128,.T.);
#11705 = ORIENTED_EDGE('',*,*,#11096,.F.);
#11706 = PLANE('',#11707);
#11707 = AXIS2_PLACEMENT_3D('',#11708,#11709,#11710);
#11708 = CARTESIAN_POINT('',(20.,0.,0.));
#11709 = DIRECTION('',(1.,0.,-0.));
#11710 = DIRECTION('',(0.,0.,1.));
#11711 = ADVANCED_FACE('',(#11712),#11728,.T.);
#11712 = FACE_BOUND('',#11713,.T.);
#11713 = EDGE_LOOP('',(#11714,#11715,#11721,#11722));
#11714 = ORIENTED_EDGE('',*,*,#10544,.F.);
#11715 = ORIENTED_EDGE('',*,*,#11716,.T.);
#11716 = EDGE_CURVE('',#10545,#11137,#11717,.T.);
#11717 = LINE('',#11718,#11719);
#11718 = CARTESIAN_POINT('',(2.4,0.,2.4));
#11719 = VECTOR('',#11720,1.);
#11720 = DIRECTION('',(-0.,1.,0.));
#11721 = ORIENTED_EDGE('',*,*,#11136,.T.);
#11722 = ORIENTED_EDGE('',*,*,#11723,.F.);
#11723 = EDGE_CURVE('',#10547,#11139,#11724,.T.);
#11724 = LINE('',#11725,#11726);
#11725 = CARTESIAN_POINT('',(2.4,0.,4.4));
#11726 = VECTOR('',#11727,1.);
#11727 = DIRECTION('',(-0.,1.,0.));
#11728 = PLANE('',#11729);
#11729 = AXIS2_PLACEMENT_3D('',#11730,#11731,#11732);
#11730 = CARTESIAN_POINT('',(2.4,0.,2.4));
#11731 = DIRECTION('',(1.,0.,-0.));
#11732 = DIRECTION('',(0.,0.,1.));
#11733 = ADVANCED_FACE('',(#11734),#11745,.T.);
#11734 = FACE_BOUND('',#11735,.T.);
#11735 = EDGE_LOOP('',(#11736,#11737,#11738,#11744));
#11736 = ORIENTED_EDGE('',*,*,#11716,.F.);
#11737 = ORIENTED_EDGE('',*,*,#10554,.T.);
#11738 = ORIENTED_EDGE('',*,*,#11739,.T.);
#11739 = EDGE_CURVE('',#10555,#11147,#11740,.T.);
#11740 = LINE('',#11741,#11742);
#11741 = CARTESIAN_POINT('',(4.4,0.,2.4));
#11742 = VECTOR('',#11743,1.);
#11743 = DIRECTION('',(-0.,1.,0.));
#11744 = ORIENTED_EDGE('',*,*,#11146,.F.);
#11745 = PLANE('',#11746);
#11746 = AXIS2_PLACEMENT_3D('',#11747,#11748,#11749);
#11747 = CARTESIAN_POINT('',(2.4,0.,2.4));
#11748 = DIRECTION('',(0.,0.,1.));
#11749 = DIRECTION('',(1.,0.,-0.));
#11750 = ADVANCED_FACE('',(#11751),#11762,.F.);
#11751 = FACE_BOUND('',#11752,.F.);
#11752 = EDGE_LOOP('',(#11753,#11754,#11755,#11761));
#11753 = ORIENTED_EDGE('',*,*,#11723,.F.);
#11754 = ORIENTED_EDGE('',*,*,#10570,.T.);
#11755 = ORIENTED_EDGE('',*,*,#11756,.T.);
#11756 = EDGE_CURVE('',#10563,#11155,#11757,.T.);
#11757 = LINE('',#11758,#11759);
#11758 = CARTESIAN_POINT('',(4.4,0.,4.4));
#11759 = VECTOR('',#11760,1.);
#11760 = DIRECTION('',(-0.,1.,0.));
#11761 = ORIENTED_EDGE('',*,*,#11162,.F.);
#11762 = PLANE('',#11763);
#11763 = AXIS2_PLACEMENT_3D('',#11764,#11765,#11766);
#11764 = CARTESIAN_POINT('',(2.4,0.,4.4));
#11765 = DIRECTION('',(0.,0.,1.));
#11766 = DIRECTION('',(1.,0.,-0.));
#11767 = ADVANCED_FACE('',(#11768),#11774,.F.);
#11768 = FACE_BOUND('',#11769,.F.);
#11769 = EDGE_LOOP('',(#11770,#11771,#11772,#11773));
#11770 = ORIENTED_EDGE('',*,*,#10562,.F.);
#11771 = ORIENTED_EDGE('',*,*,#11739,.T.);
#11772 = ORIENTED_EDGE('',*,*,#11154,.T.);
#11773 = ORIENTED_EDGE('',*,*,#11756,.F.);
#11774 = PLANE('',#11775);
#11775 = AXIS2_PLACEMENT_3D('',#11776,#11777,#11778);
#11776 = CARTESIAN_POINT('',(4.4,0.,2.4));
#11777 = DIRECTION('',(1.,0.,-0.));
#11778 = DIRECTION('',(0.,0.,1.));
#11779 = ADVANCED_FACE('',(#11780),#11796,.T.);
#11780 = FACE_BOUND('',#11781,.T.);
#11781 = EDGE_LOOP('',(#11782,#11783,#11789,#11790));
#11782 = ORIENTED_EDGE('',*,*,#10578,.F.);
#11783 = ORIENTED_EDGE('',*,*,#11784,.T.);
#11784 = EDGE_CURVE('',#10579,#11171,#11785,.T.);
#11785 = LINE('',#11786,#11787);
#11786 = CARTESIAN_POINT('',(2.4,0.,6.8));
#11787 = VECTOR('',#11788,1.);
#11788 = DIRECTION('',(-0.,1.,0.));
#11789 = ORIENTED_EDGE('',*,*,#11170,.T.);
#11790 = ORIENTED_EDGE('',*,*,#11791,.F.);
#11791 = EDGE_CURVE('',#10581,#11173,#11792,.T.);
#11792 = LINE('',#11793,#11794);
#11793 = CARTESIAN_POINT('',(2.4,0.,8.8));
#11794 = VECTOR('',#11795,1.);
#11795 = DIRECTION('',(-0.,1.,0.));
#11796 = PLANE('',#11797);
#11797 = AXIS2_PLACEMENT_3D('',#11798,#11799,#11800);
#11798 = CARTESIAN_POINT('',(2.4,0.,6.8));
#11799 = DIRECTION('',(1.,0.,-0.));
#11800 = DIRECTION('',(0.,0.,1.));
#11801 = ADVANCED_FACE('',(#11802),#11813,.T.);
#11802 = FACE_BOUND('',#11803,.T.);
#11803 = EDGE_LOOP('',(#11804,#11805,#11806,#11812));
#11804 = ORIENTED_EDGE('',*,*,#11784,.F.);
#11805 = ORIENTED_EDGE('',*,*,#10588,.T.);
#11806 = ORIENTED_EDGE('',*,*,#11807,.T.);
#11807 = EDGE_CURVE('',#10589,#11181,#11808,.T.);
#11808 = LINE('',#11809,#11810);
#11809 = CARTESIAN_POINT('',(4.4,0.,6.8));
#11810 = VECTOR('',#11811,1.);
#11811 = DIRECTION('',(-0.,1.,0.));
#11812 = ORIENTED_EDGE('',*,*,#11180,.F.);
#11813 = PLANE('',#11814);
#11814 = AXIS2_PLACEMENT_3D('',#11815,#11816,#11817);
#11815 = CARTESIAN_POINT('',(2.4,0.,6.8));
#11816 = DIRECTION('',(0.,0.,1.));
#11817 = DIRECTION('',(1.,0.,-0.));
#11818 = ADVANCED_FACE('',(#11819),#11830,.F.);
#11819 = FACE_BOUND('',#11820,.F.);
#11820 = EDGE_LOOP('',(#11821,#11822,#11823,#11829));
#11821 = ORIENTED_EDGE('',*,*,#11791,.F.);
#11822 = ORIENTED_EDGE('',*,*,#10604,.T.);
#11823 = ORIENTED_EDGE('',*,*,#11824,.T.);
#11824 = EDGE_CURVE('',#10597,#11189,#11825,.T.);
#11825 = LINE('',#11826,#11827);
#11826 = CARTESIAN_POINT('',(4.4,0.,8.8));
#11827 = VECTOR('',#11828,1.);
#11828 = DIRECTION('',(-0.,1.,0.));
#11829 = ORIENTED_EDGE('',*,*,#11196,.F.);
#11830 = PLANE('',#11831);
#11831 = AXIS2_PLACEMENT_3D('',#11832,#11833,#11834);
#11832 = CARTESIAN_POINT('',(2.4,0.,8.8));
#11833 = DIRECTION('',(0.,0.,1.));
#11834 = DIRECTION('',(1.,0.,-0.));
#11835 = ADVANCED_FACE('',(#11836),#11842,.F.);
#11836 = FACE_BOUND('',#11837,.F.);
#11837 = EDGE_LOOP('',(#11838,#11839,#11840,#11841));
#11838 = ORIENTED_EDGE('',*,*,#10596,.F.);
#11839 = ORIENTED_EDGE('',*,*,#11807,.T.);
#11840 = ORIENTED_EDGE('',*,*,#11188,.T.);
#11841 = ORIENTED_EDGE('',*,*,#11824,.F.);
#11842 = PLANE('',#11843);
#11843 = AXIS2_PLACEMENT_3D('',#11844,#11845,#11846);
#11844 = CARTESIAN_POINT('',(4.4,0.,6.8));
#11845 = DIRECTION('',(1.,0.,-0.));
#11846 = DIRECTION('',(0.,0.,1.));
#11847 = ADVANCED_FACE('',(#11848),#11864,.T.);
#11848 = FACE_BOUND('',#11849,.T.);
#11849 = EDGE_LOOP('',(#11850,#11851,#11857,#11858));
#11850 = ORIENTED_EDGE('',*,*,#10612,.F.);
#11851 = ORIENTED_EDGE('',*,*,#11852,.T.);
#11852 = EDGE_CURVE('',#10613,#11205,#11853,.T.);
#11853 = LINE('',#11854,#11855);
#11854 = CARTESIAN_POINT('',(6.8,0.,2.4));
#11855 = VECTOR('',#11856,1.);
#11856 = DIRECTION('',(-0.,1.,0.));
#11857 = ORIENTED_EDGE('',*,*,#11204,.T.);
#11858 = ORIENTED_EDGE('',*,*,#11859,.F.);
#11859 = EDGE_CURVE('',#10615,#11207,#11860,.T.);
#11860 = LINE('',#11861,#11862);
#11861 = CARTESIAN_POINT('',(6.8,0.,4.4));
#11862 = VECTOR('',#11863,1.);
#11863 = DIRECTION('',(-0.,1.,0.));
#11864 = PLANE('',#11865);
#11865 = AXIS2_PLACEMENT_3D('',#11866,#11867,#11868);
#11866 = CARTESIAN_POINT('',(6.8,0.,2.4));
#11867 = DIRECTION('',(1.,0.,-0.));
#11868 = DIRECTION('',(0.,0.,1.));
#11869 = ADVANCED_FACE('',(#11870),#11881,.T.);
#11870 = FACE_BOUND('',#11871,.T.);
#11871 = EDGE_LOOP('',(#11872,#11873,#11874,#11880));
#11872 = ORIENTED_EDGE('',*,*,#11852,.F.);
#11873 = ORIENTED_EDGE('',*,*,#10622,.T.);
#11874 = ORIENTED_EDGE('',*,*,#11875,.T.);
#11875 = EDGE_CURVE('',#10623,#11215,#11876,.T.);
#11876 = LINE('',#11877,#11878);
#11877 = CARTESIAN_POINT('',(8.8,0.,2.4));
#11878 = VECTOR('',#11879,1.);
#11879 = DIRECTION('',(-0.,1.,0.));
#11880 = ORIENTED_EDGE('',*,*,#11214,.F.);
#11881 = PLANE('',#11882);
#11882 = AXIS2_PLACEMENT_3D('',#11883,#11884,#11885);
#11883 = CARTESIAN_POINT('',(6.8,0.,2.4));
#11884 = DIRECTION('',(0.,0.,1.));
#11885 = DIRECTION('',(1.,0.,-0.));
#11886 = ADVANCED_FACE('',(#11887),#11898,.F.);
#11887 = FACE_BOUND('',#11888,.F.);
#11888 = EDGE_LOOP('',(#11889,#11890,#11891,#11897));
#11889 = ORIENTED_EDGE('',*,*,#11859,.F.);
#11890 = ORIENTED_EDGE('',*,*,#10638,.T.);
#11891 = ORIENTED_EDGE('',*,*,#11892,.T.);
#11892 = EDGE_CURVE('',#10631,#11223,#11893,.T.);
#11893 = LINE('',#11894,#11895);
#11894 = CARTESIAN_POINT('',(8.8,0.,4.4));
#11895 = VECTOR('',#11896,1.);
#11896 = DIRECTION('',(-0.,1.,0.));
#11897 = ORIENTED_EDGE('',*,*,#11230,.F.);
#11898 = PLANE('',#11899);
#11899 = AXIS2_PLACEMENT_3D('',#11900,#11901,#11902);
#11900 = CARTESIAN_POINT('',(6.8,0.,4.4));
#11901 = DIRECTION('',(0.,0.,1.));
#11902 = DIRECTION('',(1.,0.,-0.));
#11903 = ADVANCED_FACE('',(#11904),#11910,.F.);
#11904 = FACE_BOUND('',#11905,.F.);
#11905 = EDGE_LOOP('',(#11906,#11907,#11908,#11909));
#11906 = ORIENTED_EDGE('',*,*,#10630,.F.);
#11907 = ORIENTED_EDGE('',*,*,#11875,.T.);
#11908 = ORIENTED_EDGE('',*,*,#11222,.T.);
#11909 = ORIENTED_EDGE('',*,*,#11892,.F.);
#11910 = PLANE('',#11911);
#11911 = AXIS2_PLACEMENT_3D('',#11912,#11913,#11914);
#11912 = CARTESIAN_POINT('',(8.8,0.,2.4));
#11913 = DIRECTION('',(1.,0.,-0.));
#11914 = DIRECTION('',(0.,0.,1.));
#11915 = ADVANCED_FACE('',(#11916),#11932,.T.);
#11916 = FACE_BOUND('',#11917,.T.);
#11917 = EDGE_LOOP('',(#11918,#11919,#11925,#11926));
#11918 = ORIENTED_EDGE('',*,*,#10646,.F.);
#11919 = ORIENTED_EDGE('',*,*,#11920,.T.);
#11920 = EDGE_CURVE('',#10647,#11239,#11921,.T.);
#11921 = LINE('',#11922,#11923);
#11922 = CARTESIAN_POINT('',(6.8,0.,6.8));
#11923 = VECTOR('',#11924,1.);
#11924 = DIRECTION('',(-0.,1.,0.));
#11925 = ORIENTED_EDGE('',*,*,#11238,.T.);
#11926 = ORIENTED_EDGE('',*,*,#11927,.F.);
#11927 = EDGE_CURVE('',#10649,#11241,#11928,.T.);
#11928 = LINE('',#11929,#11930);
#11929 = CARTESIAN_POINT('',(6.8,0.,8.8));
#11930 = VECTOR('',#11931,1.);
#11931 = DIRECTION('',(-0.,1.,0.));
#11932 = PLANE('',#11933);
#11933 = AXIS2_PLACEMENT_3D('',#11934,#11935,#11936);
#11934 = CARTESIAN_POINT('',(6.8,0.,6.8));
#11935 = DIRECTION('',(1.,0.,-0.));
#11936 = DIRECTION('',(0.,0.,1.));
#11937 = ADVANCED_FACE('',(#11938),#11949,.T.);
#11938 = FACE_BOUND('',#11939,.T.);
#11939 = EDGE_LOOP('',(#11940,#11941,#11942,#11948));
#11940 = ORIENTED_EDGE('',*,*,#11920,.F.);
#11941 = ORIENTED_EDGE('',*,*,#10656,.T.);
#11942 = ORIENTED_EDGE('',*,*,#11943,.T.);
#11943 = EDGE_CURVE('',#10657,#11249,#11944,.T.);
#11944 = LINE('',#11945,#11946);
#11945 = CARTESIAN_POINT('',(8.8,0.,6.8));
#11946 = VECTOR('',#11947,1.);
#11947 = DIRECTION('',(-0.,1.,0.));
#11948 = ORIENTED_EDGE('',*,*,#11248,.F.);
#11949 = PLANE('',#11950);
#11950 = AXIS2_PLACEMENT_3D('',#11951,#11952,#11953);
#11951 = CARTESIAN_POINT('',(6.8,0.,6.8));
#11952 = DIRECTION('',(0.,0.,1.));
#11953 = DIRECTION('',(1.,0.,-0.));
#11954 = ADVANCED_FACE('',(#11955),#11966,.F.);
#11955 = FACE_BOUND('',#11956,.F.);
#11956 = EDGE_LOOP('',(#11957,#11958,#11959,#11965));
#11957 = ORIENTED_EDGE('',*,*,#11927,.F.);
#11958 = ORIENTED_EDGE('',*,*,#10672,.T.);
#11959 = ORIENTED_EDGE('',*,*,#11960,.T.);
#11960 = EDGE_CURVE('',#10665,#11257,#11961,.T.);
#11961 = LINE('',#11962,#11963);
#11962 = CARTESIAN_POINT('',(8.8,0.,8.8));
#11963 = VECTOR('',#11964,1.);
#11964 = DIRECTION('',(-0.,1.,0.));
#11965 = ORIENTED_EDGE('',*,*,#11264,.F.);
#11966 = PLANE('',#11967);
#11967 = AXIS2_PLACEMENT_3D('',#11968,#11969,#11970);
#11968 = CARTESIAN_POINT('',(6.8,0.,8.8));
#11969 = DIRECTION('',(0.,0.,1.));
#11970 = DIRECTION('',(1.,0.,-0.));
#11971 = ADVANCED_FACE('',(#11972),#11978,.F.);
#11972 = FACE_BOUND('',#11973,.F.);
#11973 = EDGE_LOOP('',(#11974,#11975,#11976,#11977));
#11974 = ORIENTED_EDGE('',*,*,#10664,.F.);
#11975 = ORIENTED_EDGE('',*,*,#11943,.T.);
#11976 = ORIENTED_EDGE('',*,*,#11256,.T.);
#11977 = ORIENTED_EDGE('',*,*,#11960,.F.);
#11978 = PLANE('',#11979);
#11979 = AXIS2_PLACEMENT_3D('',#11980,#11981,#11982);
#11980 = CARTESIAN_POINT('',(8.8,0.,6.8));
#11981 = DIRECTION('',(1.,0.,-0.));
#11982 = DIRECTION('',(0.,0.,1.));
#11983 = ADVANCED_FACE('',(#11984),#12000,.T.);
#11984 = FACE_BOUND('',#11985,.T.);
#11985 = EDGE_LOOP('',(#11986,#11987,#11993,#11994));
#11986 = ORIENTED_EDGE('',*,*,#10680,.F.);
#11987 = ORIENTED_EDGE('',*,*,#11988,.T.);
#11988 = EDGE_CURVE('',#10681,#11273,#11989,.T.);
#11989 = LINE('',#11990,#11991);
#11990 = CARTESIAN_POINT('',(2.4,0.,11.2));
#11991 = VECTOR('',#11992,1.);
#11992 = DIRECTION('',(-0.,1.,0.));
#11993 = ORIENTED_EDGE('',*,*,#11272,.T.);
#11994 = ORIENTED_EDGE('',*,*,#11995,.F.);
#11995 = EDGE_CURVE('',#10683,#11275,#11996,.T.);
#11996 = LINE('',#11997,#11998);
#11997 = CARTESIAN_POINT('',(2.4,0.,13.2));
#11998 = VECTOR('',#11999,1.);
#11999 = DIRECTION('',(-0.,1.,0.));
#12000 = PLANE('',#12001);
#12001 = AXIS2_PLACEMENT_3D('',#12002,#12003,#12004);
#12002 = CARTESIAN_POINT('',(2.4,0.,11.2));
#12003 = DIRECTION('',(1.,0.,-0.));
#12004 = DIRECTION('',(0.,0.,1.));
#12005 = ADVANCED_FACE('',(#12006),#12017,.T.);
#12006 = FACE_BOUND('',#12007,.T.);
#12007 = EDGE_LOOP('',(#12008,#12009,#12010,#12016));
#12008 = ORIENTED_EDGE('',*,*,#11988,.F.);
#12009 = ORIENTED_EDGE('',*,*,#10690,.T.);
#12010 = ORIENTED_EDGE('',*,*,#12011,.T.);
#12011 = EDGE_CURVE('',#10691,#11283,#12012,.T.);
#12012 = LINE('',#12013,#12014);
#12013 = CARTESIAN_POINT('',(4.4,0.,11.2));
#12014 = VECTOR('',#12015,1.);
#12015 = DIRECTION('',(-0.,1.,0.));
#12016 = ORIENTED_EDGE('',*,*,#11282,.F.);
#12017 = PLANE('',#12018);
#12018 = AXIS2_PLACEMENT_3D('',#12019,#12020,#12021);
#12019 = CARTESIAN_POINT('',(2.4,0.,11.2));
#12020 = DIRECTION('',(0.,0.,1.));
#12021 = DIRECTION('',(1.,0.,-0.));
#12022 = ADVANCED_FACE('',(#12023),#12034,.F.);
#12023 = FACE_BOUND('',#12024,.F.);
#12024 = EDGE_LOOP('',(#12025,#12026,#12027,#12033));
#12025 = ORIENTED_EDGE('',*,*,#11995,.F.);
#12026 = ORIENTED_EDGE('',*,*,#10706,.T.);
#12027 = ORIENTED_EDGE('',*,*,#12028,.T.);
#12028 = EDGE_CURVE('',#10699,#11291,#12029,.T.);
#12029 = LINE('',#12030,#12031);
#12030 = CARTESIAN_POINT('',(4.4,0.,13.2));
#12031 = VECTOR('',#12032,1.);
#12032 = DIRECTION('',(-0.,1.,0.));
#12033 = ORIENTED_EDGE('',*,*,#11298,.F.);
#12034 = PLANE('',#12035);
#12035 = AXIS2_PLACEMENT_3D('',#12036,#12037,#12038);
#12036 = CARTESIAN_POINT('',(2.4,0.,13.2));
#12037 = DIRECTION('',(0.,0.,1.));
#12038 = DIRECTION('',(1.,0.,-0.));
#12039 = ADVANCED_FACE('',(#12040),#12046,.F.);
#12040 = FACE_BOUND('',#12041,.F.);
#12041 = EDGE_LOOP('',(#12042,#12043,#12044,#12045));
#12042 = ORIENTED_EDGE('',*,*,#10698,.F.);
#12043 = ORIENTED_EDGE('',*,*,#12011,.T.);
#12044 = ORIENTED_EDGE('',*,*,#11290,.T.);
#12045 = ORIENTED_EDGE('',*,*,#12028,.F.);
#12046 = PLANE('',#12047);
#12047 = AXIS2_PLACEMENT_3D('',#12048,#12049,#12050);
#12048 = CARTESIAN_POINT('',(4.4,0.,11.2));
#12049 = DIRECTION('',(1.,0.,-0.));
#12050 = DIRECTION('',(0.,0.,1.));
#12051 = ADVANCED_FACE('',(#12052),#12068,.T.);
#12052 = FACE_BOUND('',#12053,.T.);
#12053 = EDGE_LOOP('',(#12054,#12055,#12061,#12062));
#12054 = ORIENTED_EDGE('',*,*,#10714,.F.);
#12055 = ORIENTED_EDGE('',*,*,#12056,.T.);
#12056 = EDGE_CURVE('',#10715,#11307,#12057,.T.);
#12057 = LINE('',#12058,#12059);
#12058 = CARTESIAN_POINT('',(2.4,0.,15.6));
#12059 = VECTOR('',#12060,1.);
#12060 = DIRECTION('',(-0.,1.,0.));
#12061 = ORIENTED_EDGE('',*,*,#11306,.T.);
#12062 = ORIENTED_EDGE('',*,*,#12063,.F.);
#12063 = EDGE_CURVE('',#10717,#11309,#12064,.T.);
#12064 = LINE('',#12065,#12066);
#12065 = CARTESIAN_POINT('',(2.4,0.,17.6));
#12066 = VECTOR('',#12067,1.);
#12067 = DIRECTION('',(-0.,1.,0.));
#12068 = PLANE('',#12069);
#12069 = AXIS2_PLACEMENT_3D('',#12070,#12071,#12072);
#12070 = CARTESIAN_POINT('',(2.4,0.,15.6));
#12071 = DIRECTION('',(1.,0.,-0.));
#12072 = DIRECTION('',(0.,0.,1.));
#12073 = ADVANCED_FACE('',(#12074),#12085,.T.);
#12074 = FACE_BOUND('',#12075,.T.);
#12075 = EDGE_LOOP('',(#12076,#12077,#12078,#12084));
#12076 = ORIENTED_EDGE('',*,*,#12056,.F.);
#12077 = ORIENTED_EDGE('',*,*,#10724,.T.);
#12078 = ORIENTED_EDGE('',*,*,#12079,.T.);
#12079 = EDGE_CURVE('',#10725,#11317,#12080,.T.);
#12080 = LINE('',#12081,#12082);
#12081 = CARTESIAN_POINT('',(4.4,0.,15.6));
#12082 = VECTOR('',#12083,1.);
#12083 = DIRECTION('',(-0.,1.,0.));
#12084 = ORIENTED_EDGE('',*,*,#11316,.F.);
#12085 = PLANE('',#12086);
#12086 = AXIS2_PLACEMENT_3D('',#12087,#12088,#12089);
#12087 = CARTESIAN_POINT('',(2.4,0.,15.6));
#12088 = DIRECTION('',(0.,0.,1.));
#12089 = DIRECTION('',(1.,0.,-0.));
#12090 = ADVANCED_FACE('',(#12091),#12102,.F.);
#12091 = FACE_BOUND('',#12092,.F.);
#12092 = EDGE_LOOP('',(#12093,#12094,#12095,#12101));
#12093 = ORIENTED_EDGE('',*,*,#12063,.F.);
#12094 = ORIENTED_EDGE('',*,*,#10740,.T.);
#12095 = ORIENTED_EDGE('',*,*,#12096,.T.);
#12096 = EDGE_CURVE('',#10733,#11325,#12097,.T.);
#12097 = LINE('',#12098,#12099);
#12098 = CARTESIAN_POINT('',(4.4,0.,17.6));
#12099 = VECTOR('',#12100,1.);
#12100 = DIRECTION('',(-0.,1.,0.));
#12101 = ORIENTED_EDGE('',*,*,#11332,.F.);
#12102 = PLANE('',#12103);
#12103 = AXIS2_PLACEMENT_3D('',#12104,#12105,#12106);
#12104 = CARTESIAN_POINT('',(2.4,0.,17.6));
#12105 = DIRECTION('',(0.,0.,1.));
#12106 = DIRECTION('',(1.,0.,-0.));
#12107 = ADVANCED_FACE('',(#12108),#12114,.F.);
#12108 = FACE_BOUND('',#12109,.F.);
#12109 = EDGE_LOOP('',(#12110,#12111,#12112,#12113));
#12110 = ORIENTED_EDGE('',*,*,#10732,.F.);
#12111 = ORIENTED_EDGE('',*,*,#12079,.T.);
#12112 = ORIENTED_EDGE('',*,*,#11324,.T.);
#12113 = ORIENTED_EDGE('',*,*,#12096,.F.);
#12114 = PLANE('',#12115);
#12115 = AXIS2_PLACEMENT_3D('',#12116,#12117,#12118);
#12116 = CARTESIAN_POINT('',(4.4,0.,15.6));
#12117 = DIRECTION('',(1.,0.,-0.));
#12118 = DIRECTION('',(0.,0.,1.));
#12119 = ADVANCED_FACE('',(#12120),#12136,.T.);
#12120 = FACE_BOUND('',#12121,.T.);
#12121 = EDGE_LOOP('',(#12122,#12123,#12129,#12130));
#12122 = ORIENTED_EDGE('',*,*,#10748,.F.);
#12123 = ORIENTED_EDGE('',*,*,#12124,.T.);
#12124 = EDGE_CURVE('',#10749,#11341,#12125,.T.);
#12125 = LINE('',#12126,#12127);
#12126 = CARTESIAN_POINT('',(6.8,0.,11.2));
#12127 = VECTOR('',#12128,1.);
#12128 = DIRECTION('',(-0.,1.,0.));
#12129 = ORIENTED_EDGE('',*,*,#11340,.T.);
#12130 = ORIENTED_EDGE('',*,*,#12131,.F.);
#12131 = EDGE_CURVE('',#10751,#11343,#12132,.T.);
#12132 = LINE('',#12133,#12134);
#12133 = CARTESIAN_POINT('',(6.8,0.,13.2));
#12134 = VECTOR('',#12135,1.);
#12135 = DIRECTION('',(-0.,1.,0.));
#12136 = PLANE('',#12137);
#12137 = AXIS2_PLACEMENT_3D('',#12138,#12139,#12140);
#12138 = CARTESIAN_POINT('',(6.8,0.,11.2));
#12139 = DIRECTION('',(1.,0.,-0.));
#12140 = DIRECTION('',(0.,0.,1.));
#12141 = ADVANCED_FACE('',(#12142),#12153,.T.);
#12142 = FACE_BOUND('',#12143,.T.);
#12143 = EDGE_LOOP('',(#12144,#12145,#12146,#12152));
#12144 = ORIENTED_EDGE('',*,*,#12124,.F.);
#12145 = ORIENTED_EDGE('',*,*,#10758,.T.);
#12146 = ORIENTED_EDGE('',*,*,#12147,.T.);
#12147 = EDGE_CURVE('',#10759,#11351,#12148,.T.);
#12148 = LINE('',#12149,#12150);
#12149 = CARTESIAN_POINT('',(8.8,0.,11.2));
#12150 = VECTOR('',#12151,1.);
#12151 = DIRECTION('',(-0.,1.,0.));
#12152 = ORIENTED_EDGE('',*,*,#11350,.F.);
#12153 = PLANE('',#12154);
#12154 = AXIS2_PLACEMENT_3D('',#12155,#12156,#12157);
#12155 = CARTESIAN_POINT('',(6.8,0.,11.2));
#12156 = DIRECTION('',(0.,0.,1.));
#12157 = DIRECTION('',(1.,0.,-0.));
#12158 = ADVANCED_FACE('',(#12159),#12170,.F.);
#12159 = FACE_BOUND('',#12160,.F.);
#12160 = EDGE_LOOP('',(#12161,#12162,#12163,#12169));
#12161 = ORIENTED_EDGE('',*,*,#12131,.F.);
#12162 = ORIENTED_EDGE('',*,*,#10774,.T.);
#12163 = ORIENTED_EDGE('',*,*,#12164,.T.);
#12164 = EDGE_CURVE('',#10767,#11359,#12165,.T.);
#12165 = LINE('',#12166,#12167);
#12166 = CARTESIAN_POINT('',(8.8,0.,13.2));
#12167 = VECTOR('',#12168,1.);
#12168 = DIRECTION('',(-0.,1.,0.));
#12169 = ORIENTED_EDGE('',*,*,#11366,.F.);
#12170 = PLANE('',#12171);
#12171 = AXIS2_PLACEMENT_3D('',#12172,#12173,#12174);
#12172 = CARTESIAN_POINT('',(6.8,0.,13.2));
#12173 = DIRECTION('',(0.,0.,1.));
#12174 = DIRECTION('',(1.,0.,-0.));
#12175 = ADVANCED_FACE('',(#12176),#12182,.F.);
#12176 = FACE_BOUND('',#12177,.F.);
#12177 = EDGE_LOOP('',(#12178,#12179,#12180,#12181));
#12178 = ORIENTED_EDGE('',*,*,#10766,.F.);
#12179 = ORIENTED_EDGE('',*,*,#12147,.T.);
#12180 = ORIENTED_EDGE('',*,*,#11358,.T.);
#12181 = ORIENTED_EDGE('',*,*,#12164,.F.);
#12182 = PLANE('',#12183);
#12183 = AXIS2_PLACEMENT_3D('',#12184,#12185,#12186);
#12184 = CARTESIAN_POINT('',(8.8,0.,11.2));
#12185 = DIRECTION('',(1.,0.,-0.));
#12186 = DIRECTION('',(0.,0.,1.));
#12187 = ADVANCED_FACE('',(#12188),#12204,.T.);
#12188 = FACE_BOUND('',#12189,.T.);
#12189 = EDGE_LOOP('',(#12190,#12191,#12197,#12198));
#12190 = ORIENTED_EDGE('',*,*,#10782,.F.);
#12191 = ORIENTED_EDGE('',*,*,#12192,.T.);
#12192 = EDGE_CURVE('',#10783,#11375,#12193,.T.);
#12193 = LINE('',#12194,#12195);
#12194 = CARTESIAN_POINT('',(6.8,0.,15.6));
#12195 = VECTOR('',#12196,1.);
#12196 = DIRECTION('',(-0.,1.,0.));
#12197 = ORIENTED_EDGE('',*,*,#11374,.T.);
#12198 = ORIENTED_EDGE('',*,*,#12199,.F.);
#12199 = EDGE_CURVE('',#10785,#11377,#12200,.T.);
#12200 = LINE('',#12201,#12202);
#12201 = CARTESIAN_POINT('',(6.8,0.,17.6));
#12202 = VECTOR('',#12203,1.);
#12203 = DIRECTION('',(-0.,1.,0.));
#12204 = PLANE('',#12205);
#12205 = AXIS2_PLACEMENT_3D('',#12206,#12207,#12208);
#12206 = CARTESIAN_POINT('',(6.8,0.,15.6));
#12207 = DIRECTION('',(1.,0.,-0.));
#12208 = DIRECTION('',(0.,0.,1.));
#12209 = ADVANCED_FACE('',(#12210),#12221,.T.);
#12210 = FACE_BOUND('',#12211,.T.);
#12211 = EDGE_LOOP('',(#12212,#12213,#12214,#12220));
#12212 = ORIENTED_EDGE('',*,*,#12192,.F.);
#12213 = ORIENTED_EDGE('',*,*,#10792,.T.);
#12214 = ORIENTED_EDGE('',*,*,#12215,.T.);
#12215 = EDGE_CURVE('',#10793,#11385,#12216,.T.);
#12216 = LINE('',#12217,#12218);
#12217 = CARTESIAN_POINT('',(8.8,0.,15.6));
#12218 = VECTOR('',#12219,1.);
#12219 = DIRECTION('',(-0.,1.,0.));
#12220 = ORIENTED_EDGE('',*,*,#11384,.F.);
#12221 = PLANE('',#12222);
#12222 = AXIS2_PLACEMENT_3D('',#12223,#12224,#12225);
#12223 = CARTESIAN_POINT('',(6.8,0.,15.6));
#12224 = DIRECTION('',(0.,0.,1.));
#12225 = DIRECTION('',(1.,0.,-0.));
#12226 = ADVANCED_FACE('',(#12227),#12238,.F.);
#12227 = FACE_BOUND('',#12228,.F.);
#12228 = EDGE_LOOP('',(#12229,#12230,#12231,#12237));
#12229 = ORIENTED_EDGE('',*,*,#12199,.F.);
#12230 = ORIENTED_EDGE('',*,*,#10808,.T.);
#12231 = ORIENTED_EDGE('',*,*,#12232,.T.);
#12232 = EDGE_CURVE('',#10801,#11393,#12233,.T.);
#12233 = LINE('',#12234,#12235);
#12234 = CARTESIAN_POINT('',(8.8,0.,17.6));
#12235 = VECTOR('',#12236,1.);
#12236 = DIRECTION('',(-0.,1.,0.));
#12237 = ORIENTED_EDGE('',*,*,#11400,.F.);
#12238 = PLANE('',#12239);
#12239 = AXIS2_PLACEMENT_3D('',#12240,#12241,#12242);
#12240 = CARTESIAN_POINT('',(6.8,0.,17.6));
#12241 = DIRECTION('',(0.,0.,1.));
#12242 = DIRECTION('',(1.,0.,-0.));
#12243 = ADVANCED_FACE('',(#12244),#12250,.F.);
#12244 = FACE_BOUND('',#12245,.F.);
#12245 = EDGE_LOOP('',(#12246,#12247,#12248,#12249));
#12246 = ORIENTED_EDGE('',*,*,#10800,.F.);
#12247 = ORIENTED_EDGE('',*,*,#12215,.T.);
#12248 = ORIENTED_EDGE('',*,*,#11392,.T.);
#12249 = ORIENTED_EDGE('',*,*,#12232,.F.);
#12250 = PLANE('',#12251);
#12251 = AXIS2_PLACEMENT_3D('',#12252,#12253,#12254);
#12252 = CARTESIAN_POINT('',(8.8,0.,15.6));
#12253 = DIRECTION('',(1.,0.,-0.));
#12254 = DIRECTION('',(0.,0.,1.));
#12255 = ADVANCED_FACE('',(#12256),#12272,.T.);
#12256 = FACE_BOUND('',#12257,.T.);
#12257 = EDGE_LOOP('',(#12258,#12259,#12265,#12266));
#12258 = ORIENTED_EDGE('',*,*,#10816,.F.);
#12259 = ORIENTED_EDGE('',*,*,#12260,.T.);
#12260 = EDGE_CURVE('',#10817,#11409,#12261,.T.);
#12261 = LINE('',#12262,#12263);
#12262 = CARTESIAN_POINT('',(11.2,0.,2.4));
#12263 = VECTOR('',#12264,1.);
#12264 = DIRECTION('',(-0.,1.,0.));
#12265 = ORIENTED_EDGE('',*,*,#11408,.T.);
#12266 = ORIENTED_EDGE('',*,*,#12267,.F.);
#12267 = EDGE_CURVE('',#10819,#11411,#12268,.T.);
#12268 = LINE('',#12269,#12270);
#12269 = CARTESIAN_POINT('',(11.2,0.,4.4));
#12270 = VECTOR('',#12271,1.);
#12271 = DIRECTION('',(-0.,1.,0.));
#12272 = PLANE('',#12273);
#12273 = AXIS2_PLACEMENT_3D('',#12274,#12275,#12276);
#12274 = CARTESIAN_POINT('',(11.2,0.,2.4));
#12275 = DIRECTION('',(1.,0.,-0.));
#12276 = DIRECTION('',(0.,0.,1.));
#12277 = ADVANCED_FACE('',(#12278),#12289,.T.);
#12278 = FACE_BOUND('',#12279,.T.);
#12279 = EDGE_LOOP('',(#12280,#12281,#12282,#12288));
#12280 = ORIENTED_EDGE('',*,*,#12260,.F.);
#12281 = ORIENTED_EDGE('',*,*,#10826,.T.);
#12282 = ORIENTED_EDGE('',*,*,#12283,.T.);
#12283 = EDGE_CURVE('',#10827,#11419,#12284,.T.);
#12284 = LINE('',#12285,#12286);
#12285 = CARTESIAN_POINT('',(13.2,0.,2.4));
#12286 = VECTOR('',#12287,1.);
#12287 = DIRECTION('',(-0.,1.,0.));
#12288 = ORIENTED_EDGE('',*,*,#11418,.F.);
#12289 = PLANE('',#12290);
#12290 = AXIS2_PLACEMENT_3D('',#12291,#12292,#12293);
#12291 = CARTESIAN_POINT('',(11.2,0.,2.4));
#12292 = DIRECTION('',(0.,0.,1.));
#12293 = DIRECTION('',(1.,0.,-0.));
#12294 = ADVANCED_FACE('',(#12295),#12306,.F.);
#12295 = FACE_BOUND('',#12296,.F.);
#12296 = EDGE_LOOP('',(#12297,#12298,#12299,#12305));
#12297 = ORIENTED_EDGE('',*,*,#12267,.F.);
#12298 = ORIENTED_EDGE('',*,*,#10842,.T.);
#12299 = ORIENTED_EDGE('',*,*,#12300,.T.);
#12300 = EDGE_CURVE('',#10835,#11427,#12301,.T.);
#12301 = LINE('',#12302,#12303);
#12302 = CARTESIAN_POINT('',(13.2,0.,4.4));
#12303 = VECTOR('',#12304,1.);
#12304 = DIRECTION('',(-0.,1.,0.));
#12305 = ORIENTED_EDGE('',*,*,#11434,.F.);
#12306 = PLANE('',#12307);
#12307 = AXIS2_PLACEMENT_3D('',#12308,#12309,#12310);
#12308 = CARTESIAN_POINT('',(11.2,0.,4.4));
#12309 = DIRECTION('',(0.,0.,1.));
#12310 = DIRECTION('',(1.,0.,-0.));
#12311 = ADVANCED_FACE('',(#12312),#12318,.F.);
#12312 = FACE_BOUND('',#12313,.F.);
#12313 = EDGE_LOOP('',(#12314,#12315,#12316,#12317));
#12314 = ORIENTED_EDGE('',*,*,#10834,.F.);
#12315 = ORIENTED_EDGE('',*,*,#12283,.T.);
#12316 = ORIENTED_EDGE('',*,*,#11426,.T.);
#12317 = ORIENTED_EDGE('',*,*,#12300,.F.);
#12318 = PLANE('',#12319);
#12319 = AXIS2_PLACEMENT_3D('',#12320,#12321,#12322);
#12320 = CARTESIAN_POINT('',(13.2,0.,2.4));
#12321 = DIRECTION('',(1.,0.,-0.));
#12322 = DIRECTION('',(0.,0.,1.));
#12323 = ADVANCED_FACE('',(#12324),#12340,.T.);
#12324 = FACE_BOUND('',#12325,.T.);
#12325 = EDGE_LOOP('',(#12326,#12327,#12333,#12334));
#12326 = ORIENTED_EDGE('',*,*,#10850,.F.);
#12327 = ORIENTED_EDGE('',*,*,#12328,.T.);
#12328 = EDGE_CURVE('',#10851,#11443,#12329,.T.);
#12329 = LINE('',#12330,#12331);
#12330 = CARTESIAN_POINT('',(11.2,0.,6.8));
#12331 = VECTOR('',#12332,1.);
#12332 = DIRECTION('',(-0.,1.,0.));
#12333 = ORIENTED_EDGE('',*,*,#11442,.T.);
#12334 = ORIENTED_EDGE('',*,*,#12335,.F.);
#12335 = EDGE_CURVE('',#10853,#11445,#12336,.T.);
#12336 = LINE('',#12337,#12338);
#12337 = CARTESIAN_POINT('',(11.2,0.,8.8));
#12338 = VECTOR('',#12339,1.);
#12339 = DIRECTION('',(-0.,1.,0.));
#12340 = PLANE('',#12341);
#12341 = AXIS2_PLACEMENT_3D('',#12342,#12343,#12344);
#12342 = CARTESIAN_POINT('',(11.2,0.,6.8));
#12343 = DIRECTION('',(1.,0.,-0.));
#12344 = DIRECTION('',(0.,0.,1.));
#12345 = ADVANCED_FACE('',(#12346),#12357,.T.);
#12346 = FACE_BOUND('',#12347,.T.);
#12347 = EDGE_LOOP('',(#12348,#12349,#12350,#12356));
#12348 = ORIENTED_EDGE('',*,*,#12328,.F.);
#12349 = ORIENTED_EDGE('',*,*,#10860,.T.);
#12350 = ORIENTED_EDGE('',*,*,#12351,.T.);
#12351 = EDGE_CURVE('',#10861,#11453,#12352,.T.);
#12352 = LINE('',#12353,#12354);
#12353 = CARTESIAN_POINT('',(13.2,0.,6.8));
#12354 = VECTOR('',#12355,1.);
#12355 = DIRECTION('',(-0.,1.,0.));
#12356 = ORIENTED_EDGE('',*,*,#11452,.F.);
#12357 = PLANE('',#12358);
#12358 = AXIS2_PLACEMENT_3D('',#12359,#12360,#12361);
#12359 = CARTESIAN_POINT('',(11.2,0.,6.8));
#12360 = DIRECTION('',(0.,0.,1.));
#12361 = DIRECTION('',(1.,0.,-0.));
#12362 = ADVANCED_FACE('',(#12363),#12374,.F.);
#12363 = FACE_BOUND('',#12364,.F.);
#12364 = EDGE_LOOP('',(#12365,#12366,#12367,#12373));
#12365 = ORIENTED_EDGE('',*,*,#12335,.F.);
#12366 = ORIENTED_EDGE('',*,*,#10876,.T.);
#12367 = ORIENTED_EDGE('',*,*,#12368,.T.);
#12368 = EDGE_CURVE('',#10869,#11461,#12369,.T.);
#12369 = LINE('',#12370,#12371);
#12370 = CARTESIAN_POINT('',(13.2,0.,8.8));
#12371 = VECTOR('',#12372,1.);
#12372 = DIRECTION('',(-0.,1.,0.));
#12373 = ORIENTED_EDGE('',*,*,#11468,.F.);
#12374 = PLANE('',#12375);
#12375 = AXIS2_PLACEMENT_3D('',#12376,#12377,#12378);
#12376 = CARTESIAN_POINT('',(11.2,0.,8.8));
#12377 = DIRECTION('',(0.,0.,1.));
#12378 = DIRECTION('',(1.,0.,-0.));
#12379 = ADVANCED_FACE('',(#12380),#12386,.F.);
#12380 = FACE_BOUND('',#12381,.F.);
#12381 = EDGE_LOOP('',(#12382,#12383,#12384,#12385));
#12382 = ORIENTED_EDGE('',*,*,#10868,.F.);
#12383 = ORIENTED_EDGE('',*,*,#12351,.T.);
#12384 = ORIENTED_EDGE('',*,*,#11460,.T.);
#12385 = ORIENTED_EDGE('',*,*,#12368,.F.);
#12386 = PLANE('',#12387);
#12387 = AXIS2_PLACEMENT_3D('',#12388,#12389,#12390);
#12388 = CARTESIAN_POINT('',(13.2,0.,6.8));
#12389 = DIRECTION('',(1.,0.,-0.));
#12390 = DIRECTION('',(0.,0.,1.));
#12391 = ADVANCED_FACE('',(#12392),#12408,.T.);
#12392 = FACE_BOUND('',#12393,.T.);
#12393 = EDGE_LOOP('',(#12394,#12395,#12401,#12402));
#12394 = ORIENTED_EDGE('',*,*,#10884,.F.);
#12395 = ORIENTED_EDGE('',*,*,#12396,.T.);
#12396 = EDGE_CURVE('',#10885,#11477,#12397,.T.);
#12397 = LINE('',#12398,#12399);
#12398 = CARTESIAN_POINT('',(15.6,0.,2.4));
#12399 = VECTOR('',#12400,1.);
#12400 = DIRECTION('',(-0.,1.,0.));
#12401 = ORIENTED_EDGE('',*,*,#11476,.T.);
#12402 = ORIENTED_EDGE('',*,*,#12403,.F.);
#12403 = EDGE_CURVE('',#10887,#11479,#12404,.T.);
#12404 = LINE('',#12405,#12406);
#12405 = CARTESIAN_POINT('',(15.6,0.,4.4));
#12406 = VECTOR('',#12407,1.);
#12407 = DIRECTION('',(-0.,1.,0.));
#12408 = PLANE('',#12409);
#12409 = AXIS2_PLACEMENT_3D('',#12410,#12411,#12412);
#12410 = CARTESIAN_POINT('',(15.6,0.,2.4));
#12411 = DIRECTION('',(1.,0.,-0.));
#12412 = DIRECTION('',(0.,0.,1.));
#12413 = ADVANCED_FACE('',(#12414),#12425,.T.);
#12414 = FACE_BOUND('',#12415,.T.);
#12415 = EDGE_LOOP('',(#12416,#12417,#12418,#12424));
#12416 = ORIENTED_EDGE('',*,*,#12396,.F.);
#12417 = ORIENTED_EDGE('',*,*,#10894,.T.);
#12418 = ORIENTED_EDGE('',*,*,#12419,.T.);
#12419 = EDGE_CURVE('',#10895,#11487,#12420,.T.);
#12420 = LINE('',#12421,#12422);
#12421 = CARTESIAN_POINT('',(17.6,0.,2.4));
#12422 = VECTOR('',#12423,1.);
#12423 = DIRECTION('',(-0.,1.,0.));
#12424 = ORIENTED_EDGE('',*,*,#11486,.F.);
#12425 = PLANE('',#12426);
#12426 = AXIS2_PLACEMENT_3D('',#12427,#12428,#12429);
#12427 = CARTESIAN_POINT('',(15.6,0.,2.4));
#12428 = DIRECTION('',(0.,0.,1.));
#12429 = DIRECTION('',(1.,0.,-0.));
#12430 = ADVANCED_FACE('',(#12431),#12442,.F.);
#12431 = FACE_BOUND('',#12432,.F.);
#12432 = EDGE_LOOP('',(#12433,#12434,#12435,#12441));
#12433 = ORIENTED_EDGE('',*,*,#12403,.F.);
#12434 = ORIENTED_EDGE('',*,*,#10910,.T.);
#12435 = ORIENTED_EDGE('',*,*,#12436,.T.);
#12436 = EDGE_CURVE('',#10903,#11495,#12437,.T.);
#12437 = LINE('',#12438,#12439);
#12438 = CARTESIAN_POINT('',(17.6,0.,4.4));
#12439 = VECTOR('',#12440,1.);
#12440 = DIRECTION('',(-0.,1.,0.));
#12441 = ORIENTED_EDGE('',*,*,#11502,.F.);
#12442 = PLANE('',#12443);
#12443 = AXIS2_PLACEMENT_3D('',#12444,#12445,#12446);
#12444 = CARTESIAN_POINT('',(15.6,0.,4.4));
#12445 = DIRECTION('',(0.,0.,1.));
#12446 = DIRECTION('',(1.,0.,-0.));
#12447 = ADVANCED_FACE('',(#12448),#12454,.F.);
#12448 = FACE_BOUND('',#12449,.F.);
#12449 = EDGE_LOOP('',(#12450,#12451,#12452,#12453));
#12450 = ORIENTED_EDGE('',*,*,#10902,.F.);
#12451 = ORIENTED_EDGE('',*,*,#12419,.T.);
#12452 = ORIENTED_EDGE('',*,*,#11494,.T.);
#12453 = ORIENTED_EDGE('',*,*,#12436,.F.);
#12454 = PLANE('',#12455);
#12455 = AXIS2_PLACEMENT_3D('',#12456,#12457,#12458);
#12456 = CARTESIAN_POINT('',(17.6,0.,2.4));
#12457 = DIRECTION('',(1.,0.,-0.));
#12458 = DIRECTION('',(0.,0.,1.));
#12459 = ADVANCED_FACE('',(#12460),#12476,.T.);
#12460 = FACE_BOUND('',#12461,.T.);
#12461 = EDGE_LOOP('',(#12462,#12463,#12469,#12470));
#12462 = ORIENTED_EDGE('',*,*,#10918,.F.);
#12463 = ORIENTED_EDGE('',*,*,#12464,.T.);
#12464 = EDGE_CURVE('',#10919,#11511,#12465,.T.);
#12465 = LINE('',#12466,#12467);
#12466 = CARTESIAN_POINT('',(15.6,0.,6.8));
#12467 = VECTOR('',#12468,1.);
#12468 = DIRECTION('',(-0.,1.,0.));
#12469 = ORIENTED_EDGE('',*,*,#11510,.T.);
#12470 = ORIENTED_EDGE('',*,*,#12471,.F.);
#12471 = EDGE_CURVE('',#10921,#11513,#12472,.T.);
#12472 = LINE('',#12473,#12474);
#12473 = CARTESIAN_POINT('',(15.6,0.,8.8));
#12474 = VECTOR('',#12475,1.);
#12475 = DIRECTION('',(-0.,1.,0.));
#12476 = PLANE('',#12477);
#12477 = AXIS2_PLACEMENT_3D('',#12478,#12479,#12480);
#12478 = CARTESIAN_POINT('',(15.6,0.,6.8));
#12479 = DIRECTION('',(1.,0.,-0.));
#12480 = DIRECTION('',(0.,0.,1.));
#12481 = ADVANCED_FACE('',(#12482),#12493,.T.);
#12482 = FACE_BOUND('',#12483,.T.);
#12483 = EDGE_LOOP('',(#12484,#12485,#12486,#12492));
#12484 = ORIENTED_EDGE('',*,*,#12464,.F.);
#12485 = ORIENTED_EDGE('',*,*,#10928,.T.);
#12486 = ORIENTED_EDGE('',*,*,#12487,.T.);
#12487 = EDGE_CURVE('',#10929,#11521,#12488,.T.);
#12488 = LINE('',#12489,#12490);
#12489 = CARTESIAN_POINT('',(17.6,0.,6.8));
#12490 = VECTOR('',#12491,1.);
#12491 = DIRECTION('',(-0.,1.,0.));
#12492 = ORIENTED_EDGE('',*,*,#11520,.F.);
#12493 = PLANE('',#12494);
#12494 = AXIS2_PLACEMENT_3D('',#12495,#12496,#12497);
#12495 = CARTESIAN_POINT('',(15.6,0.,6.8));
#12496 = DIRECTION('',(0.,0.,1.));
#12497 = DIRECTION('',(1.,0.,-0.));
#12498 = ADVANCED_FACE('',(#12499),#12510,.F.);
#12499 = FACE_BOUND('',#12500,.F.);
#12500 = EDGE_LOOP('',(#12501,#12502,#12503,#12509));
#12501 = ORIENTED_EDGE('',*,*,#12471,.F.);
#12502 = ORIENTED_EDGE('',*,*,#10944,.T.);
#12503 = ORIENTED_EDGE('',*,*,#12504,.T.);
#12504 = EDGE_CURVE('',#10937,#11529,#12505,.T.);
#12505 = LINE('',#12506,#12507);
#12506 = CARTESIAN_POINT('',(17.6,0.,8.8));
#12507 = VECTOR('',#12508,1.);
#12508 = DIRECTION('',(-0.,1.,0.));
#12509 = ORIENTED_EDGE('',*,*,#11536,.F.);
#12510 = PLANE('',#12511);
#12511 = AXIS2_PLACEMENT_3D('',#12512,#12513,#12514);
#12512 = CARTESIAN_POINT('',(15.6,0.,8.8));
#12513 = DIRECTION('',(0.,0.,1.));
#12514 = DIRECTION('',(1.,0.,-0.));
#12515 = ADVANCED_FACE('',(#12516),#12522,.F.);
#12516 = FACE_BOUND('',#12517,.F.);
#12517 = EDGE_LOOP('',(#12518,#12519,#12520,#12521));
#12518 = ORIENTED_EDGE('',*,*,#10936,.F.);
#12519 = ORIENTED_EDGE('',*,*,#12487,.T.);
#12520 = ORIENTED_EDGE('',*,*,#11528,.T.);
#12521 = ORIENTED_EDGE('',*,*,#12504,.F.);
#12522 = PLANE('',#12523);
#12523 = AXIS2_PLACEMENT_3D('',#12524,#12525,#12526);
#12524 = CARTESIAN_POINT('',(17.6,0.,6.8));
#12525 = DIRECTION('',(1.,0.,-0.));
#12526 = DIRECTION('',(0.,0.,1.));
#12527 = ADVANCED_FACE('',(#12528),#12544,.T.);
#12528 = FACE_BOUND('',#12529,.T.);
#12529 = EDGE_LOOP('',(#12530,#12531,#12537,#12538));
#12530 = ORIENTED_EDGE('',*,*,#10952,.F.);
#12531 = ORIENTED_EDGE('',*,*,#12532,.T.);
#12532 = EDGE_CURVE('',#10953,#11545,#12533,.T.);
#12533 = LINE('',#12534,#12535);
#12534 = CARTESIAN_POINT('',(11.2,0.,11.2));
#12535 = VECTOR('',#12536,1.);
#12536 = DIRECTION('',(-0.,1.,0.));
#12537 = ORIENTED_EDGE('',*,*,#11544,.T.);
#12538 = ORIENTED_EDGE('',*,*,#12539,.F.);
#12539 = EDGE_CURVE('',#10955,#11547,#12540,.T.);
#12540 = LINE('',#12541,#12542);
#12541 = CARTESIAN_POINT('',(11.2,0.,13.2));
#12542 = VECTOR('',#12543,1.);
#12543 = DIRECTION('',(-0.,1.,0.));
#12544 = PLANE('',#12545);
#12545 = AXIS2_PLACEMENT_3D('',#12546,#12547,#12548);
#12546 = CARTESIAN_POINT('',(11.2,0.,11.2));
#12547 = DIRECTION('',(1.,0.,-0.));
#12548 = DIRECTION('',(0.,0.,1.));
#12549 = ADVANCED_FACE('',(#12550),#12561,.T.);
#12550 = FACE_BOUND('',#12551,.T.);
#12551 = EDGE_LOOP('',(#12552,#12553,#12554,#12560));
#12552 = ORIENTED_EDGE('',*,*,#12532,.F.);
#12553 = ORIENTED_EDGE('',*,*,#10962,.T.);
#12554 = ORIENTED_EDGE('',*,*,#12555,.T.);
#12555 = EDGE_CURVE('',#10963,#11555,#12556,.T.);
#12556 = LINE('',#12557,#12558);
#12557 = CARTESIAN_POINT('',(13.2,0.,11.2));
#12558 = VECTOR('',#12559,1.);
#12559 = DIRECTION('',(-0.,1.,0.));
#12560 = ORIENTED_EDGE('',*,*,#11554,.F.);
#12561 = PLANE('',#12562);
#12562 = AXIS2_PLACEMENT_3D('',#12563,#12564,#12565);
#12563 = CARTESIAN_POINT('',(11.2,0.,11.2));
#12564 = DIRECTION('',(0.,0.,1.));
#12565 = DIRECTION('',(1.,0.,-0.));
#12566 = ADVANCED_FACE('',(#12567),#12578,.F.);
#12567 = FACE_BOUND('',#12568,.F.);
#12568 = EDGE_LOOP('',(#12569,#12570,#12571,#12577));
#12569 = ORIENTED_EDGE('',*,*,#12539,.F.);
#12570 = ORIENTED_EDGE('',*,*,#10978,.T.);
#12571 = ORIENTED_EDGE('',*,*,#12572,.T.);
#12572 = EDGE_CURVE('',#10971,#11563,#12573,.T.);
#12573 = LINE('',#12574,#12575);
#12574 = CARTESIAN_POINT('',(13.2,0.,13.2));
#12575 = VECTOR('',#12576,1.);
#12576 = DIRECTION('',(-0.,1.,0.));
#12577 = ORIENTED_EDGE('',*,*,#11570,.F.);
#12578 = PLANE('',#12579);
#12579 = AXIS2_PLACEMENT_3D('',#12580,#12581,#12582);
#12580 = CARTESIAN_POINT('',(11.2,0.,13.2));
#12581 = DIRECTION('',(0.,0.,1.));
#12582 = DIRECTION('',(1.,0.,-0.));
#12583 = ADVANCED_FACE('',(#12584),#12590,.F.);
#12584 = FACE_BOUND('',#12585,.F.);
#12585 = EDGE_LOOP('',(#12586,#12587,#12588,#12589));
#12586 = ORIENTED_EDGE('',*,*,#10970,.F.);
#12587 = ORIENTED_EDGE('',*,*,#12555,.T.);
#12588 = ORIENTED_EDGE('',*,*,#11562,.T.);
#12589 = ORIENTED_EDGE('',*,*,#12572,.F.);
#12590 = PLANE('',#12591);
#12591 = AXIS2_PLACEMENT_3D('',#12592,#12593,#12594);
#12592 = CARTESIAN_POINT('',(13.2,0.,11.2));
#12593 = DIRECTION('',(1.,0.,-0.));
#12594 = DIRECTION('',(0.,0.,1.));
#12595 = ADVANCED_FACE('',(#12596),#12612,.T.);
#12596 = FACE_BOUND('',#12597,.T.);
#12597 = EDGE_LOOP('',(#12598,#12599,#12605,#12606));
#12598 = ORIENTED_EDGE('',*,*,#10986,.F.);
#12599 = ORIENTED_EDGE('',*,*,#12600,.T.);
#12600 = EDGE_CURVE('',#10987,#11579,#12601,.T.);
#12601 = LINE('',#12602,#12603);
#12602 = CARTESIAN_POINT('',(11.2,0.,15.6));
#12603 = VECTOR('',#12604,1.);
#12604 = DIRECTION('',(-0.,1.,0.));
#12605 = ORIENTED_EDGE('',*,*,#11578,.T.);
#12606 = ORIENTED_EDGE('',*,*,#12607,.F.);
#12607 = EDGE_CURVE('',#10989,#11581,#12608,.T.);
#12608 = LINE('',#12609,#12610);
#12609 = CARTESIAN_POINT('',(11.2,0.,17.6));
#12610 = VECTOR('',#12611,1.);
#12611 = DIRECTION('',(-0.,1.,0.));
#12612 = PLANE('',#12613);
#12613 = AXIS2_PLACEMENT_3D('',#12614,#12615,#12616);
#12614 = CARTESIAN_POINT('',(11.2,0.,15.6));
#12615 = DIRECTION('',(1.,0.,-0.));
#12616 = DIRECTION('',(0.,0.,1.));
#12617 = ADVANCED_FACE('',(#12618),#12629,.T.);
#12618 = FACE_BOUND('',#12619,.T.);
#12619 = EDGE_LOOP('',(#12620,#12621,#12622,#12628));
#12620 = ORIENTED_EDGE('',*,*,#12600,.F.);
#12621 = ORIENTED_EDGE('',*,*,#10996,.T.);
#12622 = ORIENTED_EDGE('',*,*,#12623,.T.);
#12623 = EDGE_CURVE('',#10997,#11589,#12624,.T.);
#12624 = LINE('',#12625,#12626);
#12625 = CARTESIAN_POINT('',(13.2,0.,15.6));
#12626 = VECTOR('',#12627,1.);
#12627 = DIRECTION('',(-0.,1.,0.));
#12628 = ORIENTED_EDGE('',*,*,#11588,.F.);
#12629 = PLANE('',#12630);
#12630 = AXIS2_PLACEMENT_3D('',#12631,#12632,#12633);
#12631 = CARTESIAN_POINT('',(11.2,0.,15.6));
#12632 = DIRECTION('',(0.,0.,1.));
#12633 = DIRECTION('',(1.,0.,-0.));
#12634 = ADVANCED_FACE('',(#12635),#12646,.F.);
#12635 = FACE_BOUND('',#12636,.F.);
#12636 = EDGE_LOOP('',(#12637,#12638,#12639,#12645));
#12637 = ORIENTED_EDGE('',*,*,#12607,.F.);
#12638 = ORIENTED_EDGE('',*,*,#11012,.T.);
#12639 = ORIENTED_EDGE('',*,*,#12640,.T.);
#12640 = EDGE_CURVE('',#11005,#11597,#12641,.T.);
#12641 = LINE('',#12642,#12643);
#12642 = CARTESIAN_POINT('',(13.2,0.,17.6));
#12643 = VECTOR('',#12644,1.);
#12644 = DIRECTION('',(-0.,1.,0.));
#12645 = ORIENTED_EDGE('',*,*,#11604,.F.);
#12646 = PLANE('',#12647);
#12647 = AXIS2_PLACEMENT_3D('',#12648,#12649,#12650);
#12648 = CARTESIAN_POINT('',(11.2,0.,17.6));
#12649 = DIRECTION('',(0.,0.,1.));
#12650 = DIRECTION('',(1.,0.,-0.));
#12651 = ADVANCED_FACE('',(#12652),#12658,.F.);
#12652 = FACE_BOUND('',#12653,.F.);
#12653 = EDGE_LOOP('',(#12654,#12655,#12656,#12657));
#12654 = ORIENTED_EDGE('',*,*,#11004,.F.);
#12655 = ORIENTED_EDGE('',*,*,#12623,.T.);
#12656 = ORIENTED_EDGE('',*,*,#11596,.T.);
#12657 = ORIENTED_EDGE('',*,*,#12640,.F.);
#12658 = PLANE('',#12659);
#12659 = AXIS2_PLACEMENT_3D('',#12660,#12661,#12662);
#12660 = CARTESIAN_POINT('',(13.2,0.,15.6));
#12661 = DIRECTION('',(1.,0.,-0.));
#12662 = DIRECTION('',(0.,0.,1.));
#12663 = ADVANCED_FACE('',(#12664),#12680,.T.);
#12664 = FACE_BOUND('',#12665,.T.);
#12665 = EDGE_LOOP('',(#12666,#12667,#12673,#12674));
#12666 = ORIENTED_EDGE('',*,*,#11020,.F.);
#12667 = ORIENTED_EDGE('',*,*,#12668,.T.);
#12668 = EDGE_CURVE('',#11021,#11613,#12669,.T.);
#12669 = LINE('',#12670,#12671);
#12670 = CARTESIAN_POINT('',(15.6,0.,11.2));
#12671 = VECTOR('',#12672,1.);
#12672 = DIRECTION('',(-0.,1.,0.));
#12673 = ORIENTED_EDGE('',*,*,#11612,.T.);
#12674 = ORIENTED_EDGE('',*,*,#12675,.F.);
#12675 = EDGE_CURVE('',#11023,#11615,#12676,.T.);
#12676 = LINE('',#12677,#12678);
#12677 = CARTESIAN_POINT('',(15.6,0.,13.2));
#12678 = VECTOR('',#12679,1.);
#12679 = DIRECTION('',(-0.,1.,0.));
#12680 = PLANE('',#12681);
#12681 = AXIS2_PLACEMENT_3D('',#12682,#12683,#12684);
#12682 = CARTESIAN_POINT('',(15.6,0.,11.2));
#12683 = DIRECTION('',(1.,0.,-0.));
#12684 = DIRECTION('',(0.,0.,1.));
#12685 = ADVANCED_FACE('',(#12686),#12697,.T.);
#12686 = FACE_BOUND('',#12687,.T.);
#12687 = EDGE_LOOP('',(#12688,#12689,#12690,#12696));
#12688 = ORIENTED_EDGE('',*,*,#12668,.F.);
#12689 = ORIENTED_EDGE('',*,*,#11030,.T.);
#12690 = ORIENTED_EDGE('',*,*,#12691,.T.);
#12691 = EDGE_CURVE('',#11031,#11623,#12692,.T.);
#12692 = LINE('',#12693,#12694);
#12693 = CARTESIAN_POINT('',(17.6,0.,11.2));
#12694 = VECTOR('',#12695,1.);
#12695 = DIRECTION('',(-0.,1.,0.));
#12696 = ORIENTED_EDGE('',*,*,#11622,.F.);
#12697 = PLANE('',#12698);
#12698 = AXIS2_PLACEMENT_3D('',#12699,#12700,#12701);
#12699 = CARTESIAN_POINT('',(15.6,0.,11.2));
#12700 = DIRECTION('',(0.,0.,1.));
#12701 = DIRECTION('',(1.,0.,-0.));
#12702 = ADVANCED_FACE('',(#12703),#12714,.F.);
#12703 = FACE_BOUND('',#12704,.F.);
#12704 = EDGE_LOOP('',(#12705,#12706,#12707,#12713));
#12705 = ORIENTED_EDGE('',*,*,#12675,.F.);
#12706 = ORIENTED_EDGE('',*,*,#11046,.T.);
#12707 = ORIENTED_EDGE('',*,*,#12708,.T.);
#12708 = EDGE_CURVE('',#11039,#11631,#12709,.T.);
#12709 = LINE('',#12710,#12711);
#12710 = CARTESIAN_POINT('',(17.6,0.,13.2));
#12711 = VECTOR('',#12712,1.);
#12712 = DIRECTION('',(-0.,1.,0.));
#12713 = ORIENTED_EDGE('',*,*,#11638,.F.);
#12714 = PLANE('',#12715);
#12715 = AXIS2_PLACEMENT_3D('',#12716,#12717,#12718);
#12716 = CARTESIAN_POINT('',(15.6,0.,13.2));
#12717 = DIRECTION('',(0.,0.,1.));
#12718 = DIRECTION('',(1.,0.,-0.));
#12719 = ADVANCED_FACE('',(#12720),#12726,.F.);
#12720 = FACE_BOUND('',#12721,.F.);
#12721 = EDGE_LOOP('',(#12722,#12723,#12724,#12725));
#12722 = ORIENTED_EDGE('',*,*,#11038,.F.);
#12723 = ORIENTED_EDGE('',*,*,#12691,.T.);
#12724 = ORIENTED_EDGE('',*,*,#11630,.T.);
#12725 = ORIENTED_EDGE('',*,*,#12708,.F.);
#12726 = PLANE('',#12727);
#12727 = AXIS2_PLACEMENT_3D('',#12728,#12729,#12730);
#12728 = CARTESIAN_POINT('',(17.6,0.,11.2));
#12729 = DIRECTION('',(1.,0.,-0.));
#12730 = DIRECTION('',(0.,0.,1.));
#12731 = ADVANCED_FACE('',(#12732),#12748,.T.);
#12732 = FACE_BOUND('',#12733,.T.);
#12733 = EDGE_LOOP('',(#12734,#12735,#12741,#12742));
#12734 = ORIENTED_EDGE('',*,*,#11054,.F.);
#12735 = ORIENTED_EDGE('',*,*,#12736,.T.);
#12736 = EDGE_CURVE('',#11055,#11647,#12737,.T.);
#12737 = LINE('',#12738,#12739);
#12738 = CARTESIAN_POINT('',(15.6,0.,15.6));
#12739 = VECTOR('',#12740,1.);
#12740 = DIRECTION('',(-0.,1.,0.));
#12741 = ORIENTED_EDGE('',*,*,#11646,.T.);
#12742 = ORIENTED_EDGE('',*,*,#12743,.F.);
#12743 = EDGE_CURVE('',#11057,#11649,#12744,.T.);
#12744 = LINE('',#12745,#12746);
#12745 = CARTESIAN_POINT('',(15.6,0.,17.6));
#12746 = VECTOR('',#12747,1.);
#12747 = DIRECTION('',(-0.,1.,0.));
#12748 = PLANE('',#12749);
#12749 = AXIS2_PLACEMENT_3D('',#12750,#12751,#12752);
#12750 = CARTESIAN_POINT('',(15.6,0.,15.6));
#12751 = DIRECTION('',(1.,0.,-0.));
#12752 = DIRECTION('',(0.,0.,1.));
#12753 = ADVANCED_FACE('',(#12754),#12765,.F.);
#12754 = FACE_BOUND('',#12755,.F.);
#12755 = EDGE_LOOP('',(#12756,#12757,#12758,#12764));
#12756 = ORIENTED_EDGE('',*,*,#12743,.F.);
#12757 = ORIENTED_EDGE('',*,*,#11080,.T.);
#12758 = ORIENTED_EDGE('',*,*,#12759,.T.);
#12759 = EDGE_CURVE('',#11073,#11665,#12760,.T.);
#12760 = LINE('',#12761,#12762);
#12761 = CARTESIAN_POINT('',(17.6,0.,17.6));
#12762 = VECTOR('',#12763,1.);
#12763 = DIRECTION('',(-0.,1.,0.));
#12764 = ORIENTED_EDGE('',*,*,#11672,.F.);
#12765 = PLANE('',#12766);
#12766 = AXIS2_PLACEMENT_3D('',#12767,#12768,#12769);
#12767 = CARTESIAN_POINT('',(15.6,0.,17.6));
#12768 = DIRECTION('',(0.,0.,1.));
#12769 = DIRECTION('',(1.,0.,-0.));
#12770 = ADVANCED_FACE('',(#12771),#12782,.F.);
#12771 = FACE_BOUND('',#12772,.F.);
#12772 = EDGE_LOOP('',(#12773,#12774,#12780,#12781));
#12773 = ORIENTED_EDGE('',*,*,#11072,.F.);
#12774 = ORIENTED_EDGE('',*,*,#12775,.T.);
#12775 = EDGE_CURVE('',#11065,#11657,#12776,.T.);
#12776 = LINE('',#12777,#12778);
#12777 = CARTESIAN_POINT('',(17.6,0.,15.6));
#12778 = VECTOR('',#12779,1.);
#12779 = DIRECTION('',(-0.,1.,0.));
#12780 = ORIENTED_EDGE('',*,*,#11664,.T.);
#12781 = ORIENTED_EDGE('',*,*,#12759,.F.);
#12782 = PLANE('',#12783);
#12783 = AXIS2_PLACEMENT_3D('',#12784,#12785,#12786);
#12784 = CARTESIAN_POINT('',(17.6,0.,15.6));
#12785 = DIRECTION('',(1.,0.,-0.));
#12786 = DIRECTION('',(0.,0.,1.));
#12787 = ADVANCED_FACE('',(#12788),#12794,.T.);
#12788 = FACE_BOUND('',#12789,.T.);
#12789 = EDGE_LOOP('',(#12790,#12791,#12792,#12793));
#12790 = ORIENTED_EDGE('',*,*,#12736,.F.);
#12791 = ORIENTED_EDGE('',*,*,#11064,.T.);
#12792 = ORIENTED_EDGE('',*,*,#12775,.T.);
#12793 = ORIENTED_EDGE('',*,*,#11656,.F.);
#12794 = PLANE('',#12795);
#12795 = AXIS2_PLACEMENT_3D('',#12796,#12797,#12798);
#12796 = CARTESIAN_POINT('',(15.6,0.,15.6));
#12797 = DIRECTION('',(0.,0.,1.));
#12798 = DIRECTION('',(1.,0.,-0.));
#12799 = ( GEOMETRIC_REPRESENTATION_CONTEXT(3) 
GLOBAL_UNCERTAINTY_ASSIGNED_CONTEXT((#12803)) 
GLOBAL_UNIT_ASSIGNED_CONTEXT((#12800,#12801,#12802)) 
REPRESENTATION_CONTEXT('Context #1',
  '3D Context with UNIT and UNCERTAINTY') );
#12800 = ( LENGTH_UNIT() NAMED_UNIT(*) SI_UNIT(.MILLI.,.METRE.) );
#12801 = ( NAMED_UNIT(*) PLANE_ANGLE_UNIT() SI_UNIT($,.RADIAN.) );
#12802 = ( NAMED_UNIT(*) SI_UNIT($,.STERADIAN.) SOLID_ANGLE_UNIT() );
#12803 = UNCERTAINTY_MEASURE_WITH_UNIT(LENGTH_MEASURE(1.E-07),#12800,
  'distance_accuracy_value','confusion accuracy');
#12804 = CONTEXT_DEPENDENT_SHAPE_REPRESENTATION(#12805,#12807);
#12805 = ( REPRESENTATION_RELATIONSHIP('','',#10472,#10) 
REPRESENTATION_RELATIONSHIP_WITH_TRANSFORMATION(#12806) 
SHAPE_REPRESENTATION_RELATIONSHIP() );
#12806 = ITEM_DEFINED_TRANSFORMATION('','',#11,#31);
#12807 = PRODUCT_DEFINITION_SHAPE('Placement','Placement of an item',
  #12808);
#12808 = NEXT_ASSEMBLY_USAGE_OCCURRENCE('375','Chip','',#5,#10467,$);
#12809 = PRODUCT_RELATED_PRODUCT_CATEGORY('part',$,(#10469));
#12810 = SHAPE_DEFINITION_REPRESENTATION(#12811,#12817);
#12811 = PRODUCT_DEFINITION_SHAPE('','',#12812);
#12812 = PRODUCT_DEFINITION('design','',#12813,#12816);
#12813 = PRODUCT_DEFINITION_FORMATION('','',#12814);
#12814 = PRODUCT('Base','Base','',(#12815));
#12815 = PRODUCT_CONTEXT('',#2,'mechanical');
#12816 = PRODUCT_DEFINITION_CONTEXT('part definition',#2,'design');
#12817 = ADVANCED_BREP_SHAPE_REPRESENTATION('',(#11,#12818),#12968);
#12818 = MANIFOLD_SOLID_BREP('',#12819);
#12819 = CLOSED_SHELL('',(#12820,#12860,#12900,#12922,#12944,#12956));
#12820 = ADVANCED_FACE('',(#12821),#12855,.F.);
#12821 = FACE_BOUND('',#12822,.F.);
#12822 = EDGE_LOOP('',(#12823,#12833,#12841,#12849));
#12823 = ORIENTED_EDGE('',*,*,#12824,.F.);
#12824 = EDGE_CURVE('',#12825,#12827,#12829,.T.);
#12825 = VERTEX_POINT('',#12826);
#12826 = CARTESIAN_POINT('',(0.,0.,0.));
#12827 = VERTEX_POINT('',#12828);
#12828 = CARTESIAN_POINT('',(0.,0.,60.));
#12829 = LINE('',#12830,#12831);
#12830 = CARTESIAN_POINT('',(0.,0.,0.));
#12831 = VECTOR('',#12832,1.);
#12832 = DIRECTION('',(0.,0.,1.));
#12833 = ORIENTED_EDGE('',*,*,#12834,.T.);
#12834 = EDGE_CURVE('',#12825,#12835,#12837,.T.);
#12835 = VERTEX_POINT('',#12836);
#12836 = CARTESIAN_POINT('',(0.,2.,0.));
#12837 = LINE('',#12838,#12839);
#12838 = CARTESIAN_POINT('',(0.,0.,0.));
#12839 = VECTOR('',#12840,1.);
#12840 = DIRECTION('',(-0.,1.,0.));
#12841 = ORIENTED_EDGE('',*,*,#12842,.T.);
#12842 = EDGE_CURVE('',#12835,#12843,#12845,.T.);
#12843 = VERTEX_POINT('',#12844);
#12844 = CARTESIAN_POINT('',(0.,2.,60.));
#12845 = LINE('',#12846,#12847);
#12846 = CARTESIAN_POINT('',(0.,2.,0.));
#12847 = VECTOR('',#12848,1.);
#12848 = DIRECTION('',(0.,0.,1.));
#12849 = ORIENTED_EDGE('',*,*,#12850,.F.);
#12850 = EDGE_CURVE('',#12827,#12843,#12851,.T.);
#12851 = LINE('',#12852,#12853);
#12852 = CARTESIAN_POINT('',(0.,0.,60.));
#12853 = VECTOR('',#12854,1.);
#12854 = DIRECTION('',(-0.,1.,0.));
#12855 = PLANE('',#12856);
#12856 = AXIS2_PLACEMENT_3D('',#12857,#12858,#12859);
#12857 = CARTESIAN_POINT('',(0.,0.,0.));
#12858 = DIRECTION('',(1.,0.,-0.));
#12859 = DIRECTION('',(0.,0.,1.));
#12860 = ADVANCED_FACE('',(#12861),#12895,.T.);
#12861 = FACE_BOUND('',#12862,.T.);
#12862 = EDGE_LOOP('',(#12863,#12873,#12881,#12889));
#12863 = ORIENTED_EDGE('',*,*,#12864,.F.);
#12864 = EDGE_CURVE('',#12865,#12867,#12869,.T.);
#12865 = VERTEX_POINT('',#12866);
#12866 = CARTESIAN_POINT('',(40.,0.,0.));
#12867 = VERTEX_POINT('',#12868);
#12868 = CARTESIAN_POINT('',(40.,0.,60.));
#12869 = LINE('',#12870,#12871);
#12870 = CARTESIAN_POINT('',(40.,0.,0.));
#12871 = VECTOR('',#12872,1.);
#12872 = DIRECTION('',(0.,0.,1.));
#12873 = ORIENTED_EDGE('',*,*,#12874,.T.);
#12874 = EDGE_CURVE('',#12865,#12875,#12877,.T.);
#12875 = VERTEX_POINT('',#12876);
#12876 = CARTESIAN_POINT('',(40.,2.,0.));
#12877 = LINE('',#12878,#12879);
#12878 = CARTESIAN_POINT('',(40.,0.,0.));
#12879 = VECTOR('',#12880,1.);
#12880 = DIRECTION('',(-0.,1.,0.));
#12881 = ORIENTED_EDGE('',*,*,#12882,.T.);
#12882 = EDGE_CURVE('',#12875,#12883,#12885,.T.);
#12883 = VERTEX_POINT('',#12884);
#12884 = CARTESIAN_POINT('',(40.,2.,60.));
#12885 = LINE('',#12886,#12887);
#12886 = CARTESIAN_POINT('',(40.,2.,0.));
#12887 = VECTOR('',#12888,1.);
#12888 = DIRECTION('',(0.,0.,1.));
#12889 = ORIENTED_EDGE('',*,*,#12890,.F.);
#12890 = EDGE_CURVE('',#12867,#12883,#12891,.T.);
#12891 = LINE('',#12892,#12893);
#12892 = CARTESIAN_POINT('',(40.,0.,60.));
#12893 = VECTOR('',#12894,1.);
#12894 = DIRECTION('',(-0.,1.,0.));
#12895 = PLANE('',#12896);
#12896 = AXIS2_PLACEMENT_3D('',#12897,#12898,#12899);
#12897 = CARTESIAN_POINT('',(40.,0.,0.));
#12898 = DIRECTION('',(1.,0.,-0.));
#12899 = DIRECTION('',(0.,0.,1.));
#12900 = ADVANCED_FACE('',(#12901),#12917,.F.);
#12901 = FACE_BOUND('',#12902,.F.);
#12902 = EDGE_LOOP('',(#12903,#12909,#12910,#12916));
#12903 = ORIENTED_EDGE('',*,*,#12904,.F.);
#12904 = EDGE_CURVE('',#12825,#12865,#12905,.T.);
#12905 = LINE('',#12906,#12907);
#12906 = CARTESIAN_POINT('',(0.,0.,0.));
#12907 = VECTOR('',#12908,1.);
#12908 = DIRECTION('',(1.,0.,-0.));
#12909 = ORIENTED_EDGE('',*,*,#12824,.T.);
#12910 = ORIENTED_EDGE('',*,*,#12911,.T.);
#12911 = EDGE_CURVE('',#12827,#12867,#12912,.T.);
#12912 = LINE('',#12913,#12914);
#12913 = CARTESIAN_POINT('',(0.,0.,60.));
#12914 = VECTOR('',#12915,1.);
#12915 = DIRECTION('',(1.,0.,-0.));
#12916 = ORIENTED_EDGE('',*,*,#12864,.F.);
#12917 = PLANE('',#12918);
#12918 = AXIS2_PLACEMENT_3D('',#12919,#12920,#12921);
#12919 = CARTESIAN_POINT('',(0.,0.,0.));
#12920 = DIRECTION('',(-0.,1.,0.));
#12921 = DIRECTION('',(0.,0.,1.));
#12922 = ADVANCED_FACE('',(#12923),#12939,.T.);
#12923 = FACE_BOUND('',#12924,.T.);
#12924 = EDGE_LOOP('',(#12925,#12931,#12932,#12938));
#12925 = ORIENTED_EDGE('',*,*,#12926,.F.);
#12926 = EDGE_CURVE('',#12835,#12875,#12927,.T.);
#12927 = LINE('',#12928,#12929);
#12928 = CARTESIAN_POINT('',(0.,2.,0.));
#12929 = VECTOR('',#12930,1.);
#12930 = DIRECTION('',(1.,0.,-0.));
#12931 = ORIENTED_EDGE('',*,*,#12842,.T.);
#12932 = ORIENTED_EDGE('',*,*,#12933,.T.);
#12933 = EDGE_CURVE('',#12843,#12883,#12934,.T.);
#12934 = LINE('',#12935,#12936);
#12935 = CARTESIAN_POINT('',(0.,2.,60.));
#12936 = VECTOR('',#12937,1.);
#12937 = DIRECTION('',(1.,0.,-0.));
#12938 = ORIENTED_EDGE('',*,*,#12882,.F.);
#12939 = PLANE('',#12940);
#12940 = AXIS2_PLACEMENT_3D('',#12941,#12942,#12943);
#12941 = CARTESIAN_POINT('',(0.,2.,0.));
#12942 = DIRECTION('',(-0.,1.,0.));
#12943 = DIRECTION('',(0.,0.,1.));
#12944 = ADVANCED_FACE('',(#12945),#12951,.F.);
#12945 = FACE_BOUND('',#12946,.F.);
#12946 = EDGE_LOOP('',(#12947,#12948,#12949,#12950));
#12947 = ORIENTED_EDGE('',*,*,#12834,.F.);
#12948 = ORIENTED_EDGE('',*,*,#12904,.T.);
#12949 = ORIENTED_EDGE('',*,*,#12874,.T.);
#12950 = ORIENTED_EDGE('',*,*,#12926,.F.);
#12951 = PLANE('',#12952);
#12952 = AXIS2_PLACEMENT_3D('',#12953,#12954,#12955);
#12953 = CARTESIAN_POINT('',(0.,0.,0.));
#12954 = DIRECTION('',(0.,0.,1.));
#12955 = DIRECTION('',(1.,0.,-0.));
#12956 = ADVANCED_FACE('',(#12957),#12963,.T.);
#12957 = FACE_BOUND('',#12958,.T.);
#12958 = EDGE_LOOP('',(#12959,#12960,#12961,#12962));
#12959 = ORIENTED_EDGE('',*,*,#12850,.F.);
#12960 = ORIENTED_EDGE('',*,*,#12911,.T.);
#12961 = ORIENTED_EDGE('',*,*,#12890,.T.);
#12962 = ORIENTED_EDGE('',*,*,#12933,.F.);
#12963 = PLANE('',#12964);
#12964 = AXIS2_PLACEMENT_3D('',#12965,#12966,#12967);
#12965 = CARTESIAN_POINT('',(0.,0.,60.));
#12966 = DIRECTION('',(0.,0.,1.));
#12967 = DIRECTION('',(1.,0.,-0.));
#12968 = ( GEOMETRIC_REPRESENTATION_CONTEXT(3) 
GLOBAL_UNCERTAINTY_ASSIGNED_CONTEXT((#12972)) 
GLOBAL_UNIT_ASSIGNED_CONTEXT((#12969,#12970,#12971)) 
REPRESENTATION_CONTEXT('Context #1',
  '3D Context with UNIT and UNCERTAINTY') );
#12969 = ( LENGTH_UNIT() NAMED_UNIT(*) SI_UNIT(.MILLI.,.METRE.) );
#12970 = ( NAMED_UNIT(*) PLANE_ANGLE_UNIT() SI_UNIT($,.RADIAN.) );
#12971 = ( NAMED_UNIT(*) SI_UNIT($,.STERADIAN.) SOLID_ANGLE_UNIT() );
#12972 = UNCERTAINTY_MEASURE_WITH_UNIT(LENGTH_MEASURE(1.E-07),#12969,
  'distance_accuracy_value','confusion accuracy');
#12973 = CONTEXT_DEPENDENT_SHAPE_REPRESENTATION(#12974,#12976);
#12974 = ( REPRESENTATION_RELATIONSHIP('','',#12817,#10) 
REPRESENTATION_RELATIONSHIP_WITH_TRANSFORMATION(#12975) 
SHAPE_REPRESENTATION_RELATIONSHIP() );
#12975 = ITEM_DEFINED_TRANSFORMATION('','',#11,#35);
#12976 = PRODUCT_DEFINITION_SHAPE('Placement','Placement of an item',
  #12977);
#12977 = NEXT_ASSEMBLY_USAGE_OCCURRENCE('376','Base','',#5,#12812,$);
#12978 = PRODUCT_RELATED_PRODUCT_CATEGORY('part',$,(#12814));
#12979 = SHAPE_DEFINITION_REPRESENTATION(#12980,#12986);
#12980 = PRODUCT_DEFINITION_SHAPE('','',#12981);
#12981 = PRODUCT_DEFINITION('design','',#12982,#12985);
#12982 = PRODUCT_DEFINITION_FORMATION('','',#12983);
#12983 = PRODUCT('Fins','Fins','',(#12984));
#12984 = PRODUCT_CONTEXT('',#2,'mechanical');
#12985 = PRODUCT_DEFINITION_CONTEXT('part definition',#2,'design');
#12986 = ADVANCED_BREP_SHAPE_REPRESENTATION('',(#11,#12987),#13719);
#12987 = MANIFOLD_SOLID_BREP('',#12988);
#12988 = CLOSED_SHELL('',(#12989,#13029,#13060,#13091,#13115,#13139,
    #13170,#13235,#13300,#13317,#13334,#13351,#13382,#13404,#13435,
    #13457,#13488,#13519,#13550,#13581,#13598,#13615,#13632,#13644,
    #13661,#13678,#13690,#13707));
#12989 = ADVANCED_FACE('',(#12990),#13024,.F.);
#12990 = FACE_BOUND('',#12991,.F.);
#12991 = EDGE_LOOP('',(#12992,#13002,#13010,#13018));
#12992 = ORIENTED_EDGE('',*,*,#12993,.F.);
#12993 = EDGE_CURVE('',#12994,#12996,#12998,.T.);
#12994 = VERTEX_POINT('',#12995);
#12995 = CARTESIAN_POINT('',(0.,0.,0.));
#12996 = VERTEX_POINT('',#12997);
#12997 = CARTESIAN_POINT('',(0.,0.,100.));
#12998 = LINE('',#12999,#13000);
#12999 = CARTESIAN_POINT('',(0.,0.,0.));
#13000 = VECTOR('',#13001,1.);
#13001 = DIRECTION('',(0.,0.,1.));
#13002 = ORIENTED_EDGE('',*,*,#13003,.T.);
#13003 = EDGE_CURVE('',#12994,#13004,#13006,.T.);
#13004 = VERTEX_POINT('',#13005);
#13005 = CARTESIAN_POINT('',(0.,40.,0.));
#13006 = LINE('',#13007,#13008);
#13007 = CARTESIAN_POINT('',(0.,0.,0.));
#13008 = VECTOR('',#13009,1.);
#13009 = DIRECTION('',(-0.,1.,0.));
#13010 = ORIENTED_EDGE('',*,*,#13011,.T.);
#13011 = EDGE_CURVE('',#13004,#13012,#13014,.T.);
#13012 = VERTEX_POINT('',#13013);
#13013 = CARTESIAN_POINT('',(0.,40.,100.));
#13014 = LINE('',#13015,#13016);
#13015 = CARTESIAN_POINT('',(0.,40.,0.));
#13016 = VECTOR('',#13017,1.);
#13017 = DIRECTION('',(0.,0.,1.));
#13018 = ORIENTED_EDGE('',*,*,#13019,.F.);
#13019 = EDGE_CURVE('',#12996,#13012,#13020,.T.);
#13020 = LINE('',#13021,#13022);
#13021 = CARTESIAN_POINT('',(0.,0.,100.));
#13022 = VECTOR('',#13023,1.);
#13023 = DIRECTION('',(-0.,1.,0.));
#13024 = PLANE('',#13025);
#13025 = AXIS2_PLACEMENT_3D('',#13026,#13027,#13028);
#13026 = CARTESIAN_POINT('',(0.,0.,0.));
#13027 = DIRECTION('',(1.,0.,-0.));
#13028 = DIRECTION('',(0.,0.,1.));
#13029 = ADVANCED_FACE('',(#13030),#13055,.F.);
#13030 = FACE_BOUND('',#13031,.F.);
#13031 = EDGE_LOOP('',(#13032,#13042,#13048,#13049));
#13032 = ORIENTED_EDGE('',*,*,#13033,.F.);
#13033 = EDGE_CURVE('',#13034,#13036,#13038,.T.);
#13034 = VERTEX_POINT('',#13035);
#13035 = CARTESIAN_POINT('',(0.,-2.,0.));
#13036 = VERTEX_POINT('',#13037);
#13037 = CARTESIAN_POINT('',(0.,-2.,100.));
#13038 = LINE('',#13039,#13040);
#13039 = CARTESIAN_POINT('',(0.,-2.,0.));
#13040 = VECTOR('',#13041,1.);
#13041 = DIRECTION('',(0.,0.,1.));
#13042 = ORIENTED_EDGE('',*,*,#13043,.T.);
#13043 = EDGE_CURVE('',#13034,#12994,#13044,.T.);
#13044 = LINE('',#13045,#13046);
#13045 = CARTESIAN_POINT('',(0.,-2.,0.));
#13046 = VECTOR('',#13047,1.);
#13047 = DIRECTION('',(-0.,1.,0.));
#13048 = ORIENTED_EDGE('',*,*,#12993,.T.);
#13049 = ORIENTED_EDGE('',*,*,#13050,.F.);
#13050 = EDGE_CURVE('',#13036,#12996,#13051,.T.);
#13051 = LINE('',#13052,#13053);
#13052 = CARTESIAN_POINT('',(0.,-2.,100.));
#13053 = VECTOR('',#13054,1.);
#13054 = DIRECTION('',(-0.,1.,0.));
#13055 = PLANE('',#13056);
#13056 = AXIS2_PLACEMENT_3D('',#13057,#13058,#13059);
#13057 = CARTESIAN_POINT('',(0.,-2.,0.));
#13058 = DIRECTION('',(1.,0.,-0.));
#13059 = DIRECTION('',(0.,0.,1.));
#13060 = ADVANCED_FACE('',(#13061),#13086,.T.);
#13061 = FACE_BOUND('',#13062,.T.);
#13062 = EDGE_LOOP('',(#13063,#13064,#13072,#13080));
#13063 = ORIENTED_EDGE('',*,*,#13019,.F.);
#13064 = ORIENTED_EDGE('',*,*,#13065,.T.);
#13065 = EDGE_CURVE('',#12996,#13066,#13068,.T.);
#13066 = VERTEX_POINT('',#13067);
#13067 = CARTESIAN_POINT('',(8.571428571429,0.,100.));
#13068 = LINE('',#13069,#13070);
#13069 = CARTESIAN_POINT('',(0.,0.,100.));
#13070 = VECTOR('',#13071,1.);
#13071 = DIRECTION('',(1.,0.,-0.));
#13072 = ORIENTED_EDGE('',*,*,#13073,.T.);
#13073 = EDGE_CURVE('',#13066,#13074,#13076,.T.);
#13074 = VERTEX_POINT('',#13075);
#13075 = CARTESIAN_POINT('',(8.571428571429,40.,100.));
#13076 = LINE('',#13077,#13078);
#13077 = CARTESIAN_POINT('',(8.571428571429,0.,100.));
#13078 = VECTOR('',#13079,1.);
#13079 = DIRECTION('',(-0.,1.,0.));
#13080 = ORIENTED_EDGE('',*,*,#13081,.F.);
#13081 = EDGE_CURVE('',#13012,#13074,#13082,.T.);
#13082 = LINE('',#13083,#13084);
#13083 = CARTESIAN_POINT('',(0.,40.,100.));
#13084 = VECTOR('',#13085,1.);
#13085 = DIRECTION('',(1.,0.,-0.));
#13086 = PLANE('',#13087);
#13087 = AXIS2_PLACEMENT_3D('',#13088,#13089,#13090);
#13088 = CARTESIAN_POINT('',(0.,0.,100.));
#13089 = DIRECTION('',(0.,0.,1.));
#13090 = DIRECTION('',(1.,0.,-0.));
#13091 = ADVANCED_FACE('',(#13092),#13110,.T.);
#13092 = FACE_BOUND('',#13093,.T.);
#13093 = EDGE_LOOP('',(#13094,#13102,#13103,#13104));
#13094 = ORIENTED_EDGE('',*,*,#13095,.F.);
#13095 = EDGE_CURVE('',#13004,#13096,#13098,.T.);
#13096 = VERTEX_POINT('',#13097);
#13097 = CARTESIAN_POINT('',(8.571428571429,40.,0.));
#13098 = LINE('',#13099,#13100);
#13099 = CARTESIAN_POINT('',(0.,40.,0.));
#13100 = VECTOR('',#13101,1.);
#13101 = DIRECTION('',(1.,0.,-0.));
#13102 = ORIENTED_EDGE('',*,*,#13011,.T.);
#13103 = ORIENTED_EDGE('',*,*,#13081,.T.);
#13104 = ORIENTED_EDGE('',*,*,#13105,.F.);
#13105 = EDGE_CURVE('',#13096,#13074,#13106,.T.);
#13106 = LINE('',#13107,#13108);
#13107 = CARTESIAN_POINT('',(8.571428571429,40.,0.));
#13108 = VECTOR('',#13109,1.);
#13109 = DIRECTION('',(0.,0.,1.));
#13110 = PLANE('',#13111);
#13111 = AXIS2_PLACEMENT_3D('',#13112,#13113,#13114);
#13112 = CARTESIAN_POINT('',(0.,40.,0.));
#13113 = DIRECTION('',(-0.,1.,0.));
#13114 = DIRECTION('',(0.,0.,1.));
#13115 = ADVANCED_FACE('',(#13116),#13134,.F.);
#13116 = FACE_BOUND('',#13117,.F.);
#13117 = EDGE_LOOP('',(#13118,#13119,#13127,#13133));
#13118 = ORIENTED_EDGE('',*,*,#13003,.F.);
#13119 = ORIENTED_EDGE('',*,*,#13120,.T.);
#13120 = EDGE_CURVE('',#12994,#13121,#13123,.T.);
#13121 = VERTEX_POINT('',#13122);
#13122 = CARTESIAN_POINT('',(8.571428571429,0.,0.));
#13123 = LINE('',#13124,#13125);
#13124 = CARTESIAN_POINT('',(0.,0.,0.));
#13125 = VECTOR('',#13126,1.);
#13126 = DIRECTION('',(1.,0.,-0.));
#13127 = ORIENTED_EDGE('',*,*,#13128,.T.);
#13128 = EDGE_CURVE('',#13121,#13096,#13129,.T.);
#13129 = LINE('',#13130,#13131);
#13130 = CARTESIAN_POINT('',(8.571428571429,0.,0.));
#13131 = VECTOR('',#13132,1.);
#13132 = DIRECTION('',(-0.,1.,0.));
#13133 = ORIENTED_EDGE('',*,*,#13095,.F.);
#13134 = PLANE('',#13135);
#13135 = AXIS2_PLACEMENT_3D('',#13136,#13137,#13138);
#13136 = CARTESIAN_POINT('',(0.,0.,0.));
#13137 = DIRECTION('',(0.,0.,1.));
#13138 = DIRECTION('',(1.,0.,-0.));
#13139 = ADVANCED_FACE('',(#13140),#13165,.F.);
#13140 = FACE_BOUND('',#13141,.F.);
#13141 = EDGE_LOOP('',(#13142,#13150,#13151,#13159));
#13142 = ORIENTED_EDGE('',*,*,#13143,.F.);
#13143 = EDGE_CURVE('',#13034,#13144,#13146,.T.);
#13144 = VERTEX_POINT('',#13145);
#13145 = CARTESIAN_POINT('',(60.,-2.,0.));
#13146 = LINE('',#13147,#13148);
#13147 = CARTESIAN_POINT('',(0.,-2.,0.));
#13148 = VECTOR('',#13149,1.);
#13149 = DIRECTION('',(1.,0.,-0.));
#13150 = ORIENTED_EDGE('',*,*,#13033,.T.);
#13151 = ORIENTED_EDGE('',*,*,#13152,.T.);
#13152 = EDGE_CURVE('',#13036,#13153,#13155,.T.);
#13153 = VERTEX_POINT('',#13154);
#13154 = CARTESIAN_POINT('',(60.,-2.,100.));
#13155 = LINE('',#13156,#13157);
#13156 = CARTESIAN_POINT('',(0.,-2.,100.));
#13157 = VECTOR('',#13158,1.);
#13158 = DIRECTION('',(1.,0.,-0.));
#13159 = ORIENTED_EDGE('',*,*,#13160,.F.);
#13160 = EDGE_CURVE('',#13144,#13153,#13161,.T.);
#13161 = LINE('',#13162,#13163);
#13162 = CARTESIAN_POINT('',(60.,-2.,0.));
#13163 = VECTOR('',#13164,1.);
#13164 = DIRECTION('',(0.,0.,1.));
#13165 = PLANE('',#13166);
#13166 = AXIS2_PLACEMENT_3D('',#13167,#13168,#13169);
#13167 = CARTESIAN_POINT('',(0.,-2.,0.));
#13168 = DIRECTION('',(-0.,1.,0.));
#13169 = DIRECTION('',(0.,0.,1.));
#13170 = ADVANCED_FACE('',(#13171),#13230,.T.);
#13171 = FACE_BOUND('',#13172,.T.);
#13172 = EDGE_LOOP('',(#13173,#13174,#13175,#13183,#13191,#13199,#13207,
    #13215,#13223,#13229));
#13173 = ORIENTED_EDGE('',*,*,#13050,.F.);
#13174 = ORIENTED_EDGE('',*,*,#13152,.T.);
#13175 = ORIENTED_EDGE('',*,*,#13176,.T.);
#13176 = EDGE_CURVE('',#13153,#13177,#13179,.T.);
#13177 = VERTEX_POINT('',#13178);
#13178 = CARTESIAN_POINT('',(60.,0.,100.));
#13179 = LINE('',#13180,#13181);
#13180 = CARTESIAN_POINT('',(60.,-2.,100.));
#13181 = VECTOR('',#13182,1.);
#13182 = DIRECTION('',(-0.,1.,0.));
#13183 = ORIENTED_EDGE('',*,*,#13184,.F.);
#13184 = EDGE_CURVE('',#13185,#13177,#13187,.T.);
#13185 = VERTEX_POINT('',#13186);
#13186 = CARTESIAN_POINT('',(51.428571428571,0.,100.));
#13187 = LINE('',#13188,#13189);
#13188 = CARTESIAN_POINT('',(51.428571428571,0.,100.));
#13189 = VECTOR('',#13190,1.);
#13190 = DIRECTION('',(1.,0.,-0.));
#13191 = ORIENTED_EDGE('',*,*,#13192,.F.);
#13192 = EDGE_CURVE('',#13193,#13185,#13195,.T.);
#13193 = VERTEX_POINT('',#13194);
#13194 = CARTESIAN_POINT('',(42.857142857143,0.,100.));
#13195 = LINE('',#13196,#13197);
#13196 = CARTESIAN_POINT('',(0.,0.,100.));
#13197 = VECTOR('',#13198,1.);
#13198 = DIRECTION('',(1.,0.,-0.));
#13199 = ORIENTED_EDGE('',*,*,#13200,.F.);
#13200 = EDGE_CURVE('',#13201,#13193,#13203,.T.);
#13201 = VERTEX_POINT('',#13202);
#13202 = CARTESIAN_POINT('',(34.285714285714,0.,100.));
#13203 = LINE('',#13204,#13205);
#13204 = CARTESIAN_POINT('',(34.285714285714,0.,100.));
#13205 = VECTOR('',#13206,1.);
#13206 = DIRECTION('',(1.,0.,-0.));
#13207 = ORIENTED_EDGE('',*,*,#13208,.F.);
#13208 = EDGE_CURVE('',#13209,#13201,#13211,.T.);
#13209 = VERTEX_POINT('',#13210);
#13210 = CARTESIAN_POINT('',(25.714285714286,0.,100.));
#13211 = LINE('',#13212,#13213);
#13212 = CARTESIAN_POINT('',(0.,0.,100.));
#13213 = VECTOR('',#13214,1.);
#13214 = DIRECTION('',(1.,0.,-0.));
#13215 = ORIENTED_EDGE('',*,*,#13216,.F.);
#13216 = EDGE_CURVE('',#13217,#13209,#13219,.T.);
#13217 = VERTEX_POINT('',#13218);
#13218 = CARTESIAN_POINT('',(17.142857142857,0.,100.));
#13219 = LINE('',#13220,#13221);
#13220 = CARTESIAN_POINT('',(17.142857142857,0.,100.));
#13221 = VECTOR('',#13222,1.);
#13222 = DIRECTION('',(1.,0.,-0.));
#13223 = ORIENTED_EDGE('',*,*,#13224,.F.);
#13224 = EDGE_CURVE('',#13066,#13217,#13225,.T.);
#13225 = LINE('',#13226,#13227);
#13226 = CARTESIAN_POINT('',(0.,0.,100.));
#13227 = VECTOR('',#13228,1.);
#13228 = DIRECTION('',(1.,0.,-0.));
#13229 = ORIENTED_EDGE('',*,*,#13065,.F.);
#13230 = PLANE('',#13231);
#13231 = AXIS2_PLACEMENT_3D('',#13232,#13233,#13234);
#13232 = CARTESIAN_POINT('',(0.,-2.,100.));
#13233 = DIRECTION('',(0.,0.,1.));
#13234 = DIRECTION('',(1.,0.,-0.));
#13235 = ADVANCED_FACE('',(#13236),#13295,.F.);
#13236 = FACE_BOUND('',#13237,.F.);
#13237 = EDGE_LOOP('',(#13238,#13239,#13240,#13248,#13256,#13264,#13272,
    #13280,#13288,#13294));
#13238 = ORIENTED_EDGE('',*,*,#13043,.F.);
#13239 = ORIENTED_EDGE('',*,*,#13143,.T.);
#13240 = ORIENTED_EDGE('',*,*,#13241,.T.);
#13241 = EDGE_CURVE('',#13144,#13242,#13244,.T.);
#13242 = VERTEX_POINT('',#13243);
#13243 = CARTESIAN_POINT('',(60.,0.,0.));
#13244 = LINE('',#13245,#13246);
#13245 = CARTESIAN_POINT('',(60.,-2.,0.));
#13246 = VECTOR('',#13247,1.);
#13247 = DIRECTION('',(-0.,1.,0.));
#13248 = ORIENTED_EDGE('',*,*,#13249,.F.);
#13249 = EDGE_CURVE('',#13250,#13242,#13252,.T.);
#13250 = VERTEX_POINT('',#13251);
#13251 = CARTESIAN_POINT('',(51.428571428571,0.,0.));
#13252 = LINE('',#13253,#13254);
#13253 = CARTESIAN_POINT('',(51.428571428571,0.,0.));
#13254 = VECTOR('',#13255,1.);
#13255 = DIRECTION('',(1.,0.,-0.));
#13256 = ORIENTED_EDGE('',*,*,#13257,.F.);
#13257 = EDGE_CURVE('',#13258,#13250,#13260,.T.);
#13258 = VERTEX_POINT('',#13259);
#13259 = CARTESIAN_POINT('',(42.857142857143,0.,0.));
#13260 = LINE('',#13261,#13262);
#13261 = CARTESIAN_POINT('',(0.,0.,0.));
#13262 = VECTOR('',#13263,1.);
#13263 = DIRECTION('',(1.,0.,-0.));
#13264 = ORIENTED_EDGE('',*,*,#13265,.F.);
#13265 = EDGE_CURVE('',#13266,#13258,#13268,.T.);
#13266 = VERTEX_POINT('',#13267);
#13267 = CARTESIAN_POINT('',(34.285714285714,0.,0.));
#13268 = LINE('',#13269,#13270);
#13269 = CARTESIAN_POINT('',(34.285714285714,0.,0.));
#13270 = VECTOR('',#13271,1.);
#13271 = DIRECTION('',(1.,0.,-0.));
#13272 = ORIENTED_EDGE('',*,*,#13273,.F.);
#13273 = EDGE_CURVE('',#13274,#13266,#13276,.T.);
#13274 = VERTEX_POINT('',#13275);
#13275 = CARTESIAN_POINT('',(25.714285714286,0.,0.));
#13276 = LINE('',#13277,#13278);
#13277 = CARTESIAN_POINT('',(0.,0.,0.));
#13278 = VECTOR('',#13279,1.);
#13279 = DIRECTION('',(1.,0.,-0.));
#13280 = ORIENTED_EDGE('',*,*,#13281,.F.);
#13281 = EDGE_CURVE('',#13282,#13274,#13284,.T.);
#13282 = VERTEX_POINT('',#13283);
#13283 = CARTESIAN_POINT('',(17.142857142857,0.,0.));
#13284 = LINE('',#13285,#13286);
#13285 = CARTESIAN_POINT('',(17.142857142857,0.,0.));
#13286 = VECTOR('',#13287,1.);
#13287 = DIRECTION('',(1.,0.,-0.));
#13288 = ORIENTED_EDGE('',*,*,#13289,.F.);
#13289 = EDGE_CURVE('',#13121,#13282,#13290,.T.);
#13290 = LINE('',#13291,#13292);
#13291 = CARTESIAN_POINT('',(0.,0.,0.));
#13292 = VECTOR('',#13293,1.);
#13293 = DIRECTION('',(1.,0.,-0.));
#13294 = ORIENTED_EDGE('',*,*,#13120,.F.);
#13295 = PLANE('',#13296);
#13296 = AXIS2_PLACEMENT_3D('',#13297,#13298,#13299);
#13297 = CARTESIAN_POINT('',(0.,-2.,0.));
#13298 = DIRECTION('',(0.,0.,1.));
#13299 = DIRECTION('',(1.,0.,-0.));
#13300 = ADVANCED_FACE('',(#13301),#13312,.T.);
#13301 = FACE_BOUND('',#13302,.T.);
#13302 = EDGE_LOOP('',(#13303,#13309,#13310,#13311));
#13303 = ORIENTED_EDGE('',*,*,#13304,.F.);
#13304 = EDGE_CURVE('',#13121,#13066,#13305,.T.);
#13305 = LINE('',#13306,#13307);
#13306 = CARTESIAN_POINT('',(8.571428571429,0.,0.));
#13307 = VECTOR('',#13308,1.);
#13308 = DIRECTION('',(0.,0.,1.));
#13309 = ORIENTED_EDGE('',*,*,#13128,.T.);
#13310 = ORIENTED_EDGE('',*,*,#13105,.T.);
#13311 = ORIENTED_EDGE('',*,*,#13073,.F.);
#13312 = PLANE('',#13313);
#13313 = AXIS2_PLACEMENT_3D('',#13314,#13315,#13316);
#13314 = CARTESIAN_POINT('',(8.571428571429,0.,0.));
#13315 = DIRECTION('',(1.,0.,-0.));
#13316 = DIRECTION('',(0.,0.,1.));
#13317 = ADVANCED_FACE('',(#13318),#13329,.T.);
#13318 = FACE_BOUND('',#13319,.T.);
#13319 = EDGE_LOOP('',(#13320,#13321,#13322,#13328));
#13320 = ORIENTED_EDGE('',*,*,#13160,.F.);
#13321 = ORIENTED_EDGE('',*,*,#13241,.T.);
#13322 = ORIENTED_EDGE('',*,*,#13323,.T.);
#13323 = EDGE_CURVE('',#13242,#13177,#13324,.T.);
#13324 = LINE('',#13325,#13326);
#13325 = CARTESIAN_POINT('',(60.,0.,0.));
#13326 = VECTOR('',#13327,1.);
#13327 = DIRECTION('',(0.,0.,1.));
#13328 = ORIENTED_EDGE('',*,*,#13176,.F.);
#13329 = PLANE('',#13330);
#13330 = AXIS2_PLACEMENT_3D('',#13331,#13332,#13333);
#13331 = CARTESIAN_POINT('',(60.,-2.,0.));
#13332 = DIRECTION('',(1.,0.,-0.));
#13333 = DIRECTION('',(0.,0.,1.));
#13334 = ADVANCED_FACE('',(#13335),#13346,.T.);
#13335 = FACE_BOUND('',#13336,.T.);
#13336 = EDGE_LOOP('',(#13337,#13338,#13339,#13340));
#13337 = ORIENTED_EDGE('',*,*,#13289,.F.);
#13338 = ORIENTED_EDGE('',*,*,#13304,.T.);
#13339 = ORIENTED_EDGE('',*,*,#13224,.T.);
#13340 = ORIENTED_EDGE('',*,*,#13341,.F.);
#13341 = EDGE_CURVE('',#13282,#13217,#13342,.T.);
#13342 = LINE('',#13343,#13344);
#13343 = CARTESIAN_POINT('',(17.142857142857,0.,0.));
#13344 = VECTOR('',#13345,1.);
#13345 = DIRECTION('',(0.,0.,1.));
#13346 = PLANE('',#13347);
#13347 = AXIS2_PLACEMENT_3D('',#13348,#13349,#13350);
#13348 = CARTESIAN_POINT('',(0.,0.,0.));
#13349 = DIRECTION('',(-0.,1.,0.));
#13350 = DIRECTION('',(0.,0.,1.));
#13351 = ADVANCED_FACE('',(#13352),#13377,.T.);
#13352 = FACE_BOUND('',#13353,.T.);
#13353 = EDGE_LOOP('',(#13354,#13362,#13363,#13371));
#13354 = ORIENTED_EDGE('',*,*,#13355,.F.);
#13355 = EDGE_CURVE('',#13217,#13356,#13358,.T.);
#13356 = VERTEX_POINT('',#13357);
#13357 = CARTESIAN_POINT('',(17.142857142857,40.,100.));
#13358 = LINE('',#13359,#13360);
#13359 = CARTESIAN_POINT('',(17.142857142857,0.,100.));
#13360 = VECTOR('',#13361,1.);
#13361 = DIRECTION('',(-0.,1.,0.));
#13362 = ORIENTED_EDGE('',*,*,#13216,.T.);
#13363 = ORIENTED_EDGE('',*,*,#13364,.T.);
#13364 = EDGE_CURVE('',#13209,#13365,#13367,.T.);
#13365 = VERTEX_POINT('',#13366);
#13366 = CARTESIAN_POINT('',(25.714285714286,40.,100.));
#13367 = LINE('',#13368,#13369);
#13368 = CARTESIAN_POINT('',(25.714285714286,0.,100.));
#13369 = VECTOR('',#13370,1.);
#13370 = DIRECTION('',(-0.,1.,0.));
#13371 = ORIENTED_EDGE('',*,*,#13372,.F.);
#13372 = EDGE_CURVE('',#13356,#13365,#13373,.T.);
#13373 = LINE('',#13374,#13375);
#13374 = CARTESIAN_POINT('',(17.142857142857,40.,100.));
#13375 = VECTOR('',#13376,1.);
#13376 = DIRECTION('',(1.,0.,-0.));
#13377 = PLANE('',#13378);
#13378 = AXIS2_PLACEMENT_3D('',#13379,#13380,#13381);
#13379 = CARTESIAN_POINT('',(17.142857142857,0.,100.));
#13380 = DIRECTION('',(0.,0.,1.));
#13381 = DIRECTION('',(1.,0.,-0.));
#13382 = ADVANCED_FACE('',(#13383),#13399,.T.);
#13383 = FACE_BOUND('',#13384,.T.);
#13384 = EDGE_LOOP('',(#13385,#13386,#13392,#13393));
#13385 = ORIENTED_EDGE('',*,*,#13273,.F.);
#13386 = ORIENTED_EDGE('',*,*,#13387,.T.);
#13387 = EDGE_CURVE('',#13274,#13209,#13388,.T.);
#13388 = LINE('',#13389,#13390);
#13389 = CARTESIAN_POINT('',(25.714285714286,0.,0.));
#13390 = VECTOR('',#13391,1.);
#13391 = DIRECTION('',(0.,0.,1.));
#13392 = ORIENTED_EDGE('',*,*,#13208,.T.);
#13393 = ORIENTED_EDGE('',*,*,#13394,.F.);
#13394 = EDGE_CURVE('',#13266,#13201,#13395,.T.);
#13395 = LINE('',#13396,#13397);
#13396 = CARTESIAN_POINT('',(34.285714285714,0.,0.));
#13397 = VECTOR('',#13398,1.);
#13398 = DIRECTION('',(0.,0.,1.));
#13399 = PLANE('',#13400);
#13400 = AXIS2_PLACEMENT_3D('',#13401,#13402,#13403);
#13401 = CARTESIAN_POINT('',(0.,0.,0.));
#13402 = DIRECTION('',(-0.,1.,0.));
#13403 = DIRECTION('',(0.,0.,1.));
#13404 = ADVANCED_FACE('',(#13405),#13430,.T.);
#13405 = FACE_BOUND('',#13406,.T.);
#13406 = EDGE_LOOP('',(#13407,#13415,#13416,#13424));
#13407 = ORIENTED_EDGE('',*,*,#13408,.F.);
#13408 = EDGE_CURVE('',#13201,#13409,#13411,.T.);
#13409 = VERTEX_POINT('',#13410);
#13410 = CARTESIAN_POINT('',(34.285714285714,40.,100.));
#13411 = LINE('',#13412,#13413);
#13412 = CARTESIAN_POINT('',(34.285714285714,0.,100.));
#13413 = VECTOR('',#13414,1.);
#13414 = DIRECTION('',(-0.,1.,0.));
#13415 = ORIENTED_EDGE('',*,*,#13200,.T.);
#13416 = ORIENTED_EDGE('',*,*,#13417,.T.);
#13417 = EDGE_CURVE('',#13193,#13418,#13420,.T.);
#13418 = VERTEX_POINT('',#13419);
#13419 = CARTESIAN_POINT('',(42.857142857143,40.,100.));
#13420 = LINE('',#13421,#13422);
#13421 = CARTESIAN_POINT('',(42.857142857143,0.,100.));
#13422 = VECTOR('',#13423,1.);
#13423 = DIRECTION('',(-0.,1.,0.));
#13424 = ORIENTED_EDGE('',*,*,#13425,.F.);
#13425 = EDGE_CURVE('',#13409,#13418,#13426,.T.);
#13426 = LINE('',#13427,#13428);
#13427 = CARTESIAN_POINT('',(34.285714285714,40.,100.));
#13428 = VECTOR('',#13429,1.);
#13429 = DIRECTION('',(1.,0.,-0.));
#13430 = PLANE('',#13431);
#13431 = AXIS2_PLACEMENT_3D('',#13432,#13433,#13434);
#13432 = CARTESIAN_POINT('',(34.285714285714,0.,100.));
#13433 = DIRECTION('',(0.,0.,1.));
#13434 = DIRECTION('',(1.,0.,-0.));
#13435 = ADVANCED_FACE('',(#13436),#13452,.T.);
#13436 = FACE_BOUND('',#13437,.T.);
#13437 = EDGE_LOOP('',(#13438,#13439,#13445,#13446));
#13438 = ORIENTED_EDGE('',*,*,#13257,.F.);
#13439 = ORIENTED_EDGE('',*,*,#13440,.T.);
#13440 = EDGE_CURVE('',#13258,#13193,#13441,.T.);
#13441 = LINE('',#13442,#13443);
#13442 = CARTESIAN_POINT('',(42.857142857143,0.,0.));
#13443 = VECTOR('',#13444,1.);
#13444 = DIRECTION('',(0.,0.,1.));
#13445 = ORIENTED_EDGE('',*,*,#13192,.T.);
#13446 = ORIENTED_EDGE('',*,*,#13447,.F.);
#13447 = EDGE_CURVE('',#13250,#13185,#13448,.T.);
#13448 = LINE('',#13449,#13450);
#13449 = CARTESIAN_POINT('',(51.428571428571,0.,0.));
#13450 = VECTOR('',#13451,1.);
#13451 = DIRECTION('',(0.,0.,1.));
#13452 = PLANE('',#13453);
#13453 = AXIS2_PLACEMENT_3D('',#13454,#13455,#13456);
#13454 = CARTESIAN_POINT('',(0.,0.,0.));
#13455 = DIRECTION('',(-0.,1.,0.));
#13456 = DIRECTION('',(0.,0.,1.));
#13457 = ADVANCED_FACE('',(#13458),#13483,.T.);
#13458 = FACE_BOUND('',#13459,.T.);
#13459 = EDGE_LOOP('',(#13460,#13468,#13469,#13477));
#13460 = ORIENTED_EDGE('',*,*,#13461,.F.);
#13461 = EDGE_CURVE('',#13185,#13462,#13464,.T.);
#13462 = VERTEX_POINT('',#13463);
#13463 = CARTESIAN_POINT('',(51.428571428571,40.,100.));
#13464 = LINE('',#13465,#13466);
#13465 = CARTESIAN_POINT('',(51.428571428571,0.,100.));
#13466 = VECTOR('',#13467,1.);
#13467 = DIRECTION('',(-0.,1.,0.));
#13468 = ORIENTED_EDGE('',*,*,#13184,.T.);
#13469 = ORIENTED_EDGE('',*,*,#13470,.T.);
#13470 = EDGE_CURVE('',#13177,#13471,#13473,.T.);
#13471 = VERTEX_POINT('',#13472);
#13472 = CARTESIAN_POINT('',(60.,40.,100.));
#13473 = LINE('',#13474,#13475);
#13474 = CARTESIAN_POINT('',(60.,0.,100.));
#13475 = VECTOR('',#13476,1.);
#13476 = DIRECTION('',(-0.,1.,0.));
#13477 = ORIENTED_EDGE('',*,*,#13478,.F.);
#13478 = EDGE_CURVE('',#13462,#13471,#13479,.T.);
#13479 = LINE('',#13480,#13481);
#13480 = CARTESIAN_POINT('',(51.428571428571,40.,100.));
#13481 = VECTOR('',#13482,1.);
#13482 = DIRECTION('',(1.,0.,-0.));
#13483 = PLANE('',#13484);
#13484 = AXIS2_PLACEMENT_3D('',#13485,#13486,#13487);
#13485 = CARTESIAN_POINT('',(51.428571428571,0.,100.));
#13486 = DIRECTION('',(0.,0.,1.));
#13487 = DIRECTION('',(1.,0.,-0.));
#13488 = ADVANCED_FACE('',(#13489),#13514,.F.);
#13489 = FACE_BOUND('',#13490,.F.);
#13490 = EDGE_LOOP('',(#13491,#13499,#13500,#13508));
#13491 = ORIENTED_EDGE('',*,*,#13492,.F.);
#13492 = EDGE_CURVE('',#13282,#13493,#13495,.T.);
#13493 = VERTEX_POINT('',#13494);
#13494 = CARTESIAN_POINT('',(17.142857142857,40.,0.));
#13495 = LINE('',#13496,#13497);
#13496 = CARTESIAN_POINT('',(17.142857142857,0.,0.));
#13497 = VECTOR('',#13498,1.);
#13498 = DIRECTION('',(-0.,1.,0.));
#13499 = ORIENTED_EDGE('',*,*,#13281,.T.);
#13500 = ORIENTED_EDGE('',*,*,#13501,.T.);
#13501 = EDGE_CURVE('',#13274,#13502,#13504,.T.);
#13502 = VERTEX_POINT('',#13503);
#13503 = CARTESIAN_POINT('',(25.714285714286,40.,0.));
#13504 = LINE('',#13505,#13506);
#13505 = CARTESIAN_POINT('',(25.714285714286,0.,0.));
#13506 = VECTOR('',#13507,1.);
#13507 = DIRECTION('',(-0.,1.,0.));
#13508 = ORIENTED_EDGE('',*,*,#13509,.F.);
#13509 = EDGE_CURVE('',#13493,#13502,#13510,.T.);
#13510 = LINE('',#13511,#13512);
#13511 = CARTESIAN_POINT('',(17.142857142857,40.,0.));
#13512 = VECTOR('',#13513,1.);
#13513 = DIRECTION('',(1.,0.,-0.));
#13514 = PLANE('',#13515);
#13515 = AXIS2_PLACEMENT_3D('',#13516,#13517,#13518);
#13516 = CARTESIAN_POINT('',(17.142857142857,0.,0.));
#13517 = DIRECTION('',(0.,0.,1.));
#13518 = DIRECTION('',(1.,0.,-0.));
#13519 = ADVANCED_FACE('',(#13520),#13545,.F.);
#13520 = FACE_BOUND('',#13521,.F.);
#13521 = EDGE_LOOP('',(#13522,#13530,#13531,#13539));
#13522 = ORIENTED_EDGE('',*,*,#13523,.F.);
#13523 = EDGE_CURVE('',#13266,#13524,#13526,.T.);
#13524 = VERTEX_POINT('',#13525);
#13525 = CARTESIAN_POINT('',(34.285714285714,40.,0.));
#13526 = LINE('',#13527,#13528);
#13527 = CARTESIAN_POINT('',(34.285714285714,0.,0.));
#13528 = VECTOR('',#13529,1.);
#13529 = DIRECTION('',(-0.,1.,0.));
#13530 = ORIENTED_EDGE('',*,*,#13265,.T.);
#13531 = ORIENTED_EDGE('',*,*,#13532,.T.);
#13532 = EDGE_CURVE('',#13258,#13533,#13535,.T.);
#13533 = VERTEX_POINT('',#13534);
#13534 = CARTESIAN_POINT('',(42.857142857143,40.,0.));
#13535 = LINE('',#13536,#13537);
#13536 = CARTESIAN_POINT('',(42.857142857143,0.,0.));
#13537 = VECTOR('',#13538,1.);
#13538 = DIRECTION('',(-0.,1.,0.));
#13539 = ORIENTED_EDGE('',*,*,#13540,.F.);
#13540 = EDGE_CURVE('',#13524,#13533,#13541,.T.);
#13541 = LINE('',#13542,#13543);
#13542 = CARTESIAN_POINT('',(34.285714285714,40.,0.));
#13543 = VECTOR('',#13544,1.);
#13544 = DIRECTION('',(1.,0.,-0.));
#13545 = PLANE('',#13546);
#13546 = AXIS2_PLACEMENT_3D('',#13547,#13548,#13549);
#13547 = CARTESIAN_POINT('',(34.285714285714,0.,0.));
#13548 = DIRECTION('',(0.,0.,1.));
#13549 = DIRECTION('',(1.,0.,-0.));
#13550 = ADVANCED_FACE('',(#13551),#13576,.F.);
#13551 = FACE_BOUND('',#13552,.F.);
#13552 = EDGE_LOOP('',(#13553,#13561,#13562,#13570));
#13553 = ORIENTED_EDGE('',*,*,#13554,.F.);
#13554 = EDGE_CURVE('',#13250,#13555,#13557,.T.);
#13555 = VERTEX_POINT('',#13556);
#13556 = CARTESIAN_POINT('',(51.428571428571,40.,0.));
#13557 = LINE('',#13558,#13559);
#13558 = CARTESIAN_POINT('',(51.428571428571,0.,0.));
#13559 = VECTOR('',#13560,1.);
#13560 = DIRECTION('',(-0.,1.,0.));
#13561 = ORIENTED_EDGE('',*,*,#13249,.T.);
#13562 = ORIENTED_EDGE('',*,*,#13563,.T.);
#13563 = EDGE_CURVE('',#13242,#13564,#13566,.T.);
#13564 = VERTEX_POINT('',#13565);
#13565 = CARTESIAN_POINT('',(60.,40.,0.));
#13566 = LINE('',#13567,#13568);
#13567 = CARTESIAN_POINT('',(60.,0.,0.));
#13568 = VECTOR('',#13569,1.);
#13569 = DIRECTION('',(-0.,1.,0.));
#13570 = ORIENTED_EDGE('',*,*,#13571,.F.);
#13571 = EDGE_CURVE('',#13555,#13564,#13572,.T.);
#13572 = LINE('',#13573,#13574);
#13573 = CARTESIAN_POINT('',(51.428571428571,40.,0.));
#13574 = VECTOR('',#13575,1.);
#13575 = DIRECTION('',(1.,0.,-0.));
#13576 = PLANE('',#13577);
#13577 = AXIS2_PLACEMENT_3D('',#13578,#13579,#13580);
#13578 = CARTESIAN_POINT('',(51.428571428571,0.,0.));
#13579 = DIRECTION('',(0.,0.,1.));
#13580 = DIRECTION('',(1.,0.,-0.));
#13581 = ADVANCED_FACE('',(#13582),#13593,.T.);
#13582 = FACE_BOUND('',#13583,.T.);
#13583 = EDGE_LOOP('',(#13584,#13585,#13586,#13592));
#13584 = ORIENTED_EDGE('',*,*,#13323,.F.);
#13585 = ORIENTED_EDGE('',*,*,#13563,.T.);
#13586 = ORIENTED_EDGE('',*,*,#13587,.T.);
#13587 = EDGE_CURVE('',#13564,#13471,#13588,.T.);
#13588 = LINE('',#13589,#13590);
#13589 = CARTESIAN_POINT('',(60.,40.,0.));
#13590 = VECTOR('',#13591,1.);
#13591 = DIRECTION('',(0.,0.,1.));
#13592 = ORIENTED_EDGE('',*,*,#13470,.F.);
#13593 = PLANE('',#13594);
#13594 = AXIS2_PLACEMENT_3D('',#13595,#13596,#13597);
#13595 = CARTESIAN_POINT('',(60.,0.,0.));
#13596 = DIRECTION('',(1.,0.,-0.));
#13597 = DIRECTION('',(0.,0.,1.));
#13598 = ADVANCED_FACE('',(#13599),#13610,.F.);
#13599 = FACE_BOUND('',#13600,.F.);
#13600 = EDGE_LOOP('',(#13601,#13602,#13603,#13609));
#13601 = ORIENTED_EDGE('',*,*,#13341,.F.);
#13602 = ORIENTED_EDGE('',*,*,#13492,.T.);
#13603 = ORIENTED_EDGE('',*,*,#13604,.T.);
#13604 = EDGE_CURVE('',#13493,#13356,#13605,.T.);
#13605 = LINE('',#13606,#13607);
#13606 = CARTESIAN_POINT('',(17.142857142857,40.,0.));
#13607 = VECTOR('',#13608,1.);
#13608 = DIRECTION('',(0.,0.,1.));
#13609 = ORIENTED_EDGE('',*,*,#13355,.F.);
#13610 = PLANE('',#13611);
#13611 = AXIS2_PLACEMENT_3D('',#13612,#13613,#13614);
#13612 = CARTESIAN_POINT('',(17.142857142857,0.,0.));
#13613 = DIRECTION('',(1.,0.,-0.));
#13614 = DIRECTION('',(0.,0.,1.));
#13615 = ADVANCED_FACE('',(#13616),#13627,.T.);
#13616 = FACE_BOUND('',#13617,.T.);
#13617 = EDGE_LOOP('',(#13618,#13619,#13620,#13621));
#13618 = ORIENTED_EDGE('',*,*,#13509,.F.);
#13619 = ORIENTED_EDGE('',*,*,#13604,.T.);
#13620 = ORIENTED_EDGE('',*,*,#13372,.T.);
#13621 = ORIENTED_EDGE('',*,*,#13622,.F.);
#13622 = EDGE_CURVE('',#13502,#13365,#13623,.T.);
#13623 = LINE('',#13624,#13625);
#13624 = CARTESIAN_POINT('',(25.714285714286,40.,0.));
#13625 = VECTOR('',#13626,1.);
#13626 = DIRECTION('',(0.,0.,1.));
#13627 = PLANE('',#13628);
#13628 = AXIS2_PLACEMENT_3D('',#13629,#13630,#13631);
#13629 = CARTESIAN_POINT('',(17.142857142857,40.,0.));
#13630 = DIRECTION('',(-0.,1.,0.));
#13631 = DIRECTION('',(0.,0.,1.));
#13632 = ADVANCED_FACE('',(#13633),#13639,.T.);
#13633 = FACE_BOUND('',#13634,.T.);
#13634 = EDGE_LOOP('',(#13635,#13636,#13637,#13638));
#13635 = ORIENTED_EDGE('',*,*,#13387,.F.);
#13636 = ORIENTED_EDGE('',*,*,#13501,.T.);
#13637 = ORIENTED_EDGE('',*,*,#13622,.T.);
#13638 = ORIENTED_EDGE('',*,*,#13364,.F.);
#13639 = PLANE('',#13640);
#13640 = AXIS2_PLACEMENT_3D('',#13641,#13642,#13643);
#13641 = CARTESIAN_POINT('',(25.714285714286,0.,0.));
#13642 = DIRECTION('',(1.,0.,-0.));
#13643 = DIRECTION('',(0.,0.,1.));
#13644 = ADVANCED_FACE('',(#13645),#13656,.F.);
#13645 = FACE_BOUND('',#13646,.F.);
#13646 = EDGE_LOOP('',(#13647,#13648,#13649,#13655));
#13647 = ORIENTED_EDGE('',*,*,#13394,.F.);
#13648 = ORIENTED_EDGE('',*,*,#13523,.T.);
#13649 = ORIENTED_EDGE('',*,*,#13650,.T.);
#13650 = EDGE_CURVE('',#13524,#13409,#13651,.T.);
#13651 = LINE('',#13652,#13653);
#13652 = CARTESIAN_POINT('',(34.285714285714,40.,0.));
#13653 = VECTOR('',#13654,1.);
#13654 = DIRECTION('',(0.,0.,1.));
#13655 = ORIENTED_EDGE('',*,*,#13408,.F.);
#13656 = PLANE('',#13657);
#13657 = AXIS2_PLACEMENT_3D('',#13658,#13659,#13660);
#13658 = CARTESIAN_POINT('',(34.285714285714,0.,0.));
#13659 = DIRECTION('',(1.,0.,-0.));
#13660 = DIRECTION('',(0.,0.,1.));
#13661 = ADVANCED_FACE('',(#13662),#13673,.T.);
#13662 = FACE_BOUND('',#13663,.T.);
#13663 = EDGE_LOOP('',(#13664,#13665,#13666,#13667));
#13664 = ORIENTED_EDGE('',*,*,#13540,.F.);
#13665 = ORIENTED_EDGE('',*,*,#13650,.T.);
#13666 = ORIENTED_EDGE('',*,*,#13425,.T.);
#13667 = ORIENTED_EDGE('',*,*,#13668,.F.);
#13668 = EDGE_CURVE('',#13533,#13418,#13669,.T.);
#13669 = LINE('',#13670,#13671);
#13670 = CARTESIAN_POINT('',(42.857142857143,40.,0.));
#13671 = VECTOR('',#13672,1.);
#13672 = DIRECTION('',(0.,0.,1.));
#13673 = PLANE('',#13674);
#13674 = AXIS2_PLACEMENT_3D('',#13675,#13676,#13677);
#13675 = CARTESIAN_POINT('',(34.285714285714,40.,0.));
#13676 = DIRECTION('',(-0.,1.,0.));
#13677 = DIRECTION('',(0.,0.,1.));
#13678 = ADVANCED_FACE('',(#13679),#13685,.T.);
#13679 = FACE_BOUND('',#13680,.T.);
#13680 = EDGE_LOOP('',(#13681,#13682,#13683,#13684));
#13681 = ORIENTED_EDGE('',*,*,#13440,.F.);
#13682 = ORIENTED_EDGE('',*,*,#13532,.T.);
#13683 = ORIENTED_EDGE('',*,*,#13668,.T.);
#13684 = ORIENTED_EDGE('',*,*,#13417,.F.);
#13685 = PLANE('',#13686);
#13686 = AXIS2_PLACEMENT_3D('',#13687,#13688,#13689);
#13687 = CARTESIAN_POINT('',(42.857142857143,0.,0.));
#13688 = DIRECTION('',(1.,0.,-0.));
#13689 = DIRECTION('',(0.,0.,1.));
#13690 = ADVANCED_FACE('',(#13691),#13702,.F.);
#13691 = FACE_BOUND('',#13692,.F.);
#13692 = EDGE_LOOP('',(#13693,#13694,#13695,#13701));
#13693 = ORIENTED_EDGE('',*,*,#13447,.F.);
#13694 = ORIENTED_EDGE('',*,*,#13554,.T.);
#13695 = ORIENTED_EDGE('',*,*,#13696,.T.);
#13696 = EDGE_CURVE('',#13555,#13462,#13697,.T.);
#13697 = LINE('',#13698,#13699);
#13698 = CARTESIAN_POINT('',(51.428571428571,40.,0.));
#13699 = VECTOR('',#13700,1.);
#13700 = DIRECTION('',(0.,0.,1.));
#13701 = ORIENTED_EDGE('',*,*,#13461,.F.);
#13702 = PLANE('',#13703);
#13703 = AXIS2_PLACEMENT_3D('',#13704,#13705,#13706);
#13704 = CARTESIAN_POINT('',(51.428571428571,0.,0.));
#13705 = DIRECTION('',(1.,0.,-0.));
#13706 = DIRECTION('',(0.,0.,1.));
#13707 = ADVANCED_FACE('',(#13708),#13714,.T.);
#13708 = FACE_BOUND('',#13709,.T.);
#13709 = EDGE_LOOP('',(#13710,#13711,#13712,#13713));
#13710 = ORIENTED_EDGE('',*,*,#13571,.F.);
#13711 = ORIENTED_EDGE('',*,*,#13696,.T.);
#13712 = ORIENTED_EDGE('',*,*,#13478,.T.);
#13713 = ORIENTED_EDGE('',*,*,#13587,.F.);
#13714 = PLANE('',#13715);
#13715 = AXIS2_PLACEMENT_3D('',#13716,#13717,#13718);
#13716 = CARTESIAN_POINT('',(51.428571428571,40.,0.));
#13717 = DIRECTION('',(-0.,1.,0.));
#13718 = DIRECTION('',(0.,0.,1.));
#13719 = ( GEOMETRIC_REPRESENTATION_CONTEXT(3) 
GLOBAL_UNCERTAINTY_ASSIGNED_CONTEXT((#13723)) 
GLOBAL_UNIT_ASSIGNED_CONTEXT((#13720,#13721,#13722)) 
REPRESENTATION_CONTEXT('Context #1',
  '3D Context with UNIT and UNCERTAINTY') );
#13720 = ( LENGTH_UNIT() NAMED_UNIT(*) SI_UNIT(.MILLI.,.METRE.) );
#13721 = ( NAMED_UNIT(*) PLANE_ANGLE_UNIT() SI_UNIT($,.RADIAN.) );
#13722 = ( NAMED_UNIT(*) SI_UNIT($,.STERADIAN.) SOLID_ANGLE_UNIT() );
#13723 = UNCERTAINTY_MEASURE_WITH_UNIT(LENGTH_MEASURE(1.E-07),#13720,
  'distance_accuracy_value','confusion accuracy');
#13724 = CONTEXT_DEPENDENT_SHAPE_REPRESENTATION(#13725,#13727);
#13725 = ( REPRESENTATION_RELATIONSHIP('','',#12986,#10) 
REPRESENTATION_RELATIONSHIP_WITH_TRANSFORMATION(#13726) 
SHAPE_REPRESENTATION_RELATIONSHIP() );
#13726 = ITEM_DEFINED_TRANSFORMATION('','',#11,#39);
#13727 = PRODUCT_DEFINITION_SHAPE('Placement','Placement of an item',
  #13728);
#13728 = NEXT_ASSEMBLY_USAGE_OCCURRENCE('377','Fins','',#5,#12981,$);
#13729 = PRODUCT_RELATED_PRODUCT_CATEGORY('part',$,(#12983));
#13730 = SHAPE_DEFINITION_REPRESENTATION(#13731,#13737);
#13731 = PRODUCT_DEFINITION_SHAPE('','',#13732);
#13732 = PRODUCT_DEFINITION('design','',#13733,#13736);
#13733 = PRODUCT_DEFINITION_FORMATION('','',#13734);
#13734 = PRODUCT('Air','Air','',(#13735));
#13735 = PRODUCT_CONTEXT('',#2,'mechanical');
#13736 = PRODUCT_DEFINITION_CONTEXT('part definition',#2,'design');
#13737 = ADVANCED_BREP_SHAPE_REPRESENTATION('',(#11,#13738),#14896);
#13738 = MANIFOLD_SOLID_BREP('',#13739);
#13739 = CLOSED_SHELL('',(#13740,#13780,#13845,#13869,#13893,#13910,
    #13922,#13953,#13977,#14001,#14018,#14064,#14095,#14119,#14143,
    #14160,#14206,#14285,#14309,#14333,#14398,#14429,#14451,#14482,
    #14504,#14535,#14557,#14588,#14612,#14636,#14660,#14691,#14722,
    #14746,#14763,#14775,#14792,#14809,#14821,#14838,#14855,#14867,
    #14884));
#13740 = ADVANCED_FACE('',(#13741),#13775,.F.);
#13741 = FACE_BOUND('',#13742,.F.);
#13742 = EDGE_LOOP('',(#13743,#13753,#13761,#13769));
#13743 = ORIENTED_EDGE('',*,*,#13744,.F.);
#13744 = EDGE_CURVE('',#13745,#13747,#13749,.T.);
#13745 = VERTEX_POINT('',#13746);
#13746 = CARTESIAN_POINT('',(-26.,0.,-65.));
#13747 = VERTEX_POINT('',#13748);
#13748 = CARTESIAN_POINT('',(-26.,0.,85.));
#13749 = LINE('',#13750,#13751);
#13750 = CARTESIAN_POINT('',(-26.,0.,-65.));
#13751 = VECTOR('',#13752,1.);
#13752 = DIRECTION('',(0.,0.,1.));
#13753 = ORIENTED_EDGE('',*,*,#13754,.T.);
#13754 = EDGE_CURVE('',#13745,#13755,#13757,.T.);
#13755 = VERTEX_POINT('',#13756);
#13756 = CARTESIAN_POINT('',(-26.,66.75,-65.));
#13757 = LINE('',#13758,#13759);
#13758 = CARTESIAN_POINT('',(-26.,0.,-65.));
#13759 = VECTOR('',#13760,1.);
#13760 = DIRECTION('',(-0.,1.,0.));
#13761 = ORIENTED_EDGE('',*,*,#13762,.T.);
#13762 = EDGE_CURVE('',#13755,#13763,#13765,.T.);
#13763 = VERTEX_POINT('',#13764);
#13764 = CARTESIAN_POINT('',(-26.,66.75,85.));
#13765 = LINE('',#13766,#13767);
#13766 = CARTESIAN_POINT('',(-26.,66.75,-65.));
#13767 = VECTOR('',#13768,1.);
#13768 = DIRECTION('',(0.,0.,1.));
#13769 = ORIENTED_EDGE('',*,*,#13770,.F.);
#13770 = EDGE_CURVE('',#13747,#13763,#13771,.T.);
#13771 = LINE('',#13772,#13773);
#13772 = CARTESIAN_POINT('',(-26.,0.,85.));
#13773 = VECTOR('',#13774,1.);
#13774 = DIRECTION('',(-0.,1.,0.));
#13775 = PLANE('',#13776);
#13776 = AXIS2_PLACEMENT_3D('',#13777,#13778,#13779);
#13777 = CARTESIAN_POINT('',(-26.,0.,-65.));
#13778 = DIRECTION('',(1.,0.,-0.));
#13779 = DIRECTION('',(0.,0.,1.));
#13780 = ADVANCED_FACE('',(#13781,#13806),#13840,.F.);
#13781 = FACE_BOUND('',#13782,.F.);
#13782 = EDGE_LOOP('',(#13783,#13791,#13792,#13800));
#13783 = ORIENTED_EDGE('',*,*,#13784,.F.);
#13784 = EDGE_CURVE('',#13745,#13785,#13787,.T.);
#13785 = VERTEX_POINT('',#13786);
#13786 = CARTESIAN_POINT('',(46.,0.,-65.));
#13787 = LINE('',#13788,#13789);
#13788 = CARTESIAN_POINT('',(-26.,0.,-65.));
#13789 = VECTOR('',#13790,1.);
#13790 = DIRECTION('',(1.,0.,-0.));
#13791 = ORIENTED_EDGE('',*,*,#13744,.T.);
#13792 = ORIENTED_EDGE('',*,*,#13793,.T.);
#13793 = EDGE_CURVE('',#13747,#13794,#13796,.T.);
#13794 = VERTEX_POINT('',#13795);
#13795 = CARTESIAN_POINT('',(46.,0.,85.));
#13796 = LINE('',#13797,#13798);
#13797 = CARTESIAN_POINT('',(-26.,0.,85.));
#13798 = VECTOR('',#13799,1.);
#13799 = DIRECTION('',(1.,0.,-0.));
#13800 = ORIENTED_EDGE('',*,*,#13801,.F.);
#13801 = EDGE_CURVE('',#13785,#13794,#13802,.T.);
#13802 = LINE('',#13803,#13804);
#13803 = CARTESIAN_POINT('',(46.,0.,-65.));
#13804 = VECTOR('',#13805,1.);
#13805 = DIRECTION('',(0.,0.,1.));
#13806 = FACE_BOUND('',#13807,.F.);
#13807 = EDGE_LOOP('',(#13808,#13818,#13826,#13834));
#13808 = ORIENTED_EDGE('',*,*,#13809,.F.);
#13809 = EDGE_CURVE('',#13810,#13812,#13814,.T.);
#13810 = VERTEX_POINT('',#13811);
#13811 = CARTESIAN_POINT('',(0.,0.,0.));
#13812 = VERTEX_POINT('',#13813);
#13813 = CARTESIAN_POINT('',(0.,0.,20.));
#13814 = LINE('',#13815,#13816);
#13815 = CARTESIAN_POINT('',(0.,0.,0.));
#13816 = VECTOR('',#13817,1.);
#13817 = DIRECTION('',(0.,0.,1.));
#13818 = ORIENTED_EDGE('',*,*,#13819,.T.);
#13819 = EDGE_CURVE('',#13810,#13820,#13822,.T.);
#13820 = VERTEX_POINT('',#13821);
#13821 = CARTESIAN_POINT('',(20.,0.,0.));
#13822 = LINE('',#13823,#13824);
#13823 = CARTESIAN_POINT('',(0.,0.,0.));
#13824 = VECTOR('',#13825,1.);
#13825 = DIRECTION('',(1.,0.,-0.));
#13826 = ORIENTED_EDGE('',*,*,#13827,.T.);
#13827 = EDGE_CURVE('',#13820,#13828,#13830,.T.);
#13828 = VERTEX_POINT('',#13829);
#13829 = CARTESIAN_POINT('',(20.,0.,20.));
#13830 = LINE('',#13831,#13832);
#13831 = CARTESIAN_POINT('',(20.,0.,0.));
#13832 = VECTOR('',#13833,1.);
#13833 = DIRECTION('',(0.,0.,1.));
#13834 = ORIENTED_EDGE('',*,*,#13835,.F.);
#13835 = EDGE_CURVE('',#13812,#13828,#13836,.T.);
#13836 = LINE('',#13837,#13838);
#13837 = CARTESIAN_POINT('',(0.,0.,20.));
#13838 = VECTOR('',#13839,1.);
#13839 = DIRECTION('',(1.,0.,-0.));
#13840 = PLANE('',#13841);
#13841 = AXIS2_PLACEMENT_3D('',#13842,#13843,#13844);
#13842 = CARTESIAN_POINT('',(-26.,0.,-65.));
#13843 = DIRECTION('',(-0.,1.,0.));
#13844 = DIRECTION('',(0.,0.,1.));
#13845 = ADVANCED_FACE('',(#13846),#13864,.T.);
#13846 = FACE_BOUND('',#13847,.T.);
#13847 = EDGE_LOOP('',(#13848,#13849,#13850,#13858));
#13848 = ORIENTED_EDGE('',*,*,#13770,.F.);
#13849 = ORIENTED_EDGE('',*,*,#13793,.T.);
#13850 = ORIENTED_EDGE('',*,*,#13851,.T.);
#13851 = EDGE_CURVE('',#13794,#13852,#13854,.T.);
#13852 = VERTEX_POINT('',#13853);
#13853 = CARTESIAN_POINT('',(46.,66.75,85.));
#13854 = LINE('',#13855,#13856);
#13855 = CARTESIAN_POINT('',(46.,0.,85.));
#13856 = VECTOR('',#13857,1.);
#13857 = DIRECTION('',(-0.,1.,0.));
#13858 = ORIENTED_EDGE('',*,*,#13859,.F.);
#13859 = EDGE_CURVE('',#13763,#13852,#13860,.T.);
#13860 = LINE('',#13861,#13862);
#13861 = CARTESIAN_POINT('',(-26.,66.75,85.));
#13862 = VECTOR('',#13863,1.);
#13863 = DIRECTION('',(1.,0.,-0.));
#13864 = PLANE('',#13865);
#13865 = AXIS2_PLACEMENT_3D('',#13866,#13867,#13868);
#13866 = CARTESIAN_POINT('',(-26.,0.,85.));
#13867 = DIRECTION('',(0.,0.,1.));
#13868 = DIRECTION('',(1.,0.,-0.));
#13869 = ADVANCED_FACE('',(#13870),#13888,.T.);
#13870 = FACE_BOUND('',#13871,.T.);
#13871 = EDGE_LOOP('',(#13872,#13880,#13881,#13882));
#13872 = ORIENTED_EDGE('',*,*,#13873,.F.);
#13873 = EDGE_CURVE('',#13755,#13874,#13876,.T.);
#13874 = VERTEX_POINT('',#13875);
#13875 = CARTESIAN_POINT('',(46.,66.75,-65.));
#13876 = LINE('',#13877,#13878);
#13877 = CARTESIAN_POINT('',(-26.,66.75,-65.));
#13878 = VECTOR('',#13879,1.);
#13879 = DIRECTION('',(1.,0.,-0.));
#13880 = ORIENTED_EDGE('',*,*,#13762,.T.);
#13881 = ORIENTED_EDGE('',*,*,#13859,.T.);
#13882 = ORIENTED_EDGE('',*,*,#13883,.F.);
#13883 = EDGE_CURVE('',#13874,#13852,#13884,.T.);
#13884 = LINE('',#13885,#13886);
#13885 = CARTESIAN_POINT('',(46.,66.75,-65.));
#13886 = VECTOR('',#13887,1.);
#13887 = DIRECTION('',(0.,0.,1.));
#13888 = PLANE('',#13889);
#13889 = AXIS2_PLACEMENT_3D('',#13890,#13891,#13892);
#13890 = CARTESIAN_POINT('',(-26.,66.75,-65.));
#13891 = DIRECTION('',(-0.,1.,0.));
#13892 = DIRECTION('',(0.,0.,1.));
#13893 = ADVANCED_FACE('',(#13894),#13905,.F.);
#13894 = FACE_BOUND('',#13895,.F.);
#13895 = EDGE_LOOP('',(#13896,#13897,#13898,#13904));
#13896 = ORIENTED_EDGE('',*,*,#13754,.F.);
#13897 = ORIENTED_EDGE('',*,*,#13784,.T.);
#13898 = ORIENTED_EDGE('',*,*,#13899,.T.);
#13899 = EDGE_CURVE('',#13785,#13874,#13900,.T.);
#13900 = LINE('',#13901,#13902);
#13901 = CARTESIAN_POINT('',(46.,0.,-65.));
#13902 = VECTOR('',#13903,1.);
#13903 = DIRECTION('',(-0.,1.,0.));
#13904 = ORIENTED_EDGE('',*,*,#13873,.F.);
#13905 = PLANE('',#13906);
#13906 = AXIS2_PLACEMENT_3D('',#13907,#13908,#13909);
#13907 = CARTESIAN_POINT('',(-26.,0.,-65.));
#13908 = DIRECTION('',(0.,0.,1.));
#13909 = DIRECTION('',(1.,0.,-0.));
#13910 = ADVANCED_FACE('',(#13911),#13917,.T.);
#13911 = FACE_BOUND('',#13912,.T.);
#13912 = EDGE_LOOP('',(#13913,#13914,#13915,#13916));
#13913 = ORIENTED_EDGE('',*,*,#13801,.F.);
#13914 = ORIENTED_EDGE('',*,*,#13899,.T.);
#13915 = ORIENTED_EDGE('',*,*,#13883,.T.);
#13916 = ORIENTED_EDGE('',*,*,#13851,.F.);
#13917 = PLANE('',#13918);
#13918 = AXIS2_PLACEMENT_3D('',#13919,#13920,#13921);
#13919 = CARTESIAN_POINT('',(46.,0.,-65.));
#13920 = DIRECTION('',(1.,0.,-0.));
#13921 = DIRECTION('',(0.,0.,1.));
#13922 = ADVANCED_FACE('',(#13923),#13948,.T.);
#13923 = FACE_BOUND('',#13924,.T.);
#13924 = EDGE_LOOP('',(#13925,#13926,#13934,#13942));
#13925 = ORIENTED_EDGE('',*,*,#13809,.F.);
#13926 = ORIENTED_EDGE('',*,*,#13927,.T.);
#13927 = EDGE_CURVE('',#13810,#13928,#13930,.T.);
#13928 = VERTEX_POINT('',#13929);
#13929 = CARTESIAN_POINT('',(0.,0.5,0.));
#13930 = LINE('',#13931,#13932);
#13931 = CARTESIAN_POINT('',(0.,0.,0.));
#13932 = VECTOR('',#13933,1.);
#13933 = DIRECTION('',(-0.,1.,0.));
#13934 = ORIENTED_EDGE('',*,*,#13935,.T.);
#13935 = EDGE_CURVE('',#13928,#13936,#13938,.T.);
#13936 = VERTEX_POINT('',#13937);
#13937 = CARTESIAN_POINT('',(0.,0.5,20.));
#13938 = LINE('',#13939,#13940);
#13939 = CARTESIAN_POINT('',(0.,0.5,0.));
#13940 = VECTOR('',#13941,1.);
#13941 = DIRECTION('',(0.,0.,1.));
#13942 = ORIENTED_EDGE('',*,*,#13943,.F.);
#13943 = EDGE_CURVE('',#13812,#13936,#13944,.T.);
#13944 = LINE('',#13945,#13946);
#13945 = CARTESIAN_POINT('',(0.,0.,20.));
#13946 = VECTOR('',#13947,1.);
#13947 = DIRECTION('',(-0.,1.,0.));
#13948 = PLANE('',#13949);
#13949 = AXIS2_PLACEMENT_3D('',#13950,#13951,#13952);
#13950 = CARTESIAN_POINT('',(0.,0.,0.));
#13951 = DIRECTION('',(1.,0.,-0.));
#13952 = DIRECTION('',(0.,0.,1.));
#13953 = ADVANCED_FACE('',(#13954),#13972,.F.);
#13954 = FACE_BOUND('',#13955,.F.);
#13955 = EDGE_LOOP('',(#13956,#13957,#13958,#13966));
#13956 = ORIENTED_EDGE('',*,*,#13943,.F.);
#13957 = ORIENTED_EDGE('',*,*,#13835,.T.);
#13958 = ORIENTED_EDGE('',*,*,#13959,.T.);
#13959 = EDGE_CURVE('',#13828,#13960,#13962,.T.);
#13960 = VERTEX_POINT('',#13961);
#13961 = CARTESIAN_POINT('',(20.,0.5,20.));
#13962 = LINE('',#13963,#13964);
#13963 = CARTESIAN_POINT('',(20.,0.,20.));
#13964 = VECTOR('',#13965,1.);
#13965 = DIRECTION('',(-0.,1.,0.));
#13966 = ORIENTED_EDGE('',*,*,#13967,.F.);
#13967 = EDGE_CURVE('',#13936,#13960,#13968,.T.);
#13968 = LINE('',#13969,#13970);
#13969 = CARTESIAN_POINT('',(0.,0.5,20.));
#13970 = VECTOR('',#13971,1.);
#13971 = DIRECTION('',(1.,0.,-0.));
#13972 = PLANE('',#13973);
#13973 = AXIS2_PLACEMENT_3D('',#13974,#13975,#13976);
#13974 = CARTESIAN_POINT('',(0.,0.,20.));
#13975 = DIRECTION('',(0.,0.,1.));
#13976 = DIRECTION('',(1.,0.,-0.));
#13977 = ADVANCED_FACE('',(#13978),#13996,.F.);
#13978 = FACE_BOUND('',#13979,.F.);
#13979 = EDGE_LOOP('',(#13980,#13981,#13989,#13995));
#13980 = ORIENTED_EDGE('',*,*,#13827,.F.);
#13981 = ORIENTED_EDGE('',*,*,#13982,.T.);
#13982 = EDGE_CURVE('',#13820,#13983,#13985,.T.);
#13983 = VERTEX_POINT('',#13984);
#13984 = CARTESIAN_POINT('',(20.,0.5,0.));
#13985 = LINE('',#13986,#13987);
#13986 = CARTESIAN_POINT('',(20.,0.,0.));
#13987 = VECTOR('',#13988,1.);
#13988 = DIRECTION('',(-0.,1.,0.));
#13989 = ORIENTED_EDGE('',*,*,#13990,.T.);
#13990 = EDGE_CURVE('',#13983,#13960,#13991,.T.);
#13991 = LINE('',#13992,#13993);
#13992 = CARTESIAN_POINT('',(20.,0.5,0.));
#13993 = VECTOR('',#13994,1.);
#13994 = DIRECTION('',(0.,0.,1.));
#13995 = ORIENTED_EDGE('',*,*,#13959,.F.);
#13996 = PLANE('',#13997);
#13997 = AXIS2_PLACEMENT_3D('',#13998,#13999,#14000);
#13998 = CARTESIAN_POINT('',(20.,0.,0.));
#13999 = DIRECTION('',(1.,0.,-0.));
#14000 = DIRECTION('',(0.,0.,1.));
#14001 = ADVANCED_FACE('',(#14002),#14013,.T.);
#14002 = FACE_BOUND('',#14003,.T.);
#14003 = EDGE_LOOP('',(#14004,#14005,#14006,#14007));
#14004 = ORIENTED_EDGE('',*,*,#13927,.F.);
#14005 = ORIENTED_EDGE('',*,*,#13819,.T.);
#14006 = ORIENTED_EDGE('',*,*,#13982,.T.);
#14007 = ORIENTED_EDGE('',*,*,#14008,.F.);
#14008 = EDGE_CURVE('',#13928,#13983,#14009,.T.);
#14009 = LINE('',#14010,#14011);
#14010 = CARTESIAN_POINT('',(0.,0.5,0.));
#14011 = VECTOR('',#14012,1.);
#14012 = DIRECTION('',(1.,0.,-0.));
#14013 = PLANE('',#14014);
#14014 = AXIS2_PLACEMENT_3D('',#14015,#14016,#14017);
#14015 = CARTESIAN_POINT('',(0.,0.,0.));
#14016 = DIRECTION('',(0.,0.,1.));
#14017 = DIRECTION('',(1.,0.,-0.));
#14018 = ADVANCED_FACE('',(#14019,#14053),#14059,.T.);
#14019 = FACE_BOUND('',#14020,.T.);
#14020 = EDGE_LOOP('',(#14021,#14031,#14039,#14047));
#14021 = ORIENTED_EDGE('',*,*,#14022,.F.);
#14022 = EDGE_CURVE('',#14023,#14025,#14027,.T.);
#14023 = VERTEX_POINT('',#14024);
#14024 = CARTESIAN_POINT('',(-10.,0.5,-20.));
#14025 = VERTEX_POINT('',#14026);
#14026 = CARTESIAN_POINT('',(30.,0.5,-20.));
#14027 = LINE('',#14028,#14029);
#14028 = CARTESIAN_POINT('',(-10.,0.5,-20.));
#14029 = VECTOR('',#14030,1.);
#14030 = DIRECTION('',(1.,0.,-0.));
#14031 = ORIENTED_EDGE('',*,*,#14032,.T.);
#14032 = EDGE_CURVE('',#14023,#14033,#14035,.T.);
#14033 = VERTEX_POINT('',#14034);
#14034 = CARTESIAN_POINT('',(-10.,0.5,40.));
#14035 = LINE('',#14036,#14037);
#14036 = CARTESIAN_POINT('',(-10.,0.5,-20.));
#14037 = VECTOR('',#14038,1.);
#14038 = DIRECTION('',(0.,0.,1.));
#14039 = ORIENTED_EDGE('',*,*,#14040,.T.);
#14040 = EDGE_CURVE('',#14033,#14041,#14043,.T.);
#14041 = VERTEX_POINT('',#14042);
#14042 = CARTESIAN_POINT('',(30.,0.5,40.));
#14043 = LINE('',#14044,#14045);
#14044 = CARTESIAN_POINT('',(-10.,0.5,40.));
#14045 = VECTOR('',#14046,1.);
#14046 = DIRECTION('',(1.,0.,-0.));
#14047 = ORIENTED_EDGE('',*,*,#14048,.F.);
#14048 = EDGE_CURVE('',#14025,#14041,#14049,.T.);
#14049 = LINE('',#14050,#14051);
#14050 = CARTESIAN_POINT('',(30.,0.5,-20.));
#14051 = VECTOR('',#14052,1.);
#14052 = DIRECTION('',(0.,0.,1.));
#14053 = FACE_BOUND('',#14054,.T.);
#14054 = EDGE_LOOP('',(#14055,#14056,#14057,#14058));
#14055 = ORIENTED_EDGE('',*,*,#13935,.F.);
#14056 = ORIENTED_EDGE('',*,*,#14008,.T.);
#14057 = ORIENTED_EDGE('',*,*,#13990,.T.);
#14058 = ORIENTED_EDGE('',*,*,#13967,.F.);
#14059 = PLANE('',#14060);
#14060 = AXIS2_PLACEMENT_3D('',#14061,#14062,#14063);
#14061 = CARTESIAN_POINT('',(-10.,0.5,-20.));
#14062 = DIRECTION('',(-0.,1.,0.));
#14063 = DIRECTION('',(0.,0.,1.));
#14064 = ADVANCED_FACE('',(#14065),#14090,.T.);
#14065 = FACE_BOUND('',#14066,.T.);
#14066 = EDGE_LOOP('',(#14067,#14075,#14076,#14084));
#14067 = ORIENTED_EDGE('',*,*,#14068,.F.);
#14068 = EDGE_CURVE('',#14023,#14069,#14071,.T.);
#14069 = VERTEX_POINT('',#14070);
#14070 = CARTESIAN_POINT('',(-10.,2.5,-20.));
#14071 = LINE('',#14072,#14073);
#14072 = CARTESIAN_POINT('',(-10.,0.5,-20.));
#14073 = VECTOR('',#14074,1.);
#14074 = DIRECTION('',(-0.,1.,0.));
#14075 = ORIENTED_EDGE('',*,*,#14022,.T.);
#14076 = ORIENTED_EDGE('',*,*,#14077,.T.);
#14077 = EDGE_CURVE('',#14025,#14078,#14080,.T.);
#14078 = VERTEX_POINT('',#14079);
#14079 = CARTESIAN_POINT('',(30.,2.5,-20.));
#14080 = LINE('',#14081,#14082);
#14081 = CARTESIAN_POINT('',(30.,0.5,-20.));
#14082 = VECTOR('',#14083,1.);
#14083 = DIRECTION('',(-0.,1.,0.));
#14084 = ORIENTED_EDGE('',*,*,#14085,.F.);
#14085 = EDGE_CURVE('',#14069,#14078,#14086,.T.);
#14086 = LINE('',#14087,#14088);
#14087 = CARTESIAN_POINT('',(-10.,2.5,-20.));
#14088 = VECTOR('',#14089,1.);
#14089 = DIRECTION('',(1.,0.,-0.));
#14090 = PLANE('',#14091);
#14091 = AXIS2_PLACEMENT_3D('',#14092,#14093,#14094);
#14092 = CARTESIAN_POINT('',(-10.,0.5,-20.));
#14093 = DIRECTION('',(0.,0.,1.));
#14094 = DIRECTION('',(1.,0.,-0.));
#14095 = ADVANCED_FACE('',(#14096),#14114,.F.);
#14096 = FACE_BOUND('',#14097,.F.);
#14097 = EDGE_LOOP('',(#14098,#14099,#14100,#14108));
#14098 = ORIENTED_EDGE('',*,*,#14048,.F.);
#14099 = ORIENTED_EDGE('',*,*,#14077,.T.);
#14100 = ORIENTED_EDGE('',*,*,#14101,.T.);
#14101 = EDGE_CURVE('',#14078,#14102,#14104,.T.);
#14102 = VERTEX_POINT('',#14103);
#14103 = CARTESIAN_POINT('',(30.,2.5,40.));
#14104 = LINE('',#14105,#14106);
#14105 = CARTESIAN_POINT('',(30.,2.5,-20.));
#14106 = VECTOR('',#14107,1.);
#14107 = DIRECTION('',(0.,0.,1.));
#14108 = ORIENTED_EDGE('',*,*,#14109,.F.);
#14109 = EDGE_CURVE('',#14041,#14102,#14110,.T.);
#14110 = LINE('',#14111,#14112);
#14111 = CARTESIAN_POINT('',(30.,0.5,40.));
#14112 = VECTOR('',#14113,1.);
#14113 = DIRECTION('',(-0.,1.,0.));
#14114 = PLANE('',#14115);
#14115 = AXIS2_PLACEMENT_3D('',#14116,#14117,#14118);
#14116 = CARTESIAN_POINT('',(30.,0.5,-20.));
#14117 = DIRECTION('',(1.,0.,-0.));
#14118 = DIRECTION('',(0.,0.,1.));
#14119 = ADVANCED_FACE('',(#14120),#14138,.T.);
#14120 = FACE_BOUND('',#14121,.T.);
#14121 = EDGE_LOOP('',(#14122,#14123,#14124,#14132));
#14122 = ORIENTED_EDGE('',*,*,#14032,.F.);
#14123 = ORIENTED_EDGE('',*,*,#14068,.T.);
#14124 = ORIENTED_EDGE('',*,*,#14125,.T.);
#14125 = EDGE_CURVE('',#14069,#14126,#14128,.T.);
#14126 = VERTEX_POINT('',#14127);
#14127 = CARTESIAN_POINT('',(-10.,2.5,40.));
#14128 = LINE('',#14129,#14130);
#14129 = CARTESIAN_POINT('',(-10.,2.5,-20.));
#14130 = VECTOR('',#14131,1.);
#14131 = DIRECTION('',(0.,0.,1.));
#14132 = ORIENTED_EDGE('',*,*,#14133,.F.);
#14133 = EDGE_CURVE('',#14033,#14126,#14134,.T.);
#14134 = LINE('',#14135,#14136);
#14135 = CARTESIAN_POINT('',(-10.,0.5,40.));
#14136 = VECTOR('',#14137,1.);
#14137 = DIRECTION('',(-0.,1.,0.));
#14138 = PLANE('',#14139);
#14139 = AXIS2_PLACEMENT_3D('',#14140,#14141,#14142);
#14140 = CARTESIAN_POINT('',(-10.,0.5,-20.));
#14141 = DIRECTION('',(1.,0.,-0.));
#14142 = DIRECTION('',(0.,0.,1.));
#14143 = ADVANCED_FACE('',(#14144),#14155,.F.);
#14144 = FACE_BOUND('',#14145,.F.);
#14145 = EDGE_LOOP('',(#14146,#14147,#14148,#14149));
#14146 = ORIENTED_EDGE('',*,*,#14133,.F.);
#14147 = ORIENTED_EDGE('',*,*,#14040,.T.);
#14148 = ORIENTED_EDGE('',*,*,#14109,.T.);
#14149 = ORIENTED_EDGE('',*,*,#14150,.F.);
#14150 = EDGE_CURVE('',#14126,#14102,#14151,.T.);
#14151 = LINE('',#14152,#14153);
#14152 = CARTESIAN_POINT('',(-10.,2.5,40.));
#14153 = VECTOR('',#14154,1.);
#14154 = DIRECTION('',(1.,0.,-0.));
#14155 = PLANE('',#14156);
#14156 = AXIS2_PLACEMENT_3D('',#14157,#14158,#14159);
#14157 = CARTESIAN_POINT('',(-10.,0.5,40.));
#14158 = DIRECTION('',(0.,0.,1.));
#14159 = DIRECTION('',(1.,0.,-0.));
#14160 = ADVANCED_FACE('',(#14161,#14195),#14201,.T.);
#14161 = FACE_BOUND('',#14162,.T.);
#14162 = EDGE_LOOP('',(#14163,#14173,#14181,#14189));
#14163 = ORIENTED_EDGE('',*,*,#14164,.F.);
#14164 = EDGE_CURVE('',#14165,#14167,#14169,.T.);
#14165 = VERTEX_POINT('',#14166);
#14166 = CARTESIAN_POINT('',(-20.,2.5,-40.));
#14167 = VERTEX_POINT('',#14168);
#14168 = CARTESIAN_POINT('',(40.,2.5,-40.));
#14169 = LINE('',#14170,#14171);
#14170 = CARTESIAN_POINT('',(-20.,2.5,-40.));
#14171 = VECTOR('',#14172,1.);
#14172 = DIRECTION('',(1.,0.,-0.));
#14173 = ORIENTED_EDGE('',*,*,#14174,.T.);
#14174 = EDGE_CURVE('',#14165,#14175,#14177,.T.);
#14175 = VERTEX_POINT('',#14176);
#14176 = CARTESIAN_POINT('',(-20.,2.5,60.));
#14177 = LINE('',#14178,#14179);
#14178 = CARTESIAN_POINT('',(-20.,2.5,-40.));
#14179 = VECTOR('',#14180,1.);
#14180 = DIRECTION('',(0.,0.,1.));
#14181 = ORIENTED_EDGE('',*,*,#14182,.T.);
#14182 = EDGE_CURVE('',#14175,#14183,#14185,.T.);
#14183 = VERTEX_POINT('',#14184);
#14184 = CARTESIAN_POINT('',(40.,2.5,60.));
#14185 = LINE('',#14186,#14187);
#14186 = CARTESIAN_POINT('',(-20.,2.5,60.));
#14187 = VECTOR('',#14188,1.);
#14188 = DIRECTION('',(1.,0.,-0.));
#14189 = ORIENTED_EDGE('',*,*,#14190,.F.);
#14190 = EDGE_CURVE('',#14167,#14183,#14191,.T.);
#14191 = LINE('',#14192,#14193);
#14192 = CARTESIAN_POINT('',(40.,2.5,-40.));
#14193 = VECTOR('',#14194,1.);
#14194 = DIRECTION('',(0.,0.,1.));
#14195 = FACE_BOUND('',#14196,.T.);
#14196 = EDGE_LOOP('',(#14197,#14198,#14199,#14200));
#14197 = ORIENTED_EDGE('',*,*,#14125,.F.);
#14198 = ORIENTED_EDGE('',*,*,#14085,.T.);
#14199 = ORIENTED_EDGE('',*,*,#14101,.T.);
#14200 = ORIENTED_EDGE('',*,*,#14150,.F.);
#14201 = PLANE('',#14202);
#14202 = AXIS2_PLACEMENT_3D('',#14203,#14204,#14205);
#14203 = CARTESIAN_POINT('',(-20.,2.5,-40.));
#14204 = DIRECTION('',(-0.,1.,0.));
#14205 = DIRECTION('',(0.,0.,1.));
#14206 = ADVANCED_FACE('',(#14207),#14280,.T.);
#14207 = FACE_BOUND('',#14208,.T.);
#14208 = EDGE_LOOP('',(#14209,#14217,#14218,#14226,#14234,#14242,#14250,
    #14258,#14266,#14274));
#14209 = ORIENTED_EDGE('',*,*,#14210,.F.);
#14210 = EDGE_CURVE('',#14165,#14211,#14213,.T.);
#14211 = VERTEX_POINT('',#14212);
#14212 = CARTESIAN_POINT('',(-20.,4.5,-40.));
#14213 = LINE('',#14214,#14215);
#14214 = CARTESIAN_POINT('',(-20.,2.5,-40.));
#14215 = VECTOR('',#14216,1.);
#14216 = DIRECTION('',(-0.,1.,0.));
#14217 = ORIENTED_EDGE('',*,*,#14164,.T.);
#14218 = ORIENTED_EDGE('',*,*,#14219,.T.);
#14219 = EDGE_CURVE('',#14167,#14220,#14222,.T.);
#14220 = VERTEX_POINT('',#14221);
#14221 = CARTESIAN_POINT('',(40.,4.5,-40.));
#14222 = LINE('',#14223,#14224);
#14223 = CARTESIAN_POINT('',(40.,2.5,-40.));
#14224 = VECTOR('',#14225,1.);
#14225 = DIRECTION('',(-0.,1.,0.));
#14226 = ORIENTED_EDGE('',*,*,#14227,.F.);
#14227 = EDGE_CURVE('',#14228,#14220,#14230,.T.);
#14228 = VERTEX_POINT('',#14229);
#14229 = CARTESIAN_POINT('',(31.428571428571,4.5,-40.));
#14230 = LINE('',#14231,#14232);
#14231 = CARTESIAN_POINT('',(31.428571428571,4.5,-40.));
#14232 = VECTOR('',#14233,1.);
#14233 = DIRECTION('',(1.,0.,-0.));
#14234 = ORIENTED_EDGE('',*,*,#14235,.F.);
#14235 = EDGE_CURVE('',#14236,#14228,#14238,.T.);
#14236 = VERTEX_POINT('',#14237);
#14237 = CARTESIAN_POINT('',(22.857142857143,4.5,-40.));
#14238 = LINE('',#14239,#14240);
#14239 = CARTESIAN_POINT('',(-20.,4.5,-40.));
#14240 = VECTOR('',#14241,1.);
#14241 = DIRECTION('',(1.,0.,-0.));
#14242 = ORIENTED_EDGE('',*,*,#14243,.F.);
#14243 = EDGE_CURVE('',#14244,#14236,#14246,.T.);
#14244 = VERTEX_POINT('',#14245);
#14245 = CARTESIAN_POINT('',(14.285714285714,4.5,-40.));
#14246 = LINE('',#14247,#14248);
#14247 = CARTESIAN_POINT('',(14.285714285714,4.5,-40.));
#14248 = VECTOR('',#14249,1.);
#14249 = DIRECTION('',(1.,0.,-0.));
#14250 = ORIENTED_EDGE('',*,*,#14251,.F.);
#14251 = EDGE_CURVE('',#14252,#14244,#14254,.T.);
#14252 = VERTEX_POINT('',#14253);
#14253 = CARTESIAN_POINT('',(5.714285714286,4.5,-40.));
#14254 = LINE('',#14255,#14256);
#14255 = CARTESIAN_POINT('',(-20.,4.5,-40.));
#14256 = VECTOR('',#14257,1.);
#14257 = DIRECTION('',(1.,0.,-0.));
#14258 = ORIENTED_EDGE('',*,*,#14259,.F.);
#14259 = EDGE_CURVE('',#14260,#14252,#14262,.T.);
#14260 = VERTEX_POINT('',#14261);
#14261 = CARTESIAN_POINT('',(-2.857142857143,4.5,-40.));
#14262 = LINE('',#14263,#14264);
#14263 = CARTESIAN_POINT('',(-2.857142857143,4.5,-40.));
#14264 = VECTOR('',#14265,1.);
#14265 = DIRECTION('',(1.,0.,-0.));
#14266 = ORIENTED_EDGE('',*,*,#14267,.F.);
#14267 = EDGE_CURVE('',#14268,#14260,#14270,.T.);
#14268 = VERTEX_POINT('',#14269);
#14269 = CARTESIAN_POINT('',(-11.42857142857,4.5,-40.));
#14270 = LINE('',#14271,#14272);
#14271 = CARTESIAN_POINT('',(-20.,4.5,-40.));
#14272 = VECTOR('',#14273,1.);
#14273 = DIRECTION('',(1.,0.,-0.));
#14274 = ORIENTED_EDGE('',*,*,#14275,.F.);
#14275 = EDGE_CURVE('',#14211,#14268,#14276,.T.);
#14276 = LINE('',#14277,#14278);
#14277 = CARTESIAN_POINT('',(-20.,4.5,-40.));
#14278 = VECTOR('',#14279,1.);
#14279 = DIRECTION('',(1.,0.,-0.));
#14280 = PLANE('',#14281);
#14281 = AXIS2_PLACEMENT_3D('',#14282,#14283,#14284);
#14282 = CARTESIAN_POINT('',(-20.,2.5,-40.));
#14283 = DIRECTION('',(0.,0.,1.));
#14284 = DIRECTION('',(1.,0.,-0.));
#14285 = ADVANCED_FACE('',(#14286),#14304,.F.);
#14286 = FACE_BOUND('',#14287,.F.);
#14287 = EDGE_LOOP('',(#14288,#14289,#14290,#14298));
#14288 = ORIENTED_EDGE('',*,*,#14190,.F.);
#14289 = ORIENTED_EDGE('',*,*,#14219,.T.);
#14290 = ORIENTED_EDGE('',*,*,#14291,.T.);
#14291 = EDGE_CURVE('',#14220,#14292,#14294,.T.);
#14292 = VERTEX_POINT('',#14293);
#14293 = CARTESIAN_POINT('',(40.,4.5,60.));
#14294 = LINE('',#14295,#14296);
#14295 = CARTESIAN_POINT('',(40.,4.5,-40.));
#14296 = VECTOR('',#14297,1.);
#14297 = DIRECTION('',(0.,0.,1.));
#14298 = ORIENTED_EDGE('',*,*,#14299,.F.);
#14299 = EDGE_CURVE('',#14183,#14292,#14300,.T.);
#14300 = LINE('',#14301,#14302);
#14301 = CARTESIAN_POINT('',(40.,2.5,60.));
#14302 = VECTOR('',#14303,1.);
#14303 = DIRECTION('',(-0.,1.,0.));
#14304 = PLANE('',#14305);
#14305 = AXIS2_PLACEMENT_3D('',#14306,#14307,#14308);
#14306 = CARTESIAN_POINT('',(40.,2.5,-40.));
#14307 = DIRECTION('',(1.,0.,-0.));
#14308 = DIRECTION('',(0.,0.,1.));
#14309 = ADVANCED_FACE('',(#14310),#14328,.T.);
#14310 = FACE_BOUND('',#14311,.T.);
#14311 = EDGE_LOOP('',(#14312,#14313,#14314,#14322));
#14312 = ORIENTED_EDGE('',*,*,#14174,.F.);
#14313 = ORIENTED_EDGE('',*,*,#14210,.T.);
#14314 = ORIENTED_EDGE('',*,*,#14315,.T.);
#14315 = EDGE_CURVE('',#14211,#14316,#14318,.T.);
#14316 = VERTEX_POINT('',#14317);
#14317 = CARTESIAN_POINT('',(-20.,4.5,60.));
#14318 = LINE('',#14319,#14320);
#14319 = CARTESIAN_POINT('',(-20.,4.5,-40.));
#14320 = VECTOR('',#14321,1.);
#14321 = DIRECTION('',(0.,0.,1.));
#14322 = ORIENTED_EDGE('',*,*,#14323,.F.);
#14323 = EDGE_CURVE('',#14175,#14316,#14324,.T.);
#14324 = LINE('',#14325,#14326);
#14325 = CARTESIAN_POINT('',(-20.,2.5,60.));
#14326 = VECTOR('',#14327,1.);
#14327 = DIRECTION('',(-0.,1.,0.));
#14328 = PLANE('',#14329);
#14329 = AXIS2_PLACEMENT_3D('',#14330,#14331,#14332);
#14330 = CARTESIAN_POINT('',(-20.,2.5,-40.));
#14331 = DIRECTION('',(1.,0.,-0.));
#14332 = DIRECTION('',(0.,0.,1.));
#14333 = ADVANCED_FACE('',(#14334),#14393,.F.);
#14334 = FACE_BOUND('',#14335,.F.);
#14335 = EDGE_LOOP('',(#14336,#14337,#14338,#14339,#14347,#14355,#14363,
    #14371,#14379,#14387));
#14336 = ORIENTED_EDGE('',*,*,#14323,.F.);
#14337 = ORIENTED_EDGE('',*,*,#14182,.T.);
#14338 = ORIENTED_EDGE('',*,*,#14299,.T.);
#14339 = ORIENTED_EDGE('',*,*,#14340,.F.);
#14340 = EDGE_CURVE('',#14341,#14292,#14343,.T.);
#14341 = VERTEX_POINT('',#14342);
#14342 = CARTESIAN_POINT('',(31.428571428571,4.5,60.));
#14343 = LINE('',#14344,#14345);
#14344 = CARTESIAN_POINT('',(31.428571428571,4.5,60.));
#14345 = VECTOR('',#14346,1.);
#14346 = DIRECTION('',(1.,0.,-0.));
#14347 = ORIENTED_EDGE('',*,*,#14348,.F.);
#14348 = EDGE_CURVE('',#14349,#14341,#14351,.T.);
#14349 = VERTEX_POINT('',#14350);
#14350 = CARTESIAN_POINT('',(22.857142857143,4.5,60.));
#14351 = LINE('',#14352,#14353);
#14352 = CARTESIAN_POINT('',(-20.,4.5,60.));
#14353 = VECTOR('',#14354,1.);
#14354 = DIRECTION('',(1.,0.,-0.));
#14355 = ORIENTED_EDGE('',*,*,#14356,.F.);
#14356 = EDGE_CURVE('',#14357,#14349,#14359,.T.);
#14357 = VERTEX_POINT('',#14358);
#14358 = CARTESIAN_POINT('',(14.285714285714,4.5,60.));
#14359 = LINE('',#14360,#14361);
#14360 = CARTESIAN_POINT('',(14.285714285714,4.5,60.));
#14361 = VECTOR('',#14362,1.);
#14362 = DIRECTION('',(1.,0.,-0.));
#14363 = ORIENTED_EDGE('',*,*,#14364,.F.);
#14364 = EDGE_CURVE('',#14365,#14357,#14367,.T.);
#14365 = VERTEX_POINT('',#14366);
#14366 = CARTESIAN_POINT('',(5.714285714286,4.5,60.));
#14367 = LINE('',#14368,#14369);
#14368 = CARTESIAN_POINT('',(-20.,4.5,60.));
#14369 = VECTOR('',#14370,1.);
#14370 = DIRECTION('',(1.,0.,-0.));
#14371 = ORIENTED_EDGE('',*,*,#14372,.F.);
#14372 = EDGE_CURVE('',#14373,#14365,#14375,.T.);
#14373 = VERTEX_POINT('',#14374);
#14374 = CARTESIAN_POINT('',(-2.857142857143,4.5,60.));
#14375 = LINE('',#14376,#14377);
#14376 = CARTESIAN_POINT('',(-2.857142857143,4.5,60.));
#14377 = VECTOR('',#14378,1.);
#14378 = DIRECTION('',(1.,0.,-0.));
#14379 = ORIENTED_EDGE('',*,*,#14380,.F.);
#14380 = EDGE_CURVE('',#14381,#14373,#14383,.T.);
#14381 = VERTEX_POINT('',#14382);
#14382 = CARTESIAN_POINT('',(-11.42857142857,4.5,60.));
#14383 = LINE('',#14384,#14385);
#14384 = CARTESIAN_POINT('',(-20.,4.5,60.));
#14385 = VECTOR('',#14386,1.);
#14386 = DIRECTION('',(1.,0.,-0.));
#14387 = ORIENTED_EDGE('',*,*,#14388,.F.);
#14388 = EDGE_CURVE('',#14316,#14381,#14389,.T.);
#14389 = LINE('',#14390,#14391);
#14390 = CARTESIAN_POINT('',(-20.,4.5,60.));
#14391 = VECTOR('',#14392,1.);
#14392 = DIRECTION('',(1.,0.,-0.));
#14393 = PLANE('',#14394);
#14394 = AXIS2_PLACEMENT_3D('',#14395,#14396,#14397);
#14395 = CARTESIAN_POINT('',(-20.,2.5,60.));
#14396 = DIRECTION('',(0.,0.,1.));
#14397 = DIRECTION('',(1.,0.,-0.));
#14398 = ADVANCED_FACE('',(#14399),#14424,.T.);
#14399 = FACE_BOUND('',#14400,.T.);
#14400 = EDGE_LOOP('',(#14401,#14409,#14410,#14418));
#14401 = ORIENTED_EDGE('',*,*,#14402,.F.);
#14402 = EDGE_CURVE('',#14211,#14403,#14405,.T.);
#14403 = VERTEX_POINT('',#14404);
#14404 = CARTESIAN_POINT('',(-20.,44.5,-40.));
#14405 = LINE('',#14406,#14407);
#14406 = CARTESIAN_POINT('',(-20.,4.5,-40.));
#14407 = VECTOR('',#14408,1.);
#14408 = DIRECTION('',(-0.,1.,0.));
#14409 = ORIENTED_EDGE('',*,*,#14275,.T.);
#14410 = ORIENTED_EDGE('',*,*,#14411,.T.);
#14411 = EDGE_CURVE('',#14268,#14412,#14414,.T.);
#14412 = VERTEX_POINT('',#14413);
#14413 = CARTESIAN_POINT('',(-11.42857142857,44.5,-40.));
#14414 = LINE('',#14415,#14416);
#14415 = CARTESIAN_POINT('',(-11.42857142857,4.5,-40.));
#14416 = VECTOR('',#14417,1.);
#14417 = DIRECTION('',(-0.,1.,0.));
#14418 = ORIENTED_EDGE('',*,*,#14419,.F.);
#14419 = EDGE_CURVE('',#14403,#14412,#14420,.T.);
#14420 = LINE('',#14421,#14422);
#14421 = CARTESIAN_POINT('',(-20.,44.5,-40.));
#14422 = VECTOR('',#14423,1.);
#14423 = DIRECTION('',(1.,0.,-0.));
#14424 = PLANE('',#14425);
#14425 = AXIS2_PLACEMENT_3D('',#14426,#14427,#14428);
#14426 = CARTESIAN_POINT('',(-20.,4.5,-40.));
#14427 = DIRECTION('',(0.,0.,1.));
#14428 = DIRECTION('',(1.,0.,-0.));
#14429 = ADVANCED_FACE('',(#14430),#14446,.F.);
#14430 = FACE_BOUND('',#14431,.F.);
#14431 = EDGE_LOOP('',(#14432,#14433,#14439,#14440));
#14432 = ORIENTED_EDGE('',*,*,#14267,.F.);
#14433 = ORIENTED_EDGE('',*,*,#14434,.T.);
#14434 = EDGE_CURVE('',#14268,#14381,#14435,.T.);
#14435 = LINE('',#14436,#14437);
#14436 = CARTESIAN_POINT('',(-11.42857142857,4.5,-40.));
#14437 = VECTOR('',#14438,1.);
#14438 = DIRECTION('',(0.,0.,1.));
#14439 = ORIENTED_EDGE('',*,*,#14380,.T.);
#14440 = ORIENTED_EDGE('',*,*,#14441,.F.);
#14441 = EDGE_CURVE('',#14260,#14373,#14442,.T.);
#14442 = LINE('',#14443,#14444);
#14443 = CARTESIAN_POINT('',(-2.857142857143,4.5,-40.));
#14444 = VECTOR('',#14445,1.);
#14445 = DIRECTION('',(0.,0.,1.));
#14446 = PLANE('',#14447);
#14447 = AXIS2_PLACEMENT_3D('',#14448,#14449,#14450);
#14448 = CARTESIAN_POINT('',(-20.,4.5,-40.));
#14449 = DIRECTION('',(-0.,1.,0.));
#14450 = DIRECTION('',(0.,0.,1.));
#14451 = ADVANCED_FACE('',(#14452),#14477,.T.);
#14452 = FACE_BOUND('',#14453,.T.);
#14453 = EDGE_LOOP('',(#14454,#14462,#14463,#14471));
#14454 = ORIENTED_EDGE('',*,*,#14455,.F.);
#14455 = EDGE_CURVE('',#14260,#14456,#14458,.T.);
#14456 = VERTEX_POINT('',#14457);
#14457 = CARTESIAN_POINT('',(-2.857142857143,44.5,-40.));
#14458 = LINE('',#14459,#14460);
#14459 = CARTESIAN_POINT('',(-2.857142857143,4.5,-40.));
#14460 = VECTOR('',#14461,1.);
#14461 = DIRECTION('',(-0.,1.,0.));
#14462 = ORIENTED_EDGE('',*,*,#14259,.T.);
#14463 = ORIENTED_EDGE('',*,*,#14464,.T.);
#14464 = EDGE_CURVE('',#14252,#14465,#14467,.T.);
#14465 = VERTEX_POINT('',#14466);
#14466 = CARTESIAN_POINT('',(5.714285714286,44.5,-40.));
#14467 = LINE('',#14468,#14469);
#14468 = CARTESIAN_POINT('',(5.714285714286,4.5,-40.));
#14469 = VECTOR('',#14470,1.);
#14470 = DIRECTION('',(-0.,1.,0.));
#14471 = ORIENTED_EDGE('',*,*,#14472,.F.);
#14472 = EDGE_CURVE('',#14456,#14465,#14473,.T.);
#14473 = LINE('',#14474,#14475);
#14474 = CARTESIAN_POINT('',(-2.857142857143,44.5,-40.));
#14475 = VECTOR('',#14476,1.);
#14476 = DIRECTION('',(1.,0.,-0.));
#14477 = PLANE('',#14478);
#14478 = AXIS2_PLACEMENT_3D('',#14479,#14480,#14481);
#14479 = CARTESIAN_POINT('',(-2.857142857143,4.5,-40.));
#14480 = DIRECTION('',(0.,0.,1.));
#14481 = DIRECTION('',(1.,0.,-0.));
#14482 = ADVANCED_FACE('',(#14483),#14499,.F.);
#14483 = FACE_BOUND('',#14484,.F.);
#14484 = EDGE_LOOP('',(#14485,#14486,#14492,#14493));
#14485 = ORIENTED_EDGE('',*,*,#14251,.F.);
#14486 = ORIENTED_EDGE('',*,*,#14487,.T.);
#14487 = EDGE_CURVE('',#14252,#14365,#14488,.T.);
#14488 = LINE('',#14489,#14490);
#14489 = CARTESIAN_POINT('',(5.714285714286,4.5,-40.));
#14490 = VECTOR('',#14491,1.);
#14491 = DIRECTION('',(0.,0.,1.));
#14492 = ORIENTED_EDGE('',*,*,#14364,.T.);
#14493 = ORIENTED_EDGE('',*,*,#14494,.F.);
#14494 = EDGE_CURVE('',#14244,#14357,#14495,.T.);
#14495 = LINE('',#14496,#14497);
#14496 = CARTESIAN_POINT('',(14.285714285714,4.5,-40.));
#14497 = VECTOR('',#14498,1.);
#14498 = DIRECTION('',(0.,0.,1.));
#14499 = PLANE('',#14500);
#14500 = AXIS2_PLACEMENT_3D('',#14501,#14502,#14503);
#14501 = CARTESIAN_POINT('',(-20.,4.5,-40.));
#14502 = DIRECTION('',(-0.,1.,0.));
#14503 = DIRECTION('',(0.,0.,1.));
#14504 = ADVANCED_FACE('',(#14505),#14530,.T.);
#14505 = FACE_BOUND('',#14506,.T.);
#14506 = EDGE_LOOP('',(#14507,#14515,#14516,#14524));
#14507 = ORIENTED_EDGE('',*,*,#14508,.F.);
#14508 = EDGE_CURVE('',#14244,#14509,#14511,.T.);
#14509 = VERTEX_POINT('',#14510);
#14510 = CARTESIAN_POINT('',(14.285714285714,44.5,-40.));
#14511 = LINE('',#14512,#14513);
#14512 = CARTESIAN_POINT('',(14.285714285714,4.5,-40.));
#14513 = VECTOR('',#14514,1.);
#14514 = DIRECTION('',(-0.,1.,0.));
#14515 = ORIENTED_EDGE('',*,*,#14243,.T.);
#14516 = ORIENTED_EDGE('',*,*,#14517,.T.);
#14517 = EDGE_CURVE('',#14236,#14518,#14520,.T.);
#14518 = VERTEX_POINT('',#14519);
#14519 = CARTESIAN_POINT('',(22.857142857143,44.5,-40.));
#14520 = LINE('',#14521,#14522);
#14521 = CARTESIAN_POINT('',(22.857142857143,4.5,-40.));
#14522 = VECTOR('',#14523,1.);
#14523 = DIRECTION('',(-0.,1.,0.));
#14524 = ORIENTED_EDGE('',*,*,#14525,.F.);
#14525 = EDGE_CURVE('',#14509,#14518,#14526,.T.);
#14526 = LINE('',#14527,#14528);
#14527 = CARTESIAN_POINT('',(14.285714285714,44.5,-40.));
#14528 = VECTOR('',#14529,1.);
#14529 = DIRECTION('',(1.,0.,-0.));
#14530 = PLANE('',#14531);
#14531 = AXIS2_PLACEMENT_3D('',#14532,#14533,#14534);
#14532 = CARTESIAN_POINT('',(14.285714285714,4.5,-40.));
#14533 = DIRECTION('',(0.,0.,1.));
#14534 = DIRECTION('',(1.,0.,-0.));
#14535 = ADVANCED_FACE('',(#14536),#14552,.F.);
#14536 = FACE_BOUND('',#14537,.F.);
#14537 = EDGE_LOOP('',(#14538,#14539,#14545,#14546));
#14538 = ORIENTED_EDGE('',*,*,#14235,.F.);
#14539 = ORIENTED_EDGE('',*,*,#14540,.T.);
#14540 = EDGE_CURVE('',#14236,#14349,#14541,.T.);
#14541 = LINE('',#14542,#14543);
#14542 = CARTESIAN_POINT('',(22.857142857143,4.5,-40.));
#14543 = VECTOR('',#14544,1.);
#14544 = DIRECTION('',(0.,0.,1.));
#14545 = ORIENTED_EDGE('',*,*,#14348,.T.);
#14546 = ORIENTED_EDGE('',*,*,#14547,.F.);
#14547 = EDGE_CURVE('',#14228,#14341,#14548,.T.);
#14548 = LINE('',#14549,#14550);
#14549 = CARTESIAN_POINT('',(31.428571428571,4.5,-40.));
#14550 = VECTOR('',#14551,1.);
#14551 = DIRECTION('',(0.,0.,1.));
#14552 = PLANE('',#14553);
#14553 = AXIS2_PLACEMENT_3D('',#14554,#14555,#14556);
#14554 = CARTESIAN_POINT('',(-20.,4.5,-40.));
#14555 = DIRECTION('',(-0.,1.,0.));
#14556 = DIRECTION('',(0.,0.,1.));
#14557 = ADVANCED_FACE('',(#14558),#14583,.T.);
#14558 = FACE_BOUND('',#14559,.T.);
#14559 = EDGE_LOOP('',(#14560,#14568,#14569,#14577));
#14560 = ORIENTED_EDGE('',*,*,#14561,.F.);
#14561 = EDGE_CURVE('',#14228,#14562,#14564,.T.);
#14562 = VERTEX_POINT('',#14563);
#14563 = CARTESIAN_POINT('',(31.428571428571,44.5,-40.));
#14564 = LINE('',#14565,#14566);
#14565 = CARTESIAN_POINT('',(31.428571428571,4.5,-40.));
#14566 = VECTOR('',#14567,1.);
#14567 = DIRECTION('',(-0.,1.,0.));
#14568 = ORIENTED_EDGE('',*,*,#14227,.T.);
#14569 = ORIENTED_EDGE('',*,*,#14570,.T.);
#14570 = EDGE_CURVE('',#14220,#14571,#14573,.T.);
#14571 = VERTEX_POINT('',#14572);
#14572 = CARTESIAN_POINT('',(40.,44.5,-40.));
#14573 = LINE('',#14574,#14575);
#14574 = CARTESIAN_POINT('',(40.,4.5,-40.));
#14575 = VECTOR('',#14576,1.);
#14576 = DIRECTION('',(-0.,1.,0.));
#14577 = ORIENTED_EDGE('',*,*,#14578,.F.);
#14578 = EDGE_CURVE('',#14562,#14571,#14579,.T.);
#14579 = LINE('',#14580,#14581);
#14580 = CARTESIAN_POINT('',(31.428571428571,44.5,-40.));
#14581 = VECTOR('',#14582,1.);
#14582 = DIRECTION('',(1.,0.,-0.));
#14583 = PLANE('',#14584);
#14584 = AXIS2_PLACEMENT_3D('',#14585,#14586,#14587);
#14585 = CARTESIAN_POINT('',(31.428571428571,4.5,-40.));
#14586 = DIRECTION('',(0.,0.,1.));
#14587 = DIRECTION('',(1.,0.,-0.));
#14588 = ADVANCED_FACE('',(#14589),#14607,.F.);
#14589 = FACE_BOUND('',#14590,.F.);
#14590 = EDGE_LOOP('',(#14591,#14592,#14593,#14601));
#14591 = ORIENTED_EDGE('',*,*,#14291,.F.);
#14592 = ORIENTED_EDGE('',*,*,#14570,.T.);
#14593 = ORIENTED_EDGE('',*,*,#14594,.T.);
#14594 = EDGE_CURVE('',#14571,#14595,#14597,.T.);
#14595 = VERTEX_POINT('',#14596);
#14596 = CARTESIAN_POINT('',(40.,44.5,60.));
#14597 = LINE('',#14598,#14599);
#14598 = CARTESIAN_POINT('',(40.,44.5,-40.));
#14599 = VECTOR('',#14600,1.);
#14600 = DIRECTION('',(0.,0.,1.));
#14601 = ORIENTED_EDGE('',*,*,#14602,.F.);
#14602 = EDGE_CURVE('',#14292,#14595,#14603,.T.);
#14603 = LINE('',#14604,#14605);
#14604 = CARTESIAN_POINT('',(40.,4.5,60.));
#14605 = VECTOR('',#14606,1.);
#14606 = DIRECTION('',(-0.,1.,0.));
#14607 = PLANE('',#14608);
#14608 = AXIS2_PLACEMENT_3D('',#14609,#14610,#14611);
#14609 = CARTESIAN_POINT('',(40.,4.5,-40.));
#14610 = DIRECTION('',(1.,0.,-0.));
#14611 = DIRECTION('',(0.,0.,1.));
#14612 = ADVANCED_FACE('',(#14613),#14631,.T.);
#14613 = FACE_BOUND('',#14614,.T.);
#14614 = EDGE_LOOP('',(#14615,#14616,#14617,#14625));
#14615 = ORIENTED_EDGE('',*,*,#14315,.F.);
#14616 = ORIENTED_EDGE('',*,*,#14402,.T.);
#14617 = ORIENTED_EDGE('',*,*,#14618,.T.);
#14618 = EDGE_CURVE('',#14403,#14619,#14621,.T.);
#14619 = VERTEX_POINT('',#14620);
#14620 = CARTESIAN_POINT('',(-20.,44.5,60.));
#14621 = LINE('',#14622,#14623);
#14622 = CARTESIAN_POINT('',(-20.,44.5,-40.));
#14623 = VECTOR('',#14624,1.);
#14624 = DIRECTION('',(0.,0.,1.));
#14625 = ORIENTED_EDGE('',*,*,#14626,.F.);
#14626 = EDGE_CURVE('',#14316,#14619,#14627,.T.);
#14627 = LINE('',#14628,#14629);
#14628 = CARTESIAN_POINT('',(-20.,4.5,60.));
#14629 = VECTOR('',#14630,1.);
#14630 = DIRECTION('',(-0.,1.,0.));
#14631 = PLANE('',#14632);
#14632 = AXIS2_PLACEMENT_3D('',#14633,#14634,#14635);
#14633 = CARTESIAN_POINT('',(-20.,4.5,-40.));
#14634 = DIRECTION('',(1.,0.,-0.));
#14635 = DIRECTION('',(0.,0.,1.));
#14636 = ADVANCED_FACE('',(#14637),#14655,.F.);
#14637 = FACE_BOUND('',#14638,.F.);
#14638 = EDGE_LOOP('',(#14639,#14640,#14641,#14649));
#14639 = ORIENTED_EDGE('',*,*,#14626,.F.);
#14640 = ORIENTED_EDGE('',*,*,#14388,.T.);
#14641 = ORIENTED_EDGE('',*,*,#14642,.T.);
#14642 = EDGE_CURVE('',#14381,#14643,#14645,.T.);
#14643 = VERTEX_POINT('',#14644);
#14644 = CARTESIAN_POINT('',(-11.42857142857,44.5,60.));
#14645 = LINE('',#14646,#14647);
#14646 = CARTESIAN_POINT('',(-11.42857142857,4.5,60.));
#14647 = VECTOR('',#14648,1.);
#14648 = DIRECTION('',(-0.,1.,0.));
#14649 = ORIENTED_EDGE('',*,*,#14650,.F.);
#14650 = EDGE_CURVE('',#14619,#14643,#14651,.T.);
#14651 = LINE('',#14652,#14653);
#14652 = CARTESIAN_POINT('',(-20.,44.5,60.));
#14653 = VECTOR('',#14654,1.);
#14654 = DIRECTION('',(1.,0.,-0.));
#14655 = PLANE('',#14656);
#14656 = AXIS2_PLACEMENT_3D('',#14657,#14658,#14659);
#14657 = CARTESIAN_POINT('',(-20.,4.5,60.));
#14658 = DIRECTION('',(0.,0.,1.));
#14659 = DIRECTION('',(1.,0.,-0.));
#14660 = ADVANCED_FACE('',(#14661),#14686,.F.);
#14661 = FACE_BOUND('',#14662,.F.);
#14662 = EDGE_LOOP('',(#14663,#14671,#14672,#14680));
#14663 = ORIENTED_EDGE('',*,*,#14664,.F.);
#14664 = EDGE_CURVE('',#14373,#14665,#14667,.T.);
#14665 = VERTEX_POINT('',#14666);
#14666 = CARTESIAN_POINT('',(-2.857142857143,44.5,60.));
#14667 = LINE('',#14668,#14669);
#14668 = CARTESIAN_POINT('',(-2.857142857143,4.5,60.));
#14669 = VECTOR('',#14670,1.);
#14670 = DIRECTION('',(-0.,1.,0.));
#14671 = ORIENTED_EDGE('',*,*,#14372,.T.);
#14672 = ORIENTED_EDGE('',*,*,#14673,.T.);
#14673 = EDGE_CURVE('',#14365,#14674,#14676,.T.);
#14674 = VERTEX_POINT('',#14675);
#14675 = CARTESIAN_POINT('',(5.714285714286,44.5,60.));
#14676 = LINE('',#14677,#14678);
#14677 = CARTESIAN_POINT('',(5.714285714286,4.5,60.));
#14678 = VECTOR('',#14679,1.);
#14679 = DIRECTION('',(-0.,1.,0.));
#14680 = ORIENTED_EDGE('',*,*,#14681,.F.);
#14681 = EDGE_CURVE('',#14665,#14674,#14682,.T.);
#14682 = LINE('',#14683,#14684);
#14683 = CARTESIAN_POINT('',(-2.857142857143,44.5,60.));
#14684 = VECTOR('',#14685,1.);
#14685 = DIRECTION('',(1.,0.,-0.));
#14686 = PLANE('',#14687);
#14687 = AXIS2_PLACEMENT_3D('',#14688,#14689,#14690);
#14688 = CARTESIAN_POINT('',(-2.857142857143,4.5,60.));
#14689 = DIRECTION('',(0.,0.,1.));
#14690 = DIRECTION('',(1.,0.,-0.));
#14691 = ADVANCED_FACE('',(#14692),#14717,.F.);
#14692 = FACE_BOUND('',#14693,.F.);
#14693 = EDGE_LOOP('',(#14694,#14702,#14703,#14711));
#14694 = ORIENTED_EDGE('',*,*,#14695,.F.);
#14695 = EDGE_CURVE('',#14357,#14696,#14698,.T.);
#14696 = VERTEX_POINT('',#14697);
#14697 = CARTESIAN_POINT('',(14.285714285714,44.5,60.));
#14698 = LINE('',#14699,#14700);
#14699 = CARTESIAN_POINT('',(14.285714285714,4.5,60.));
#14700 = VECTOR('',#14701,1.);
#14701 = DIRECTION('',(-0.,1.,0.));
#14702 = ORIENTED_EDGE('',*,*,#14356,.T.);
#14703 = ORIENTED_EDGE('',*,*,#14704,.T.);
#14704 = EDGE_CURVE('',#14349,#14705,#14707,.T.);
#14705 = VERTEX_POINT('',#14706);
#14706 = CARTESIAN_POINT('',(22.857142857143,44.5,60.));
#14707 = LINE('',#14708,#14709);
#14708 = CARTESIAN_POINT('',(22.857142857143,4.5,60.));
#14709 = VECTOR('',#14710,1.);
#14710 = DIRECTION('',(-0.,1.,0.));
#14711 = ORIENTED_EDGE('',*,*,#14712,.F.);
#14712 = EDGE_CURVE('',#14696,#14705,#14713,.T.);
#14713 = LINE('',#14714,#14715);
#14714 = CARTESIAN_POINT('',(14.285714285714,44.5,60.));
#14715 = VECTOR('',#14716,1.);
#14716 = DIRECTION('',(1.,0.,-0.));
#14717 = PLANE('',#14718);
#14718 = AXIS2_PLACEMENT_3D('',#14719,#14720,#14721);
#14719 = CARTESIAN_POINT('',(14.285714285714,4.5,60.));
#14720 = DIRECTION('',(0.,0.,1.));
#14721 = DIRECTION('',(1.,0.,-0.));
#14722 = ADVANCED_FACE('',(#14723),#14741,.F.);
#14723 = FACE_BOUND('',#14724,.F.);
#14724 = EDGE_LOOP('',(#14725,#14733,#14734,#14735));
#14725 = ORIENTED_EDGE('',*,*,#14726,.F.);
#14726 = EDGE_CURVE('',#14341,#14727,#14729,.T.);
#14727 = VERTEX_POINT('',#14728);
#14728 = CARTESIAN_POINT('',(31.428571428571,44.5,60.));
#14729 = LINE('',#14730,#14731);
#14730 = CARTESIAN_POINT('',(31.428571428571,4.5,60.));
#14731 = VECTOR('',#14732,1.);
#14732 = DIRECTION('',(-0.,1.,0.));
#14733 = ORIENTED_EDGE('',*,*,#14340,.T.);
#14734 = ORIENTED_EDGE('',*,*,#14602,.T.);
#14735 = ORIENTED_EDGE('',*,*,#14736,.F.);
#14736 = EDGE_CURVE('',#14727,#14595,#14737,.T.);
#14737 = LINE('',#14738,#14739);
#14738 = CARTESIAN_POINT('',(31.428571428571,44.5,60.));
#14739 = VECTOR('',#14740,1.);
#14740 = DIRECTION('',(1.,0.,-0.));
#14741 = PLANE('',#14742);
#14742 = AXIS2_PLACEMENT_3D('',#14743,#14744,#14745);
#14743 = CARTESIAN_POINT('',(31.428571428571,4.5,60.));
#14744 = DIRECTION('',(0.,0.,1.));
#14745 = DIRECTION('',(1.,0.,-0.));
#14746 = ADVANCED_FACE('',(#14747),#14758,.F.);
#14747 = FACE_BOUND('',#14748,.F.);
#14748 = EDGE_LOOP('',(#14749,#14750,#14751,#14752));
#14749 = ORIENTED_EDGE('',*,*,#14419,.F.);
#14750 = ORIENTED_EDGE('',*,*,#14618,.T.);
#14751 = ORIENTED_EDGE('',*,*,#14650,.T.);
#14752 = ORIENTED_EDGE('',*,*,#14753,.F.);
#14753 = EDGE_CURVE('',#14412,#14643,#14754,.T.);
#14754 = LINE('',#14755,#14756);
#14755 = CARTESIAN_POINT('',(-11.42857142857,44.5,-40.));
#14756 = VECTOR('',#14757,1.);
#14757 = DIRECTION('',(0.,0.,1.));
#14758 = PLANE('',#14759);
#14759 = AXIS2_PLACEMENT_3D('',#14760,#14761,#14762);
#14760 = CARTESIAN_POINT('',(-20.,44.5,-40.));
#14761 = DIRECTION('',(-0.,1.,0.));
#14762 = DIRECTION('',(0.,0.,1.));
#14763 = ADVANCED_FACE('',(#14764),#14770,.F.);
#14764 = FACE_BOUND('',#14765,.F.);
#14765 = EDGE_LOOP('',(#14766,#14767,#14768,#14769));
#14766 = ORIENTED_EDGE('',*,*,#14434,.F.);
#14767 = ORIENTED_EDGE('',*,*,#14411,.T.);
#14768 = ORIENTED_EDGE('',*,*,#14753,.T.);
#14769 = ORIENTED_EDGE('',*,*,#14642,.F.);
#14770 = PLANE('',#14771);
#14771 = AXIS2_PLACEMENT_3D('',#14772,#14773,#14774);
#14772 = CARTESIAN_POINT('',(-11.42857142857,4.5,-40.));
#14773 = DIRECTION('',(1.,0.,-0.));
#14774 = DIRECTION('',(0.,0.,1.));
#14775 = ADVANCED_FACE('',(#14776),#14787,.T.);
#14776 = FACE_BOUND('',#14777,.T.);
#14777 = EDGE_LOOP('',(#14778,#14779,#14780,#14786));
#14778 = ORIENTED_EDGE('',*,*,#14441,.F.);
#14779 = ORIENTED_EDGE('',*,*,#14455,.T.);
#14780 = ORIENTED_EDGE('',*,*,#14781,.T.);
#14781 = EDGE_CURVE('',#14456,#14665,#14782,.T.);
#14782 = LINE('',#14783,#14784);
#14783 = CARTESIAN_POINT('',(-2.857142857143,44.5,-40.));
#14784 = VECTOR('',#14785,1.);
#14785 = DIRECTION('',(0.,0.,1.));
#14786 = ORIENTED_EDGE('',*,*,#14664,.F.);
#14787 = PLANE('',#14788);
#14788 = AXIS2_PLACEMENT_3D('',#14789,#14790,#14791);
#14789 = CARTESIAN_POINT('',(-2.857142857143,4.5,-40.));
#14790 = DIRECTION('',(1.,0.,-0.));
#14791 = DIRECTION('',(0.,0.,1.));
#14792 = ADVANCED_FACE('',(#14793),#14804,.F.);
#14793 = FACE_BOUND('',#14794,.F.);
#14794 = EDGE_LOOP('',(#14795,#14796,#14797,#14798));
#14795 = ORIENTED_EDGE('',*,*,#14472,.F.);
#14796 = ORIENTED_EDGE('',*,*,#14781,.T.);
#14797 = ORIENTED_EDGE('',*,*,#14681,.T.);
#14798 = ORIENTED_EDGE('',*,*,#14799,.F.);
#14799 = EDGE_CURVE('',#14465,#14674,#14800,.T.);
#14800 = LINE('',#14801,#14802);
#14801 = CARTESIAN_POINT('',(5.714285714286,44.5,-40.));
#14802 = VECTOR('',#14803,1.);
#14803 = DIRECTION('',(0.,0.,1.));
#14804 = PLANE('',#14805);
#14805 = AXIS2_PLACEMENT_3D('',#14806,#14807,#14808);
#14806 = CARTESIAN_POINT('',(-2.857142857143,44.5,-40.));
#14807 = DIRECTION('',(-0.,1.,0.));
#14808 = DIRECTION('',(0.,0.,1.));
#14809 = ADVANCED_FACE('',(#14810),#14816,.F.);
#14810 = FACE_BOUND('',#14811,.F.);
#14811 = EDGE_LOOP('',(#14812,#14813,#14814,#14815));
#14812 = ORIENTED_EDGE('',*,*,#14487,.F.);
#14813 = ORIENTED_EDGE('',*,*,#14464,.T.);
#14814 = ORIENTED_EDGE('',*,*,#14799,.T.);
#14815 = ORIENTED_EDGE('',*,*,#14673,.F.);
#14816 = PLANE('',#14817);
#14817 = AXIS2_PLACEMENT_3D('',#14818,#14819,#14820);
#14818 = CARTESIAN_POINT('',(5.714285714286,4.5,-40.));
#14819 = DIRECTION('',(1.,0.,-0.));
#14820 = DIRECTION('',(0.,0.,1.));
#14821 = ADVANCED_FACE('',(#14822),#14833,.T.);
#14822 = FACE_BOUND('',#14823,.T.);
#14823 = EDGE_LOOP('',(#14824,#14825,#14826,#14832));
#14824 = ORIENTED_EDGE('',*,*,#14494,.F.);
#14825 = ORIENTED_EDGE('',*,*,#14508,.T.);
#14826 = ORIENTED_EDGE('',*,*,#14827,.T.);
#14827 = EDGE_CURVE('',#14509,#14696,#14828,.T.);
#14828 = LINE('',#14829,#14830);
#14829 = CARTESIAN_POINT('',(14.285714285714,44.5,-40.));
#14830 = VECTOR('',#14831,1.);
#14831 = DIRECTION('',(0.,0.,1.));
#14832 = ORIENTED_EDGE('',*,*,#14695,.F.);
#14833 = PLANE('',#14834);
#14834 = AXIS2_PLACEMENT_3D('',#14835,#14836,#14837);
#14835 = CARTESIAN_POINT('',(14.285714285714,4.5,-40.));
#14836 = DIRECTION('',(1.,0.,-0.));
#14837 = DIRECTION('',(0.,0.,1.));
#14838 = ADVANCED_FACE('',(#14839),#14850,.F.);
#14839 = FACE_BOUND('',#14840,.F.);
#14840 = EDGE_LOOP('',(#14841,#14842,#14843,#14844));
#14841 = ORIENTED_EDGE('',*,*,#14525,.F.);
#14842 = ORIENTED_EDGE('',*,*,#14827,.T.);
#14843 = ORIENTED_EDGE('',*,*,#14712,.T.);
#14844 = ORIENTED_EDGE('',*,*,#14845,.F.);
#14845 = EDGE_CURVE('',#14518,#14705,#14846,.T.);
#14846 = LINE('',#14847,#14848);
#14847 = CARTESIAN_POINT('',(22.857142857143,44.5,-40.));
#14848 = VECTOR('',#14849,1.);
#14849 = DIRECTION('',(0.,0.,1.));
#14850 = PLANE('',#14851);
#14851 = AXIS2_PLACEMENT_3D('',#14852,#14853,#14854);
#14852 = CARTESIAN_POINT('',(14.285714285714,44.5,-40.));
#14853 = DIRECTION('',(-0.,1.,0.));
#14854 = DIRECTION('',(0.,0.,1.));
#14855 = ADVANCED_FACE('',(#14856),#14862,.F.);
#14856 = FACE_BOUND('',#14857,.F.);
#14857 = EDGE_LOOP('',(#14858,#14859,#14860,#14861));
#14858 = ORIENTED_EDGE('',*,*,#14540,.F.);
#14859 = ORIENTED_EDGE('',*,*,#14517,.T.);
#14860 = ORIENTED_EDGE('',*,*,#14845,.T.);
#14861 = ORIENTED_EDGE('',*,*,#14704,.F.);
#14862 = PLANE('',#14863);
#14863 = AXIS2_PLACEMENT_3D('',#14864,#14865,#14866);
#14864 = CARTESIAN_POINT('',(22.857142857143,4.5,-40.));
#14865 = DIRECTION('',(1.,0.,-0.));
#14866 = DIRECTION('',(0.,0.,1.));
#14867 = ADVANCED_FACE('',(#14868),#14879,.T.);
#14868 = FACE_BOUND('',#14869,.T.);
#14869 = EDGE_LOOP('',(#14870,#14871,#14872,#14878));
#14870 = ORIENTED_EDGE('',*,*,#14547,.F.);
#14871 = ORIENTED_EDGE('',*,*,#14561,.T.);
#14872 = ORIENTED_EDGE('',*,*,#14873,.T.);
#14873 = EDGE_CURVE('',#14562,#14727,#14874,.T.);
#14874 = LINE('',#14875,#14876);
#14875 = CARTESIAN_POINT('',(31.428571428571,44.5,-40.));
#14876 = VECTOR('',#14877,1.);
#14877 = DIRECTION('',(0.,0.,1.));
#14878 = ORIENTED_EDGE('',*,*,#14726,.F.);
#14879 = PLANE('',#14880);
#14880 = AXIS2_PLACEMENT_3D('',#14881,#14882,#14883);
#14881 = CARTESIAN_POINT('',(31.428571428571,4.5,-40.));
#14882 = DIRECTION('',(1.,0.,-0.));
#14883 = DIRECTION('',(0.,0.,1.));
#14884 = ADVANCED_FACE('',(#14885),#14891,.F.);
#14885 = FACE_BOUND('',#14886,.F.);
#14886 = EDGE_LOOP('',(#14887,#14888,#14889,#14890));
#14887 = ORIENTED_EDGE('',*,*,#14578,.F.);
#14888 = ORIENTED_EDGE('',*,*,#14873,.T.);
#14889 = ORIENTED_EDGE('',*,*,#14736,.T.);
#14890 = ORIENTED_EDGE('',*,*,#14594,.F.);
#14891 = PLANE('',#14892);
#14892 = AXIS2_PLACEMENT_3D('',#14893,#14894,#14895);
#14893 = CARTESIAN_POINT('',(31.428571428571,44.5,-40.));
#14894 = DIRECTION('',(-0.,1.,0.));
#14895 = DIRECTION('',(0.,0.,1.));
#14896 = ( GEOMETRIC_REPRESENTATION_CONTEXT(3) 
GLOBAL_UNCERTAINTY_ASSIGNED_CONTEXT((#14900)) 
GLOBAL_UNIT_ASSIGNED_CONTEXT((#14897,#14898,#14899)) 
REPRESENTATION_CONTEXT('Context #1',
  '3D Context with UNIT and UNCERTAINTY') );
#14897 = ( LENGTH_UNIT() NAMED_UNIT(*) SI_UNIT(.MILLI.,.METRE.) );
#14898 = ( NAMED_UNIT(*) PLANE_ANGLE_UNIT() SI_UNIT($,.RADIAN.) );
#14899 = ( NAMED_UNIT(*) SI_UNIT($,.STERADIAN.) SOLID_ANGLE_UNIT() );
#14900 = UNCERTAINTY_MEASURE_WITH_UNIT(LENGTH_MEASURE(1.E-07),#14897,
  'distance_accuracy_value','confusion accuracy');
#14901 = CONTEXT_DEPENDENT_SHAPE_REPRESENTATION(#14902,#14904);
#14902 = ( REPRESENTATION_RELATIONSHIP('','',#13737,#10) 
REPRESENTATION_RELATIONSHIP_WITH_TRANSFORMATION(#14903) 
SHAPE_REPRESENTATION_RELATIONSHIP() );
#14903 = ITEM_DEFINED_TRANSFORMATION('','',#11,#43);
#14904 = PRODUCT_DEFINITION_SHAPE('Placement','Placement of an item',
  #14905);
#14905 = NEXT_ASSEMBLY_USAGE_OCCURRENCE('378','Air','',#5,#13732,$);
#14906 = PRODUCT_RELATED_PRODUCT_CATEGORY('part',$,(#13734));
#14907 = MECHANICAL_DESIGN_GEOMETRIC_PRESENTATION_REPRESENTATION('',(
    #14908),#9783);
#14908 = STYLED_ITEM('color',(#14909),#5865);
#14909 = PRESENTATION_STYLE_ASSIGNMENT((#14910,#14916));
#14910 = SURFACE_STYLE_USAGE(.BOTH.,#14911);
#14911 = SURFACE_SIDE_STYLE('',(#14912));
#14912 = SURFACE_STYLE_FILL_AREA(#14913);
#14913 = FILL_AREA_STYLE('',(#14914));
#14914 = FILL_AREA_STYLE_COLOUR('',#14915);
#14915 = COLOUR_RGB('',0.447059003357,0.474510015008,0.501960993452);
#14916 = CURVE_STYLE('',#14917,POSITIVE_LENGTH_MEASURE(0.1),#14918);
#14917 = DRAUGHTING_PRE_DEFINED_CURVE_FONT('continuous');
#14918 = COLOUR_RGB('',9.803921802644E-02,9.803921802644E-02,
  9.803921802644E-02);
#14919 = MECHANICAL_DESIGN_GEOMETRIC_PRESENTATION_REPRESENTATION('',(
    #14920),#1345);
#14920 = STYLED_ITEM('color',(#14921),#1059);
#14921 = PRESENTATION_STYLE_ASSIGNMENT((#14922,#14927));
#14922 = SURFACE_STYLE_USAGE(.BOTH.,#14923);
#14923 = SURFACE_SIDE_STYLE('',(#14924));
#14924 = SURFACE_STYLE_FILL_AREA(#14925);
#14925 = FILL_AREA_STYLE('',(#14926));
#14926 = FILL_AREA_STYLE_COLOUR('',#14915);
#14927 = CURVE_STYLE('',#14928,POSITIVE_LENGTH_MEASURE(0.1),#14918);
#14928 = DRAUGHTING_PRE_DEFINED_CURVE_FONT('continuous');
#14929 = MECHANICAL_DESIGN_GEOMETRIC_PRESENTATION_REPRESENTATION('',(
    #14930),#9600);
#14930 = STYLED_ITEM('color',(#14931),#5358);
#14931 = PRESENTATION_STYLE_ASSIGNMENT((#14932,#14937));
#14932 = SURFACE_STYLE_USAGE(.BOTH.,#14933);
#14933 = SURFACE_SIDE_STYLE('',(#14934));
#14934 = SURFACE_STYLE_FILL_AREA(#14935);
#14935 = FILL_AREA_STYLE('',(#14936));
#14936 = FILL_AREA_STYLE_COLOUR('',#14915);
#14937 = CURVE_STYLE('',#14938,POSITIVE_LENGTH_MEASURE(0.1),#14918);
#14938 = DRAUGHTING_PRE_DEFINED_CURVE_FONT('continuous');
#14939 = MECHANICAL_DESIGN_GEOMETRIC_PRESENTATION_REPRESENTATION('',(
    #14940),#9205);
#14940 = STYLED_ITEM('color',(#14941),#4151);
#14941 = PRESENTATION_STYLE_ASSIGNMENT((#14942,#14947));
#14942 = SURFACE_STYLE_USAGE(.BOTH.,#14943);
#14943 = SURFACE_SIDE_STYLE('',(#14944));
#14944 = SURFACE_STYLE_FILL_AREA(#14945);
#14945 = FILL_AREA_STYLE('',(#14946));
#14946 = FILL_AREA_STYLE_COLOUR('',#14915);
#14947 = CURVE_STYLE('',#14948,POSITIVE_LENGTH_MEASURE(0.1),#14918);
#14948 = DRAUGHTING_PRE_DEFINED_CURVE_FONT('continuous');
#14949 = MECHANICAL_DESIGN_GEOMETRIC_PRESENTATION_REPRESENTATION('',(
    #14950),#7623);
#14950 = STYLED_ITEM('color',(#14951),#7473);
#14951 = PRESENTATION_STYLE_ASSIGNMENT((#14952,#14957));
#14952 = SURFACE_STYLE_USAGE(.BOTH.,#14953);
#14953 = SURFACE_SIDE_STYLE('',(#14954));
#14954 = SURFACE_STYLE_FILL_AREA(#14955);
#14955 = FILL_AREA_STYLE('',(#14956));
#14956 = FILL_AREA_STYLE_COLOUR('',#14915);
#14957 = CURVE_STYLE('',#14958,POSITIVE_LENGTH_MEASURE(0.1),#14918);
#14958 = DRAUGHTING_PRE_DEFINED_CURVE_FONT('continuous');
#14959 = MECHANICAL_DESIGN_GEOMETRIC_PRESENTATION_REPRESENTATION('',(
    #14960),#7454);
#14960 = STYLED_ITEM('color',(#14961),#7304);
#14961 = PRESENTATION_STYLE_ASSIGNMENT((#14962,#14967));
#14962 = SURFACE_STYLE_USAGE(.BOTH.,#14963);
#14963 = SURFACE_SIDE_STYLE('',(#14964));
#14964 = SURFACE_STYLE_FILL_AREA(#14965);
#14965 = FILL_AREA_STYLE('',(#14966));
#14966 = FILL_AREA_STYLE_COLOUR('',#14915);
#14967 = CURVE_STYLE('',#14968,POSITIVE_LENGTH_MEASURE(0.1),#14918);
#14968 = DRAUGHTING_PRE_DEFINED_CURVE_FONT('continuous');
#14969 = MECHANICAL_DESIGN_GEOMETRIC_PRESENTATION_REPRESENTATION('',(
    #14970),#5764);
#14970 = STYLED_ITEM('color',(#14971),#5614);
#14971 = PRESENTATION_STYLE_ASSIGNMENT((#14972,#14977));
#14972 = SURFACE_STYLE_USAGE(.BOTH.,#14973);
#14973 = SURFACE_SIDE_STYLE('',(#14974));
#14974 = SURFACE_STYLE_FILL_AREA(#14975);
#14975 = FILL_AREA_STYLE('',(#14976));
#14976 = FILL_AREA_STYLE_COLOUR('',#14915);
#14977 = CURVE_STYLE('',#14978,POSITIVE_LENGTH_MEASURE(0.1),#14918);
#14978 = DRAUGHTING_PRE_DEFINED_CURVE_FONT('continuous');
#14979 = MECHANICAL_DESIGN_GEOMETRIC_PRESENTATION_REPRESENTATION('',(
    #14980),#9844);
#14980 = STYLED_ITEM('color',(#14981),#6034);
#14981 = PRESENTATION_STYLE_ASSIGNMENT((#14982,#14987));
#14982 = SURFACE_STYLE_USAGE(.BOTH.,#14983);
#14983 = SURFACE_SIDE_STYLE('',(#14984));
#14984 = SURFACE_STYLE_FILL_AREA(#14985);
#14985 = FILL_AREA_STYLE('',(#14986));
#14986 = FILL_AREA_STYLE_COLOUR('',#14915);
#14987 = CURVE_STYLE('',#14988,POSITIVE_LENGTH_MEASURE(0.1),#14918);
#14988 = DRAUGHTING_PRE_DEFINED_CURVE_FONT('continuous');
#14989 = MECHANICAL_DESIGN_GEOMETRIC_PRESENTATION_REPRESENTATION('',(
    #14990),#8255);
#14990 = STYLED_ITEM('color',(#14991),#1101);
#14991 = PRESENTATION_STYLE_ASSIGNMENT((#14992,#14997));
#14992 = SURFACE_STYLE_USAGE(.BOTH.,#14993);
#14993 = SURFACE_SIDE_STYLE('',(#14994));
#14994 = SURFACE_STYLE_FILL_AREA(#14995);
#14995 = FILL_AREA_STYLE('',(#14996));
#14996 = FILL_AREA_STYLE_COLOUR('',#14915);
#14997 = CURVE_STYLE('',#14998,POSITIVE_LENGTH_MEASURE(0.1),#14918);
#14998 = DRAUGHTING_PRE_DEFINED_CURVE_FONT('continuous');
#14999 = MECHANICAL_DESIGN_GEOMETRIC_PRESENTATION_REPRESENTATION('',(
    #15000),#8160);
#15000 = STYLED_ITEM('color',(#15001),#796);
#15001 = PRESENTATION_STYLE_ASSIGNMENT((#15002,#15007));
#15002 = SURFACE_STYLE_USAGE(.BOTH.,#15003);
#15003 = SURFACE_SIDE_STYLE('',(#15004));
#15004 = SURFACE_STYLE_FILL_AREA(#15005);
#15005 = FILL_AREA_STYLE('',(#15006));
#15006 = FILL_AREA_STYLE_COLOUR('',#14915);
#15007 = CURVE_STYLE('',#15008,POSITIVE_LENGTH_MEASURE(0.1),#14918);
#15008 = DRAUGHTING_PRE_DEFINED_CURVE_FONT('continuous');
#15009 = MECHANICAL_DESIGN_GEOMETRIC_PRESENTATION_REPRESENTATION('',(
    #15010),#8065);
#15010 = STYLED_ITEM('color',(#15011),#491);
#15011 = PRESENTATION_STYLE_ASSIGNMENT((#15012,#15017));
#15012 = SURFACE_STYLE_USAGE(.BOTH.,#15013);
#15013 = SURFACE_SIDE_STYLE('',(#15014));
#15014 = SURFACE_STYLE_FILL_AREA(#15015);
#15015 = FILL_AREA_STYLE('',(#15016));
#15016 = FILL_AREA_STYLE_COLOUR('',#14915);
#15017 = CURVE_STYLE('',#15018,POSITIVE_LENGTH_MEASURE(0.1),#14918);
#15018 = DRAUGHTING_PRE_DEFINED_CURVE_FONT('continuous');
#15019 = MECHANICAL_DESIGN_GEOMETRIC_PRESENTATION_REPRESENTATION('',(
    #15020),#13719);
#15020 = STYLED_ITEM('color',(#15021),#12987);
#15021 = PRESENTATION_STYLE_ASSIGNMENT((#15022,#15027));
#15022 = SURFACE_STYLE_USAGE(.BOTH.,#15023);
#15023 = SURFACE_SIDE_STYLE('',(#15024));
#15024 = SURFACE_STYLE_FILL_AREA(#15025);
#15025 = FILL_AREA_STYLE('',(#15026));
#15026 = FILL_AREA_STYLE_COLOUR('',#14915);
#15027 = CURVE_STYLE('',#15028,POSITIVE_LENGTH_MEASURE(0.1),#14918);
#15028 = DRAUGHTING_PRE_DEFINED_CURVE_FONT('continuous');
#15029 = MECHANICAL_DESIGN_GEOMETRIC_PRESENTATION_REPRESENTATION('',(
    #15030),#12799);
#15030 = STYLED_ITEM('color',(#15031),#10473);
#15031 = PRESENTATION_STYLE_ASSIGNMENT((#15032,#15037));
#15032 = SURFACE_STYLE_USAGE(.BOTH.,#15033);
#15033 = SURFACE_SIDE_STYLE('',(#15034));
#15034 = SURFACE_STYLE_FILL_AREA(#15035);
#15035 = FILL_AREA_STYLE('',(#15036));
#15036 = FILL_AREA_STYLE_COLOUR('',#14915);
#15037 = CURVE_STYLE('',#15038,POSITIVE_LENGTH_MEASURE(0.1),#14918);
#15038 = DRAUGHTING_PRE_DEFINED_CURVE_FONT('continuous');
#15039 = MECHANICAL_DESIGN_GEOMETRIC_PRESENTATION_REPRESENTATION('',(
    #15040),#2565);
#15040 = STYLED_ITEM('color',(#15041),#2279);
#15041 = PRESENTATION_STYLE_ASSIGNMENT((#15042,#15047));
#15042 = SURFACE_STYLE_USAGE(.BOTH.,#15043);
#15043 = SURFACE_SIDE_STYLE('',(#15044));
#15044 = SURFACE_STYLE_FILL_AREA(#15045);
#15045 = FILL_AREA_STYLE('',(#15046));
#15046 = FILL_AREA_STYLE_COLOUR('',#14915);
#15047 = CURVE_STYLE('',#15048,POSITIVE_LENGTH_MEASURE(0.1),#14918);
#15048 = DRAUGHTING_PRE_DEFINED_CURVE_FONT('continuous');
#15049 = MECHANICAL_DESIGN_GEOMETRIC_PRESENTATION_REPRESENTATION('',(
    #15050),#8445);
#15050 = STYLED_ITEM('color',(#15051),#1711);
#15051 = PRESENTATION_STYLE_ASSIGNMENT((#15052,#15057));
#15052 = SURFACE_STYLE_USAGE(.BOTH.,#15053);
#15053 = SURFACE_SIDE_STYLE('',(#15054));
#15054 = SURFACE_STYLE_FILL_AREA(#15055);
#15055 = FILL_AREA_STYLE('',(#15056));
#15056 = FILL_AREA_STYLE_COLOUR('',#14915);
#15057 = CURVE_STYLE('',#15058,POSITIVE_LENGTH_MEASURE(0.1),#14918);
#15058 = DRAUGHTING_PRE_DEFINED_CURVE_FONT('continuous');
#15059 = MECHANICAL_DESIGN_GEOMETRIC_PRESENTATION_REPRESENTATION('',(
    #15060),#7116);
#15060 = STYLED_ITEM('color',(#15061),#6966);
#15061 = PRESENTATION_STYLE_ASSIGNMENT((#15062,#15067));
#15062 = SURFACE_STYLE_USAGE(.BOTH.,#15063);
#15063 = SURFACE_SIDE_STYLE('',(#15064));
#15064 = SURFACE_STYLE_FILL_AREA(#15065);
#15065 = FILL_AREA_STYLE('',(#15066));
#15066 = FILL_AREA_STYLE_COLOUR('',#14915);
#15067 = CURVE_STYLE('',#15068,POSITIVE_LENGTH_MEASURE(0.1),#14918);
#15068 = DRAUGHTING_PRE_DEFINED_CURVE_FONT('continuous');
#15069 = MECHANICAL_DESIGN_GEOMETRIC_PRESENTATION_REPRESENTATION('',(
    #15070),#5933);
#15070 = STYLED_ITEM('color',(#15071),#5783);
#15071 = PRESENTATION_STYLE_ASSIGNMENT((#15072,#15077));
#15072 = SURFACE_STYLE_USAGE(.BOTH.,#15073);
#15073 = SURFACE_SIDE_STYLE('',(#15074));
#15074 = SURFACE_STYLE_FILL_AREA(#15075);
#15075 = FILL_AREA_STYLE('',(#15076));
#15076 = FILL_AREA_STYLE_COLOUR('',#14915);
#15077 = CURVE_STYLE('',#15078,POSITIVE_LENGTH_MEASURE(0.1),#14918);
#15078 = DRAUGHTING_PRE_DEFINED_CURVE_FONT('continuous');
#15079 = MECHANICAL_DESIGN_GEOMETRIC_PRESENTATION_REPRESENTATION('',(
    #15080),#4700);
#15080 = STYLED_ITEM('color',(#15081),#4414);
#15081 = PRESENTATION_STYLE_ASSIGNMENT((#15082,#15087));
#15082 = SURFACE_STYLE_USAGE(.BOTH.,#15083);
#15083 = SURFACE_SIDE_STYLE('',(#15084));
#15084 = SURFACE_STYLE_FILL_AREA(#15085);
#15085 = FILL_AREA_STYLE('',(#15086));
#15086 = FILL_AREA_STYLE_COLOUR('',#14915);
#15087 = CURVE_STYLE('',#15088,POSITIVE_LENGTH_MEASURE(0.1),#14918);
#15088 = DRAUGHTING_PRE_DEFINED_CURVE_FONT('continuous');
#15089 = MECHANICAL_DESIGN_GEOMETRIC_PRESENTATION_REPRESENTATION('',(
    #15090),#8920);
#15090 = STYLED_ITEM('color',(#15091),#3236);
#15091 = PRESENTATION_STYLE_ASSIGNMENT((#15092,#15097));
#15092 = SURFACE_STYLE_USAGE(.BOTH.,#15093);
#15093 = SURFACE_SIDE_STYLE('',(#15094));
#15094 = SURFACE_STYLE_FILL_AREA(#15095);
#15095 = FILL_AREA_STYLE('',(#15096));
#15096 = FILL_AREA_STYLE_COLOUR('',#14915);
#15097 = CURVE_STYLE('',#15098,POSITIVE_LENGTH_MEASURE(0.1),#14918);
#15098 = DRAUGHTING_PRE_DEFINED_CURVE_FONT('continuous');
#15099 = MECHANICAL_DESIGN_GEOMETRIC_PRESENTATION_REPRESENTATION('',(
    #15100),#9300);
#15100 = STYLED_ITEM('color',(#15101),#4456);
#15101 = PRESENTATION_STYLE_ASSIGNMENT((#15102,#15107));
#15102 = SURFACE_STYLE_USAGE(.BOTH.,#15103);
#15103 = SURFACE_SIDE_STYLE('',(#15104));
#15104 = SURFACE_STYLE_FILL_AREA(#15105);
#15105 = FILL_AREA_STYLE('',(#15106));
#15106 = FILL_AREA_STYLE_COLOUR('',#14915);
#15107 = CURVE_STYLE('',#15108,POSITIVE_LENGTH_MEASURE(0.1),#14918);
#15108 = DRAUGHTING_PRE_DEFINED_CURVE_FONT('continuous');
#15109 = MECHANICAL_DESIGN_GEOMETRIC_PRESENTATION_REPRESENTATION('',(
    #15110),#3175);
#15110 = STYLED_ITEM('color',(#15111),#2889);
#15111 = PRESENTATION_STYLE_ASSIGNMENT((#15112,#15117));
#15112 = SURFACE_STYLE_USAGE(.BOTH.,#15113);
#15113 = SURFACE_SIDE_STYLE('',(#15114));
#15114 = SURFACE_STYLE_FILL_AREA(#15115);
#15115 = FILL_AREA_STYLE('',(#15116));
#15116 = FILL_AREA_STYLE_COLOUR('',#14915);
#15117 = CURVE_STYLE('',#15118,POSITIVE_LENGTH_MEASURE(0.1),#14918);
#15118 = DRAUGHTING_PRE_DEFINED_CURVE_FONT('continuous');
#15119 = MECHANICAL_DESIGN_GEOMETRIC_PRESENTATION_REPRESENTATION('',(
    #15120),#1650);
#15120 = STYLED_ITEM('color',(#15121),#1364);
#15121 = PRESENTATION_STYLE_ASSIGNMENT((#15122,#15127));
#15122 = SURFACE_STYLE_USAGE(.BOTH.,#15123);
#15123 = SURFACE_SIDE_STYLE('',(#15124));
#15124 = SURFACE_STYLE_FILL_AREA(#15125);
#15125 = FILL_AREA_STYLE('',(#15126));
#15126 = FILL_AREA_STYLE_COLOUR('',#14915);
#15127 = CURVE_STYLE('',#15128,POSITIVE_LENGTH_MEASURE(0.1),#14918);
#15128 = DRAUGHTING_PRE_DEFINED_CURVE_FONT('continuous');
#15129 = MECHANICAL_DESIGN_GEOMETRIC_PRESENTATION_REPRESENTATION('',(
    #15130),#7792);
#15130 = STYLED_ITEM('color',(#15131),#7642);
#15131 = PRESENTATION_STYLE_ASSIGNMENT((#15132,#15137));
#15132 = SURFACE_STYLE_USAGE(.BOTH.,#15133);
#15133 = SURFACE_SIDE_STYLE('',(#15134));
#15134 = SURFACE_STYLE_FILL_AREA(#15135);
#15135 = FILL_AREA_STYLE('',(#15136));
#15136 = FILL_AREA_STYLE_COLOUR('',#14915);
#15137 = CURVE_STYLE('',#15138,POSITIVE_LENGTH_MEASURE(0.1),#14918);
#15138 = DRAUGHTING_PRE_DEFINED_CURVE_FONT('continuous');
#15139 = MECHANICAL_DESIGN_GEOMETRIC_PRESENTATION_REPRESENTATION('',(
    #15140),#10088);
#15140 = STYLED_ITEM('color',(#15141),#6710);
#15141 = PRESENTATION_STYLE_ASSIGNMENT((#15142,#15147));
#15142 = SURFACE_STYLE_USAGE(.BOTH.,#15143);
#15143 = SURFACE_SIDE_STYLE('',(#15144));
#15144 = SURFACE_STYLE_FILL_AREA(#15145);
#15145 = FILL_AREA_STYLE('',(#15146));
#15146 = FILL_AREA_STYLE_COLOUR('',#14915);
#15147 = CURVE_STYLE('',#15148,POSITIVE_LENGTH_MEASURE(0.1),#14918);
#15148 = DRAUGHTING_PRE_DEFINED_CURVE_FONT('continuous');
#15149 = MECHANICAL_DESIGN_GEOMETRIC_PRESENTATION_REPRESENTATION('',(
    #15150),#10027);
#15150 = STYLED_ITEM('color',(#15151),#6541);
#15151 = PRESENTATION_STYLE_ASSIGNMENT((#15152,#15157));
#15152 = SURFACE_STYLE_USAGE(.BOTH.,#15153);
#15153 = SURFACE_SIDE_STYLE('',(#15154));
#15154 = SURFACE_STYLE_FILL_AREA(#15155);
#15155 = FILL_AREA_STYLE('',(#15156));
#15156 = FILL_AREA_STYLE_COLOUR('',#14915);
#15157 = CURVE_STYLE('',#15158,POSITIVE_LENGTH_MEASURE(0.1),#14918);
#15158 = DRAUGHTING_PRE_DEFINED_CURVE_FONT('continuous');
#15159 = MECHANICAL_DESIGN_GEOMETRIC_PRESENTATION_REPRESENTATION('',(
    #15160),#4090);
#15160 = STYLED_ITEM('color',(#15161),#3804);
#15161 = PRESENTATION_STYLE_ASSIGNMENT((#15162,#15167));
#15162 = SURFACE_STYLE_USAGE(.BOTH.,#15163);
#15163 = SURFACE_SIDE_STYLE('',(#15164));
#15164 = SURFACE_STYLE_FILL_AREA(#15165);
#15165 = FILL_AREA_STYLE('',(#15166));
#15166 = FILL_AREA_STYLE_COLOUR('',#14915);
#15167 = CURVE_STYLE('',#15168,POSITIVE_LENGTH_MEASURE(0.1),#14918);
#15168 = DRAUGHTING_PRE_DEFINED_CURVE_FONT('continuous');
#15169 = MECHANICAL_DESIGN_GEOMETRIC_PRESENTATION_REPRESENTATION('',(
    #15170),#10454);
#15170 = STYLED_ITEM('color',(#15171),#7724);
#15171 = PRESENTATION_STYLE_ASSIGNMENT((#15172,#15177));
#15172 = SURFACE_STYLE_USAGE(.BOTH.,#15173);
#15173 = SURFACE_SIDE_STYLE('',(#15174));
#15174 = SURFACE_STYLE_FILL_AREA(#15175);
#15175 = FILL_AREA_STYLE('',(#15176));
#15176 = FILL_AREA_STYLE_COLOUR('',#14915);
#15177 = CURVE_STYLE('',#15178,POSITIVE_LENGTH_MEASURE(0.1),#14918);
#15178 = DRAUGHTING_PRE_DEFINED_CURVE_FONT('continuous');
#15179 = MECHANICAL_DESIGN_GEOMETRIC_PRESENTATION_REPRESENTATION('',(
    #15180),#2870);
#15180 = STYLED_ITEM('color',(#15181),#2584);
#15181 = PRESENTATION_STYLE_ASSIGNMENT((#15182,#15187));
#15182 = SURFACE_STYLE_USAGE(.BOTH.,#15183);
#15183 = SURFACE_SIDE_STYLE('',(#15184));
#15184 = SURFACE_STYLE_FILL_AREA(#15185);
#15185 = FILL_AREA_STYLE('',(#15186));
#15186 = FILL_AREA_STYLE_COLOUR('',#14915);
#15187 = CURVE_STYLE('',#15188,POSITIVE_LENGTH_MEASURE(0.1),#14918);
#15188 = DRAUGHTING_PRE_DEFINED_CURVE_FONT('continuous');
#15189 = MECHANICAL_DESIGN_GEOMETRIC_PRESENTATION_REPRESENTATION('',(
    #15190),#430);
#15190 = STYLED_ITEM('color',(#15191),#144);
#15191 = PRESENTATION_STYLE_ASSIGNMENT((#15192,#15197));
#15192 = SURFACE_STYLE_USAGE(.BOTH.,#15193);
#15193 = SURFACE_SIDE_STYLE('',(#15194));
#15194 = SURFACE_STYLE_FILL_AREA(#15195);
#15195 = FILL_AREA_STYLE('',(#15196));
#15196 = FILL_AREA_STYLE_COLOUR('',#14915);
#15197 = CURVE_STYLE('',#15198,POSITIVE_LENGTH_MEASURE(0.1),#14918);
#15198 = DRAUGHTING_PRE_DEFINED_CURVE_FONT('continuous');
#15199 = MECHANICAL_DESIGN_GEOMETRIC_PRESENTATION_REPRESENTATION('',(
    #15200),#8825);
#15200 = STYLED_ITEM('color',(#15201),#2931);
#15201 = PRESENTATION_STYLE_ASSIGNMENT((#15202,#15207));
#15202 = SURFACE_STYLE_USAGE(.BOTH.,#15203);
#15203 = SURFACE_SIDE_STYLE('',(#15204));
#15204 = SURFACE_STYLE_FILL_AREA(#15205);
#15205 = FILL_AREA_STYLE('',(#15206));
#15206 = FILL_AREA_STYLE_COLOUR('',#14915);
#15207 = CURVE_STYLE('',#15208,POSITIVE_LENGTH_MEASURE(0.1),#14918);
#15208 = DRAUGHTING_PRE_DEFINED_CURVE_FONT('continuous');
#15209 = MECHANICAL_DESIGN_GEOMETRIC_PRESENTATION_REPRESENTATION('',(
    #15210),#9395);
#15210 = STYLED_ITEM('color',(#15211),#4761);
#15211 = PRESENTATION_STYLE_ASSIGNMENT((#15212,#15217));
#15212 = SURFACE_STYLE_USAGE(.BOTH.,#15213);
#15213 = SURFACE_SIDE_STYLE('',(#15214));
#15214 = SURFACE_STYLE_FILL_AREA(#15215);
#15215 = FILL_AREA_STYLE('',(#15216));
#15216 = FILL_AREA_STYLE_COLOUR('',#14915);
#15217 = CURVE_STYLE('',#15218,POSITIVE_LENGTH_MEASURE(0.1),#14918);
#15218 = DRAUGHTING_PRE_DEFINED_CURVE_FONT('continuous');
#15219 = MECHANICAL_DESIGN_GEOMETRIC_PRESENTATION_REPRESENTATION('',(
    #15220),#9661);
#15220 = STYLED_ITEM('color',(#15221),#5527);
#15221 = PRESENTATION_STYLE_ASSIGNMENT((#15222,#15227));
#15222 = SURFACE_STYLE_USAGE(.BOTH.,#15223);
#15223 = SURFACE_SIDE_STYLE('',(#15224));
#15224 = SURFACE_STYLE_FILL_AREA(#15225);
#15225 = FILL_AREA_STYLE('',(#15226));
#15226 = FILL_AREA_STYLE_COLOUR('',#14915);
#15227 = CURVE_STYLE('',#15228,POSITIVE_LENGTH_MEASURE(0.1),#14918);
#15228 = DRAUGHTING_PRE_DEFINED_CURVE_FONT('continuous');
#15229 = MECHANICAL_DESIGN_GEOMETRIC_PRESENTATION_REPRESENTATION('',(
    #15230),#10332);
#15230 = STYLED_ITEM('color',(#15231),#7386);
#15231 = PRESENTATION_STYLE_ASSIGNMENT((#15232,#15237));
#15232 = SURFACE_STYLE_USAGE(.BOTH.,#15233);
#15233 = SURFACE_SIDE_STYLE('',(#15234));
#15234 = SURFACE_STYLE_FILL_AREA(#15235);
#15235 = FILL_AREA_STYLE('',(#15236));
#15236 = FILL_AREA_STYLE_COLOUR('',#14915);
#15237 = CURVE_STYLE('',#15238,POSITIVE_LENGTH_MEASURE(0.1),#14918);
#15238 = DRAUGHTING_PRE_DEFINED_CURVE_FONT('continuous');
#15239 = MECHANICAL_DESIGN_GEOMETRIC_PRESENTATION_REPRESENTATION('',(
    #15240),#10210);
#15240 = STYLED_ITEM('color',(#15241),#7048);
#15241 = PRESENTATION_STYLE_ASSIGNMENT((#15242,#15247));
#15242 = SURFACE_STYLE_USAGE(.BOTH.,#15243);
#15243 = SURFACE_SIDE_STYLE('',(#15244));
#15244 = SURFACE_STYLE_FILL_AREA(#15245);
#15245 = FILL_AREA_STYLE('',(#15246));
#15246 = FILL_AREA_STYLE_COLOUR('',#14915);
#15247 = CURVE_STYLE('',#15248,POSITIVE_LENGTH_MEASURE(0.1),#14918);
#15248 = DRAUGHTING_PRE_DEFINED_CURVE_FONT('continuous');
#15249 = MECHANICAL_DESIGN_GEOMETRIC_PRESENTATION_REPRESENTATION('',(
    #15250),#4395);
#15250 = STYLED_ITEM('color',(#15251),#4109);
#15251 = PRESENTATION_STYLE_ASSIGNMENT((#15252,#15257));
#15252 = SURFACE_STYLE_USAGE(.BOTH.,#15253);
#15253 = SURFACE_SIDE_STYLE('',(#15254));
#15254 = SURFACE_STYLE_FILL_AREA(#15255);
#15255 = FILL_AREA_STYLE('',(#15256));
#15256 = FILL_AREA_STYLE_COLOUR('',#14915);
#15257 = CURVE_STYLE('',#15258,POSITIVE_LENGTH_MEASURE(0.1),#14918);
#15258 = DRAUGHTING_PRE_DEFINED_CURVE_FONT('continuous');
#15259 = MECHANICAL_DESIGN_GEOMETRIC_PRESENTATION_REPRESENTATION('',(
    #15260),#8730);
#15260 = STYLED_ITEM('color',(#15261),#2626);
#15261 = PRESENTATION_STYLE_ASSIGNMENT((#15262,#15267));
#15262 = SURFACE_STYLE_USAGE(.BOTH.,#15263);
#15263 = SURFACE_SIDE_STYLE('',(#15264));
#15264 = SURFACE_STYLE_FILL_AREA(#15265);
#15265 = FILL_AREA_STYLE('',(#15266));
#15266 = FILL_AREA_STYLE_COLOUR('',#14915);
#15267 = CURVE_STYLE('',#15268,POSITIVE_LENGTH_MEASURE(0.1),#14918);
#15268 = DRAUGHTING_PRE_DEFINED_CURVE_FONT('continuous');
#15269 = MECHANICAL_DESIGN_GEOMETRIC_PRESENTATION_REPRESENTATION('',(
    #15270),#6102);
#15270 = STYLED_ITEM('color',(#15271),#5952);
#15271 = PRESENTATION_STYLE_ASSIGNMENT((#15272,#15277));
#15272 = SURFACE_STYLE_USAGE(.BOTH.,#15273);
#15273 = SURFACE_SIDE_STYLE('',(#15274));
#15274 = SURFACE_STYLE_FILL_AREA(#15275);
#15275 = FILL_AREA_STYLE('',(#15276));
#15276 = FILL_AREA_STYLE_COLOUR('',#14915);
#15277 = CURVE_STYLE('',#15278,POSITIVE_LENGTH_MEASURE(0.1),#14918);
#15278 = DRAUGHTING_PRE_DEFINED_CURVE_FONT('continuous');
#15279 = MECHANICAL_DESIGN_GEOMETRIC_PRESENTATION_REPRESENTATION('',(
    #15280),#9539);
#15280 = STYLED_ITEM('color',(#15281),#5189);
#15281 = PRESENTATION_STYLE_ASSIGNMENT((#15282,#15287));
#15282 = SURFACE_STYLE_USAGE(.BOTH.,#15283);
#15283 = SURFACE_SIDE_STYLE('',(#15284));
#15284 = SURFACE_STYLE_FILL_AREA(#15285);
#15285 = FILL_AREA_STYLE('',(#15286));
#15286 = FILL_AREA_STYLE_COLOUR('',#14915);
#15287 = CURVE_STYLE('',#15288,POSITIVE_LENGTH_MEASURE(0.1),#14918);
#15288 = DRAUGHTING_PRE_DEFINED_CURVE_FONT('continuous');
#15289 = MECHANICAL_DESIGN_GEOMETRIC_PRESENTATION_REPRESENTATION('',(
    #15290),#9110);
#15290 = STYLED_ITEM('color',(#15291),#3846);
#15291 = PRESENTATION_STYLE_ASSIGNMENT((#15292,#15297));
#15292 = SURFACE_STYLE_USAGE(.BOTH.,#15293);
#15293 = SURFACE_SIDE_STYLE('',(#15294));
#15294 = SURFACE_STYLE_FILL_AREA(#15295);
#15295 = FILL_AREA_STYLE('',(#15296));
#15296 = FILL_AREA_STYLE_COLOUR('',#14915);
#15297 = CURVE_STYLE('',#15298,POSITIVE_LENGTH_MEASURE(0.1),#14918);
#15298 = DRAUGHTING_PRE_DEFINED_CURVE_FONT('continuous');
#15299 = MECHANICAL_DESIGN_GEOMETRIC_PRESENTATION_REPRESENTATION('',(
    #15300),#6440);
#15300 = STYLED_ITEM('color',(#15301),#6290);
#15301 = PRESENTATION_STYLE_ASSIGNMENT((#15302,#15307));
#15302 = SURFACE_STYLE_USAGE(.BOTH.,#15303);
#15303 = SURFACE_SIDE_STYLE('',(#15304));
#15304 = SURFACE_STYLE_FILL_AREA(#15305);
#15305 = FILL_AREA_STYLE('',(#15306));
#15306 = FILL_AREA_STYLE_COLOUR('',#14915);
#15307 = CURVE_STYLE('',#15308,POSITIVE_LENGTH_MEASURE(0.1),#14918);
#15308 = DRAUGHTING_PRE_DEFINED_CURVE_FONT('continuous');
#15309 = MECHANICAL_DESIGN_GEOMETRIC_PRESENTATION_REPRESENTATION('',(
    #15310),#10393);
#15310 = STYLED_ITEM('color',(#15311),#7555);
#15311 = PRESENTATION_STYLE_ASSIGNMENT((#15312,#15317));
#15312 = SURFACE_STYLE_USAGE(.BOTH.,#15313);
#15313 = SURFACE_SIDE_STYLE('',(#15314));
#15314 = SURFACE_STYLE_FILL_AREA(#15315);
#15315 = FILL_AREA_STYLE('',(#15316));
#15316 = FILL_AREA_STYLE_COLOUR('',#14915);
#15317 = CURVE_STYLE('',#15318,POSITIVE_LENGTH_MEASURE(0.1),#14918);
#15318 = DRAUGHTING_PRE_DEFINED_CURVE_FONT('continuous');
#15319 = MECHANICAL_DESIGN_GEOMETRIC_PRESENTATION_REPRESENTATION('',(
    #15320),#1955);
#15320 = STYLED_ITEM('color',(#15321),#1669);
#15321 = PRESENTATION_STYLE_ASSIGNMENT((#15322,#15327));
#15322 = SURFACE_STYLE_USAGE(.BOTH.,#15323);
#15323 = SURFACE_SIDE_STYLE('',(#15324));
#15324 = SURFACE_STYLE_FILL_AREA(#15325);
#15325 = FILL_AREA_STYLE('',(#15326));
#15326 = FILL_AREA_STYLE_COLOUR('',#14915);
#15327 = CURVE_STYLE('',#15328,POSITIVE_LENGTH_MEASURE(0.1),#14918);
#15328 = DRAUGHTING_PRE_DEFINED_CURVE_FONT('continuous');
#15329 = MECHANICAL_DESIGN_GEOMETRIC_PRESENTATION_REPRESENTATION('',(
    #15330),#8635);
#15330 = STYLED_ITEM('color',(#15331),#2321);
#15331 = PRESENTATION_STYLE_ASSIGNMENT((#15332,#15337));
#15332 = SURFACE_STYLE_USAGE(.BOTH.,#15333);
#15333 = SURFACE_SIDE_STYLE('',(#15334));
#15334 = SURFACE_STYLE_FILL_AREA(#15335);
#15335 = FILL_AREA_STYLE('',(#15336));
#15336 = FILL_AREA_STYLE_COLOUR('',#14915);
#15337 = CURVE_STYLE('',#15338,POSITIVE_LENGTH_MEASURE(0.1),#14918);
#15338 = DRAUGHTING_PRE_DEFINED_CURVE_FONT('continuous');
#15339 = MECHANICAL_DESIGN_GEOMETRIC_PRESENTATION_REPRESENTATION('',(
    #15340),#7285);
#15340 = STYLED_ITEM('color',(#15341),#7135);
#15341 = PRESENTATION_STYLE_ASSIGNMENT((#15342,#15347));
#15342 = SURFACE_STYLE_USAGE(.BOTH.,#15343);
#15343 = SURFACE_SIDE_STYLE('',(#15344));
#15344 = SURFACE_STYLE_FILL_AREA(#15345);
#15345 = FILL_AREA_STYLE('',(#15346));
#15346 = FILL_AREA_STYLE_COLOUR('',#14915);
#15347 = CURVE_STYLE('',#15348,POSITIVE_LENGTH_MEASURE(0.1),#14918);
#15348 = DRAUGHTING_PRE_DEFINED_CURVE_FONT('continuous');
#15349 = MECHANICAL_DESIGN_GEOMETRIC_PRESENTATION_REPRESENTATION('',(
    #15350),#3480);
#15350 = STYLED_ITEM('color',(#15351),#3194);
#15351 = PRESENTATION_STYLE_ASSIGNMENT((#15352,#15357));
#15352 = SURFACE_STYLE_USAGE(.BOTH.,#15353);
#15353 = SURFACE_SIDE_STYLE('',(#15354));
#15354 = SURFACE_STYLE_FILL_AREA(#15355);
#15355 = FILL_AREA_STYLE('',(#15356));
#15356 = FILL_AREA_STYLE_COLOUR('',#14915);
#15357 = CURVE_STYLE('',#15358,POSITIVE_LENGTH_MEASURE(0.1),#14918);
#15358 = DRAUGHTING_PRE_DEFINED_CURVE_FONT('continuous');
#15359 = MECHANICAL_DESIGN_GEOMETRIC_PRESENTATION_REPRESENTATION('',(
    #15360),#10271);
#15360 = STYLED_ITEM('color',(#15361),#7217);
#15361 = PRESENTATION_STYLE_ASSIGNMENT((#15362,#15367));
#15362 = SURFACE_STYLE_USAGE(.BOTH.,#15363);
#15363 = SURFACE_SIDE_STYLE('',(#15364));
#15364 = SURFACE_STYLE_FILL_AREA(#15365);
#15365 = FILL_AREA_STYLE('',(#15366));
#15366 = FILL_AREA_STYLE_COLOUR('',#14915);
#15367 = CURVE_STYLE('',#15368,POSITIVE_LENGTH_MEASURE(0.1),#14918);
#15368 = DRAUGHTING_PRE_DEFINED_CURVE_FONT('continuous');
#15369 = MECHANICAL_DESIGN_GEOMETRIC_PRESENTATION_REPRESENTATION('',(
    #15370),#6609);
#15370 = STYLED_ITEM('color',(#15371),#6459);
#15371 = PRESENTATION_STYLE_ASSIGNMENT((#15372,#15377));
#15372 = SURFACE_STYLE_USAGE(.BOTH.,#15373);
#15373 = SURFACE_SIDE_STYLE('',(#15374));
#15374 = SURFACE_STYLE_FILL_AREA(#15375);
#15375 = FILL_AREA_STYLE('',(#15376));
#15376 = FILL_AREA_STYLE_COLOUR('',#14915);
#15377 = CURVE_STYLE('',#15378,POSITIVE_LENGTH_MEASURE(0.1),#14918);
#15378 = DRAUGHTING_PRE_DEFINED_CURVE_FONT('continuous');
#15379 = MECHANICAL_DESIGN_GEOMETRIC_PRESENTATION_REPRESENTATION('',(
    #15380),#5595);
#15380 = STYLED_ITEM('color',(#15381),#5445);
#15381 = PRESENTATION_STYLE_ASSIGNMENT((#15382,#15387));
#15382 = SURFACE_STYLE_USAGE(.BOTH.,#15383);
#15383 = SURFACE_SIDE_STYLE('',(#15384));
#15384 = SURFACE_STYLE_FILL_AREA(#15385);
#15385 = FILL_AREA_STYLE('',(#15386));
#15386 = FILL_AREA_STYLE_COLOUR('',#14915);
#15387 = CURVE_STYLE('',#15388,POSITIVE_LENGTH_MEASURE(0.1),#14918);
#15388 = DRAUGHTING_PRE_DEFINED_CURVE_FONT('continuous');
#15389 = MECHANICAL_DESIGN_GEOMETRIC_PRESENTATION_REPRESENTATION('',(
    #15390),#5257);
#15390 = STYLED_ITEM('color',(#15391),#5107);
#15391 = PRESENTATION_STYLE_ASSIGNMENT((#15392,#15397));
#15392 = SURFACE_STYLE_USAGE(.BOTH.,#15393);
#15393 = SURFACE_SIDE_STYLE('',(#15394));
#15394 = SURFACE_STYLE_FILL_AREA(#15395);
#15395 = FILL_AREA_STYLE('',(#15396));
#15396 = FILL_AREA_STYLE_COLOUR('',#14915);
#15397 = CURVE_STYLE('',#15398,POSITIVE_LENGTH_MEASURE(0.1),#14918);
#15398 = DRAUGHTING_PRE_DEFINED_CURVE_FONT('continuous');
#15399 = MECHANICAL_DESIGN_GEOMETRIC_PRESENTATION_REPRESENTATION('',(
    #15400),#6947);
#15400 = STYLED_ITEM('color',(#15401),#6797);
#15401 = PRESENTATION_STYLE_ASSIGNMENT((#15402,#15407));
#15402 = SURFACE_STYLE_USAGE(.BOTH.,#15403);
#15403 = SURFACE_SIDE_STYLE('',(#15404));
#15404 = SURFACE_STYLE_FILL_AREA(#15405);
#15405 = FILL_AREA_STYLE('',(#15406));
#15406 = FILL_AREA_STYLE_COLOUR('',#14915);
#15407 = CURVE_STYLE('',#15408,POSITIVE_LENGTH_MEASURE(0.1),#14918);
#15408 = DRAUGHTING_PRE_DEFINED_CURVE_FONT('continuous');
#15409 = MECHANICAL_DESIGN_GEOMETRIC_PRESENTATION_REPRESENTATION('',(
    #15410),#735);
#15410 = STYLED_ITEM('color',(#15411),#449);
#15411 = PRESENTATION_STYLE_ASSIGNMENT((#15412,#15417));
#15412 = SURFACE_STYLE_USAGE(.BOTH.,#15413);
#15413 = SURFACE_SIDE_STYLE('',(#15414));
#15414 = SURFACE_STYLE_FILL_AREA(#15415);
#15415 = FILL_AREA_STYLE('',(#15416));
#15416 = FILL_AREA_STYLE_COLOUR('',#14915);
#15417 = CURVE_STYLE('',#15418,POSITIVE_LENGTH_MEASURE(0.1),#14918);
#15418 = DRAUGHTING_PRE_DEFINED_CURVE_FONT('continuous');
#15419 = MECHANICAL_DESIGN_GEOMETRIC_PRESENTATION_REPRESENTATION('',(
    #15420),#14896);
#15420 = STYLED_ITEM('color',(#15421),#13738);
#15421 = PRESENTATION_STYLE_ASSIGNMENT((#15422,#15427));
#15422 = SURFACE_STYLE_USAGE(.BOTH.,#15423);
#15423 = SURFACE_SIDE_STYLE('',(#15424));
#15424 = SURFACE_STYLE_FILL_AREA(#15425);
#15425 = FILL_AREA_STYLE('',(#15426));
#15426 = FILL_AREA_STYLE_COLOUR('',#14915);
#15427 = CURVE_STYLE('',#15428,POSITIVE_LENGTH_MEASURE(0.1),#14918);
#15428 = DRAUGHTING_PRE_DEFINED_CURVE_FONT('continuous');
#15429 = MECHANICAL_DESIGN_GEOMETRIC_PRESENTATION_REPRESENTATION('',(
    #15430),#6778);
#15430 = STYLED_ITEM('color',(#15431),#6628);
#15431 = PRESENTATION_STYLE_ASSIGNMENT((#15432,#15437));
#15432 = SURFACE_STYLE_USAGE(.BOTH.,#15433);
#15433 = SURFACE_SIDE_STYLE('',(#15434));
#15434 = SURFACE_STYLE_FILL_AREA(#15435);
#15435 = FILL_AREA_STYLE('',(#15436));
#15436 = FILL_AREA_STYLE_COLOUR('',#14915);
#15437 = CURVE_STYLE('',#15438,POSITIVE_LENGTH_MEASURE(0.1),#14918);
#15438 = DRAUGHTING_PRE_DEFINED_CURVE_FONT('continuous');
#15439 = MECHANICAL_DESIGN_GEOMETRIC_PRESENTATION_REPRESENTATION('',(
    #15440),#5005);
#15440 = STYLED_ITEM('color',(#15441),#4719);
#15441 = PRESENTATION_STYLE_ASSIGNMENT((#15442,#15447));
#15442 = SURFACE_STYLE_USAGE(.BOTH.,#15443);
#15443 = SURFACE_SIDE_STYLE('',(#15444));
#15444 = SURFACE_STYLE_FILL_AREA(#15445);
#15445 = FILL_AREA_STYLE('',(#15446));
#15446 = FILL_AREA_STYLE_COLOUR('',#14915);
#15447 = CURVE_STYLE('',#15448,POSITIVE_LENGTH_MEASURE(0.1),#14918);
#15448 = DRAUGHTING_PRE_DEFINED_CURVE_FONT('continuous');
#15449 = MECHANICAL_DESIGN_GEOMETRIC_PRESENTATION_REPRESENTATION('',(
    #15450),#1040);
#15450 = STYLED_ITEM('color',(#15451),#754);
#15451 = PRESENTATION_STYLE_ASSIGNMENT((#15452,#15457));
#15452 = SURFACE_STYLE_USAGE(.BOTH.,#15453);
#15453 = SURFACE_SIDE_STYLE('',(#15454));
#15454 = SURFACE_STYLE_FILL_AREA(#15455);
#15455 = FILL_AREA_STYLE('',(#15456));
#15456 = FILL_AREA_STYLE_COLOUR('',#14915);
#15457 = CURVE_STYLE('',#15458,POSITIVE_LENGTH_MEASURE(0.1),#14918);
#15458 = DRAUGHTING_PRE_DEFINED_CURVE_FONT('continuous');
#15459 = MECHANICAL_DESIGN_GEOMETRIC_PRESENTATION_REPRESENTATION('',(
    #15460),#6271);
#15460 = STYLED_ITEM('color',(#15461),#6121);
#15461 = PRESENTATION_STYLE_ASSIGNMENT((#15462,#15467));
#15462 = SURFACE_STYLE_USAGE(.BOTH.,#15463);
#15463 = SURFACE_SIDE_STYLE('',(#15464));
#15464 = SURFACE_STYLE_FILL_AREA(#15465);
#15465 = FILL_AREA_STYLE('',(#15466));
#15466 = FILL_AREA_STYLE_COLOUR('',#14915);
#15467 = CURVE_STYLE('',#15468,POSITIVE_LENGTH_MEASURE(0.1),#14918);
#15468 = DRAUGHTING_PRE_DEFINED_CURVE_FONT('continuous');
#15469 = MECHANICAL_DESIGN_GEOMETRIC_PRESENTATION_REPRESENTATION('',(
    #15470),#12968);
#15470 = STYLED_ITEM('color',(#15471),#12818);
#15471 = PRESENTATION_STYLE_ASSIGNMENT((#15472,#15477));
#15472 = SURFACE_STYLE_USAGE(.BOTH.,#15473);
#15473 = SURFACE_SIDE_STYLE('',(#15474));
#15474 = SURFACE_STYLE_FILL_AREA(#15475);
#15475 = FILL_AREA_STYLE('',(#15476));
#15476 = FILL_AREA_STYLE_COLOUR('',#14915);
#15477 = CURVE_STYLE('',#15478,POSITIVE_LENGTH_MEASURE(0.1),#14918);
#15478 = DRAUGHTING_PRE_DEFINED_CURVE_FONT('continuous');
#15479 = MECHANICAL_DESIGN_GEOMETRIC_PRESENTATION_REPRESENTATION('',(
    #15480),#9722);
#15480 = STYLED_ITEM('color',(#15481),#5696);
#15481 = PRESENTATION_STYLE_ASSIGNMENT((#15482,#15487));
#15482 = SURFACE_STYLE_USAGE(.BOTH.,#15483);
#15483 = SURFACE_SIDE_STYLE('',(#15484));
#15484 = SURFACE_STYLE_FILL_AREA(#15485);
#15485 = FILL_AREA_STYLE('',(#15486));
#15486 = FILL_AREA_STYLE_COLOUR('',#14915);
#15487 = CURVE_STYLE('',#15488,POSITIVE_LENGTH_MEASURE(0.1),#14918);
#15488 = DRAUGHTING_PRE_DEFINED_CURVE_FONT('continuous');
#15489 = MECHANICAL_DESIGN_GEOMETRIC_PRESENTATION_REPRESENTATION('',(
    #15490),#9905);
#15490 = STYLED_ITEM('color',(#15491),#6203);
#15491 = PRESENTATION_STYLE_ASSIGNMENT((#15492,#15497));
#15492 = SURFACE_STYLE_USAGE(.BOTH.,#15493);
#15493 = SURFACE_SIDE_STYLE('',(#15494));
#15494 = SURFACE_STYLE_FILL_AREA(#15495);
#15495 = FILL_AREA_STYLE('',(#15496));
#15496 = FILL_AREA_STYLE_COLOUR('',#14915);
#15497 = CURVE_STYLE('',#15498,POSITIVE_LENGTH_MEASURE(0.1),#14918);
#15498 = DRAUGHTING_PRE_DEFINED_CURVE_FONT('continuous');
#15499 = MECHANICAL_DESIGN_GEOMETRIC_PRESENTATION_REPRESENTATION('',(
    #15500),#9966);
#15500 = STYLED_ITEM('color',(#15501),#6372);
#15501 = PRESENTATION_STYLE_ASSIGNMENT((#15502,#15507));
#15502 = SURFACE_STYLE_USAGE(.BOTH.,#15503);
#15503 = SURFACE_SIDE_STYLE('',(#15504));
#15504 = SURFACE_STYLE_FILL_AREA(#15505);
#15505 = FILL_AREA_STYLE('',(#15506));
#15506 = FILL_AREA_STYLE_COLOUR('',#14915);
#15507 = CURVE_STYLE('',#15508,POSITIVE_LENGTH_MEASURE(0.1),#14918);
#15508 = DRAUGHTING_PRE_DEFINED_CURVE_FONT('continuous');
#15509 = MECHANICAL_DESIGN_GEOMETRIC_PRESENTATION_REPRESENTATION('',(
    #15510),#2260);
#15510 = STYLED_ITEM('color',(#15511),#1974);
#15511 = PRESENTATION_STYLE_ASSIGNMENT((#15512,#15517));
#15512 = SURFACE_STYLE_USAGE(.BOTH.,#15513);
#15513 = SURFACE_SIDE_STYLE('',(#15514));
#15514 = SURFACE_STYLE_FILL_AREA(#15515);
#15515 = FILL_AREA_STYLE('',(#15516));
#15516 = FILL_AREA_STYLE_COLOUR('',#14915);
#15517 = CURVE_STYLE('',#15518,POSITIVE_LENGTH_MEASURE(0.1),#14918);
#15518 = DRAUGHTING_PRE_DEFINED_CURVE_FONT('continuous');
#15519 = MECHANICAL_DESIGN_GEOMETRIC_PRESENTATION_REPRESENTATION('',(
    #15520),#5426);
#15520 = STYLED_ITEM('color',(#15521),#5276);
#15521 = PRESENTATION_STYLE_ASSIGNMENT((#15522,#15527));
#15522 = SURFACE_STYLE_USAGE(.BOTH.,#15523);
#15523 = SURFACE_SIDE_STYLE('',(#15524));
#15524 = SURFACE_STYLE_FILL_AREA(#15525);
#15525 = FILL_AREA_STYLE('',(#15526));
#15526 = FILL_AREA_STYLE_COLOUR('',#14915);
#15527 = CURVE_STYLE('',#15528,POSITIVE_LENGTH_MEASURE(0.1),#14918);
#15528 = DRAUGHTING_PRE_DEFINED_CURVE_FONT('continuous');
#15529 = MECHANICAL_DESIGN_GEOMETRIC_PRESENTATION_REPRESENTATION('',(
    #15530),#9015);
#15530 = STYLED_ITEM('color',(#15531),#3541);
#15531 = PRESENTATION_STYLE_ASSIGNMENT((#15532,#15537));
#15532 = SURFACE_STYLE_USAGE(.BOTH.,#15533);
#15533 = SURFACE_SIDE_STYLE('',(#15534));
#15534 = SURFACE_STYLE_FILL_AREA(#15535);
#15535 = FILL_AREA_STYLE('',(#15536));
#15536 = FILL_AREA_STYLE_COLOUR('',#14915);
#15537 = CURVE_STYLE('',#15538,POSITIVE_LENGTH_MEASURE(0.1),#14918);
#15538 = DRAUGHTING_PRE_DEFINED_CURVE_FONT('continuous');
#15539 = MECHANICAL_DESIGN_GEOMETRIC_PRESENTATION_REPRESENTATION('',(
    #15540),#3785);
#15540 = STYLED_ITEM('color',(#15541),#3499);
#15541 = PRESENTATION_STYLE_ASSIGNMENT((#15542,#15547));
#15542 = SURFACE_STYLE_USAGE(.BOTH.,#15543);
#15543 = SURFACE_SIDE_STYLE('',(#15544));
#15544 = SURFACE_STYLE_FILL_AREA(#15545);
#15545 = FILL_AREA_STYLE('',(#15546));
#15546 = FILL_AREA_STYLE_COLOUR('',#14915);
#15547 = CURVE_STYLE('',#15548,POSITIVE_LENGTH_MEASURE(0.1),#14918);
#15548 = DRAUGHTING_PRE_DEFINED_CURVE_FONT('continuous');
#15549 = MECHANICAL_DESIGN_GEOMETRIC_PRESENTATION_REPRESENTATION('',(
    #15550),#8540);
#15550 = STYLED_ITEM('color',(#15551),#2016);
#15551 = PRESENTATION_STYLE_ASSIGNMENT((#15552,#15557));
#15552 = SURFACE_STYLE_USAGE(.BOTH.,#15553);
#15553 = SURFACE_SIDE_STYLE('',(#15554));
#15554 = SURFACE_STYLE_FILL_AREA(#15555);
#15555 = FILL_AREA_STYLE('',(#15556));
#15556 = FILL_AREA_STYLE_COLOUR('',#14915);
#15557 = CURVE_STYLE('',#15558,POSITIVE_LENGTH_MEASURE(0.1),#14918);
#15558 = DRAUGHTING_PRE_DEFINED_CURVE_FONT('continuous');
#15559 = MECHANICAL_DESIGN_GEOMETRIC_PRESENTATION_REPRESENTATION('',(
    #15560),#10149);
#15560 = STYLED_ITEM('color',(#15561),#6879);
#15561 = PRESENTATION_STYLE_ASSIGNMENT((#15562,#15567));
#15562 = SURFACE_STYLE_USAGE(.BOTH.,#15563);
#15563 = SURFACE_SIDE_STYLE('',(#15564));
#15564 = SURFACE_STYLE_FILL_AREA(#15565);
#15565 = FILL_AREA_STYLE('',(#15566));
#15566 = FILL_AREA_STYLE_COLOUR('',#14915);
#15567 = CURVE_STYLE('',#15568,POSITIVE_LENGTH_MEASURE(0.1),#14918);
#15568 = DRAUGHTING_PRE_DEFINED_CURVE_FONT('continuous');
#15569 = MECHANICAL_DESIGN_GEOMETRIC_PRESENTATION_REPRESENTATION('',(
    #15570),#8350);
#15570 = STYLED_ITEM('color',(#15571),#1406);
#15571 = PRESENTATION_STYLE_ASSIGNMENT((#15572,#15577));
#15572 = SURFACE_STYLE_USAGE(.BOTH.,#15573);
#15573 = SURFACE_SIDE_STYLE('',(#15574));
#15574 = SURFACE_STYLE_FILL_AREA(#15575);
#15575 = FILL_AREA_STYLE('',(#15576));
#15576 = FILL_AREA_STYLE_COLOUR('',#14915);
#15577 = CURVE_STYLE('',#15578,POSITIVE_LENGTH_MEASURE(0.1),#14918);
#15578 = DRAUGHTING_PRE_DEFINED_CURVE_FONT('continuous');
#15579 = MECHANICAL_DESIGN_GEOMETRIC_PRESENTATION_REPRESENTATION('',(
    #15580),#7970);
#15580 = STYLED_ITEM('color',(#15581),#186);
#15581 = PRESENTATION_STYLE_ASSIGNMENT((#15582,#15587));
#15582 = SURFACE_STYLE_USAGE(.BOTH.,#15583);
#15583 = SURFACE_SIDE_STYLE('',(#15584));
#15584 = SURFACE_STYLE_FILL_AREA(#15585);
#15585 = FILL_AREA_STYLE('',(#15586));
#15586 = FILL_AREA_STYLE_COLOUR('',#14915);
#15587 = CURVE_STYLE('',#15588,POSITIVE_LENGTH_MEASURE(0.1),#14918);
#15588 = DRAUGHTING_PRE_DEFINED_CURVE_FONT('continuous');
ENDSEC;
END-ISO-10303-21;
